schema_version,session_id,starting_daily_pnl_usd,starting_utc_day,utc_day,config_fingerprint,code_fingerprint,selected_sports,ts,ticker,sport,league,series_ticker,milestone_id,event_ticker,scheduled_start_ts,event,detail,close_ts,can_close_early,mid,bid,ask,bid_qty,ask_qty
6,53f42bc58d42435d82248ac83e5d779a,-2.0300,2026-07-29,2026-07-29,29354e42ef0c3a5dcfab2220f035fd1be5874df613426379bae1f33e112f560b,3225d938792095e42822872d66b7b9e7b79546a344da7ea98298d40463577392,"[""Tennis""]",1785307405.797301,KXITFWMATCH-26JUL29MAKKUZ-MAK,Tennis,,KXITFWMATCH,efd4b316-d644-47a1-9c01-9150c694f3a5,KXITFWMATCH-26JUL29MAKKUZ,1785301924.0,quote,,1786510800.0,true,81.5000,81.0000,82.0000,17578.39,32634.78
6,53f42bc58d42435d82248ac83e5d779a,-2.0300,2026-07-29,2026-07-29,29354e42ef0c3a5dcfab2220f035fd1be5874df613426379bae1f33e112f560b,3225d938792095e42822872d66b7b9e7b79546a344da7ea98298d40463577392,"[""Tennis""]",1785307405.907454,KXITFWMATCH-26JUL29MAKKUZ-KUZ,Tennis,,KXITFWMATCH,efd4b316-d644-47a1-9c01-9150c694f3a5,KXITFWMATCH-26JUL29MAKKUZ,1785301924.0,quote,,1786510800.0,true,18.5000,18.0000,19.0000,17284.12,36643.98
6,53f42bc58d42435d82248ac83e5d779a,-2.0300,2026-07-29,2026-07-29,29354e42ef0c3a5dcfab2220f035fd1be5874df613426379bae1f33e112f560b,3225d938792095e42822872d66b7b9e7b79546a344da7ea98298d40463577392,"[""Tennis""]",1785307405.976081,KXITFWMATCH-26JUL29YOSKIM-YOS,Tennis,,KXITFWMATCH,9b9eecb5-c6a0-414a-bcf3-57262192676d,KXITFWMATCH-26JUL29YOSKIM,1785301851.0,quote,,1786510800.0,true,66.5000,66.0000,67.0000,6183.15,3960.69
6,53f42bc58d42435d82248ac83e5d779a,-2.0300,2026-07-29,2026-07-29,29354e42ef0c3a5dcfab2220f035fd1be5874df613426379bae1f33e112f560b,3225d938792095e42822872d66b7b9e7b79546a344da7ea98298d40463577392,"[""Tennis""]",1785307406.0425081,KXITFWMATCH-26JUL29YOSKIM-KIM,Tennis,,KXITFWMATCH,9b9eecb5-c6a0-414a-bcf3-57262192676d,KXITFWMATCH-26JUL29YOSKIM,1785301851.0,quote,,1786510800.0,true,30.0000,27.0000,33.0000,217.31,93.00
6,53f42bc58d42435d82248ac83e5d779a,-2.0300,2026-07-29,2026-07-29,29354e42ef0c3a5dcfab2220f035fd1be5874df613426379bae1f33e112f560b,3225d938792095e42822872d66b7b9e7b79546a344da7ea98298d40463577392,"[""Tennis""]",1785307406.110026,KXITFWMATCH-26JUL29DESJAN-JAN,Tennis,,KXITFWMATCH,81f61a76-c334-455a-ab59-aaab2f2b9045,KXITFWMATCH-26JUL29DESJAN,1785301882.0,quote,,1786510800.0,true,39.5000,39.0000,40.0000,1885.11,1380.64
6,53f42bc58d42435d82248ac83e5d779a,-2.0300,2026-07-29,2026-07-29,29354e42ef0c3a5dcfab2220f035fd1be5874df613426379bae1f33e112f560b,3225d938792095e42822872d66b7b9e7b79546a344da7ea98298d40463577392,"[""Tennis""]",1785307406.1784341,KXITFMATCH-26JUL28CHAHEI-HEI,Tennis,,KXITFMATCH,5ba6a34a-c169-4b0b-b8fd-b835a2127855,KXITFMATCH-26JUL28CHAHEI,1785299809.0,quote,,1786505400.0,true,34.5000,34.0000,35.0000,1904.00,72.62
6,53f42bc58d42435d82248ac83e5d779a,-2.0300,2026-07-29,2026-07-29,29354e42ef0c3a5dcfab2220f035fd1be5874df613426379bae1f33e112f560b,3225d938792095e42822872d66b7b9e7b79546a344da7ea98298d40463577392,"[""Tennis""]",1785307406.249865,KXITFWMATCH-26JUL29DESJAN-DES,Tennis,,KXITFWMATCH,81f61a76-c334-455a-ab59-aaab2f2b9045,KXITFWMATCH-26JUL29DESJAN,1785301882.0,quote,,1786510800.0,true,60.5000,60.0000,61.0000,781.02,3236.09
6,53f42bc58d42435d82248ac83e5d779a,-2.0300,2026-07-29,2026-07-29,29354e42ef0c3a5dcfab2220f035fd1be5874df613426379bae1f33e112f560b,3225d938792095e42822872d66b7b9e7b79546a344da7ea98298d40463577392,"[""Tennis""]",1785307406.32108,KXITFMATCH-26JUL28CHAHEI-CHA,Tennis,,KXITFMATCH,5ba6a34a-c169-4b0b-b8fd-b835a2127855,KXITFMATCH-26JUL28CHAHEI,1785299809.0,quote,,1786505400.0,true,68.5000,68.0000,69.0000,684.07,45630.34
6,53f42bc58d42435d82248ac83e5d779a,-2.0300,2026-07-29,2026-07-29,29354e42ef0c3a5dcfab2220f035fd1be5874df613426379bae1f33e112f560b,3225d938792095e42822872d66b7b9e7b79546a344da7ea98298d40463577392,"[""Tennis""]",1785307406.431401,KXITFWMATCH-26JUL29MALMAM-MAL,Tennis,,KXITFWMATCH,1465101e-caa8-45fd-812d-50d841d472da,KXITFWMATCH-26JUL29MALMAM,1785301775.0,quote,,1786510800.0,true,9.0000,8.0000,10.0000,206.00,961.00
6,53f42bc58d42435d82248ac83e5d779a,-2.0300,2026-07-29,2026-07-29,29354e42ef0c3a5dcfab2220f035fd1be5874df613426379bae1f33e112f560b,3225d938792095e42822872d66b7b9e7b79546a344da7ea98298d40463577392,"[""Tennis""]",1785307406.499873,KXITFWMATCH-26JUL29ARAROT-ARA,Tennis,,KXITFWMATCH,732f03cc-f3da-4b91-b7cc-f26188d27ba6,KXITFWMATCH-26JUL29ARAROT,1785301898.0,quote,,1786510800.0,true,83.5000,82.0000,85.0000,319.00,139.00
6,53f42bc58d42435d82248ac83e5d779a,-2.0300,2026-07-29,2026-07-29,29354e42ef0c3a5dcfab2220f035fd1be5874df613426379bae1f33e112f560b,3225d938792095e42822872d66b7b9e7b79546a344da7ea98298d40463577392,"[""Tennis""]",1785307408.076638,KXITFWMATCH-26JUL29MAKKUZ-MAK,Tennis,,KXITFWMATCH,efd4b316-d644-47a1-9c01-9150c694f3a5,KXITFWMATCH-26JUL29MAKKUZ,1785301924.0,quote,,1786510800.0,true,81.5000,81.0000,82.0000,17578.39,32634.78
6,53f42bc58d42435d82248ac83e5d779a,-2.0300,2026-07-29,2026-07-29,29354e42ef0c3a5dcfab2220f035fd1be5874df613426379bae1f33e112f560b,3225d938792095e42822872d66b7b9e7b79546a344da7ea98298d40463577392,"[""Tennis""]",1785307408.147138,KXITFWMATCH-26JUL29MAKKUZ-KUZ,Tennis,,KXITFWMATCH,efd4b316-d644-47a1-9c01-9150c694f3a5,KXITFWMATCH-26JUL29MAKKUZ,1785301924.0,quote,,1786510800.0,true,18.5000,18.0000,19.0000,17284.12,36643.98
6,53f42bc58d42435d82248ac83e5d779a,-2.0300,2026-07-29,2026-07-29,29354e42ef0c3a5dcfab2220f035fd1be5874df613426379bae1f33e112f560b,3225d938792095e42822872d66b7b9e7b79546a344da7ea98298d40463577392,"[""Tennis""]",1785307408.217545,KXITFWMATCH-26JUL29YOSKIM-YOS,Tennis,,KXITFWMATCH,9b9eecb5-c6a0-414a-bcf3-57262192676d,KXITFWMATCH-26JUL29YOSKIM,1785301851.0,quote,,1786510800.0,true,66.5000,66.0000,67.0000,6183.15,3960.69
6,53f42bc58d42435d82248ac83e5d779a,-2.0300,2026-07-29,2026-07-29,29354e42ef0c3a5dcfab2220f035fd1be5874df613426379bae1f33e112f560b,3225d938792095e42822872d66b7b9e7b79546a344da7ea98298d40463577392,"[""Tennis""]",1785307408.285729,KXITFWMATCH-26JUL29YOSKIM-KIM,Tennis,,KXITFWMATCH,9b9eecb5-c6a0-414a-bcf3-57262192676d,KXITFWMATCH-26JUL29YOSKIM,1785301851.0,quote,,1786510800.0,true,33.5000,33.0000,34.0000,2632.35,7631.70
6,53f42bc58d42435d82248ac83e5d779a,-2.0300,2026-07-29,2026-07-29,29354e42ef0c3a5dcfab2220f035fd1be5874df613426379bae1f33e112f560b,3225d938792095e42822872d66b7b9e7b79546a344da7ea98298d40463577392,"[""Tennis""]",1785307408.3529222,KXITFWMATCH-26JUL29DESJAN-JAN,Tennis,,KXITFWMATCH,81f61a76-c334-455a-ab59-aaab2f2b9045,KXITFWMATCH-26JUL29DESJAN,1785301882.0,quote,,1786510800.0,true,39.5000,39.0000,40.0000,1885.11,1380.64
6,53f42bc58d42435d82248ac83e5d779a,-2.0300,2026-07-29,2026-07-29,29354e42ef0c3a5dcfab2220f035fd1be5874df613426379bae1f33e112f560b,3225d938792095e42822872d66b7b9e7b79546a344da7ea98298d40463577392,"[""Tennis""]",1785307408.425364,KXITFMATCH-26JUL28CHAHEI-HEI,Tennis,,KXITFMATCH,5ba6a34a-c169-4b0b-b8fd-b835a2127855,KXITFMATCH-26JUL28CHAHEI,1785299809.0,quote,,1786505400.0,true,34.5000,34.0000,35.0000,1904.00,72.62
6,53f42bc58d42435d82248ac83e5d779a,-2.0300,2026-07-29,2026-07-29,29354e42ef0c3a5dcfab2220f035fd1be5874df613426379bae1f33e112f560b,3225d938792095e42822872d66b7b9e7b79546a344da7ea98298d40463577392,"[""Tennis""]",1785307408.5267358,KXITFWMATCH-26JUL29DESJAN-DES,Tennis,,KXITFWMATCH,81f61a76-c334-455a-ab59-aaab2f2b9045,KXITFWMATCH-26JUL29DESJAN,1785301882.0,quote,,1786510800.0,true,60.5000,60.0000,61.0000,781.02,3236.09
6,53f42bc58d42435d82248ac83e5d779a,-2.0300,2026-07-29,2026-07-29,29354e42ef0c3a5dcfab2220f035fd1be5874df613426379bae1f33e112f560b,3225d938792095e42822872d66b7b9e7b79546a344da7ea98298d40463577392,"[""Tennis""]",1785307408.595839,KXITFMATCH-26JUL28CHAHEI-CHA,Tennis,,KXITFMATCH,5ba6a34a-c169-4b0b-b8fd-b835a2127855,KXITFMATCH-26JUL28CHAHEI,1785299809.0,quote,,1786505400.0,true,68.5000,68.0000,69.0000,684.07,45630.34
6,53f42bc58d42435d82248ac83e5d779a,-2.0300,2026-07-29,2026-07-29,29354e42ef0c3a5dcfab2220f035fd1be5874df613426379bae1f33e112f560b,3225d938792095e42822872d66b7b9e7b79546a344da7ea98298d40463577392,"[""Tennis""]",1785307408.666137,KXITFWMATCH-26JUL29MALMAM-MAL,Tennis,,KXITFWMATCH,1465101e-caa8-45fd-812d-50d841d472da,KXITFWMATCH-26JUL29MALMAM,1785301775.0,quote,,1786510800.0,true,9.0000,8.0000,10.0000,206.00,961.00
6,53f42bc58d42435d82248ac83e5d779a,-2.0300,2026-07-29,2026-07-29,29354e42ef0c3a5dcfab2220f035fd1be5874df613426379bae1f33e112f560b,3225d938792095e42822872d66b7b9e7b79546a344da7ea98298d40463577392,"[""Tennis""]",1785307408.734143,KXITFWMATCH-26JUL29ARAROT-ARA,Tennis,,KXITFWMATCH,732f03cc-f3da-4b91-b7cc-f26188d27ba6,KXITFWMATCH-26JUL29ARAROT,1785301898.0,quote,,1786510800.0,true,83.5000,82.0000,85.0000,319.00,139.00
6,53f42bc58d42435d82248ac83e5d779a,-2.0300,2026-07-29,2026-07-29,29354e42ef0c3a5dcfab2220f035fd1be5874df613426379bae1f33e112f560b,3225d938792095e42822872d66b7b9e7b79546a344da7ea98298d40463577392,"[""Tennis""]",1785307410.314176,KXITFWMATCH-26JUL29MAKKUZ-MAK,Tennis,,KXITFWMATCH,efd4b316-d644-47a1-9c01-9150c694f3a5,KXITFWMATCH-26JUL29MAKKUZ,1785301924.0,quote,,1786510800.0,true,81.5000,81.0000,82.0000,17578.39,32562.52
6,53f42bc58d42435d82248ac83e5d779a,-2.0300,2026-07-29,2026-07-29,29354e42ef0c3a5dcfab2220f035fd1be5874df613426379bae1f33e112f560b,3225d938792095e42822872d66b7b9e7b79546a344da7ea98298d40463577392,"[""Tennis""]",1785307410.382736,KXITFWMATCH-26JUL29MAKKUZ-KUZ,Tennis,,KXITFWMATCH,efd4b316-d644-47a1-9c01-9150c694f3a5,KXITFWMATCH-26JUL29MAKKUZ,1785301924.0,quote,,1786510800.0,true,18.5000,18.0000,19.0000,17284.12,36643.98
6,53f42bc58d42435d82248ac83e5d779a,-2.0300,2026-07-29,2026-07-29,29354e42ef0c3a5dcfab2220f035fd1be5874df613426379bae1f33e112f560b,3225d938792095e42822872d66b7b9e7b79546a344da7ea98298d40463577392,"[""Tennis""]",1785307410.450468,KXITFWMATCH-26JUL29YOSKIM-YOS,Tennis,,KXITFWMATCH,9b9eecb5-c6a0-414a-bcf3-57262192676d,KXITFWMATCH-26JUL29YOSKIM,1785301851.0,quote,,1786510800.0,true,66.5000,66.0000,67.0000,6183.15,3960.69
6,53f42bc58d42435d82248ac83e5d779a,-2.0300,2026-07-29,2026-07-29,29354e42ef0c3a5dcfab2220f035fd1be5874df613426379bae1f33e112f560b,3225d938792095e42822872d66b7b9e7b79546a344da7ea98298d40463577392,"[""Tennis""]",1785307410.521696,KXITFWMATCH-26JUL29YOSKIM-KIM,Tennis,,KXITFWMATCH,9b9eecb5-c6a0-414a-bcf3-57262192676d,KXITFWMATCH-26JUL29YOSKIM,1785301851.0,quote,,1786510800.0,true,33.5000,33.0000,34.0000,2632.35,7631.70
6,53f42bc58d42435d82248ac83e5d779a,-2.0300,2026-07-29,2026-07-29,29354e42ef0c3a5dcfab2220f035fd1be5874df613426379bae1f33e112f560b,3225d938792095e42822872d66b7b9e7b79546a344da7ea98298d40463577392,"[""Tennis""]",1785307410.625267,KXITFWMATCH-26JUL29DESJAN-JAN,Tennis,,KXITFWMATCH,81f61a76-c334-455a-ab59-aaab2f2b9045,KXITFWMATCH-26JUL29DESJAN,1785301882.0,quote,,1786510800.0,true,39.5000,39.0000,40.0000,1885.11,1380.64
6,53f42bc58d42435d82248ac83e5d779a,-2.0300,2026-07-29,2026-07-29,29354e42ef0c3a5dcfab2220f035fd1be5874df613426379bae1f33e112f560b,3225d938792095e42822872d66b7b9e7b79546a344da7ea98298d40463577392,"[""Tennis""]",1785307410.6933062,KXITFMATCH-26JUL28CHAHEI-HEI,Tennis,,KXITFMATCH,5ba6a34a-c169-4b0b-b8fd-b835a2127855,KXITFMATCH-26JUL28CHAHEI,1785299809.0,quote,,1786505400.0,true,34.5000,34.0000,35.0000,1904.00,72.62
6,53f42bc58d42435d82248ac83e5d779a,-2.0300,2026-07-29,2026-07-29,29354e42ef0c3a5dcfab2220f035fd1be5874df613426379bae1f33e112f560b,3225d938792095e42822872d66b7b9e7b79546a344da7ea98298d40463577392,"[""Tennis""]",1785307410.761892,KXITFWMATCH-26JUL29DESJAN-DES,Tennis,,KXITFWMATCH,81f61a76-c334-455a-ab59-aaab2f2b9045,KXITFWMATCH-26JUL29DESJAN,1785301882.0,quote,,1786510800.0,true,60.5000,60.0000,61.0000,781.02,3236.09
6,53f42bc58d42435d82248ac83e5d779a,-2.0300,2026-07-29,2026-07-29,29354e42ef0c3a5dcfab2220f035fd1be5874df613426379bae1f33e112f560b,3225d938792095e42822872d66b7b9e7b79546a344da7ea98298d40463577392,"[""Tennis""]",1785307410.8318589,KXITFMATCH-26JUL28CHAHEI-CHA,Tennis,,KXITFMATCH,5ba6a34a-c169-4b0b-b8fd-b835a2127855,KXITFMATCH-26JUL28CHAHEI,1785299809.0,quote,,1786505400.0,true,68.5000,68.0000,69.0000,684.07,45630.34
6,53f42bc58d42435d82248ac83e5d779a,-2.0300,2026-07-29,2026-07-29,29354e42ef0c3a5dcfab2220f035fd1be5874df613426379bae1f33e112f560b,3225d938792095e42822872d66b7b9e7b79546a344da7ea98298d40463577392,"[""Tennis""]",1785307410.901162,KXITFWMATCH-26JUL29MALMAM-MAL,Tennis,,KXITFWMATCH,1465101e-caa8-45fd-812d-50d841d472da,KXITFWMATCH-26JUL29MALMAM,1785301775.0,quote,,1786510800.0,true,9.0000,8.0000,10.0000,206.00,961.00
6,53f42bc58d42435d82248ac83e5d779a,-2.0300,2026-07-29,2026-07-29,29354e42ef0c3a5dcfab2220f035fd1be5874df613426379bae1f33e112f560b,3225d938792095e42822872d66b7b9e7b79546a344da7ea98298d40463577392,"[""Tennis""]",1785307410.971536,KXITFWMATCH-26JUL29ARAROT-ARA,Tennis,,KXITFWMATCH,732f03cc-f3da-4b91-b7cc-f26188d27ba6,KXITFWMATCH-26JUL29ARAROT,1785301898.0,quote,,1786510800.0,true,83.5000,82.0000,85.0000,319.00,139.00
6,53f42bc58d42435d82248ac83e5d779a,-2.0300,2026-07-29,2026-07-29,29354e42ef0c3a5dcfab2220f035fd1be5874df613426379bae1f33e112f560b,3225d938792095e42822872d66b7b9e7b79546a344da7ea98298d40463577392,"[""Tennis""]",1785307412.546727,KXITFWMATCH-26JUL29MAKKUZ-MAK,Tennis,,KXITFWMATCH,efd4b316-d644-47a1-9c01-9150c694f3a5,KXITFWMATCH-26JUL29MAKKUZ,1785301924.0,quote,,1786510800.0,true,81.5000,81.0000,82.0000,17578.39,32562.52
6,53f42bc58d42435d82248ac83e5d779a,-2.0300,2026-07-29,2026-07-29,29354e42ef0c3a5dcfab2220f035fd1be5874df613426379bae1f33e112f560b,3225d938792095e42822872d66b7b9e7b79546a344da7ea98298d40463577392,"[""Tennis""]",1785307412.617728,KXITFWMATCH-26JUL29MAKKUZ-KUZ,Tennis,,KXITFWMATCH,efd4b316-d644-47a1-9c01-9150c694f3a5,KXITFWMATCH-26JUL29MAKKUZ,1785301924.0,quote,,1786510800.0,true,18.5000,18.0000,19.0000,17055.44,36005.13
6,53f42bc58d42435d82248ac83e5d779a,-2.0300,2026-07-29,2026-07-29,29354e42ef0c3a5dcfab2220f035fd1be5874df613426379bae1f33e112f560b,3225d938792095e42822872d66b7b9e7b79546a344da7ea98298d40463577392,"[""Tennis""]",1785307412.722859,KXITFWMATCH-26JUL29YOSKIM-YOS,Tennis,,KXITFWMATCH,9b9eecb5-c6a0-414a-bcf3-57262192676d,KXITFWMATCH-26JUL29YOSKIM,1785301851.0,quote,,1786510800.0,true,66.5000,66.0000,67.0000,6183.15,3960.69
6,53f42bc58d42435d82248ac83e5d779a,-2.0300,2026-07-29,2026-07-29,29354e42ef0c3a5dcfab2220f035fd1be5874df613426379bae1f33e112f560b,3225d938792095e42822872d66b7b9e7b79546a344da7ea98298d40463577392,"[""Tennis""]",1785307412.798121,KXITFWMATCH-26JUL29YOSKIM-KIM,Tennis,,KXITFWMATCH,9b9eecb5-c6a0-414a-bcf3-57262192676d,KXITFWMATCH-26JUL29YOSKIM,1785301851.0,quote,,1786510800.0,true,33.5000,33.0000,34.0000,2632.35,7631.70
6,53f42bc58d42435d82248ac83e5d779a,-2.0300,2026-07-29,2026-07-29,29354e42ef0c3a5dcfab2220f035fd1be5874df613426379bae1f33e112f560b,3225d938792095e42822872d66b7b9e7b79546a344da7ea98298d40463577392,"[""Tennis""]",1785307412.867476,KXITFWMATCH-26JUL29DESJAN-JAN,Tennis,,KXITFWMATCH,81f61a76-c334-455a-ab59-aaab2f2b9045,KXITFWMATCH-26JUL29DESJAN,1785301882.0,quote,,1786510800.0,true,39.5000,39.0000,40.0000,1885.11,1380.64
6,53f42bc58d42435d82248ac83e5d779a,-2.0300,2026-07-29,2026-07-29,29354e42ef0c3a5dcfab2220f035fd1be5874df613426379bae1f33e112f560b,3225d938792095e42822872d66b7b9e7b79546a344da7ea98298d40463577392,"[""Tennis""]",1785307412.93753,KXITFMATCH-26JUL28CHAHEI-HEI,Tennis,,KXITFMATCH,5ba6a34a-c169-4b0b-b8fd-b835a2127855,KXITFMATCH-26JUL28CHAHEI,1785299809.0,quote,,1786505400.0,true,34.5000,34.0000,35.0000,1904.00,72.62
6,53f42bc58d42435d82248ac83e5d779a,-2.0300,2026-07-29,2026-07-29,29354e42ef0c3a5dcfab2220f035fd1be5874df613426379bae1f33e112f560b,3225d938792095e42822872d66b7b9e7b79546a344da7ea98298d40463577392,"[""Tennis""]",1785307413.007107,KXITFWMATCH-26JUL29DESJAN-DES,Tennis,,KXITFWMATCH,81f61a76-c334-455a-ab59-aaab2f2b9045,KXITFWMATCH-26JUL29DESJAN,1785301882.0,quote,,1786510800.0,true,60.5000,60.0000,61.0000,781.02,3236.09
6,53f42bc58d42435d82248ac83e5d779a,-2.0300,2026-07-29,2026-07-29,29354e42ef0c3a5dcfab2220f035fd1be5874df613426379bae1f33e112f560b,3225d938792095e42822872d66b7b9e7b79546a344da7ea98298d40463577392,"[""Tennis""]",1785307413.078507,KXITFMATCH-26JUL28CHAHEI-CHA,Tennis,,KXITFMATCH,5ba6a34a-c169-4b0b-b8fd-b835a2127855,KXITFMATCH-26JUL28CHAHEI,1785299809.0,quote,,1786505400.0,true,64.5000,64.0000,65.0000,833.00,52916.68
6,53f42bc58d42435d82248ac83e5d779a,-2.0300,2026-07-29,2026-07-29,29354e42ef0c3a5dcfab2220f035fd1be5874df613426379bae1f33e112f560b,3225d938792095e42822872d66b7b9e7b79546a344da7ea98298d40463577392,"[""Tennis""]",1785307413.147866,KXITFWMATCH-26JUL29MALMAM-MAL,Tennis,,KXITFWMATCH,1465101e-caa8-45fd-812d-50d841d472da,KXITFWMATCH-26JUL29MALMAM,1785301775.0,quote,,1786510800.0,true,9.0000,8.0000,10.0000,204.78,1016.00
6,53f42bc58d42435d82248ac83e5d779a,-2.0300,2026-07-29,2026-07-29,29354e42ef0c3a5dcfab2220f035fd1be5874df613426379bae1f33e112f560b,3225d938792095e42822872d66b7b9e7b79546a344da7ea98298d40463577392,"[""Tennis""]",1785307413.3034098,KXITFWMATCH-26JUL29ARAROT-ARA,Tennis,,KXITFWMATCH,732f03cc-f3da-4b91-b7cc-f26188d27ba6,KXITFWMATCH-26JUL29ARAROT,1785301898.0,quote,,1786510800.0,true,83.5000,82.0000,85.0000,319.00,139.00
6,53f42bc58d42435d82248ac83e5d779a,-2.0300,2026-07-29,2026-07-29,29354e42ef0c3a5dcfab2220f035fd1be5874df613426379bae1f33e112f560b,3225d938792095e42822872d66b7b9e7b79546a344da7ea98298d40463577392,"[""Tennis""]",1785307414.8838038,KXITFWMATCH-26JUL29MAKKUZ-MAK,Tennis,,KXITFWMATCH,efd4b316-d644-47a1-9c01-9150c694f3a5,KXITFWMATCH-26JUL29MAKKUZ,1785301924.0,quote,,1786510800.0,true,81.5000,81.0000,82.0000,17578.39,32562.52
6,53f42bc58d42435d82248ac83e5d779a,-2.0300,2026-07-29,2026-07-29,29354e42ef0c3a5dcfab2220f035fd1be5874df613426379bae1f33e112f560b,3225d938792095e42822872d66b7b9e7b79546a344da7ea98298d40463577392,"[""Tennis""]",1785307414.9549088,KXITFWMATCH-26JUL29MAKKUZ-KUZ,Tennis,,KXITFWMATCH,efd4b316-d644-47a1-9c01-9150c694f3a5,KXITFWMATCH-26JUL29MAKKUZ,1785301924.0,quote,,1786510800.0,true,18.5000,18.0000,19.0000,17055.44,36005.13
6,53f42bc58d42435d82248ac83e5d779a,-2.0300,2026-07-29,2026-07-29,29354e42ef0c3a5dcfab2220f035fd1be5874df613426379bae1f33e112f560b,3225d938792095e42822872d66b7b9e7b79546a344da7ea98298d40463577392,"[""Tennis""]",1785307415.025903,KXITFWMATCH-26JUL29YOSKIM-YOS,Tennis,,KXITFWMATCH,9b9eecb5-c6a0-414a-bcf3-57262192676d,KXITFWMATCH-26JUL29YOSKIM,1785301851.0,quote,,1786510800.0,true,66.5000,66.0000,67.0000,6183.15,3960.69
6,53f42bc58d42435d82248ac83e5d779a,-2.0300,2026-07-29,2026-07-29,29354e42ef0c3a5dcfab2220f035fd1be5874df613426379bae1f33e112f560b,3225d938792095e42822872d66b7b9e7b79546a344da7ea98298d40463577392,"[""Tennis""]",1785307415.0960371,KXITFWMATCH-26JUL29YOSKIM-KIM,Tennis,,KXITFWMATCH,9b9eecb5-c6a0-414a-bcf3-57262192676d,KXITFWMATCH-26JUL29YOSKIM,1785301851.0,quote,,1786510800.0,true,33.5000,33.0000,34.0000,2632.35,7631.70
6,53f42bc58d42435d82248ac83e5d779a,-2.0300,2026-07-29,2026-07-29,29354e42ef0c3a5dcfab2220f035fd1be5874df613426379bae1f33e112f560b,3225d938792095e42822872d66b7b9e7b79546a344da7ea98298d40463577392,"[""Tennis""]",1785307415.163691,KXITFWMATCH-26JUL29DESJAN-JAN,Tennis,,KXITFWMATCH,81f61a76-c334-455a-ab59-aaab2f2b9045,KXITFWMATCH-26JUL29DESJAN,1785301882.0,quote,,1786510800.0,true,39.5000,39.0000,40.0000,1885.11,1380.64
6,53f42bc58d42435d82248ac83e5d779a,-2.0300,2026-07-29,2026-07-29,29354e42ef0c3a5dcfab2220f035fd1be5874df613426379bae1f33e112f560b,3225d938792095e42822872d66b7b9e7b79546a344da7ea98298d40463577392,"[""Tennis""]",1785307415.231669,KXITFMATCH-26JUL28CHAHEI-HEI,Tennis,,KXITFMATCH,5ba6a34a-c169-4b0b-b8fd-b835a2127855,KXITFMATCH-26JUL28CHAHEI,1785299809.0,quote,,1786505400.0,true,37.5000,37.0000,38.0000,2241.33,9216.06
6,53f42bc58d42435d82248ac83e5d779a,-2.0300,2026-07-29,2026-07-29,29354e42ef0c3a5dcfab2220f035fd1be5874df613426379bae1f33e112f560b,3225d938792095e42822872d66b7b9e7b79546a344da7ea98298d40463577392,"[""Tennis""]",1785307415.3476129,KXITFWMATCH-26JUL29DESJAN-DES,Tennis,,KXITFWMATCH,81f61a76-c334-455a-ab59-aaab2f2b9045,KXITFWMATCH-26JUL29DESJAN,1785301882.0,quote,,1786510800.0,true,60.5000,60.0000,61.0000,781.02,3056.31
6,53f42bc58d42435d82248ac83e5d779a,-2.0300,2026-07-29,2026-07-29,29354e42ef0c3a5dcfab2220f035fd1be5874df613426379bae1f33e112f560b,3225d938792095e42822872d66b7b9e7b79546a344da7ea98298d40463577392,"[""Tennis""]",1785307415.419067,KXITFMATCH-26JUL28CHAHEI-CHA,Tennis,,KXITFMATCH,5ba6a34a-c169-4b0b-b8fd-b835a2127855,KXITFMATCH-26JUL28CHAHEI,1785299809.0,quote,,1786505400.0,true,64.5000,64.0000,65.0000,833.00,52916.68
6,53f42bc58d42435d82248ac83e5d779a,-2.0300,2026-07-29,2026-07-29,29354e42ef0c3a5dcfab2220f035fd1be5874df613426379bae1f33e112f560b,3225d938792095e42822872d66b7b9e7b79546a344da7ea98298d40463577392,"[""Tennis""]",1785307415.488271,KXITFWMATCH-26JUL29MALMAM-MAL,Tennis,,KXITFWMATCH,1465101e-caa8-45fd-812d-50d841d472da,KXITFWMATCH-26JUL29MALMAM,1785301775.0,quote,,1786510800.0,true,9.0000,8.0000,10.0000,204.78,1016.00
6,53f42bc58d42435d82248ac83e5d779a,-2.0300,2026-07-29,2026-07-29,29354e42ef0c3a5dcfab2220f035fd1be5874df613426379bae1f33e112f560b,3225d938792095e42822872d66b7b9e7b79546a344da7ea98298d40463577392,"[""Tennis""]",1785307415.558749,KXITFWMATCH-26JUL29ARAROT-ARA,Tennis,,KXITFWMATCH,732f03cc-f3da-4b91-b7cc-f26188d27ba6,KXITFWMATCH-26JUL29ARAROT,1785301898.0,quote,,1786510800.0,true,82.5000,82.0000,83.0000,4553.87,3914.31
6,53f42bc58d42435d82248ac83e5d779a,-2.0300,2026-07-29,2026-07-29,29354e42ef0c3a5dcfab2220f035fd1be5874df613426379bae1f33e112f560b,3225d938792095e42822872d66b7b9e7b79546a344da7ea98298d40463577392,"[""Tennis""]",1785307417.134593,KXITFWMATCH-26JUL29MAKKUZ-MAK,Tennis,,KXITFWMATCH,efd4b316-d644-47a1-9c01-9150c694f3a5,KXITFWMATCH-26JUL29MAKKUZ,1785301924.0,quote,,1786510800.0,true,81.5000,81.0000,82.0000,17578.39,32562.52
6,53f42bc58d42435d82248ac83e5d779a,-2.0300,2026-07-29,2026-07-29,29354e42ef0c3a5dcfab2220f035fd1be5874df613426379bae1f33e112f560b,3225d938792095e42822872d66b7b9e7b79546a344da7ea98298d40463577392,"[""Tennis""]",1785307417.2058828,KXITFWMATCH-26JUL29MAKKUZ-KUZ,Tennis,,KXITFWMATCH,efd4b316-d644-47a1-9c01-9150c694f3a5,KXITFWMATCH-26JUL29MAKKUZ,1785301924.0,quote,,1786510800.0,true,18.5000,18.0000,19.0000,17055.44,36005.13
6,53f42bc58d42435d82248ac83e5d779a,-2.0300,2026-07-29,2026-07-29,29354e42ef0c3a5dcfab2220f035fd1be5874df613426379bae1f33e112f560b,3225d938792095e42822872d66b7b9e7b79546a344da7ea98298d40463577392,"[""Tennis""]",1785307417.277481,KXITFWMATCH-26JUL29YOSKIM-YOS,Tennis,,KXITFWMATCH,9b9eecb5-c6a0-414a-bcf3-57262192676d,KXITFWMATCH-26JUL29YOSKIM,1785301851.0,quote,,1786510800.0,true,62.5000,61.0000,64.0000,560.00,10.00
6,53f42bc58d42435d82248ac83e5d779a,-2.0300,2026-07-29,2026-07-29,29354e42ef0c3a5dcfab2220f035fd1be5874df613426379bae1f33e112f560b,3225d938792095e42822872d66b7b9e7b79546a344da7ea98298d40463577392,"[""Tennis""]",1785307417.3453271,KXITFWMATCH-26JUL29YOSKIM-KIM,Tennis,,KXITFWMATCH,9b9eecb5-c6a0-414a-bcf3-57262192676d,KXITFWMATCH-26JUL29YOSKIM,1785301851.0,quote,,1786510800.0,true,33.5000,33.0000,34.0000,2632.35,7631.70
6,53f42bc58d42435d82248ac83e5d779a,-2.0300,2026-07-29,2026-07-29,29354e42ef0c3a5dcfab2220f035fd1be5874df613426379bae1f33e112f560b,3225d938792095e42822872d66b7b9e7b79546a344da7ea98298d40463577392,"[""Tennis""]",1785307417.509325,KXITFWMATCH-26JUL29DESJAN-JAN,Tennis,,KXITFWMATCH,81f61a76-c334-455a-ab59-aaab2f2b9045,KXITFWMATCH-26JUL29DESJAN,1785301882.0,quote,,1786510800.0,true,39.5000,39.0000,40.0000,1867.47,1356.65
6,53f42bc58d42435d82248ac83e5d779a,-2.0300,2026-07-29,2026-07-29,29354e42ef0c3a5dcfab2220f035fd1be5874df613426379bae1f33e112f560b,3225d938792095e42822872d66b7b9e7b79546a344da7ea98298d40463577392,"[""Tennis""]",1785307417.578741,KXITFMATCH-26JUL28CHAHEI-HEI,Tennis,,KXITFMATCH,5ba6a34a-c169-4b0b-b8fd-b835a2127855,KXITFMATCH-26JUL28CHAHEI,1785299809.0,quote,,1786505400.0,true,37.5000,37.0000,38.0000,2241.33,9216.06
6,53f42bc58d42435d82248ac83e5d779a,-2.0300,2026-07-29,2026-07-29,29354e42ef0c3a5dcfab2220f035fd1be5874df613426379bae1f33e112f560b,3225d938792095e42822872d66b7b9e7b79546a344da7ea98298d40463577392,"[""Tennis""]",1785307417.645949,KXITFWMATCH-26JUL29DESJAN-DES,Tennis,,KXITFWMATCH,81f61a76-c334-455a-ab59-aaab2f2b9045,KXITFWMATCH-26JUL29DESJAN,1785301882.0,quote,,1786510800.0,true,60.5000,60.0000,61.0000,781.02,3056.31
6,53f42bc58d42435d82248ac83e5d779a,-2.0300,2026-07-29,2026-07-29,29354e42ef0c3a5dcfab2220f035fd1be5874df613426379bae1f33e112f560b,3225d938792095e42822872d66b7b9e7b79546a344da7ea98298d40463577392,"[""Tennis""]",1785307417.719149,KXITFMATCH-26JUL28CHAHEI-CHA,Tennis,,KXITFMATCH,5ba6a34a-c169-4b0b-b8fd-b835a2127855,KXITFMATCH-26JUL28CHAHEI,1785299809.0,quote,,1786505400.0,true,64.5000,64.0000,65.0000,833.00,52916.68
6,53f42bc58d42435d82248ac83e5d779a,-2.0300,2026-07-29,2026-07-29,29354e42ef0c3a5dcfab2220f035fd1be5874df613426379bae1f33e112f560b,3225d938792095e42822872d66b7b9e7b79546a344da7ea98298d40463577392,"[""Tennis""]",1785307417.791861,KXITFWMATCH-26JUL29MALMAM-MAL,Tennis,,KXITFWMATCH,1465101e-caa8-45fd-812d-50d841d472da,KXITFWMATCH-26JUL29MALMAM,1785301775.0,quote,,1786510800.0,true,9.0000,8.0000,10.0000,204.78,1016.00
6,53f42bc58d42435d82248ac83e5d779a,-2.0300,2026-07-29,2026-07-29,29354e42ef0c3a5dcfab2220f035fd1be5874df613426379bae1f33e112f560b,3225d938792095e42822872d66b7b9e7b79546a344da7ea98298d40463577392,"[""Tennis""]",1785307417.8617878,KXITFWMATCH-26JUL29ARAROT-ARA,Tennis,,KXITFWMATCH,732f03cc-f3da-4b91-b7cc-f26188d27ba6,KXITFWMATCH-26JUL29ARAROT,1785301898.0,quote,,1786510800.0,true,82.5000,82.0000,83.0000,4553.87,3914.31
6,53f42bc58d42435d82248ac83e5d779a,-2.0300,2026-07-29,2026-07-29,29354e42ef0c3a5dcfab2220f035fd1be5874df613426379bae1f33e112f560b,3225d938792095e42822872d66b7b9e7b79546a344da7ea98298d40463577392,"[""Tennis""]",1785307419.437662,KXITFWMATCH-26JUL29MAKKUZ-MAK,Tennis,,KXITFWMATCH,efd4b316-d644-47a1-9c01-9150c694f3a5,KXITFWMATCH-26JUL29MAKKUZ,1785301924.0,quote,,1786510800.0,true,81.5000,81.0000,82.0000,17578.39,32562.52
6,53f42bc58d42435d82248ac83e5d779a,-2.0300,2026-07-29,2026-07-29,29354e42ef0c3a5dcfab2220f035fd1be5874df613426379bae1f33e112f560b,3225d938792095e42822872d66b7b9e7b79546a344da7ea98298d40463577392,"[""Tennis""]",1785307419.542806,KXITFWMATCH-26JUL29MAKKUZ-KUZ,Tennis,,KXITFWMATCH,efd4b316-d644-47a1-9c01-9150c694f3a5,KXITFWMATCH-26JUL29MAKKUZ,1785301924.0,quote,,1786510800.0,true,18.5000,18.0000,19.0000,17055.44,36005.13
6,53f42bc58d42435d82248ac83e5d779a,-2.0300,2026-07-29,2026-07-29,29354e42ef0c3a5dcfab2220f035fd1be5874df613426379bae1f33e112f560b,3225d938792095e42822872d66b7b9e7b79546a344da7ea98298d40463577392,"[""Tennis""]",1785307419.614184,KXITFWMATCH-26JUL29YOSKIM-YOS,Tennis,,KXITFWMATCH,9b9eecb5-c6a0-414a-bcf3-57262192676d,KXITFWMATCH-26JUL29YOSKIM,1785301851.0,quote,,1786510800.0,true,62.5000,61.0000,64.0000,560.00,10.00
6,53f42bc58d42435d82248ac83e5d779a,-2.0300,2026-07-29,2026-07-29,29354e42ef0c3a5dcfab2220f035fd1be5874df613426379bae1f33e112f560b,3225d938792095e42822872d66b7b9e7b79546a344da7ea98298d40463577392,"[""Tennis""]",1785307419.6823108,KXITFWMATCH-26JUL29YOSKIM-KIM,Tennis,,KXITFWMATCH,9b9eecb5-c6a0-414a-bcf3-57262192676d,KXITFWMATCH-26JUL29YOSKIM,1785301851.0,quote,,1786510800.0,true,36.5000,35.0000,38.0000,2249.35,381.00
6,53f42bc58d42435d82248ac83e5d779a,-2.0300,2026-07-29,2026-07-29,29354e42ef0c3a5dcfab2220f035fd1be5874df613426379bae1f33e112f560b,3225d938792095e42822872d66b7b9e7b79546a344da7ea98298d40463577392,"[""Tennis""]",1785307419.751431,KXITFWMATCH-26JUL29DESJAN-JAN,Tennis,,KXITFWMATCH,81f61a76-c334-455a-ab59-aaab2f2b9045,KXITFWMATCH-26JUL29DESJAN,1785301882.0,quote,,1786510800.0,true,39.5000,39.0000,40.0000,1867.47,1356.65
6,53f42bc58d42435d82248ac83e5d779a,-2.0300,2026-07-29,2026-07-29,29354e42ef0c3a5dcfab2220f035fd1be5874df613426379bae1f33e112f560b,3225d938792095e42822872d66b7b9e7b79546a344da7ea98298d40463577392,"[""Tennis""]",1785307419.8186398,KXITFMATCH-26JUL28CHAHEI-HEI,Tennis,,KXITFMATCH,5ba6a34a-c169-4b0b-b8fd-b835a2127855,KXITFMATCH-26JUL28CHAHEI,1785299809.0,quote,,1786505400.0,true,37.5000,37.0000,38.0000,2241.33,9216.06
6,53f42bc58d42435d82248ac83e5d779a,-2.0300,2026-07-29,2026-07-29,29354e42ef0c3a5dcfab2220f035fd1be5874df613426379bae1f33e112f560b,3225d938792095e42822872d66b7b9e7b79546a344da7ea98298d40463577392,"[""Tennis""]",1785307419.887904,KXITFWMATCH-26JUL29DESJAN-DES,Tennis,,KXITFWMATCH,81f61a76-c334-455a-ab59-aaab2f2b9045,KXITFWMATCH-26JUL29DESJAN,1785301882.0,quote,,1786510800.0,true,60.5000,60.0000,61.0000,781.02,3056.31
6,53f42bc58d42435d82248ac83e5d779a,-2.0300,2026-07-29,2026-07-29,29354e42ef0c3a5dcfab2220f035fd1be5874df613426379bae1f33e112f560b,3225d938792095e42822872d66b7b9e7b79546a344da7ea98298d40463577392,"[""Tennis""]",1785307419.9599411,KXITFMATCH-26JUL28CHAHEI-CHA,Tennis,,KXITFMATCH,5ba6a34a-c169-4b0b-b8fd-b835a2127855,KXITFMATCH-26JUL28CHAHEI,1785299809.0,quote,,1786505400.0,true,64.5000,64.0000,65.0000,833.00,52916.68
6,53f42bc58d42435d82248ac83e5d779a,-2.0300,2026-07-29,2026-07-29,29354e42ef0c3a5dcfab2220f035fd1be5874df613426379bae1f33e112f560b,3225d938792095e42822872d66b7b9e7b79546a344da7ea98298d40463577392,"[""Tennis""]",1785307420.063941,KXITFWMATCH-26JUL29MALMAM-MAL,Tennis,,KXITFWMATCH,1465101e-caa8-45fd-812d-50d841d472da,KXITFWMATCH-26JUL29MALMAM,1785301775.0,quote,,1786510800.0,true,9.0000,8.0000,10.0000,204.78,1016.00
6,53f42bc58d42435d82248ac83e5d779a,-2.0300,2026-07-29,2026-07-29,29354e42ef0c3a5dcfab2220f035fd1be5874df613426379bae1f33e112f560b,3225d938792095e42822872d66b7b9e7b79546a344da7ea98298d40463577392,"[""Tennis""]",1785307420.134374,KXITFWMATCH-26JUL29ARAROT-ARA,Tennis,,KXITFWMATCH,732f03cc-f3da-4b91-b7cc-f26188d27ba6,KXITFWMATCH-26JUL29ARAROT,1785301898.0,quote,,1786510800.0,true,82.5000,82.0000,83.0000,4553.87,3914.31
6,53f42bc58d42435d82248ac83e5d779a,-2.0300,2026-07-29,2026-07-29,29354e42ef0c3a5dcfab2220f035fd1be5874df613426379bae1f33e112f560b,3225d938792095e42822872d66b7b9e7b79546a344da7ea98298d40463577392,"[""Tennis""]",1785307421.7063968,KXITFWMATCH-26JUL29MAKKUZ-MAK,Tennis,,KXITFWMATCH,efd4b316-d644-47a1-9c01-9150c694f3a5,KXITFWMATCH-26JUL29MAKKUZ,1785301924.0,quote,,1786510800.0,true,81.5000,81.0000,82.0000,17573.96,32508.33
6,53f42bc58d42435d82248ac83e5d779a,-2.0300,2026-07-29,2026-07-29,29354e42ef0c3a5dcfab2220f035fd1be5874df613426379bae1f33e112f560b,3225d938792095e42822872d66b7b9e7b79546a344da7ea98298d40463577392,"[""Tennis""]",1785307421.774698,KXITFWMATCH-26JUL29MAKKUZ-KUZ,Tennis,,KXITFWMATCH,efd4b316-d644-47a1-9c01-9150c694f3a5,KXITFWMATCH-26JUL29MAKKUZ,1785301924.0,quote,,1786510800.0,true,18.5000,18.0000,19.0000,17055.44,36005.13
6,53f42bc58d42435d82248ac83e5d779a,-2.0300,2026-07-29,2026-07-29,29354e42ef0c3a5dcfab2220f035fd1be5874df613426379bae1f33e112f560b,3225d938792095e42822872d66b7b9e7b79546a344da7ea98298d40463577392,"[""Tennis""]",1785307421.84357,KXITFWMATCH-26JUL29YOSKIM-YOS,Tennis,,KXITFWMATCH,9b9eecb5-c6a0-414a-bcf3-57262192676d,KXITFWMATCH-26JUL29YOSKIM,1785301851.0,quote,,1786510800.0,true,62.5000,61.0000,64.0000,560.00,10.00
6,53f42bc58d42435d82248ac83e5d779a,-2.0300,2026-07-29,2026-07-29,29354e42ef0c3a5dcfab2220f035fd1be5874df613426379bae1f33e112f560b,3225d938792095e42822872d66b7b9e7b79546a344da7ea98298d40463577392,"[""Tennis""]",1785307421.913048,KXITFWMATCH-26JUL29YOSKIM-KIM,Tennis,,KXITFWMATCH,9b9eecb5-c6a0-414a-bcf3-57262192676d,KXITFWMATCH-26JUL29YOSKIM,1785301851.0,quote,,1786510800.0,true,36.5000,35.0000,38.0000,2249.35,381.00
6,53f42bc58d42435d82248ac83e5d779a,-2.0300,2026-07-29,2026-07-29,29354e42ef0c3a5dcfab2220f035fd1be5874df613426379bae1f33e112f560b,3225d938792095e42822872d66b7b9e7b79546a344da7ea98298d40463577392,"[""Tennis""]",1785307421.9826891,KXITFWMATCH-26JUL29DESJAN-JAN,Tennis,,KXITFWMATCH,81f61a76-c334-455a-ab59-aaab2f2b9045,KXITFWMATCH-26JUL29DESJAN,1785301882.0,quote,,1786510800.0,true,39.5000,39.0000,40.0000,1867.47,1356.65
6,53f42bc58d42435d82248ac83e5d779a,-2.0300,2026-07-29,2026-07-29,29354e42ef0c3a5dcfab2220f035fd1be5874df613426379bae1f33e112f560b,3225d938792095e42822872d66b7b9e7b79546a344da7ea98298d40463577392,"[""Tennis""]",1785307422.050368,KXITFMATCH-26JUL28CHAHEI-HEI,Tennis,,KXITFMATCH,5ba6a34a-c169-4b0b-b8fd-b835a2127855,KXITFMATCH-26JUL28CHAHEI,1785299809.0,quote,,1786505400.0,true,37.5000,37.0000,38.0000,2241.33,9216.06
6,53f42bc58d42435d82248ac83e5d779a,-2.0300,2026-07-29,2026-07-29,29354e42ef0c3a5dcfab2220f035fd1be5874df613426379bae1f33e112f560b,3225d938792095e42822872d66b7b9e7b79546a344da7ea98298d40463577392,"[""Tennis""]",1785307422.15998,KXITFWMATCH-26JUL29DESJAN-DES,Tennis,,KXITFWMATCH,81f61a76-c334-455a-ab59-aaab2f2b9045,KXITFWMATCH-26JUL29DESJAN,1785301882.0,quote,,1786510800.0,true,60.5000,60.0000,61.0000,781.02,3056.31
6,53f42bc58d42435d82248ac83e5d779a,-2.0300,2026-07-29,2026-07-29,29354e42ef0c3a5dcfab2220f035fd1be5874df613426379bae1f33e112f560b,3225d938792095e42822872d66b7b9e7b79546a344da7ea98298d40463577392,"[""Tennis""]",1785307422.2301598,KXITFMATCH-26JUL28CHAHEI-CHA,Tennis,,KXITFMATCH,5ba6a34a-c169-4b0b-b8fd-b835a2127855,KXITFMATCH-26JUL28CHAHEI,1785299809.0,quote,,1786505400.0,true,64.5000,64.0000,65.0000,833.00,52916.68
6,53f42bc58d42435d82248ac83e5d779a,-2.0300,2026-07-29,2026-07-29,29354e42ef0c3a5dcfab2220f035fd1be5874df613426379bae1f33e112f560b,3225d938792095e42822872d66b7b9e7b79546a344da7ea98298d40463577392,"[""Tennis""]",1785307422.2998688,KXITFWMATCH-26JUL29MALMAM-MAL,Tennis,,KXITFWMATCH,1465101e-caa8-45fd-812d-50d841d472da,KXITFWMATCH-26JUL29MALMAM,1785301775.0,quote,,1786510800.0,true,7.5000,6.0000,9.0000,1127.00,1138.00
6,53f42bc58d42435d82248ac83e5d779a,-2.0300,2026-07-29,2026-07-29,29354e42ef0c3a5dcfab2220f035fd1be5874df613426379bae1f33e112f560b,3225d938792095e42822872d66b7b9e7b79546a344da7ea98298d40463577392,"[""Tennis""]",1785307422.3679428,KXITFWMATCH-26JUL29ARAROT-ARA,Tennis,,KXITFWMATCH,732f03cc-f3da-4b91-b7cc-f26188d27ba6,KXITFWMATCH-26JUL29ARAROT,1785301898.0,quote,,1786510800.0,true,82.5000,82.0000,83.0000,4553.87,3914.31
6,53f42bc58d42435d82248ac83e5d779a,-2.0300,2026-07-29,2026-07-29,29354e42ef0c3a5dcfab2220f035fd1be5874df613426379bae1f33e112f560b,3225d938792095e42822872d66b7b9e7b79546a344da7ea98298d40463577392,"[""Tennis""]",1785307423.9449291,KXITFWMATCH-26JUL29MAKKUZ-MAK,Tennis,,KXITFWMATCH,efd4b316-d644-47a1-9c01-9150c694f3a5,KXITFWMATCH-26JUL29MAKKUZ,1785301924.0,quote,,1786510800.0,true,81.5000,81.0000,82.0000,17573.96,32508.33
6,53f42bc58d42435d82248ac83e5d779a,-2.0300,2026-07-29,2026-07-29,29354e42ef0c3a5dcfab2220f035fd1be5874df613426379bae1f33e112f560b,3225d938792095e42822872d66b7b9e7b79546a344da7ea98298d40463577392,"[""Tennis""]",1785307424.015993,KXITFWMATCH-26JUL29MAKKUZ-KUZ,Tennis,,KXITFWMATCH,efd4b316-d644-47a1-9c01-9150c694f3a5,KXITFWMATCH-26JUL29MAKKUZ,1785301924.0,quote,,1786510800.0,true,18.5000,18.0000,19.0000,17045.47,35313.05
6,53f42bc58d42435d82248ac83e5d779a,-2.0300,2026-07-29,2026-07-29,29354e42ef0c3a5dcfab2220f035fd1be5874df613426379bae1f33e112f560b,3225d938792095e42822872d66b7b9e7b79546a344da7ea98298d40463577392,"[""Tennis""]",1785307424.087134,KXITFWMATCH-26JUL29YOSKIM-YOS,Tennis,,KXITFWMATCH,9b9eecb5-c6a0-414a-bcf3-57262192676d,KXITFWMATCH-26JUL29YOSKIM,1785301851.0,quote,,1786510800.0,true,62.5000,61.0000,64.0000,560.00,10.00
6,53f42bc58d42435d82248ac83e5d779a,-2.0300,2026-07-29,2026-07-29,29354e42ef0c3a5dcfab2220f035fd1be5874df613426379bae1f33e112f560b,3225d938792095e42822872d66b7b9e7b79546a344da7ea98298d40463577392,"[""Tennis""]",1785307424.1568809,KXITFWMATCH-26JUL29YOSKIM-KIM,Tennis,,KXITFWMATCH,9b9eecb5-c6a0-414a-bcf3-57262192676d,KXITFWMATCH-26JUL29YOSKIM,1785301851.0,quote,,1786510800.0,true,36.5000,35.0000,38.0000,2249.35,381.00
6,53f42bc58d42435d82248ac83e5d779a,-2.0300,2026-07-29,2026-07-29,29354e42ef0c3a5dcfab2220f035fd1be5874df613426379bae1f33e112f560b,3225d938792095e42822872d66b7b9e7b79546a344da7ea98298d40463577392,"[""Tennis""]",1785307424.2577229,KXITFWMATCH-26JUL29DESJAN-JAN,Tennis,,KXITFWMATCH,81f61a76-c334-455a-ab59-aaab2f2b9045,KXITFWMATCH-26JUL29DESJAN,1785301882.0,quote,,1786510800.0,true,39.5000,39.0000,40.0000,1867.47,1356.65
6,53f42bc58d42435d82248ac83e5d779a,-2.0300,2026-07-29,2026-07-29,29354e42ef0c3a5dcfab2220f035fd1be5874df613426379bae1f33e112f560b,3225d938792095e42822872d66b7b9e7b79546a344da7ea98298d40463577392,"[""Tennis""]",1785307424.329481,KXITFMATCH-26JUL28CHAHEI-HEI,Tennis,,KXITFMATCH,5ba6a34a-c169-4b0b-b8fd-b835a2127855,KXITFMATCH-26JUL28CHAHEI,1785299809.0,quote,,1786505400.0,true,37.5000,37.0000,38.0000,2241.33,9216.06
6,53f42bc58d42435d82248ac83e5d779a,-2.0300,2026-07-29,2026-07-29,29354e42ef0c3a5dcfab2220f035fd1be5874df613426379bae1f33e112f560b,3225d938792095e42822872d66b7b9e7b79546a344da7ea98298d40463577392,"[""Tennis""]",1785307424.3979342,KXITFWMATCH-26JUL29DESJAN-DES,Tennis,,KXITFWMATCH,81f61a76-c334-455a-ab59-aaab2f2b9045,KXITFWMATCH-26JUL29DESJAN,1785301882.0,quote,,1786510800.0,true,60.5000,60.0000,61.0000,781.02,3056.31
6,53f42bc58d42435d82248ac83e5d779a,-2.0300,2026-07-29,2026-07-29,29354e42ef0c3a5dcfab2220f035fd1be5874df613426379bae1f33e112f560b,3225d938792095e42822872d66b7b9e7b79546a344da7ea98298d40463577392,"[""Tennis""]",1785307424.4683058,KXITFMATCH-26JUL28CHAHEI-CHA,Tennis,,KXITFMATCH,5ba6a34a-c169-4b0b-b8fd-b835a2127855,KXITFMATCH-26JUL28CHAHEI,1785299809.0,quote,,1786505400.0,true,64.5000,64.0000,65.0000,417.24,43688.65
6,53f42bc58d42435d82248ac83e5d779a,-2.0300,2026-07-29,2026-07-29,29354e42ef0c3a5dcfab2220f035fd1be5874df613426379bae1f33e112f560b,3225d938792095e42822872d66b7b9e7b79546a344da7ea98298d40463577392,"[""Tennis""]",1785307424.5359738,KXITFWMATCH-26JUL29MALMAM-MAL,Tennis,,KXITFWMATCH,1465101e-caa8-45fd-812d-50d841d472da,KXITFWMATCH-26JUL29MALMAM,1785301775.0,quote,,1786510800.0,true,7.5000,6.0000,9.0000,1127.00,1138.00
6,53f42bc58d42435d82248ac83e5d779a,-2.0300,2026-07-29,2026-07-29,29354e42ef0c3a5dcfab2220f035fd1be5874df613426379bae1f33e112f560b,3225d938792095e42822872d66b7b9e7b79546a344da7ea98298d40463577392,"[""Tennis""]",1785307424.606035,KXITFWMATCH-26JUL29ARAROT-ARA,Tennis,,KXITFWMATCH,732f03cc-f3da-4b91-b7cc-f26188d27ba6,KXITFWMATCH-26JUL29ARAROT,1785301898.0,quote,,1786510800.0,true,82.5000,82.0000,83.0000,3141.00,4263.31
6,53f42bc58d42435d82248ac83e5d779a,-2.0300,2026-07-29,2026-07-29,29354e42ef0c3a5dcfab2220f035fd1be5874df613426379bae1f33e112f560b,3225d938792095e42822872d66b7b9e7b79546a344da7ea98298d40463577392,"[""Tennis""]",1785307426.1838531,KXITFWMATCH-26JUL29MAKKUZ-MAK,Tennis,,KXITFWMATCH,efd4b316-d644-47a1-9c01-9150c694f3a5,KXITFWMATCH-26JUL29MAKKUZ,1785301924.0,quote,,1786510800.0,true,81.5000,81.0000,82.0000,17573.96,32508.33
6,53f42bc58d42435d82248ac83e5d779a,-2.0300,2026-07-29,2026-07-29,29354e42ef0c3a5dcfab2220f035fd1be5874df613426379bae1f33e112f560b,3225d938792095e42822872d66b7b9e7b79546a344da7ea98298d40463577392,"[""Tennis""]",1785307426.255729,KXITFWMATCH-26JUL29MAKKUZ-KUZ,Tennis,,KXITFWMATCH,efd4b316-d644-47a1-9c01-9150c694f3a5,KXITFWMATCH-26JUL29MAKKUZ,1785301924.0,quote,,1786510800.0,true,18.5000,18.0000,19.0000,17045.47,35313.05
6,53f42bc58d42435d82248ac83e5d779a,-2.0300,2026-07-29,2026-07-29,29354e42ef0c3a5dcfab2220f035fd1be5874df613426379bae1f33e112f560b,3225d938792095e42822872d66b7b9e7b79546a344da7ea98298d40463577392,"[""Tennis""]",1785307426.4192672,KXITFWMATCH-26JUL29YOSKIM-YOS,Tennis,,KXITFWMATCH,9b9eecb5-c6a0-414a-bcf3-57262192676d,KXITFWMATCH-26JUL29YOSKIM,1785301851.0,quote,,1786510800.0,true,62.5000,61.0000,64.0000,560.00,10.00
6,53f42bc58d42435d82248ac83e5d779a,-2.0300,2026-07-29,2026-07-29,29354e42ef0c3a5dcfab2220f035fd1be5874df613426379bae1f33e112f560b,3225d938792095e42822872d66b7b9e7b79546a344da7ea98298d40463577392,"[""Tennis""]",1785307426.490101,KXITFWMATCH-26JUL29YOSKIM-KIM,Tennis,,KXITFWMATCH,9b9eecb5-c6a0-414a-bcf3-57262192676d,KXITFWMATCH-26JUL29YOSKIM,1785301851.0,quote,,1786510800.0,true,36.5000,35.0000,38.0000,2249.35,381.00
6,53f42bc58d42435d82248ac83e5d779a,-2.0300,2026-07-29,2026-07-29,29354e42ef0c3a5dcfab2220f035fd1be5874df613426379bae1f33e112f560b,3225d938792095e42822872d66b7b9e7b79546a344da7ea98298d40463577392,"[""Tennis""]",1785307426.562013,KXITFWMATCH-26JUL29DESJAN-JAN,Tennis,,KXITFWMATCH,81f61a76-c334-455a-ab59-aaab2f2b9045,KXITFWMATCH-26JUL29DESJAN,1785301882.0,quote,,1786510800.0,true,39.5000,39.0000,40.0000,1867.47,1356.65
6,53f42bc58d42435d82248ac83e5d779a,-2.0300,2026-07-29,2026-07-29,29354e42ef0c3a5dcfab2220f035fd1be5874df613426379bae1f33e112f560b,3225d938792095e42822872d66b7b9e7b79546a344da7ea98298d40463577392,"[""Tennis""]",1785307426.632716,KXITFMATCH-26JUL28CHAHEI-HEI,Tennis,,KXITFMATCH,5ba6a34a-c169-4b0b-b8fd-b835a2127855,KXITFMATCH-26JUL28CHAHEI,1785299809.0,quote,,1786505400.0,true,36.5000,36.0000,37.0000,5337.48,46085.46
6,53f42bc58d42435d82248ac83e5d779a,-2.0300,2026-07-29,2026-07-29,29354e42ef0c3a5dcfab2220f035fd1be5874df613426379bae1f33e112f560b,3225d938792095e42822872d66b7b9e7b79546a344da7ea98298d40463577392,"[""Tennis""]",1785307426.7068758,KXITFWMATCH-26JUL29DESJAN-DES,Tennis,,KXITFWMATCH,81f61a76-c334-455a-ab59-aaab2f2b9045,KXITFWMATCH-26JUL29DESJAN,1785301882.0,quote,,1786510800.0,true,60.5000,60.0000,61.0000,781.02,3156.31
6,53f42bc58d42435d82248ac83e5d779a,-2.0300,2026-07-29,2026-07-29,29354e42ef0c3a5dcfab2220f035fd1be5874df613426379bae1f33e112f560b,3225d938792095e42822872d66b7b9e7b79546a344da7ea98298d40463577392,"[""Tennis""]",1785307426.7759402,KXITFMATCH-26JUL28CHAHEI-CHA,Tennis,,KXITFMATCH,5ba6a34a-c169-4b0b-b8fd-b835a2127855,KXITFMATCH-26JUL28CHAHEI,1785299809.0,quote,,1786505400.0,true,64.5000,64.0000,65.0000,417.24,43688.65
6,53f42bc58d42435d82248ac83e5d779a,-2.0300,2026-07-29,2026-07-29,29354e42ef0c3a5dcfab2220f035fd1be5874df613426379bae1f33e112f560b,3225d938792095e42822872d66b7b9e7b79546a344da7ea98298d40463577392,"[""Tennis""]",1785307426.8771698,KXITFWMATCH-26JUL29MALMAM-MAL,Tennis,,KXITFWMATCH,1465101e-caa8-45fd-812d-50d841d472da,KXITFWMATCH-26JUL29MALMAM,1785301775.0,quote,,1786510800.0,true,7.5000,6.0000,9.0000,1127.00,1138.00
6,53f42bc58d42435d82248ac83e5d779a,-2.0300,2026-07-29,2026-07-29,29354e42ef0c3a5dcfab2220f035fd1be5874df613426379bae1f33e112f560b,3225d938792095e42822872d66b7b9e7b79546a344da7ea98298d40463577392,"[""Tennis""]",1785307426.947235,KXITFWMATCH-26JUL29ARAROT-ARA,Tennis,,KXITFWMATCH,732f03cc-f3da-4b91-b7cc-f26188d27ba6,KXITFWMATCH-26JUL29ARAROT,1785301898.0,quote,,1786510800.0,true,82.5000,82.0000,83.0000,3141.00,4263.31
6,53f42bc58d42435d82248ac83e5d779a,-2.0300,2026-07-29,2026-07-29,29354e42ef0c3a5dcfab2220f035fd1be5874df613426379bae1f33e112f560b,3225d938792095e42822872d66b7b9e7b79546a344da7ea98298d40463577392,"[""Tennis""]",1785307428.534407,KXITFWMATCH-26JUL29MAKKUZ-MAK,Tennis,,KXITFWMATCH,efd4b316-d644-47a1-9c01-9150c694f3a5,KXITFWMATCH-26JUL29MAKKUZ,1785301924.0,quote,,1786510800.0,true,81.5000,81.0000,82.0000,17573.96,32508.33
6,53f42bc58d42435d82248ac83e5d779a,-2.0300,2026-07-29,2026-07-29,29354e42ef0c3a5dcfab2220f035fd1be5874df613426379bae1f33e112f560b,3225d938792095e42822872d66b7b9e7b79546a344da7ea98298d40463577392,"[""Tennis""]",1785307428.603339,KXITFWMATCH-26JUL29MAKKUZ-KUZ,Tennis,,KXITFWMATCH,efd4b316-d644-47a1-9c01-9150c694f3a5,KXITFWMATCH-26JUL29MAKKUZ,1785301924.0,quote,,1786510800.0,true,18.5000,18.0000,19.0000,17045.47,35313.05
6,53f42bc58d42435d82248ac83e5d779a,-2.0300,2026-07-29,2026-07-29,29354e42ef0c3a5dcfab2220f035fd1be5874df613426379bae1f33e112f560b,3225d938792095e42822872d66b7b9e7b79546a344da7ea98298d40463577392,"[""Tennis""]",1785307428.671788,KXITFWMATCH-26JUL29YOSKIM-YOS,Tennis,,KXITFWMATCH,9b9eecb5-c6a0-414a-bcf3-57262192676d,KXITFWMATCH-26JUL29YOSKIM,1785301851.0,quote,,1786510800.0,true,61.5000,60.0000,63.0000,216.00,50.00
6,53f42bc58d42435d82248ac83e5d779a,-2.0300,2026-07-29,2026-07-29,29354e42ef0c3a5dcfab2220f035fd1be5874df613426379bae1f33e112f560b,3225d938792095e42822872d66b7b9e7b79546a344da7ea98298d40463577392,"[""Tennis""]",1785307428.739746,KXITFWMATCH-26JUL29YOSKIM-KIM,Tennis,,KXITFWMATCH,9b9eecb5-c6a0-414a-bcf3-57262192676d,KXITFWMATCH-26JUL29YOSKIM,1785301851.0,quote,,1786510800.0,true,36.5000,35.0000,38.0000,2249.35,381.00
6,53f42bc58d42435d82248ac83e5d779a,-2.0300,2026-07-29,2026-07-29,29354e42ef0c3a5dcfab2220f035fd1be5874df613426379bae1f33e112f560b,3225d938792095e42822872d66b7b9e7b79546a344da7ea98298d40463577392,"[""Tennis""]",1785307428.808258,KXITFWMATCH-26JUL29DESJAN-JAN,Tennis,,KXITFWMATCH,81f61a76-c334-455a-ab59-aaab2f2b9045,KXITFWMATCH-26JUL29DESJAN,1785301882.0,quote,,1786510800.0,true,39.5000,39.0000,40.0000,1867.47,1356.65
6,53f42bc58d42435d82248ac83e5d779a,-2.0300,2026-07-29,2026-07-29,29354e42ef0c3a5dcfab2220f035fd1be5874df613426379bae1f33e112f560b,3225d938792095e42822872d66b7b9e7b79546a344da7ea98298d40463577392,"[""Tennis""]",1785307428.976168,KXITFMATCH-26JUL28CHAHEI-HEI,Tennis,,KXITFMATCH,5ba6a34a-c169-4b0b-b8fd-b835a2127855,KXITFMATCH-26JUL28CHAHEI,1785299809.0,quote,,1786505400.0,true,36.5000,36.0000,37.0000,5337.48,46085.46
6,53f42bc58d42435d82248ac83e5d779a,-2.0300,2026-07-29,2026-07-29,29354e42ef0c3a5dcfab2220f035fd1be5874df613426379bae1f33e112f560b,3225d938792095e42822872d66b7b9e7b79546a344da7ea98298d40463577392,"[""Tennis""]",1785307429.046356,KXITFWMATCH-26JUL29DESJAN-DES,Tennis,,KXITFWMATCH,81f61a76-c334-455a-ab59-aaab2f2b9045,KXITFWMATCH-26JUL29DESJAN,1785301882.0,quote,,1786510800.0,true,60.5000,60.0000,61.0000,781.02,3156.31
6,53f42bc58d42435d82248ac83e5d779a,-2.0300,2026-07-29,2026-07-29,29354e42ef0c3a5dcfab2220f035fd1be5874df613426379bae1f33e112f560b,3225d938792095e42822872d66b7b9e7b79546a344da7ea98298d40463577392,"[""Tennis""]",1785307429.114281,KXITFMATCH-26JUL28CHAHEI-CHA,Tennis,,KXITFMATCH,5ba6a34a-c169-4b0b-b8fd-b835a2127855,KXITFMATCH-26JUL28CHAHEI,1785299809.0,quote,,1786505400.0,true,64.5000,64.0000,65.0000,417.24,43688.65
6,53f42bc58d42435d82248ac83e5d779a,-2.0300,2026-07-29,2026-07-29,29354e42ef0c3a5dcfab2220f035fd1be5874df613426379bae1f33e112f560b,3225d938792095e42822872d66b7b9e7b79546a344da7ea98298d40463577392,"[""Tennis""]",1785307429.1820018,KXITFWMATCH-26JUL29MALMAM-MAL,Tennis,,KXITFWMATCH,1465101e-caa8-45fd-812d-50d841d472da,KXITFWMATCH-26JUL29MALMAM,1785301775.0,quote,,1786510800.0,true,7.5000,6.0000,9.0000,1127.00,1138.00
6,53f42bc58d42435d82248ac83e5d779a,-2.0300,2026-07-29,2026-07-29,29354e42ef0c3a5dcfab2220f035fd1be5874df613426379bae1f33e112f560b,3225d938792095e42822872d66b7b9e7b79546a344da7ea98298d40463577392,"[""Tennis""]",1785307429.251284,KXITFWMATCH-26JUL29ARAROT-ARA,Tennis,,KXITFWMATCH,732f03cc-f3da-4b91-b7cc-f26188d27ba6,KXITFWMATCH-26JUL29ARAROT,1785301898.0,quote,,1786510800.0,true,82.5000,82.0000,83.0000,3141.00,4263.31
6,53f42bc58d42435d82248ac83e5d779a,-2.0300,2026-07-29,2026-07-29,29354e42ef0c3a5dcfab2220f035fd1be5874df613426379bae1f33e112f560b,3225d938792095e42822872d66b7b9e7b79546a344da7ea98298d40463577392,"[""Tennis""]",1785307430.833107,KXITFWMATCH-26JUL29MAKKUZ-MAK,Tennis,,KXITFWMATCH,efd4b316-d644-47a1-9c01-9150c694f3a5,KXITFWMATCH-26JUL29MAKKUZ,1785301924.0,quote,,1786510800.0,true,81.5000,81.0000,82.0000,17573.96,32478.23
6,53f42bc58d42435d82248ac83e5d779a,-2.0300,2026-07-29,2026-07-29,29354e42ef0c3a5dcfab2220f035fd1be5874df613426379bae1f33e112f560b,3225d938792095e42822872d66b7b9e7b79546a344da7ea98298d40463577392,"[""Tennis""]",1785307430.904979,KXITFWMATCH-26JUL29MAKKUZ-KUZ,Tennis,,KXITFWMATCH,efd4b316-d644-47a1-9c01-9150c694f3a5,KXITFWMATCH-26JUL29MAKKUZ,1785301924.0,quote,,1786510800.0,true,18.5000,18.0000,19.0000,17045.47,35313.05
6,53f42bc58d42435d82248ac83e5d779a,-2.0300,2026-07-29,2026-07-29,29354e42ef0c3a5dcfab2220f035fd1be5874df613426379bae1f33e112f560b,3225d938792095e42822872d66b7b9e7b79546a344da7ea98298d40463577392,"[""Tennis""]",1785307430.977427,KXITFWMATCH-26JUL29YOSKIM-YOS,Tennis,,KXITFWMATCH,9b9eecb5-c6a0-414a-bcf3-57262192676d,KXITFWMATCH-26JUL29YOSKIM,1785301851.0,quote,,1786510800.0,true,61.5000,60.0000,63.0000,216.00,50.00
6,53f42bc58d42435d82248ac83e5d779a,-2.0300,2026-07-29,2026-07-29,29354e42ef0c3a5dcfab2220f035fd1be5874df613426379bae1f33e112f560b,3225d938792095e42822872d66b7b9e7b79546a344da7ea98298d40463577392,"[""Tennis""]",1785307431.135977,KXITFWMATCH-26JUL29YOSKIM-KIM,Tennis,,KXITFWMATCH,9b9eecb5-c6a0-414a-bcf3-57262192676d,KXITFWMATCH-26JUL29YOSKIM,1785301851.0,quote,,1786510800.0,true,37.5000,35.0000,40.0000,242.00,473.00
6,53f42bc58d42435d82248ac83e5d779a,-2.0300,2026-07-29,2026-07-29,29354e42ef0c3a5dcfab2220f035fd1be5874df613426379bae1f33e112f560b,3225d938792095e42822872d66b7b9e7b79546a344da7ea98298d40463577392,"[""Tennis""]",1785307431.203012,KXITFWMATCH-26JUL29DESJAN-JAN,Tennis,,KXITFWMATCH,81f61a76-c334-455a-ab59-aaab2f2b9045,KXITFWMATCH-26JUL29DESJAN,1785301882.0,quote,,1786510800.0,true,39.5000,39.0000,40.0000,1867.47,1356.65
6,53f42bc58d42435d82248ac83e5d779a,-2.0300,2026-07-29,2026-07-29,29354e42ef0c3a5dcfab2220f035fd1be5874df613426379bae1f33e112f560b,3225d938792095e42822872d66b7b9e7b79546a344da7ea98298d40463577392,"[""Tennis""]",1785307431.270839,KXITFMATCH-26JUL28CHAHEI-HEI,Tennis,,KXITFMATCH,5ba6a34a-c169-4b0b-b8fd-b835a2127855,KXITFMATCH-26JUL28CHAHEI,1785299809.0,quote,,1786505400.0,true,36.5000,36.0000,37.0000,5337.48,46085.46
6,53f42bc58d42435d82248ac83e5d779a,-2.0300,2026-07-29,2026-07-29,29354e42ef0c3a5dcfab2220f035fd1be5874df613426379bae1f33e112f560b,3225d938792095e42822872d66b7b9e7b79546a344da7ea98298d40463577392,"[""Tennis""]",1785307431.339123,KXITFWMATCH-26JUL29DESJAN-DES,Tennis,,KXITFWMATCH,81f61a76-c334-455a-ab59-aaab2f2b9045,KXITFWMATCH-26JUL29DESJAN,1785301882.0,quote,,1786510800.0,true,60.5000,60.0000,61.0000,781.02,3156.31
6,53f42bc58d42435d82248ac83e5d779a,-2.0300,2026-07-29,2026-07-29,29354e42ef0c3a5dcfab2220f035fd1be5874df613426379bae1f33e112f560b,3225d938792095e42822872d66b7b9e7b79546a344da7ea98298d40463577392,"[""Tennis""]",1785307431.410012,KXITFMATCH-26JUL28CHAHEI-CHA,Tennis,,KXITFMATCH,5ba6a34a-c169-4b0b-b8fd-b835a2127855,KXITFMATCH-26JUL28CHAHEI,1785299809.0,quote,,1786505400.0,true,64.5000,64.0000,65.0000,417.24,43688.65
6,53f42bc58d42435d82248ac83e5d779a,-2.0300,2026-07-29,2026-07-29,29354e42ef0c3a5dcfab2220f035fd1be5874df613426379bae1f33e112f560b,3225d938792095e42822872d66b7b9e7b79546a344da7ea98298d40463577392,"[""Tennis""]",1785307431.4806669,KXITFWMATCH-26JUL29MALMAM-MAL,Tennis,,KXITFWMATCH,1465101e-caa8-45fd-812d-50d841d472da,KXITFWMATCH-26JUL29MALMAM,1785301775.0,quote,,1786510800.0,true,7.5000,6.0000,9.0000,1127.00,1138.00
6,53f42bc58d42435d82248ac83e5d779a,-2.0300,2026-07-29,2026-07-29,29354e42ef0c3a5dcfab2220f035fd1be5874df613426379bae1f33e112f560b,3225d938792095e42822872d66b7b9e7b79546a344da7ea98298d40463577392,"[""Tennis""]",1785307431.597274,KXITFWMATCH-26JUL29ARAROT-ARA,Tennis,,KXITFWMATCH,732f03cc-f3da-4b91-b7cc-f26188d27ba6,KXITFWMATCH-26JUL29ARAROT,1785301898.0,quote,,1786510800.0,true,82.5000,82.0000,83.0000,3141.00,4263.31
6,53f42bc58d42435d82248ac83e5d779a,-2.0300,2026-07-29,2026-07-29,29354e42ef0c3a5dcfab2220f035fd1be5874df613426379bae1f33e112f560b,3225d938792095e42822872d66b7b9e7b79546a344da7ea98298d40463577392,"[""Tennis""]",1785307433.230318,KXITFWMATCH-26JUL29MAKKUZ-MAK,Tennis,,KXITFWMATCH,efd4b316-d644-47a1-9c01-9150c694f3a5,KXITFWMATCH-26JUL29MAKKUZ,1785301924.0,quote,,1786510800.0,true,81.5000,81.0000,82.0000,17573.96,32478.23
6,53f42bc58d42435d82248ac83e5d779a,-2.0300,2026-07-29,2026-07-29,29354e42ef0c3a5dcfab2220f035fd1be5874df613426379bae1f33e112f560b,3225d938792095e42822872d66b7b9e7b79546a344da7ea98298d40463577392,"[""Tennis""]",1785307433.302582,KXITFWMATCH-26JUL29MAKKUZ-KUZ,Tennis,,KXITFWMATCH,efd4b316-d644-47a1-9c01-9150c694f3a5,KXITFWMATCH-26JUL29MAKKUZ,1785301924.0,quote,,1786510800.0,true,18.5000,18.0000,19.0000,17045.47,35313.05
6,53f42bc58d42435d82248ac83e5d779a,-2.0300,2026-07-29,2026-07-29,29354e42ef0c3a5dcfab2220f035fd1be5874df613426379bae1f33e112f560b,3225d938792095e42822872d66b7b9e7b79546a344da7ea98298d40463577392,"[""Tennis""]",1785307433.3781261,KXITFWMATCH-26JUL29YOSKIM-YOS,Tennis,,KXITFWMATCH,9b9eecb5-c6a0-414a-bcf3-57262192676d,KXITFWMATCH-26JUL29YOSKIM,1785301851.0,quote,,1786510800.0,true,61.5000,60.0000,63.0000,216.00,50.00
6,53f42bc58d42435d82248ac83e5d779a,-2.0300,2026-07-29,2026-07-29,29354e42ef0c3a5dcfab2220f035fd1be5874df613426379bae1f33e112f560b,3225d938792095e42822872d66b7b9e7b79546a344da7ea98298d40463577392,"[""Tennis""]",1785307433.449159,KXITFWMATCH-26JUL29YOSKIM-KIM,Tennis,,KXITFWMATCH,9b9eecb5-c6a0-414a-bcf3-57262192676d,KXITFWMATCH-26JUL29YOSKIM,1785301851.0,quote,,1786510800.0,true,37.5000,35.0000,40.0000,242.00,473.00
6,53f42bc58d42435d82248ac83e5d779a,-2.0300,2026-07-29,2026-07-29,29354e42ef0c3a5dcfab2220f035fd1be5874df613426379bae1f33e112f560b,3225d938792095e42822872d66b7b9e7b79546a344da7ea98298d40463577392,"[""Tennis""]",1785307433.518545,KXITFWMATCH-26JUL29DESJAN-JAN,Tennis,,KXITFWMATCH,81f61a76-c334-455a-ab59-aaab2f2b9045,KXITFWMATCH-26JUL29DESJAN,1785301882.0,quote,,1786510800.0,true,39.5000,39.0000,40.0000,1867.47,1356.65
6,53f42bc58d42435d82248ac83e5d779a,-2.0300,2026-07-29,2026-07-29,29354e42ef0c3a5dcfab2220f035fd1be5874df613426379bae1f33e112f560b,3225d938792095e42822872d66b7b9e7b79546a344da7ea98298d40463577392,"[""Tennis""]",1785307433.588234,KXITFMATCH-26JUL28CHAHEI-HEI,Tennis,,KXITFMATCH,5ba6a34a-c169-4b0b-b8fd-b835a2127855,KXITFMATCH-26JUL28CHAHEI,1785299809.0,quote,,1786505400.0,true,36.5000,36.0000,37.0000,5337.48,46085.46
6,53f42bc58d42435d82248ac83e5d779a,-2.0300,2026-07-29,2026-07-29,29354e42ef0c3a5dcfab2220f035fd1be5874df613426379bae1f33e112f560b,3225d938792095e42822872d66b7b9e7b79546a344da7ea98298d40463577392,"[""Tennis""]",1785307433.694293,KXITFWMATCH-26JUL29DESJAN-DES,Tennis,,KXITFWMATCH,81f61a76-c334-455a-ab59-aaab2f2b9045,KXITFWMATCH-26JUL29DESJAN,1785301882.0,quote,,1786510800.0,true,60.5000,60.0000,61.0000,781.02,3156.31
6,53f42bc58d42435d82248ac83e5d779a,-2.0300,2026-07-29,2026-07-29,29354e42ef0c3a5dcfab2220f035fd1be5874df613426379bae1f33e112f560b,3225d938792095e42822872d66b7b9e7b79546a344da7ea98298d40463577392,"[""Tennis""]",1785307433.765407,KXITFMATCH-26JUL28CHAHEI-CHA,Tennis,,KXITFMATCH,5ba6a34a-c169-4b0b-b8fd-b835a2127855,KXITFMATCH-26JUL28CHAHEI,1785299809.0,quote,,1786505400.0,true,64.5000,64.0000,65.0000,417.24,43688.65
6,53f42bc58d42435d82248ac83e5d779a,-2.0300,2026-07-29,2026-07-29,29354e42ef0c3a5dcfab2220f035fd1be5874df613426379bae1f33e112f560b,3225d938792095e42822872d66b7b9e7b79546a344da7ea98298d40463577392,"[""Tennis""]",1785307433.836241,KXITFWMATCH-26JUL29MALMAM-MAL,Tennis,,KXITFWMATCH,1465101e-caa8-45fd-812d-50d841d472da,KXITFWMATCH-26JUL29MALMAM,1785301775.0,quote,,1786510800.0,true,7.0000,6.0000,8.0000,6153.02,4850.21
6,53f42bc58d42435d82248ac83e5d779a,-2.0300,2026-07-29,2026-07-29,29354e42ef0c3a5dcfab2220f035fd1be5874df613426379bae1f33e112f560b,3225d938792095e42822872d66b7b9e7b79546a344da7ea98298d40463577392,"[""Tennis""]",1785307433.905808,KXITFWMATCH-26JUL29ARAROT-ARA,Tennis,,KXITFWMATCH,732f03cc-f3da-4b91-b7cc-f26188d27ba6,KXITFWMATCH-26JUL29ARAROT,1785301898.0,quote,,1786510800.0,true,82.5000,82.0000,83.0000,3141.00,4263.31
6,53f42bc58d42435d82248ac83e5d779a,-2.0300,2026-07-29,2026-07-29,29354e42ef0c3a5dcfab2220f035fd1be5874df613426379bae1f33e112f560b,3225d938792095e42822872d66b7b9e7b79546a344da7ea98298d40463577392,"[""Tennis""]",1785307435.494088,KXITFWMATCH-26JUL29MAKKUZ-MAK,Tennis,,KXITFWMATCH,efd4b316-d644-47a1-9c01-9150c694f3a5,KXITFWMATCH-26JUL29MAKKUZ,1785301924.0,quote,,1786510800.0,true,81.5000,81.0000,82.0000,17573.96,32478.23
6,53f42bc58d42435d82248ac83e5d779a,-2.0300,2026-07-29,2026-07-29,29354e42ef0c3a5dcfab2220f035fd1be5874df613426379bae1f33e112f560b,3225d938792095e42822872d66b7b9e7b79546a344da7ea98298d40463577392,"[""Tennis""]",1785307435.5649679,KXITFWMATCH-26JUL29MAKKUZ-KUZ,Tennis,,KXITFWMATCH,efd4b316-d644-47a1-9c01-9150c694f3a5,KXITFWMATCH-26JUL29MAKKUZ,1785301924.0,quote,,1786510800.0,true,18.5000,18.0000,19.0000,16817.15,34054.37
6,53f42bc58d42435d82248ac83e5d779a,-2.0300,2026-07-29,2026-07-29,29354e42ef0c3a5dcfab2220f035fd1be5874df613426379bae1f33e112f560b,3225d938792095e42822872d66b7b9e7b79546a344da7ea98298d40463577392,"[""Tennis""]",1785307435.6368918,KXITFWMATCH-26JUL29YOSKIM-YOS,Tennis,,KXITFWMATCH,9b9eecb5-c6a0-414a-bcf3-57262192676d,KXITFWMATCH-26JUL29YOSKIM,1785301851.0,quote,,1786510800.0,true,61.5000,60.0000,63.0000,216.00,50.00
6,53f42bc58d42435d82248ac83e5d779a,-2.0300,2026-07-29,2026-07-29,29354e42ef0c3a5dcfab2220f035fd1be5874df613426379bae1f33e112f560b,3225d938792095e42822872d66b7b9e7b79546a344da7ea98298d40463577392,"[""Tennis""]",1785307435.790483,KXITFWMATCH-26JUL29YOSKIM-KIM,Tennis,,KXITFWMATCH,9b9eecb5-c6a0-414a-bcf3-57262192676d,KXITFWMATCH-26JUL29YOSKIM,1785301851.0,quote,,1786510800.0,true,37.5000,35.0000,40.0000,242.00,473.00
6,53f42bc58d42435d82248ac83e5d779a,-2.0300,2026-07-29,2026-07-29,29354e42ef0c3a5dcfab2220f035fd1be5874df613426379bae1f33e112f560b,3225d938792095e42822872d66b7b9e7b79546a344da7ea98298d40463577392,"[""Tennis""]",1785307435.860559,KXITFWMATCH-26JUL29DESJAN-JAN,Tennis,,KXITFWMATCH,81f61a76-c334-455a-ab59-aaab2f2b9045,KXITFWMATCH-26JUL29DESJAN,1785301882.0,quote,,1786510800.0,true,39.5000,39.0000,40.0000,1867.47,1356.65
6,53f42bc58d42435d82248ac83e5d779a,-2.0300,2026-07-29,2026-07-29,29354e42ef0c3a5dcfab2220f035fd1be5874df613426379bae1f33e112f560b,3225d938792095e42822872d66b7b9e7b79546a344da7ea98298d40463577392,"[""Tennis""]",1785307435.9291992,KXITFMATCH-26JUL28CHAHEI-HEI,Tennis,,KXITFMATCH,5ba6a34a-c169-4b0b-b8fd-b835a2127855,KXITFMATCH-26JUL28CHAHEI,1785299809.0,quote,,1786505400.0,true,36.5000,36.0000,37.0000,5337.48,46085.46
6,53f42bc58d42435d82248ac83e5d779a,-2.0300,2026-07-29,2026-07-29,29354e42ef0c3a5dcfab2220f035fd1be5874df613426379bae1f33e112f560b,3225d938792095e42822872d66b7b9e7b79546a344da7ea98298d40463577392,"[""Tennis""]",1785307436.000664,KXITFWMATCH-26JUL29DESJAN-DES,Tennis,,KXITFWMATCH,81f61a76-c334-455a-ab59-aaab2f2b9045,KXITFWMATCH-26JUL29DESJAN,1785301882.0,quote,,1786510800.0,true,60.5000,60.0000,61.0000,781.02,3156.31
6,53f42bc58d42435d82248ac83e5d779a,-2.0300,2026-07-29,2026-07-29,29354e42ef0c3a5dcfab2220f035fd1be5874df613426379bae1f33e112f560b,3225d938792095e42822872d66b7b9e7b79546a344da7ea98298d40463577392,"[""Tennis""]",1785307436.0703008,KXITFMATCH-26JUL28CHAHEI-CHA,Tennis,,KXITFMATCH,5ba6a34a-c169-4b0b-b8fd-b835a2127855,KXITFMATCH-26JUL28CHAHEI,1785299809.0,quote,,1786505400.0,true,64.5000,64.0000,65.0000,1917.24,59219.40
6,53f42bc58d42435d82248ac83e5d779a,-2.0300,2026-07-29,2026-07-29,29354e42ef0c3a5dcfab2220f035fd1be5874df613426379bae1f33e112f560b,3225d938792095e42822872d66b7b9e7b79546a344da7ea98298d40463577392,"[""Tennis""]",1785307436.139315,KXITFWMATCH-26JUL29MALMAM-MAL,Tennis,,KXITFWMATCH,1465101e-caa8-45fd-812d-50d841d472da,KXITFWMATCH-26JUL29MALMAM,1785301775.0,quote,,1786510800.0,true,7.0000,6.0000,8.0000,6153.02,4850.21
6,53f42bc58d42435d82248ac83e5d779a,-2.0300,2026-07-29,2026-07-29,29354e42ef0c3a5dcfab2220f035fd1be5874df613426379bae1f33e112f560b,3225d938792095e42822872d66b7b9e7b79546a344da7ea98298d40463577392,"[""Tennis""]",1785307436.208069,KXITFWMATCH-26JUL29ARAROT-ARA,Tennis,,KXITFWMATCH,732f03cc-f3da-4b91-b7cc-f26188d27ba6,KXITFWMATCH-26JUL29ARAROT,1785301898.0,quote,,1786510800.0,true,82.5000,82.0000,83.0000,3141.00,4263.31
6,53f42bc58d42435d82248ac83e5d779a,-2.0300,2026-07-29,2026-07-29,29354e42ef0c3a5dcfab2220f035fd1be5874df613426379bae1f33e112f560b,3225d938792095e42822872d66b7b9e7b79546a344da7ea98298d40463577392,"[""Tennis""]",1785307437.780942,KXITFWMATCH-26JUL29MAKKUZ-MAK,Tennis,,KXITFWMATCH,efd4b316-d644-47a1-9c01-9150c694f3a5,KXITFWMATCH-26JUL29MAKKUZ,1785301924.0,quote,,1786510800.0,true,81.5000,81.0000,82.0000,17573.96,32478.23
6,53f42bc58d42435d82248ac83e5d779a,-2.0300,2026-07-29,2026-07-29,29354e42ef0c3a5dcfab2220f035fd1be5874df613426379bae1f33e112f560b,3225d938792095e42822872d66b7b9e7b79546a344da7ea98298d40463577392,"[""Tennis""]",1785307437.889297,KXITFWMATCH-26JUL29MAKKUZ-KUZ,Tennis,,KXITFWMATCH,efd4b316-d644-47a1-9c01-9150c694f3a5,KXITFWMATCH-26JUL29MAKKUZ,1785301924.0,quote,,1786510800.0,true,18.5000,18.0000,19.0000,16817.15,34054.37
6,53f42bc58d42435d82248ac83e5d779a,-2.0300,2026-07-29,2026-07-29,29354e42ef0c3a5dcfab2220f035fd1be5874df613426379bae1f33e112f560b,3225d938792095e42822872d66b7b9e7b79546a344da7ea98298d40463577392,"[""Tennis""]",1785307437.960344,KXITFWMATCH-26JUL29YOSKIM-YOS,Tennis,,KXITFWMATCH,9b9eecb5-c6a0-414a-bcf3-57262192676d,KXITFWMATCH-26JUL29YOSKIM,1785301851.0,quote,,1786510800.0,true,61.5000,60.0000,63.0000,216.00,50.00
6,53f42bc58d42435d82248ac83e5d779a,-2.0300,2026-07-29,2026-07-29,29354e42ef0c3a5dcfab2220f035fd1be5874df613426379bae1f33e112f560b,3225d938792095e42822872d66b7b9e7b79546a344da7ea98298d40463577392,"[""Tennis""]",1785307438.03014,KXITFWMATCH-26JUL29YOSKIM-KIM,Tennis,,KXITFWMATCH,9b9eecb5-c6a0-414a-bcf3-57262192676d,KXITFWMATCH-26JUL29YOSKIM,1785301851.0,quote,,1786510800.0,true,37.5000,35.0000,40.0000,242.00,473.00
6,53f42bc58d42435d82248ac83e5d779a,-2.0300,2026-07-29,2026-07-29,29354e42ef0c3a5dcfab2220f035fd1be5874df613426379bae1f33e112f560b,3225d938792095e42822872d66b7b9e7b79546a344da7ea98298d40463577392,"[""Tennis""]",1785307438.099689,KXITFWMATCH-26JUL29DESJAN-JAN,Tennis,,KXITFWMATCH,81f61a76-c334-455a-ab59-aaab2f2b9045,KXITFWMATCH-26JUL29DESJAN,1785301882.0,quote,,1786510800.0,true,39.5000,39.0000,40.0000,1867.47,1356.65
6,53f42bc58d42435d82248ac83e5d779a,-2.0300,2026-07-29,2026-07-29,29354e42ef0c3a5dcfab2220f035fd1be5874df613426379bae1f33e112f560b,3225d938792095e42822872d66b7b9e7b79546a344da7ea98298d40463577392,"[""Tennis""]",1785307438.168857,KXITFMATCH-26JUL28CHAHEI-HEI,Tennis,,KXITFMATCH,5ba6a34a-c169-4b0b-b8fd-b835a2127855,KXITFMATCH-26JUL28CHAHEI,1785299809.0,quote,,1786505400.0,true,36.5000,36.0000,37.0000,3031.25,60518.86
6,53f42bc58d42435d82248ac83e5d779a,-2.0300,2026-07-29,2026-07-29,29354e42ef0c3a5dcfab2220f035fd1be5874df613426379bae1f33e112f560b,3225d938792095e42822872d66b7b9e7b79546a344da7ea98298d40463577392,"[""Tennis""]",1785307438.2390568,KXITFWMATCH-26JUL29DESJAN-DES,Tennis,,KXITFWMATCH,81f61a76-c334-455a-ab59-aaab2f2b9045,KXITFWMATCH-26JUL29DESJAN,1785301882.0,quote,,1786510800.0,true,60.5000,60.0000,61.0000,770.77,3156.31
6,53f42bc58d42435d82248ac83e5d779a,-2.0300,2026-07-29,2026-07-29,29354e42ef0c3a5dcfab2220f035fd1be5874df613426379bae1f33e112f560b,3225d938792095e42822872d66b7b9e7b79546a344da7ea98298d40463577392,"[""Tennis""]",1785307438.307198,KXITFMATCH-26JUL28CHAHEI-CHA,Tennis,,KXITFMATCH,5ba6a34a-c169-4b0b-b8fd-b835a2127855,KXITFMATCH-26JUL28CHAHEI,1785299809.0,quote,,1786505400.0,true,64.5000,64.0000,65.0000,1917.24,59219.40
6,53f42bc58d42435d82248ac83e5d779a,-2.0300,2026-07-29,2026-07-29,29354e42ef0c3a5dcfab2220f035fd1be5874df613426379bae1f33e112f560b,3225d938792095e42822872d66b7b9e7b79546a344da7ea98298d40463577392,"[""Tennis""]",1785307438.4089558,KXITFWMATCH-26JUL29MALMAM-MAL,Tennis,,KXITFWMATCH,1465101e-caa8-45fd-812d-50d841d472da,KXITFWMATCH-26JUL29MALMAM,1785301775.0,quote,,1786510800.0,true,7.0000,6.0000,8.0000,6153.02,4850.21
6,53f42bc58d42435d82248ac83e5d779a,-2.0300,2026-07-29,2026-07-29,29354e42ef0c3a5dcfab2220f035fd1be5874df613426379bae1f33e112f560b,3225d938792095e42822872d66b7b9e7b79546a344da7ea98298d40463577392,"[""Tennis""]",1785307438.4819882,KXITFWMATCH-26JUL29ARAROT-ARA,Tennis,,KXITFWMATCH,732f03cc-f3da-4b91-b7cc-f26188d27ba6,KXITFWMATCH-26JUL29ARAROT,1785301898.0,quote,,1786510800.0,true,82.5000,82.0000,83.0000,3141.00,4263.31
6,53f42bc58d42435d82248ac83e5d779a,-2.0300,2026-07-29,2026-07-29,29354e42ef0c3a5dcfab2220f035fd1be5874df613426379bae1f33e112f560b,3225d938792095e42822872d66b7b9e7b79546a344da7ea98298d40463577392,"[""Tennis""]",1785307440.068463,KXITFWMATCH-26JUL29MAKKUZ-MAK,Tennis,,KXITFWMATCH,efd4b316-d644-47a1-9c01-9150c694f3a5,KXITFWMATCH-26JUL29MAKKUZ,1785301924.0,quote,,1786510800.0,true,81.5000,81.0000,82.0000,17573.96,32478.23
6,53f42bc58d42435d82248ac83e5d779a,-2.0300,2026-07-29,2026-07-29,29354e42ef0c3a5dcfab2220f035fd1be5874df613426379bae1f33e112f560b,3225d938792095e42822872d66b7b9e7b79546a344da7ea98298d40463577392,"[""Tennis""]",1785307440.142197,KXITFWMATCH-26JUL29MAKKUZ-KUZ,Tennis,,KXITFWMATCH,efd4b316-d644-47a1-9c01-9150c694f3a5,KXITFWMATCH-26JUL29MAKKUZ,1785301924.0,quote,,1786510800.0,true,18.5000,18.0000,19.0000,16817.15,34054.37
6,53f42bc58d42435d82248ac83e5d779a,-2.0300,2026-07-29,2026-07-29,29354e42ef0c3a5dcfab2220f035fd1be5874df613426379bae1f33e112f560b,3225d938792095e42822872d66b7b9e7b79546a344da7ea98298d40463577392,"[""Tennis""]",1785307440.21904,KXITFWMATCH-26JUL29YOSKIM-YOS,Tennis,,KXITFWMATCH,9b9eecb5-c6a0-414a-bcf3-57262192676d,KXITFWMATCH-26JUL29YOSKIM,1785301851.0,quote,,1786510800.0,true,60.5000,58.0000,63.0000,670.00,156.00
6,53f42bc58d42435d82248ac83e5d779a,-2.0300,2026-07-29,2026-07-29,29354e42ef0c3a5dcfab2220f035fd1be5874df613426379bae1f33e112f560b,3225d938792095e42822872d66b7b9e7b79546a344da7ea98298d40463577392,"[""Tennis""]",1785307440.292201,KXITFWMATCH-26JUL29YOSKIM-KIM,Tennis,,KXITFWMATCH,9b9eecb5-c6a0-414a-bcf3-57262192676d,KXITFWMATCH-26JUL29YOSKIM,1785301851.0,quote,,1786510800.0,true,37.5000,35.0000,40.0000,242.00,473.00
6,53f42bc58d42435d82248ac83e5d779a,-2.0300,2026-07-29,2026-07-29,29354e42ef0c3a5dcfab2220f035fd1be5874df613426379bae1f33e112f560b,3225d938792095e42822872d66b7b9e7b79546a344da7ea98298d40463577392,"[""Tennis""]",1785307440.363839,KXITFWMATCH-26JUL29DESJAN-JAN,Tennis,,KXITFWMATCH,81f61a76-c334-455a-ab59-aaab2f2b9045,KXITFWMATCH-26JUL29DESJAN,1785301882.0,quote,,1786510800.0,true,39.5000,39.0000,40.0000,1867.47,1356.65
6,53f42bc58d42435d82248ac83e5d779a,-2.0300,2026-07-29,2026-07-29,29354e42ef0c3a5dcfab2220f035fd1be5874df613426379bae1f33e112f560b,3225d938792095e42822872d66b7b9e7b79546a344da7ea98298d40463577392,"[""Tennis""]",1785307440.507445,KXITFMATCH-26JUL28CHAHEI-HEI,Tennis,,KXITFMATCH,5ba6a34a-c169-4b0b-b8fd-b835a2127855,KXITFMATCH-26JUL28CHAHEI,1785299809.0,quote,,1786505400.0,true,36.5000,36.0000,37.0000,3031.25,60518.86
6,53f42bc58d42435d82248ac83e5d779a,-2.0300,2026-07-29,2026-07-29,29354e42ef0c3a5dcfab2220f035fd1be5874df613426379bae1f33e112f560b,3225d938792095e42822872d66b7b9e7b79546a344da7ea98298d40463577392,"[""Tennis""]",1785307440.576292,KXITFWMATCH-26JUL29DESJAN-DES,Tennis,,KXITFWMATCH,81f61a76-c334-455a-ab59-aaab2f2b9045,KXITFWMATCH-26JUL29DESJAN,1785301882.0,quote,,1786510800.0,true,60.5000,60.0000,61.0000,770.77,3156.31
6,53f42bc58d42435d82248ac83e5d779a,-2.0300,2026-07-29,2026-07-29,29354e42ef0c3a5dcfab2220f035fd1be5874df613426379bae1f33e112f560b,3225d938792095e42822872d66b7b9e7b79546a344da7ea98298d40463577392,"[""Tennis""]",1785307440.644716,KXITFMATCH-26JUL28CHAHEI-CHA,Tennis,,KXITFMATCH,5ba6a34a-c169-4b0b-b8fd-b835a2127855,KXITFMATCH-26JUL28CHAHEI,1785299809.0,quote,,1786505400.0,true,64.5000,64.0000,65.0000,1917.24,59219.40
6,53f42bc58d42435d82248ac83e5d779a,-2.0300,2026-07-29,2026-07-29,29354e42ef0c3a5dcfab2220f035fd1be5874df613426379bae1f33e112f560b,3225d938792095e42822872d66b7b9e7b79546a344da7ea98298d40463577392,"[""Tennis""]",1785307440.7131982,KXITFWMATCH-26JUL29MALMAM-MAL,Tennis,,KXITFWMATCH,1465101e-caa8-45fd-812d-50d841d472da,KXITFWMATCH-26JUL29MALMAM,1785301775.0,quote,,1786510800.0,true,7.0000,6.0000,8.0000,6153.02,4850.21
6,53f42bc58d42435d82248ac83e5d779a,-2.0300,2026-07-29,2026-07-29,29354e42ef0c3a5dcfab2220f035fd1be5874df613426379bae1f33e112f560b,3225d938792095e42822872d66b7b9e7b79546a344da7ea98298d40463577392,"[""Tennis""]",1785307440.782495,KXITFWMATCH-26JUL29ARAROT-ARA,Tennis,,KXITFWMATCH,732f03cc-f3da-4b91-b7cc-f26188d27ba6,KXITFWMATCH-26JUL29ARAROT,1785301898.0,quote,,1786510800.0,true,82.5000,82.0000,83.0000,3141.00,4263.31
6,53f42bc58d42435d82248ac83e5d779a,-2.0300,2026-07-29,2026-07-29,29354e42ef0c3a5dcfab2220f035fd1be5874df613426379bae1f33e112f560b,3225d938792095e42822872d66b7b9e7b79546a344da7ea98298d40463577392,"[""Tennis""]",1785307442.365324,KXITFWMATCH-26JUL29MAKKUZ-MAK,Tennis,,KXITFWMATCH,efd4b316-d644-47a1-9c01-9150c694f3a5,KXITFWMATCH-26JUL29MAKKUZ,1785301924.0,quote,,1786510800.0,true,81.5000,81.0000,82.0000,17573.96,31508.15
6,53f42bc58d42435d82248ac83e5d779a,-2.0300,2026-07-29,2026-07-29,29354e42ef0c3a5dcfab2220f035fd1be5874df613426379bae1f33e112f560b,3225d938792095e42822872d66b7b9e7b79546a344da7ea98298d40463577392,"[""Tennis""]",1785307442.437423,KXITFWMATCH-26JUL29MAKKUZ-KUZ,Tennis,,KXITFWMATCH,efd4b316-d644-47a1-9c01-9150c694f3a5,KXITFWMATCH-26JUL29MAKKUZ,1785301924.0,quote,,1786510800.0,true,18.5000,18.0000,19.0000,16817.15,34054.37
6,53f42bc58d42435d82248ac83e5d779a,-2.0300,2026-07-29,2026-07-29,29354e42ef0c3a5dcfab2220f035fd1be5874df613426379bae1f33e112f560b,3225d938792095e42822872d66b7b9e7b79546a344da7ea98298d40463577392,"[""Tennis""]",1785307442.509506,KXITFWMATCH-26JUL29YOSKIM-YOS,Tennis,,KXITFWMATCH,9b9eecb5-c6a0-414a-bcf3-57262192676d,KXITFWMATCH-26JUL29YOSKIM,1785301851.0,quote,,1786510800.0,true,60.5000,58.0000,63.0000,670.00,156.00
6,53f42bc58d42435d82248ac83e5d779a,-2.0300,2026-07-29,2026-07-29,29354e42ef0c3a5dcfab2220f035fd1be5874df613426379bae1f33e112f560b,3225d938792095e42822872d66b7b9e7b79546a344da7ea98298d40463577392,"[""Tennis""]",1785307442.6695302,KXITFWMATCH-26JUL29YOSKIM-KIM,Tennis,,KXITFWMATCH,9b9eecb5-c6a0-414a-bcf3-57262192676d,KXITFWMATCH-26JUL29YOSKIM,1785301851.0,quote,,1786510800.0,true,39.0000,36.0000,42.0000,1992.05,410.00
6,53f42bc58d42435d82248ac83e5d779a,-2.0300,2026-07-29,2026-07-29,29354e42ef0c3a5dcfab2220f035fd1be5874df613426379bae1f33e112f560b,3225d938792095e42822872d66b7b9e7b79546a344da7ea98298d40463577392,"[""Tennis""]",1785307442.740612,KXITFWMATCH-26JUL29DESJAN-JAN,Tennis,,KXITFWMATCH,81f61a76-c334-455a-ab59-aaab2f2b9045,KXITFWMATCH-26JUL29DESJAN,1785301882.0,quote,,1786510800.0,true,39.5000,39.0000,40.0000,1867.47,1356.65
6,53f42bc58d42435d82248ac83e5d779a,-2.0300,2026-07-29,2026-07-29,29354e42ef0c3a5dcfab2220f035fd1be5874df613426379bae1f33e112f560b,3225d938792095e42822872d66b7b9e7b79546a344da7ea98298d40463577392,"[""Tennis""]",1785307442.810577,KXITFMATCH-26JUL28CHAHEI-HEI,Tennis,,KXITFMATCH,5ba6a34a-c169-4b0b-b8fd-b835a2127855,KXITFMATCH-26JUL28CHAHEI,1785299809.0,quote,,1786505400.0,true,36.5000,36.0000,37.0000,3031.25,60518.86
6,53f42bc58d42435d82248ac83e5d779a,-2.0300,2026-07-29,2026-07-29,29354e42ef0c3a5dcfab2220f035fd1be5874df613426379bae1f33e112f560b,3225d938792095e42822872d66b7b9e7b79546a344da7ea98298d40463577392,"[""Tennis""]",1785307442.881419,KXITFWMATCH-26JUL29DESJAN-DES,Tennis,,KXITFWMATCH,81f61a76-c334-455a-ab59-aaab2f2b9045,KXITFWMATCH-26JUL29DESJAN,1785301882.0,quote,,1786510800.0,true,60.5000,60.0000,61.0000,770.77,3156.31
6,53f42bc58d42435d82248ac83e5d779a,-2.0300,2026-07-29,2026-07-29,29354e42ef0c3a5dcfab2220f035fd1be5874df613426379bae1f33e112f560b,3225d938792095e42822872d66b7b9e7b79546a344da7ea98298d40463577392,"[""Tennis""]",1785307442.9501529,KXITFMATCH-26JUL28CHAHEI-CHA,Tennis,,KXITFMATCH,5ba6a34a-c169-4b0b-b8fd-b835a2127855,KXITFMATCH-26JUL28CHAHEI,1785299809.0,quote,,1786505400.0,true,64.5000,64.0000,65.0000,1917.24,59219.40
6,53f42bc58d42435d82248ac83e5d779a,-2.0300,2026-07-29,2026-07-29,29354e42ef0c3a5dcfab2220f035fd1be5874df613426379bae1f33e112f560b,3225d938792095e42822872d66b7b9e7b79546a344da7ea98298d40463577392,"[""Tennis""]",1785307443.018955,KXITFWMATCH-26JUL29MALMAM-MAL,Tennis,,KXITFWMATCH,1465101e-caa8-45fd-812d-50d841d472da,KXITFWMATCH-26JUL29MALMAM,1785301775.0,quote,,1786510800.0,true,7.0000,6.0000,8.0000,6153.02,4850.21
6,53f42bc58d42435d82248ac83e5d779a,-2.0300,2026-07-29,2026-07-29,29354e42ef0c3a5dcfab2220f035fd1be5874df613426379bae1f33e112f560b,3225d938792095e42822872d66b7b9e7b79546a344da7ea98298d40463577392,"[""Tennis""]",1785307443.1370502,KXITFWMATCH-26JUL29ARAROT-ARA,Tennis,,KXITFWMATCH,732f03cc-f3da-4b91-b7cc-f26188d27ba6,KXITFWMATCH-26JUL29ARAROT,1785301898.0,quote,,1786510800.0,true,82.5000,82.0000,83.0000,3141.00,4263.31
6,53f42bc58d42435d82248ac83e5d779a,-2.0300,2026-07-29,2026-07-29,29354e42ef0c3a5dcfab2220f035fd1be5874df613426379bae1f33e112f560b,3225d938792095e42822872d66b7b9e7b79546a344da7ea98298d40463577392,"[""Tennis""]",1785307444.763478,KXITFWMATCH-26JUL29MAKKUZ-MAK,Tennis,,KXITFWMATCH,efd4b316-d644-47a1-9c01-9150c694f3a5,KXITFWMATCH-26JUL29MAKKUZ,1785301924.0,quote,,1786510800.0,true,81.5000,81.0000,82.0000,17573.96,31508.15
6,53f42bc58d42435d82248ac83e5d779a,-2.0300,2026-07-29,2026-07-29,29354e42ef0c3a5dcfab2220f035fd1be5874df613426379bae1f33e112f560b,3225d938792095e42822872d66b7b9e7b79546a344da7ea98298d40463577392,"[""Tennis""]",1785307444.840414,KXITFWMATCH-26JUL29MAKKUZ-KUZ,Tennis,,KXITFWMATCH,efd4b316-d644-47a1-9c01-9150c694f3a5,KXITFWMATCH-26JUL29MAKKUZ,1785301924.0,quote,,1786510800.0,true,18.5000,18.0000,19.0000,16817.15,33650.47
6,53f42bc58d42435d82248ac83e5d779a,-2.0300,2026-07-29,2026-07-29,29354e42ef0c3a5dcfab2220f035fd1be5874df613426379bae1f33e112f560b,3225d938792095e42822872d66b7b9e7b79546a344da7ea98298d40463577392,"[""Tennis""]",1785307444.913718,KXITFWMATCH-26JUL29YOSKIM-YOS,Tennis,,KXITFWMATCH,9b9eecb5-c6a0-414a-bcf3-57262192676d,KXITFWMATCH-26JUL29YOSKIM,1785301851.0,quote,,1786510800.0,true,60.5000,58.0000,63.0000,670.00,156.00
6,53f42bc58d42435d82248ac83e5d779a,-2.0300,2026-07-29,2026-07-29,29354e42ef0c3a5dcfab2220f035fd1be5874df613426379bae1f33e112f560b,3225d938792095e42822872d66b7b9e7b79546a344da7ea98298d40463577392,"[""Tennis""]",1785307444.9871821,KXITFWMATCH-26JUL29YOSKIM-KIM,Tennis,,KXITFWMATCH,9b9eecb5-c6a0-414a-bcf3-57262192676d,KXITFWMATCH-26JUL29YOSKIM,1785301851.0,quote,,1786510800.0,true,39.0000,36.0000,42.0000,1992.05,410.00
6,53f42bc58d42435d82248ac83e5d779a,-2.0300,2026-07-29,2026-07-29,29354e42ef0c3a5dcfab2220f035fd1be5874df613426379bae1f33e112f560b,3225d938792095e42822872d66b7b9e7b79546a344da7ea98298d40463577392,"[""Tennis""]",1785307445.059415,KXITFWMATCH-26JUL29DESJAN-JAN,Tennis,,KXITFWMATCH,81f61a76-c334-455a-ab59-aaab2f2b9045,KXITFWMATCH-26JUL29DESJAN,1785301882.0,quote,,1786510800.0,true,39.5000,39.0000,40.0000,1867.47,1356.65
6,53f42bc58d42435d82248ac83e5d779a,-2.0300,2026-07-29,2026-07-29,29354e42ef0c3a5dcfab2220f035fd1be5874df613426379bae1f33e112f560b,3225d938792095e42822872d66b7b9e7b79546a344da7ea98298d40463577392,"[""Tennis""]",1785307445.1295848,KXITFMATCH-26JUL28CHAHEI-HEI,Tennis,,KXITFMATCH,5ba6a34a-c169-4b0b-b8fd-b835a2127855,KXITFMATCH-26JUL28CHAHEI,1785299809.0,quote,,1786505400.0,true,36.5000,36.0000,37.0000,3031.25,60518.86
6,53f42bc58d42435d82248ac83e5d779a,-2.0300,2026-07-29,2026-07-29,29354e42ef0c3a5dcfab2220f035fd1be5874df613426379bae1f33e112f560b,3225d938792095e42822872d66b7b9e7b79546a344da7ea98298d40463577392,"[""Tennis""]",1785307445.228191,KXITFWMATCH-26JUL29DESJAN-DES,Tennis,,KXITFWMATCH,81f61a76-c334-455a-ab59-aaab2f2b9045,KXITFWMATCH-26JUL29DESJAN,1785301882.0,quote,,1786510800.0,true,60.5000,60.0000,61.0000,770.77,3156.31
6,53f42bc58d42435d82248ac83e5d779a,-2.0300,2026-07-29,2026-07-29,29354e42ef0c3a5dcfab2220f035fd1be5874df613426379bae1f33e112f560b,3225d938792095e42822872d66b7b9e7b79546a344da7ea98298d40463577392,"[""Tennis""]",1785307445.2994611,KXITFMATCH-26JUL28CHAHEI-CHA,Tennis,,KXITFMATCH,5ba6a34a-c169-4b0b-b8fd-b835a2127855,KXITFMATCH-26JUL28CHAHEI,1785299809.0,quote,,1786505400.0,true,61.5000,61.0000,62.0000,1151.68,4224.85
6,53f42bc58d42435d82248ac83e5d779a,-2.0300,2026-07-29,2026-07-29,29354e42ef0c3a5dcfab2220f035fd1be5874df613426379bae1f33e112f560b,3225d938792095e42822872d66b7b9e7b79546a344da7ea98298d40463577392,"[""Tennis""]",1785307445.3705752,KXITFWMATCH-26JUL29MALMAM-MAL,Tennis,,KXITFWMATCH,1465101e-caa8-45fd-812d-50d841d472da,KXITFWMATCH-26JUL29MALMAM,1785301775.0,quote,,1786510800.0,true,5.5000,5.0000,6.0000,2118.31,5756.88
6,53f42bc58d42435d82248ac83e5d779a,-2.0300,2026-07-29,2026-07-29,29354e42ef0c3a5dcfab2220f035fd1be5874df613426379bae1f33e112f560b,3225d938792095e42822872d66b7b9e7b79546a344da7ea98298d40463577392,"[""Tennis""]",1785307445.4431381,KXITFWMATCH-26JUL29ARAROT-ARA,Tennis,,KXITFWMATCH,732f03cc-f3da-4b91-b7cc-f26188d27ba6,KXITFWMATCH-26JUL29ARAROT,1785301898.0,quote,,1786510800.0,true,82.5000,82.0000,83.0000,3141.00,4263.31
6,53f42bc58d42435d82248ac83e5d779a,-2.0300,2026-07-29,2026-07-29,29354e42ef0c3a5dcfab2220f035fd1be5874df613426379bae1f33e112f560b,3225d938792095e42822872d66b7b9e7b79546a344da7ea98298d40463577392,"[""Tennis""]",1785307447.02943,KXITFWMATCH-26JUL29MAKKUZ-MAK,Tennis,,KXITFWMATCH,efd4b316-d644-47a1-9c01-9150c694f3a5,KXITFWMATCH-26JUL29MAKKUZ,1785301924.0,quote,,1786510800.0,true,81.5000,81.0000,82.0000,17573.96,31508.15
6,53f42bc58d42435d82248ac83e5d779a,-2.0300,2026-07-29,2026-07-29,29354e42ef0c3a5dcfab2220f035fd1be5874df613426379bae1f33e112f560b,3225d938792095e42822872d66b7b9e7b79546a344da7ea98298d40463577392,"[""Tennis""]",1785307447.1063821,KXITFWMATCH-26JUL29MAKKUZ-KUZ,Tennis,,KXITFWMATCH,efd4b316-d644-47a1-9c01-9150c694f3a5,KXITFWMATCH-26JUL29MAKKUZ,1785301924.0,quote,,1786510800.0,true,18.5000,18.0000,19.0000,16817.15,33650.47
6,53f42bc58d42435d82248ac83e5d779a,-2.0300,2026-07-29,2026-07-29,29354e42ef0c3a5dcfab2220f035fd1be5874df613426379bae1f33e112f560b,3225d938792095e42822872d66b7b9e7b79546a344da7ea98298d40463577392,"[""Tennis""]",1785307447.177335,KXITFWMATCH-26JUL29YOSKIM-YOS,Tennis,,KXITFWMATCH,9b9eecb5-c6a0-414a-bcf3-57262192676d,KXITFWMATCH-26JUL29YOSKIM,1785301851.0,quote,,1786510800.0,true,60.5000,58.0000,63.0000,670.00,156.00
6,53f42bc58d42435d82248ac83e5d779a,-2.0300,2026-07-29,2026-07-29,29354e42ef0c3a5dcfab2220f035fd1be5874df613426379bae1f33e112f560b,3225d938792095e42822872d66b7b9e7b79546a344da7ea98298d40463577392,"[""Tennis""]",1785307447.325978,KXITFWMATCH-26JUL29YOSKIM-KIM,Tennis,,KXITFWMATCH,9b9eecb5-c6a0-414a-bcf3-57262192676d,KXITFWMATCH-26JUL29YOSKIM,1785301851.0,quote,,1786510800.0,true,39.0000,36.0000,42.0000,1992.05,410.00
6,53f42bc58d42435d82248ac83e5d779a,-2.0300,2026-07-29,2026-07-29,29354e42ef0c3a5dcfab2220f035fd1be5874df613426379bae1f33e112f560b,3225d938792095e42822872d66b7b9e7b79546a344da7ea98298d40463577392,"[""Tennis""]",1785307447.3966908,KXITFWMATCH-26JUL29DESJAN-JAN,Tennis,,KXITFWMATCH,81f61a76-c334-455a-ab59-aaab2f2b9045,KXITFWMATCH-26JUL29DESJAN,1785301882.0,quote,,1786510800.0,true,39.5000,39.0000,40.0000,1867.47,1356.65
6,53f42bc58d42435d82248ac83e5d779a,-2.0300,2026-07-29,2026-07-29,29354e42ef0c3a5dcfab2220f035fd1be5874df613426379bae1f33e112f560b,3225d938792095e42822872d66b7b9e7b79546a344da7ea98298d40463577392,"[""Tennis""]",1785307447.467586,KXITFMATCH-26JUL28CHAHEI-HEI,Tennis,,KXITFMATCH,5ba6a34a-c169-4b0b-b8fd-b835a2127855,KXITFMATCH-26JUL28CHAHEI,1785299809.0,quote,,1786505400.0,true,36.5000,36.0000,37.0000,3031.25,60518.86
6,53f42bc58d42435d82248ac83e5d779a,-2.0300,2026-07-29,2026-07-29,29354e42ef0c3a5dcfab2220f035fd1be5874df613426379bae1f33e112f560b,3225d938792095e42822872d66b7b9e7b79546a344da7ea98298d40463577392,"[""Tennis""]",1785307447.539846,KXITFWMATCH-26JUL29DESJAN-DES,Tennis,,KXITFWMATCH,81f61a76-c334-455a-ab59-aaab2f2b9045,KXITFWMATCH-26JUL29DESJAN,1785301882.0,quote,,1786510800.0,true,60.5000,60.0000,61.0000,770.77,3156.31
6,53f42bc58d42435d82248ac83e5d779a,-2.0300,2026-07-29,2026-07-29,29354e42ef0c3a5dcfab2220f035fd1be5874df613426379bae1f33e112f560b,3225d938792095e42822872d66b7b9e7b79546a344da7ea98298d40463577392,"[""Tennis""]",1785307447.610371,KXITFMATCH-26JUL28CHAHEI-CHA,Tennis,,KXITFMATCH,5ba6a34a-c169-4b0b-b8fd-b835a2127855,KXITFMATCH-26JUL28CHAHEI,1785299809.0,quote,,1786505400.0,true,61.5000,61.0000,62.0000,1151.68,4224.85
6,53f42bc58d42435d82248ac83e5d779a,-2.0300,2026-07-29,2026-07-29,29354e42ef0c3a5dcfab2220f035fd1be5874df613426379bae1f33e112f560b,3225d938792095e42822872d66b7b9e7b79546a344da7ea98298d40463577392,"[""Tennis""]",1785307447.68352,KXITFWMATCH-26JUL29MALMAM-MAL,Tennis,,KXITFWMATCH,1465101e-caa8-45fd-812d-50d841d472da,KXITFWMATCH-26JUL29MALMAM,1785301775.0,quote,,1786510800.0,true,5.5000,5.0000,6.0000,2118.31,5756.88
6,53f42bc58d42435d82248ac83e5d779a,-2.0300,2026-07-29,2026-07-29,29354e42ef0c3a5dcfab2220f035fd1be5874df613426379bae1f33e112f560b,3225d938792095e42822872d66b7b9e7b79546a344da7ea98298d40463577392,"[""Tennis""]",1785307447.75458,KXITFWMATCH-26JUL29ARAROT-ARA,Tennis,,KXITFWMATCH,732f03cc-f3da-4b91-b7cc-f26188d27ba6,KXITFWMATCH-26JUL29ARAROT,1785301898.0,quote,,1786510800.0,true,81.0000,79.0000,83.0000,10.00,1342.67
6,53f42bc58d42435d82248ac83e5d779a,-2.0300,2026-07-29,2026-07-29,29354e42ef0c3a5dcfab2220f035fd1be5874df613426379bae1f33e112f560b,3225d938792095e42822872d66b7b9e7b79546a344da7ea98298d40463577392,"[""Tennis""]",1785307449.4223812,KXITFWMATCH-26JUL29MAKKUZ-MAK,Tennis,,KXITFWMATCH,efd4b316-d644-47a1-9c01-9150c694f3a5,KXITFWMATCH-26JUL29MAKKUZ,1785301924.0,quote,,1786510800.0,true,81.5000,81.0000,82.0000,17573.96,31508.15
6,53f42bc58d42435d82248ac83e5d779a,-2.0300,2026-07-29,2026-07-29,29354e42ef0c3a5dcfab2220f035fd1be5874df613426379bae1f33e112f560b,3225d938792095e42822872d66b7b9e7b79546a344da7ea98298d40463577392,"[""Tennis""]",1785307449.4933429,KXITFWMATCH-26JUL29MAKKUZ-KUZ,Tennis,,KXITFWMATCH,efd4b316-d644-47a1-9c01-9150c694f3a5,KXITFWMATCH-26JUL29MAKKUZ,1785301924.0,quote,,1786510800.0,true,18.5000,18.0000,19.0000,16817.15,33650.47
6,53f42bc58d42435d82248ac83e5d779a,-2.0300,2026-07-29,2026-07-29,29354e42ef0c3a5dcfab2220f035fd1be5874df613426379bae1f33e112f560b,3225d938792095e42822872d66b7b9e7b79546a344da7ea98298d40463577392,"[""Tennis""]",1785307449.562185,KXITFWMATCH-26JUL29YOSKIM-YOS,Tennis,,KXITFWMATCH,9b9eecb5-c6a0-414a-bcf3-57262192676d,KXITFWMATCH-26JUL29YOSKIM,1785301851.0,quote,,1786510800.0,true,60.5000,58.0000,63.0000,670.00,156.00
6,53f42bc58d42435d82248ac83e5d779a,-2.0300,2026-07-29,2026-07-29,29354e42ef0c3a5dcfab2220f035fd1be5874df613426379bae1f33e112f560b,3225d938792095e42822872d66b7b9e7b79546a344da7ea98298d40463577392,"[""Tennis""]",1785307449.6336,KXITFWMATCH-26JUL29YOSKIM-KIM,Tennis,,KXITFWMATCH,9b9eecb5-c6a0-414a-bcf3-57262192676d,KXITFWMATCH-26JUL29YOSKIM,1785301851.0,quote,,1786510800.0,true,39.0000,36.0000,42.0000,1992.05,410.00
6,53f42bc58d42435d82248ac83e5d779a,-2.0300,2026-07-29,2026-07-29,29354e42ef0c3a5dcfab2220f035fd1be5874df613426379bae1f33e112f560b,3225d938792095e42822872d66b7b9e7b79546a344da7ea98298d40463577392,"[""Tennis""]",1785307449.7023842,KXITFWMATCH-26JUL29DESJAN-JAN,Tennis,,KXITFWMATCH,81f61a76-c334-455a-ab59-aaab2f2b9045,KXITFWMATCH-26JUL29DESJAN,1785301882.0,quote,,1786510800.0,true,39.5000,39.0000,40.0000,1867.47,1356.65
6,53f42bc58d42435d82248ac83e5d779a,-2.0300,2026-07-29,2026-07-29,29354e42ef0c3a5dcfab2220f035fd1be5874df613426379bae1f33e112f560b,3225d938792095e42822872d66b7b9e7b79546a344da7ea98298d40463577392,"[""Tennis""]",1785307449.769851,KXITFMATCH-26JUL28CHAHEI-HEI,Tennis,,KXITFMATCH,5ba6a34a-c169-4b0b-b8fd-b835a2127855,KXITFMATCH-26JUL28CHAHEI,1785299809.0,quote,,1786505400.0,true,39.5000,39.0000,40.0000,5199.85,2141.50
6,53f42bc58d42435d82248ac83e5d779a,-2.0300,2026-07-29,2026-07-29,29354e42ef0c3a5dcfab2220f035fd1be5874df613426379bae1f33e112f560b,3225d938792095e42822872d66b7b9e7b79546a344da7ea98298d40463577392,"[""Tennis""]",1785307449.838271,KXITFWMATCH-26JUL29DESJAN-DES,Tennis,,KXITFWMATCH,81f61a76-c334-455a-ab59-aaab2f2b9045,KXITFWMATCH-26JUL29DESJAN,1785301882.0,quote,,1786510800.0,true,60.5000,60.0000,61.0000,750.03,3127.92
6,53f42bc58d42435d82248ac83e5d779a,-2.0300,2026-07-29,2026-07-29,29354e42ef0c3a5dcfab2220f035fd1be5874df613426379bae1f33e112f560b,3225d938792095e42822872d66b7b9e7b79546a344da7ea98298d40463577392,"[""Tennis""]",1785307449.943369,KXITFMATCH-26JUL28CHAHEI-CHA,Tennis,,KXITFMATCH,5ba6a34a-c169-4b0b-b8fd-b835a2127855,KXITFMATCH-26JUL28CHAHEI,1785299809.0,quote,,1786505400.0,true,61.5000,61.0000,62.0000,1151.68,4224.85
6,53f42bc58d42435d82248ac83e5d779a,-2.0300,2026-07-29,2026-07-29,29354e42ef0c3a5dcfab2220f035fd1be5874df613426379bae1f33e112f560b,3225d938792095e42822872d66b7b9e7b79546a344da7ea98298d40463577392,"[""Tennis""]",1785307450.015336,KXITFWMATCH-26JUL29MALMAM-MAL,Tennis,,KXITFWMATCH,1465101e-caa8-45fd-812d-50d841d472da,KXITFWMATCH-26JUL29MALMAM,1785301775.0,quote,,1786510800.0,true,5.5000,5.0000,6.0000,2118.31,5756.88
6,53f42bc58d42435d82248ac83e5d779a,-2.0300,2026-07-29,2026-07-29,29354e42ef0c3a5dcfab2220f035fd1be5874df613426379bae1f33e112f560b,3225d938792095e42822872d66b7b9e7b79546a344da7ea98298d40463577392,"[""Tennis""]",1785307450.0883992,KXITFWMATCH-26JUL29ARAROT-ARA,Tennis,,KXITFWMATCH,732f03cc-f3da-4b91-b7cc-f26188d27ba6,KXITFWMATCH-26JUL29ARAROT,1785301898.0,quote,,1786510800.0,true,81.0000,79.0000,83.0000,10.00,1342.67
6,53f42bc58d42435d82248ac83e5d779a,-2.0300,2026-07-29,2026-07-29,29354e42ef0c3a5dcfab2220f035fd1be5874df613426379bae1f33e112f560b,3225d938792095e42822872d66b7b9e7b79546a344da7ea98298d40463577392,"[""Tennis""]",1785307451.673793,KXITFWMATCH-26JUL29MAKKUZ-MAK,Tennis,,KXITFWMATCH,efd4b316-d644-47a1-9c01-9150c694f3a5,KXITFWMATCH-26JUL29MAKKUZ,1785301924.0,quote,,1786510800.0,true,81.5000,81.0000,82.0000,17573.96,31508.15
6,53f42bc58d42435d82248ac83e5d779a,-2.0300,2026-07-29,2026-07-29,29354e42ef0c3a5dcfab2220f035fd1be5874df613426379bae1f33e112f560b,3225d938792095e42822872d66b7b9e7b79546a344da7ea98298d40463577392,"[""Tennis""]",1785307451.745662,KXITFWMATCH-26JUL29MAKKUZ-KUZ,Tennis,,KXITFWMATCH,efd4b316-d644-47a1-9c01-9150c694f3a5,KXITFWMATCH-26JUL29MAKKUZ,1785301924.0,quote,,1786510800.0,true,18.5000,18.0000,19.0000,16817.15,33650.47
6,53f42bc58d42435d82248ac83e5d779a,-2.0300,2026-07-29,2026-07-29,29354e42ef0c3a5dcfab2220f035fd1be5874df613426379bae1f33e112f560b,3225d938792095e42822872d66b7b9e7b79546a344da7ea98298d40463577392,"[""Tennis""]",1785307451.8164852,KXITFWMATCH-26JUL29YOSKIM-YOS,Tennis,,KXITFWMATCH,9b9eecb5-c6a0-414a-bcf3-57262192676d,KXITFWMATCH-26JUL29YOSKIM,1785301851.0,quote,,1786510800.0,true,59.5000,58.0000,61.0000,490.00,30.00
6,53f42bc58d42435d82248ac83e5d779a,-2.0300,2026-07-29,2026-07-29,29354e42ef0c3a5dcfab2220f035fd1be5874df613426379bae1f33e112f560b,3225d938792095e42822872d66b7b9e7b79546a344da7ea98298d40463577392,"[""Tennis""]",1785307451.886295,KXITFWMATCH-26JUL29YOSKIM-KIM,Tennis,,KXITFWMATCH,9b9eecb5-c6a0-414a-bcf3-57262192676d,KXITFWMATCH-26JUL29YOSKIM,1785301851.0,quote,,1786510800.0,true,39.0000,36.0000,42.0000,1992.05,410.00
6,53f42bc58d42435d82248ac83e5d779a,-2.0300,2026-07-29,2026-07-29,29354e42ef0c3a5dcfab2220f035fd1be5874df613426379bae1f33e112f560b,3225d938792095e42822872d66b7b9e7b79546a344da7ea98298d40463577392,"[""Tennis""]",1785307452.046266,KXITFWMATCH-26JUL29DESJAN-JAN,Tennis,,KXITFWMATCH,81f61a76-c334-455a-ab59-aaab2f2b9045,KXITFWMATCH-26JUL29DESJAN,1785301882.0,quote,,1786510800.0,true,39.5000,39.0000,40.0000,1822.55,1356.65
6,53f42bc58d42435d82248ac83e5d779a,-2.0300,2026-07-29,2026-07-29,29354e42ef0c3a5dcfab2220f035fd1be5874df613426379bae1f33e112f560b,3225d938792095e42822872d66b7b9e7b79546a344da7ea98298d40463577392,"[""Tennis""]",1785307452.11917,KXITFMATCH-26JUL28CHAHEI-HEI,Tennis,,KXITFMATCH,5ba6a34a-c169-4b0b-b8fd-b835a2127855,KXITFMATCH-26JUL28CHAHEI,1785299809.0,quote,,1786505400.0,true,39.5000,39.0000,40.0000,5199.85,2141.50
6,53f42bc58d42435d82248ac83e5d779a,-2.0300,2026-07-29,2026-07-29,29354e42ef0c3a5dcfab2220f035fd1be5874df613426379bae1f33e112f560b,3225d938792095e42822872d66b7b9e7b79546a344da7ea98298d40463577392,"[""Tennis""]",1785307452.192944,KXITFWMATCH-26JUL29DESJAN-DES,Tennis,,KXITFWMATCH,81f61a76-c334-455a-ab59-aaab2f2b9045,KXITFWMATCH-26JUL29DESJAN,1785301882.0,quote,,1786510800.0,true,60.5000,60.0000,61.0000,750.03,3127.92
6,53f42bc58d42435d82248ac83e5d779a,-2.0300,2026-07-29,2026-07-29,29354e42ef0c3a5dcfab2220f035fd1be5874df613426379bae1f33e112f560b,3225d938792095e42822872d66b7b9e7b79546a344da7ea98298d40463577392,"[""Tennis""]",1785307452.265216,KXITFMATCH-26JUL28CHAHEI-CHA,Tennis,,KXITFMATCH,5ba6a34a-c169-4b0b-b8fd-b835a2127855,KXITFMATCH-26JUL28CHAHEI,1785299809.0,quote,,1786505400.0,true,61.5000,61.0000,62.0000,1151.68,4224.85
6,53f42bc58d42435d82248ac83e5d779a,-2.0300,2026-07-29,2026-07-29,29354e42ef0c3a5dcfab2220f035fd1be5874df613426379bae1f33e112f560b,3225d938792095e42822872d66b7b9e7b79546a344da7ea98298d40463577392,"[""Tennis""]",1785307452.3376262,KXITFWMATCH-26JUL29MALMAM-MAL,Tennis,,KXITFWMATCH,1465101e-caa8-45fd-812d-50d841d472da,KXITFWMATCH-26JUL29MALMAM,1785301775.0,quote,,1786510800.0,true,5.5000,5.0000,6.0000,2118.31,5756.88
6,53f42bc58d42435d82248ac83e5d779a,-2.0300,2026-07-29,2026-07-29,29354e42ef0c3a5dcfab2220f035fd1be5874df613426379bae1f33e112f560b,3225d938792095e42822872d66b7b9e7b79546a344da7ea98298d40463577392,"[""Tennis""]",1785307452.40832,KXITFWMATCH-26JUL29ARAROT-ARA,Tennis,,KXITFWMATCH,732f03cc-f3da-4b91-b7cc-f26188d27ba6,KXITFWMATCH-26JUL29ARAROT,1785301898.0,quote,,1786510800.0,true,81.0000,79.0000,83.0000,10.00,1342.67
6,53f42bc58d42435d82248ac83e5d779a,-2.0300,2026-07-29,2026-07-29,29354e42ef0c3a5dcfab2220f035fd1be5874df613426379bae1f33e112f560b,3225d938792095e42822872d66b7b9e7b79546a344da7ea98298d40463577392,"[""Tennis""]",1785307453.985574,KXITFWMATCH-26JUL29MAKKUZ-MAK,Tennis,,KXITFWMATCH,efd4b316-d644-47a1-9c01-9150c694f3a5,KXITFWMATCH-26JUL29MAKKUZ,1785301924.0,quote,,1786510800.0,true,81.5000,81.0000,82.0000,17573.96,31508.15
6,53f42bc58d42435d82248ac83e5d779a,-2.0300,2026-07-29,2026-07-29,29354e42ef0c3a5dcfab2220f035fd1be5874df613426379bae1f33e112f560b,3225d938792095e42822872d66b7b9e7b79546a344da7ea98298d40463577392,"[""Tennis""]",1785307454.136673,KXITFWMATCH-26JUL29MAKKUZ-KUZ,Tennis,,KXITFWMATCH,efd4b316-d644-47a1-9c01-9150c694f3a5,KXITFWMATCH-26JUL29MAKKUZ,1785301924.0,quote,,1786510800.0,true,18.5000,18.0000,19.0000,16817.15,33650.47
6,53f42bc58d42435d82248ac83e5d779a,-2.0300,2026-07-29,2026-07-29,29354e42ef0c3a5dcfab2220f035fd1be5874df613426379bae1f33e112f560b,3225d938792095e42822872d66b7b9e7b79546a344da7ea98298d40463577392,"[""Tennis""]",1785307454.206073,KXITFWMATCH-26JUL29YOSKIM-YOS,Tennis,,KXITFWMATCH,9b9eecb5-c6a0-414a-bcf3-57262192676d,KXITFWMATCH-26JUL29YOSKIM,1785301851.0,quote,,1786510800.0,true,59.5000,58.0000,61.0000,490.00,30.00
6,53f42bc58d42435d82248ac83e5d779a,-2.0300,2026-07-29,2026-07-29,29354e42ef0c3a5dcfab2220f035fd1be5874df613426379bae1f33e112f560b,3225d938792095e42822872d66b7b9e7b79546a344da7ea98298d40463577392,"[""Tennis""]",1785307454.275414,KXITFWMATCH-26JUL29YOSKIM-KIM,Tennis,,KXITFWMATCH,9b9eecb5-c6a0-414a-bcf3-57262192676d,KXITFWMATCH-26JUL29YOSKIM,1785301851.0,quote,,1786510800.0,true,40.5000,40.0000,41.0000,251.00,310.00
6,53f42bc58d42435d82248ac83e5d779a,-2.0300,2026-07-29,2026-07-29,29354e42ef0c3a5dcfab2220f035fd1be5874df613426379bae1f33e112f560b,3225d938792095e42822872d66b7b9e7b79546a344da7ea98298d40463577392,"[""Tennis""]",1785307454.3444831,KXITFWMATCH-26JUL29DESJAN-JAN,Tennis,,KXITFWMATCH,81f61a76-c334-455a-ab59-aaab2f2b9045,KXITFWMATCH-26JUL29DESJAN,1785301882.0,quote,,1786510800.0,true,39.5000,39.0000,40.0000,1822.55,1356.65
6,53f42bc58d42435d82248ac83e5d779a,-2.0300,2026-07-29,2026-07-29,29354e42ef0c3a5dcfab2220f035fd1be5874df613426379bae1f33e112f560b,3225d938792095e42822872d66b7b9e7b79546a344da7ea98298d40463577392,"[""Tennis""]",1785307454.4140742,KXITFMATCH-26JUL28CHAHEI-HEI,Tennis,,KXITFMATCH,5ba6a34a-c169-4b0b-b8fd-b835a2127855,KXITFMATCH-26JUL28CHAHEI,1785299809.0,quote,,1786505400.0,true,39.5000,39.0000,40.0000,5199.85,2141.50
6,53f42bc58d42435d82248ac83e5d779a,-2.0300,2026-07-29,2026-07-29,29354e42ef0c3a5dcfab2220f035fd1be5874df613426379bae1f33e112f560b,3225d938792095e42822872d66b7b9e7b79546a344da7ea98298d40463577392,"[""Tennis""]",1785307454.4843972,KXITFWMATCH-26JUL29DESJAN-DES,Tennis,,KXITFWMATCH,81f61a76-c334-455a-ab59-aaab2f2b9045,KXITFWMATCH-26JUL29DESJAN,1785301882.0,quote,,1786510800.0,true,60.5000,60.0000,61.0000,750.03,3127.92
6,53f42bc58d42435d82248ac83e5d779a,-2.0300,2026-07-29,2026-07-29,29354e42ef0c3a5dcfab2220f035fd1be5874df613426379bae1f33e112f560b,3225d938792095e42822872d66b7b9e7b79546a344da7ea98298d40463577392,"[""Tennis""]",1785307454.55507,KXITFMATCH-26JUL28CHAHEI-CHA,Tennis,,KXITFMATCH,5ba6a34a-c169-4b0b-b8fd-b835a2127855,KXITFMATCH-26JUL28CHAHEI,1785299809.0,quote,,1786505400.0,true,61.5000,61.0000,62.0000,1151.68,4224.85
6,53f42bc58d42435d82248ac83e5d779a,-2.0300,2026-07-29,2026-07-29,29354e42ef0c3a5dcfab2220f035fd1be5874df613426379bae1f33e112f560b,3225d938792095e42822872d66b7b9e7b79546a344da7ea98298d40463577392,"[""Tennis""]",1785307454.6672971,KXITFWMATCH-26JUL29MALMAM-MAL,Tennis,,KXITFWMATCH,1465101e-caa8-45fd-812d-50d841d472da,KXITFWMATCH-26JUL29MALMAM,1785301775.0,quote,,1786510800.0,true,5.5000,5.0000,6.0000,2118.31,5756.88
6,53f42bc58d42435d82248ac83e5d779a,-2.0300,2026-07-29,2026-07-29,29354e42ef0c3a5dcfab2220f035fd1be5874df613426379bae1f33e112f560b,3225d938792095e42822872d66b7b9e7b79546a344da7ea98298d40463577392,"[""Tennis""]",1785307454.738492,KXITFWMATCH-26JUL29ARAROT-ARA,Tennis,,KXITFWMATCH,732f03cc-f3da-4b91-b7cc-f26188d27ba6,KXITFWMATCH-26JUL29ARAROT,1785301898.0,quote,,1786510800.0,true,81.0000,79.0000,83.0000,10.00,1342.67
6,53f42bc58d42435d82248ac83e5d779a,-2.0300,2026-07-29,2026-07-29,29354e42ef0c3a5dcfab2220f035fd1be5874df613426379bae1f33e112f560b,3225d938792095e42822872d66b7b9e7b79546a344da7ea98298d40463577392,"[""Tennis""]",1785307456.315534,KXITFWMATCH-26JUL29MAKKUZ-MAK,Tennis,,KXITFWMATCH,efd4b316-d644-47a1-9c01-9150c694f3a5,KXITFWMATCH-26JUL29MAKKUZ,1785301924.0,quote,,1786510800.0,true,81.5000,81.0000,82.0000,17573.96,31508.15
6,53f42bc58d42435d82248ac83e5d779a,-2.0300,2026-07-29,2026-07-29,29354e42ef0c3a5dcfab2220f035fd1be5874df613426379bae1f33e112f560b,3225d938792095e42822872d66b7b9e7b79546a344da7ea98298d40463577392,"[""Tennis""]",1785307456.3875709,KXITFWMATCH-26JUL29MAKKUZ-KUZ,Tennis,,KXITFWMATCH,efd4b316-d644-47a1-9c01-9150c694f3a5,KXITFWMATCH-26JUL29MAKKUZ,1785301924.0,quote,,1786510800.0,true,18.5000,18.0000,19.0000,15818.15,32816.85
6,53f42bc58d42435d82248ac83e5d779a,-2.0300,2026-07-29,2026-07-29,29354e42ef0c3a5dcfab2220f035fd1be5874df613426379bae1f33e112f560b,3225d938792095e42822872d66b7b9e7b79546a344da7ea98298d40463577392,"[""Tennis""]",1785307456.460224,KXITFWMATCH-26JUL29YOSKIM-YOS,Tennis,,KXITFWMATCH,9b9eecb5-c6a0-414a-bcf3-57262192676d,KXITFWMATCH-26JUL29YOSKIM,1785301851.0,quote,,1786510800.0,true,59.5000,58.0000,61.0000,490.00,30.00
6,53f42bc58d42435d82248ac83e5d779a,-2.0300,2026-07-29,2026-07-29,29354e42ef0c3a5dcfab2220f035fd1be5874df613426379bae1f33e112f560b,3225d938792095e42822872d66b7b9e7b79546a344da7ea98298d40463577392,"[""Tennis""]",1785307456.532106,KXITFWMATCH-26JUL29YOSKIM-KIM,Tennis,,KXITFWMATCH,9b9eecb5-c6a0-414a-bcf3-57262192676d,KXITFWMATCH-26JUL29YOSKIM,1785301851.0,quote,,1786510800.0,true,40.5000,40.0000,41.0000,251.00,310.00
6,53f42bc58d42435d82248ac83e5d779a,-2.0300,2026-07-29,2026-07-29,29354e42ef0c3a5dcfab2220f035fd1be5874df613426379bae1f33e112f560b,3225d938792095e42822872d66b7b9e7b79546a344da7ea98298d40463577392,"[""Tennis""]",1785307456.603725,KXITFWMATCH-26JUL29DESJAN-JAN,Tennis,,KXITFWMATCH,81f61a76-c334-455a-ab59-aaab2f2b9045,KXITFWMATCH-26JUL29DESJAN,1785301882.0,quote,,1786510800.0,true,39.5000,39.0000,40.0000,1822.55,1356.65
6,53f42bc58d42435d82248ac83e5d779a,-2.0300,2026-07-29,2026-07-29,29354e42ef0c3a5dcfab2220f035fd1be5874df613426379bae1f33e112f560b,3225d938792095e42822872d66b7b9e7b79546a344da7ea98298d40463577392,"[""Tennis""]",1785307456.7631721,KXITFMATCH-26JUL28CHAHEI-HEI,Tennis,,KXITFMATCH,5ba6a34a-c169-4b0b-b8fd-b835a2127855,KXITFMATCH-26JUL28CHAHEI,1785299809.0,quote,,1786505400.0,true,39.5000,39.0000,40.0000,5199.85,2141.50
6,53f42bc58d42435d82248ac83e5d779a,-2.0300,2026-07-29,2026-07-29,29354e42ef0c3a5dcfab2220f035fd1be5874df613426379bae1f33e112f560b,3225d938792095e42822872d66b7b9e7b79546a344da7ea98298d40463577392,"[""Tennis""]",1785307456.833466,KXITFWMATCH-26JUL29DESJAN-DES,Tennis,,KXITFWMATCH,81f61a76-c334-455a-ab59-aaab2f2b9045,KXITFWMATCH-26JUL29DESJAN,1785301882.0,quote,,1786510800.0,true,60.5000,60.0000,61.0000,750.03,3127.92
6,53f42bc58d42435d82248ac83e5d779a,-2.0300,2026-07-29,2026-07-29,29354e42ef0c3a5dcfab2220f035fd1be5874df613426379bae1f33e112f560b,3225d938792095e42822872d66b7b9e7b79546a344da7ea98298d40463577392,"[""Tennis""]",1785307456.902334,KXITFMATCH-26JUL28CHAHEI-CHA,Tennis,,KXITFMATCH,5ba6a34a-c169-4b0b-b8fd-b835a2127855,KXITFMATCH-26JUL28CHAHEI,1785299809.0,quote,,1786505400.0,true,58.5000,58.0000,59.0000,1284.00,4883.19
6,53f42bc58d42435d82248ac83e5d779a,-2.0300,2026-07-29,2026-07-29,29354e42ef0c3a5dcfab2220f035fd1be5874df613426379bae1f33e112f560b,3225d938792095e42822872d66b7b9e7b79546a344da7ea98298d40463577392,"[""Tennis""]",1785307456.970637,KXITFWMATCH-26JUL29MALMAM-MAL,Tennis,,KXITFWMATCH,1465101e-caa8-45fd-812d-50d841d472da,KXITFWMATCH-26JUL29MALMAM,1785301775.0,quote,,1786510800.0,true,5.5000,5.0000,6.0000,1633.19,550.00
6,53f42bc58d42435d82248ac83e5d779a,-2.0300,2026-07-29,2026-07-29,29354e42ef0c3a5dcfab2220f035fd1be5874df613426379bae1f33e112f560b,3225d938792095e42822872d66b7b9e7b79546a344da7ea98298d40463577392,"[""Tennis""]",1785307457.0494342,KXITFWMATCH-26JUL29ARAROT-ARA,Tennis,,KXITFWMATCH,732f03cc-f3da-4b91-b7cc-f26188d27ba6,KXITFWMATCH-26JUL29ARAROT,1785301898.0,quote,,1786510800.0,true,81.0000,79.0000,83.0000,150.00,84.00
6,53f42bc58d42435d82248ac83e5d779a,-2.0300,2026-07-29,2026-07-29,29354e42ef0c3a5dcfab2220f035fd1be5874df613426379bae1f33e112f560b,3225d938792095e42822872d66b7b9e7b79546a344da7ea98298d40463577392,"[""Tennis""]",1785307458.632278,KXITFWMATCH-26JUL29MAKKUZ-MAK,Tennis,,KXITFWMATCH,efd4b316-d644-47a1-9c01-9150c694f3a5,KXITFWMATCH-26JUL29MAKKUZ,1785301924.0,quote,,1786510800.0,true,81.5000,81.0000,82.0000,17573.96,31508.15
6,53f42bc58d42435d82248ac83e5d779a,-2.0300,2026-07-29,2026-07-29,29354e42ef0c3a5dcfab2220f035fd1be5874df613426379bae1f33e112f560b,3225d938792095e42822872d66b7b9e7b79546a344da7ea98298d40463577392,"[""Tennis""]",1785307458.7021341,KXITFWMATCH-26JUL29MAKKUZ-KUZ,Tennis,,KXITFWMATCH,efd4b316-d644-47a1-9c01-9150c694f3a5,KXITFWMATCH-26JUL29MAKKUZ,1785301924.0,quote,,1786510800.0,true,18.5000,18.0000,19.0000,15818.15,32816.85
6,53f42bc58d42435d82248ac83e5d779a,-2.0300,2026-07-29,2026-07-29,29354e42ef0c3a5dcfab2220f035fd1be5874df613426379bae1f33e112f560b,3225d938792095e42822872d66b7b9e7b79546a344da7ea98298d40463577392,"[""Tennis""]",1785307458.861768,KXITFWMATCH-26JUL29YOSKIM-YOS,Tennis,,KXITFWMATCH,9b9eecb5-c6a0-414a-bcf3-57262192676d,KXITFWMATCH-26JUL29YOSKIM,1785301851.0,quote,,1786510800.0,true,59.5000,58.0000,61.0000,490.00,30.00
6,53f42bc58d42435d82248ac83e5d779a,-2.0300,2026-07-29,2026-07-29,29354e42ef0c3a5dcfab2220f035fd1be5874df613426379bae1f33e112f560b,3225d938792095e42822872d66b7b9e7b79546a344da7ea98298d40463577392,"[""Tennis""]",1785307458.933066,KXITFWMATCH-26JUL29YOSKIM-KIM,Tennis,,KXITFWMATCH,9b9eecb5-c6a0-414a-bcf3-57262192676d,KXITFWMATCH-26JUL29YOSKIM,1785301851.0,quote,,1786510800.0,true,40.5000,40.0000,41.0000,251.00,310.00
6,53f42bc58d42435d82248ac83e5d779a,-2.0300,2026-07-29,2026-07-29,29354e42ef0c3a5dcfab2220f035fd1be5874df613426379bae1f33e112f560b,3225d938792095e42822872d66b7b9e7b79546a344da7ea98298d40463577392,"[""Tennis""]",1785307459.010358,KXITFWMATCH-26JUL29DESJAN-JAN,Tennis,,KXITFWMATCH,81f61a76-c334-455a-ab59-aaab2f2b9045,KXITFWMATCH-26JUL29DESJAN,1785301882.0,quote,,1786510800.0,true,39.5000,39.0000,40.0000,1822.55,1356.65
6,53f42bc58d42435d82248ac83e5d779a,-2.0300,2026-07-29,2026-07-29,29354e42ef0c3a5dcfab2220f035fd1be5874df613426379bae1f33e112f560b,3225d938792095e42822872d66b7b9e7b79546a344da7ea98298d40463577392,"[""Tennis""]",1785307459.108657,KXITFMATCH-26JUL28CHAHEI-HEI,Tennis,,KXITFMATCH,5ba6a34a-c169-4b0b-b8fd-b835a2127855,KXITFMATCH-26JUL28CHAHEI,1785299809.0,quote,,1786505400.0,true,39.5000,39.0000,40.0000,5199.85,2141.50
6,53f42bc58d42435d82248ac83e5d779a,-2.0300,2026-07-29,2026-07-29,29354e42ef0c3a5dcfab2220f035fd1be5874df613426379bae1f33e112f560b,3225d938792095e42822872d66b7b9e7b79546a344da7ea98298d40463577392,"[""Tennis""]",1785307459.17633,KXITFWMATCH-26JUL29DESJAN-DES,Tennis,,KXITFWMATCH,81f61a76-c334-455a-ab59-aaab2f2b9045,KXITFWMATCH-26JUL29DESJAN,1785301882.0,quote,,1786510800.0,true,60.5000,60.0000,61.0000,750.03,3127.92
6,53f42bc58d42435d82248ac83e5d779a,-2.0300,2026-07-29,2026-07-29,29354e42ef0c3a5dcfab2220f035fd1be5874df613426379bae1f33e112f560b,3225d938792095e42822872d66b7b9e7b79546a344da7ea98298d40463577392,"[""Tennis""]",1785307459.242971,KXITFMATCH-26JUL28CHAHEI-CHA,Tennis,,KXITFMATCH,5ba6a34a-c169-4b0b-b8fd-b835a2127855,KXITFMATCH-26JUL28CHAHEI,1785299809.0,quote,,1786505400.0,true,58.5000,58.0000,59.0000,1284.00,4883.19
6,53f42bc58d42435d82248ac83e5d779a,-2.0300,2026-07-29,2026-07-29,29354e42ef0c3a5dcfab2220f035fd1be5874df613426379bae1f33e112f560b,3225d938792095e42822872d66b7b9e7b79546a344da7ea98298d40463577392,"[""Tennis""]",1785307459.379343,KXITFWMATCH-26JUL29MALMAM-MAL,Tennis,,KXITFWMATCH,1465101e-caa8-45fd-812d-50d841d472da,KXITFWMATCH-26JUL29MALMAM,1785301775.0,quote,,1786510800.0,true,5.5000,5.0000,6.0000,1633.19,550.00
6,53f42bc58d42435d82248ac83e5d779a,-2.0300,2026-07-29,2026-07-29,29354e42ef0c3a5dcfab2220f035fd1be5874df613426379bae1f33e112f560b,3225d938792095e42822872d66b7b9e7b79546a344da7ea98298d40463577392,"[""Tennis""]",1785307459.447813,KXITFWMATCH-26JUL29ARAROT-ARA,Tennis,,KXITFWMATCH,732f03cc-f3da-4b91-b7cc-f26188d27ba6,KXITFWMATCH-26JUL29ARAROT,1785301898.0,quote,,1786510800.0,true,81.0000,79.0000,83.0000,150.00,84.00
6,53f42bc58d42435d82248ac83e5d779a,-2.0300,2026-07-29,2026-07-29,29354e42ef0c3a5dcfab2220f035fd1be5874df613426379bae1f33e112f560b,3225d938792095e42822872d66b7b9e7b79546a344da7ea98298d40463577392,"[""Tennis""]",1785307461.029233,KXITFWMATCH-26JUL29MAKKUZ-MAK,Tennis,,KXITFWMATCH,efd4b316-d644-47a1-9c01-9150c694f3a5,KXITFWMATCH-26JUL29MAKKUZ,1785301924.0,quote,,1786510800.0,true,81.5000,81.0000,82.0000,17573.96,31508.15
6,53f42bc58d42435d82248ac83e5d779a,-2.0300,2026-07-29,2026-07-29,29354e42ef0c3a5dcfab2220f035fd1be5874df613426379bae1f33e112f560b,3225d938792095e42822872d66b7b9e7b79546a344da7ea98298d40463577392,"[""Tennis""]",1785307461.100149,KXITFWMATCH-26JUL29MAKKUZ-KUZ,Tennis,,KXITFWMATCH,efd4b316-d644-47a1-9c01-9150c694f3a5,KXITFWMATCH-26JUL29MAKKUZ,1785301924.0,quote,,1786510800.0,true,18.5000,18.0000,19.0000,15818.15,32816.85
6,53f42bc58d42435d82248ac83e5d779a,-2.0300,2026-07-29,2026-07-29,29354e42ef0c3a5dcfab2220f035fd1be5874df613426379bae1f33e112f560b,3225d938792095e42822872d66b7b9e7b79546a344da7ea98298d40463577392,"[""Tennis""]",1785307461.1693282,KXITFWMATCH-26JUL29YOSKIM-YOS,Tennis,,KXITFWMATCH,9b9eecb5-c6a0-414a-bcf3-57262192676d,KXITFWMATCH-26JUL29YOSKIM,1785301851.0,quote,,1786510800.0,true,59.5000,59.0000,60.0000,6246.81,3096.55
6,53f42bc58d42435d82248ac83e5d779a,-2.0300,2026-07-29,2026-07-29,29354e42ef0c3a5dcfab2220f035fd1be5874df613426379bae1f33e112f560b,3225d938792095e42822872d66b7b9e7b79546a344da7ea98298d40463577392,"[""Tennis""]",1785307461.236785,KXITFWMATCH-26JUL29YOSKIM-KIM,Tennis,,KXITFWMATCH,9b9eecb5-c6a0-414a-bcf3-57262192676d,KXITFWMATCH-26JUL29YOSKIM,1785301851.0,quote,,1786510800.0,true,40.5000,40.0000,41.0000,251.00,310.00
6,53f42bc58d42435d82248ac83e5d779a,-2.0300,2026-07-29,2026-07-29,29354e42ef0c3a5dcfab2220f035fd1be5874df613426379bae1f33e112f560b,3225d938792095e42822872d66b7b9e7b79546a344da7ea98298d40463577392,"[""Tennis""]",1785307461.3045518,KXITFWMATCH-26JUL29DESJAN-JAN,Tennis,,KXITFWMATCH,81f61a76-c334-455a-ab59-aaab2f2b9045,KXITFWMATCH-26JUL29DESJAN,1785301882.0,quote,,1786510800.0,true,39.5000,39.0000,40.0000,1822.55,1356.65
6,53f42bc58d42435d82248ac83e5d779a,-2.0300,2026-07-29,2026-07-29,29354e42ef0c3a5dcfab2220f035fd1be5874df613426379bae1f33e112f560b,3225d938792095e42822872d66b7b9e7b79546a344da7ea98298d40463577392,"[""Tennis""]",1785307461.373526,KXITFMATCH-26JUL28CHAHEI-HEI,Tennis,,KXITFMATCH,5ba6a34a-c169-4b0b-b8fd-b835a2127855,KXITFMATCH-26JUL28CHAHEI,1785299809.0,quote,,1786505400.0,true,41.5000,41.0000,42.0000,7787.23,2766.60
6,53f42bc58d42435d82248ac83e5d779a,-2.0300,2026-07-29,2026-07-29,29354e42ef0c3a5dcfab2220f035fd1be5874df613426379bae1f33e112f560b,3225d938792095e42822872d66b7b9e7b79546a344da7ea98298d40463577392,"[""Tennis""]",1785307461.478157,KXITFWMATCH-26JUL29DESJAN-DES,Tennis,,KXITFWMATCH,81f61a76-c334-455a-ab59-aaab2f2b9045,KXITFWMATCH-26JUL29DESJAN,1785301882.0,quote,,1786510800.0,true,60.5000,60.0000,61.0000,750.03,3497.59
6,53f42bc58d42435d82248ac83e5d779a,-2.0300,2026-07-29,2026-07-29,29354e42ef0c3a5dcfab2220f035fd1be5874df613426379bae1f33e112f560b,3225d938792095e42822872d66b7b9e7b79546a344da7ea98298d40463577392,"[""Tennis""]",1785307461.549443,KXITFMATCH-26JUL28CHAHEI-CHA,Tennis,,KXITFMATCH,5ba6a34a-c169-4b0b-b8fd-b835a2127855,KXITFMATCH-26JUL28CHAHEI,1785299809.0,quote,,1786505400.0,true,58.5000,58.0000,59.0000,1284.00,4883.19
6,53f42bc58d42435d82248ac83e5d779a,-2.0300,2026-07-29,2026-07-29,29354e42ef0c3a5dcfab2220f035fd1be5874df613426379bae1f33e112f560b,3225d938792095e42822872d66b7b9e7b79546a344da7ea98298d40463577392,"[""Tennis""]",1785307461.622066,KXITFWMATCH-26JUL29MALMAM-MAL,Tennis,,KXITFWMATCH,1465101e-caa8-45fd-812d-50d841d472da,KXITFWMATCH-26JUL29MALMAM,1785301775.0,quote,,1786510800.0,true,5.5000,5.0000,6.0000,1633.19,550.00
6,53f42bc58d42435d82248ac83e5d779a,-2.0300,2026-07-29,2026-07-29,29354e42ef0c3a5dcfab2220f035fd1be5874df613426379bae1f33e112f560b,3225d938792095e42822872d66b7b9e7b79546a344da7ea98298d40463577392,"[""Tennis""]",1785307461.6928132,KXITFWMATCH-26JUL29ARAROT-ARA,Tennis,,KXITFWMATCH,732f03cc-f3da-4b91-b7cc-f26188d27ba6,KXITFWMATCH-26JUL29ARAROT,1785301898.0,quote,,1786510800.0,true,81.0000,79.0000,83.0000,150.00,84.00
6,53f42bc58d42435d82248ac83e5d779a,-2.0300,2026-07-29,2026-07-29,29354e42ef0c3a5dcfab2220f035fd1be5874df613426379bae1f33e112f560b,3225d938792095e42822872d66b7b9e7b79546a344da7ea98298d40463577392,"[""Tennis""]",1785307463.276524,KXITFWMATCH-26JUL29MAKKUZ-MAK,Tennis,,KXITFWMATCH,efd4b316-d644-47a1-9c01-9150c694f3a5,KXITFWMATCH-26JUL29MAKKUZ,1785301924.0,quote,,1786510800.0,true,81.5000,81.0000,82.0000,17573.96,31508.15
6,53f42bc58d42435d82248ac83e5d779a,-2.0300,2026-07-29,2026-07-29,29354e42ef0c3a5dcfab2220f035fd1be5874df613426379bae1f33e112f560b,3225d938792095e42822872d66b7b9e7b79546a344da7ea98298d40463577392,"[""Tennis""]",1785307463.3467221,KXITFWMATCH-26JUL29MAKKUZ-KUZ,Tennis,,KXITFWMATCH,efd4b316-d644-47a1-9c01-9150c694f3a5,KXITFWMATCH-26JUL29MAKKUZ,1785301924.0,quote,,1786510800.0,true,18.5000,18.0000,19.0000,15818.15,32816.85
6,53f42bc58d42435d82248ac83e5d779a,-2.0300,2026-07-29,2026-07-29,29354e42ef0c3a5dcfab2220f035fd1be5874df613426379bae1f33e112f560b,3225d938792095e42822872d66b7b9e7b79546a344da7ea98298d40463577392,"[""Tennis""]",1785307463.4187782,KXITFWMATCH-26JUL29YOSKIM-YOS,Tennis,,KXITFWMATCH,9b9eecb5-c6a0-414a-bcf3-57262192676d,KXITFWMATCH-26JUL29YOSKIM,1785301851.0,quote,,1786510800.0,true,59.5000,59.0000,60.0000,6246.81,3096.55
6,53f42bc58d42435d82248ac83e5d779a,-2.0300,2026-07-29,2026-07-29,29354e42ef0c3a5dcfab2220f035fd1be5874df613426379bae1f33e112f560b,3225d938792095e42822872d66b7b9e7b79546a344da7ea98298d40463577392,"[""Tennis""]",1785307463.581779,KXITFWMATCH-26JUL29YOSKIM-KIM,Tennis,,KXITFWMATCH,9b9eecb5-c6a0-414a-bcf3-57262192676d,KXITFWMATCH-26JUL29YOSKIM,1785301851.0,quote,,1786510800.0,true,40.5000,40.0000,41.0000,251.00,310.00
6,53f42bc58d42435d82248ac83e5d779a,-2.0300,2026-07-29,2026-07-29,29354e42ef0c3a5dcfab2220f035fd1be5874df613426379bae1f33e112f560b,3225d938792095e42822872d66b7b9e7b79546a344da7ea98298d40463577392,"[""Tennis""]",1785307463.6528032,KXITFWMATCH-26JUL29DESJAN-JAN,Tennis,,KXITFWMATCH,81f61a76-c334-455a-ab59-aaab2f2b9045,KXITFWMATCH-26JUL29DESJAN,1785301882.0,quote,,1786510800.0,true,39.5000,39.0000,40.0000,1822.55,1356.65
6,53f42bc58d42435d82248ac83e5d779a,-2.0300,2026-07-29,2026-07-29,29354e42ef0c3a5dcfab2220f035fd1be5874df613426379bae1f33e112f560b,3225d938792095e42822872d66b7b9e7b79546a344da7ea98298d40463577392,"[""Tennis""]",1785307463.721652,KXITFMATCH-26JUL28CHAHEI-HEI,Tennis,,KXITFMATCH,5ba6a34a-c169-4b0b-b8fd-b835a2127855,KXITFMATCH-26JUL28CHAHEI,1785299809.0,quote,,1786505400.0,true,41.5000,41.0000,42.0000,7787.23,2766.60
6,53f42bc58d42435d82248ac83e5d779a,-2.0300,2026-07-29,2026-07-29,29354e42ef0c3a5dcfab2220f035fd1be5874df613426379bae1f33e112f560b,3225d938792095e42822872d66b7b9e7b79546a344da7ea98298d40463577392,"[""Tennis""]",1785307463.7894452,KXITFWMATCH-26JUL29DESJAN-DES,Tennis,,KXITFWMATCH,81f61a76-c334-455a-ab59-aaab2f2b9045,KXITFWMATCH-26JUL29DESJAN,1785301882.0,quote,,1786510800.0,true,60.5000,60.0000,61.0000,750.03,3497.59
6,53f42bc58d42435d82248ac83e5d779a,-2.0300,2026-07-29,2026-07-29,29354e42ef0c3a5dcfab2220f035fd1be5874df613426379bae1f33e112f560b,3225d938792095e42822872d66b7b9e7b79546a344da7ea98298d40463577392,"[""Tennis""]",1785307463.8590279,KXITFMATCH-26JUL28CHAHEI-CHA,Tennis,,KXITFMATCH,5ba6a34a-c169-4b0b-b8fd-b835a2127855,KXITFMATCH-26JUL28CHAHEI,1785299809.0,quote,,1786505400.0,true,58.5000,58.0000,59.0000,1284.00,4883.19
6,53f42bc58d42435d82248ac83e5d779a,-2.0300,2026-07-29,2026-07-29,29354e42ef0c3a5dcfab2220f035fd1be5874df613426379bae1f33e112f560b,3225d938792095e42822872d66b7b9e7b79546a344da7ea98298d40463577392,"[""Tennis""]",1785307463.928928,KXITFWMATCH-26JUL29MALMAM-MAL,Tennis,,KXITFWMATCH,1465101e-caa8-45fd-812d-50d841d472da,KXITFWMATCH-26JUL29MALMAM,1785301775.0,quote,,1786510800.0,true,5.5000,5.0000,6.0000,1633.19,550.00
6,53f42bc58d42435d82248ac83e5d779a,-2.0300,2026-07-29,2026-07-29,29354e42ef0c3a5dcfab2220f035fd1be5874df613426379bae1f33e112f560b,3225d938792095e42822872d66b7b9e7b79546a344da7ea98298d40463577392,"[""Tennis""]",1785307463.99832,KXITFWMATCH-26JUL29ARAROT-ARA,Tennis,,KXITFWMATCH,732f03cc-f3da-4b91-b7cc-f26188d27ba6,KXITFWMATCH-26JUL29ARAROT,1785301898.0,quote,,1786510800.0,true,81.0000,79.0000,83.0000,150.00,84.00
6,53f42bc58d42435d82248ac83e5d779a,-2.0300,2026-07-29,2026-07-29,29354e42ef0c3a5dcfab2220f035fd1be5874df613426379bae1f33e112f560b,3225d938792095e42822872d66b7b9e7b79546a344da7ea98298d40463577392,"[""Tennis""]",1785307465.578484,KXITFWMATCH-26JUL29MAKKUZ-MAK,Tennis,,KXITFWMATCH,efd4b316-d644-47a1-9c01-9150c694f3a5,KXITFWMATCH-26JUL29MAKKUZ,1785301924.0,quote,,1786510800.0,true,81.5000,81.0000,82.0000,17573.96,31504.18
6,53f42bc58d42435d82248ac83e5d779a,-2.0300,2026-07-29,2026-07-29,29354e42ef0c3a5dcfab2220f035fd1be5874df613426379bae1f33e112f560b,3225d938792095e42822872d66b7b9e7b79546a344da7ea98298d40463577392,"[""Tennis""]",1785307465.7353191,KXITFWMATCH-26JUL29MAKKUZ-KUZ,Tennis,,KXITFWMATCH,efd4b316-d644-47a1-9c01-9150c694f3a5,KXITFWMATCH-26JUL29MAKKUZ,1785301924.0,quote,,1786510800.0,true,18.5000,18.0000,19.0000,15818.15,32816.85
6,53f42bc58d42435d82248ac83e5d779a,-2.0300,2026-07-29,2026-07-29,29354e42ef0c3a5dcfab2220f035fd1be5874df613426379bae1f33e112f560b,3225d938792095e42822872d66b7b9e7b79546a344da7ea98298d40463577392,"[""Tennis""]",1785307465.8072388,KXITFWMATCH-26JUL29YOSKIM-YOS,Tennis,,KXITFWMATCH,9b9eecb5-c6a0-414a-bcf3-57262192676d,KXITFWMATCH-26JUL29YOSKIM,1785301851.0,quote,,1786510800.0,true,59.5000,59.0000,60.0000,6246.81,3096.55
6,53f42bc58d42435d82248ac83e5d779a,-2.0300,2026-07-29,2026-07-29,29354e42ef0c3a5dcfab2220f035fd1be5874df613426379bae1f33e112f560b,3225d938792095e42822872d66b7b9e7b79546a344da7ea98298d40463577392,"[""Tennis""]",1785307465.87835,KXITFWMATCH-26JUL29YOSKIM-KIM,Tennis,,KXITFWMATCH,9b9eecb5-c6a0-414a-bcf3-57262192676d,KXITFWMATCH-26JUL29YOSKIM,1785301851.0,quote,,1786510800.0,true,40.5000,40.0000,41.0000,1855.48,7384.93
6,53f42bc58d42435d82248ac83e5d779a,-2.0300,2026-07-29,2026-07-29,29354e42ef0c3a5dcfab2220f035fd1be5874df613426379bae1f33e112f560b,3225d938792095e42822872d66b7b9e7b79546a344da7ea98298d40463577392,"[""Tennis""]",1785307465.94702,KXITFWMATCH-26JUL29DESJAN-JAN,Tennis,,KXITFWMATCH,81f61a76-c334-455a-ab59-aaab2f2b9045,KXITFWMATCH-26JUL29DESJAN,1785301882.0,quote,,1786510800.0,true,39.5000,39.0000,40.0000,1822.55,1356.65
6,53f42bc58d42435d82248ac83e5d779a,-2.0300,2026-07-29,2026-07-29,29354e42ef0c3a5dcfab2220f035fd1be5874df613426379bae1f33e112f560b,3225d938792095e42822872d66b7b9e7b79546a344da7ea98298d40463577392,"[""Tennis""]",1785307466.016994,KXITFMATCH-26JUL28CHAHEI-HEI,Tennis,,KXITFMATCH,5ba6a34a-c169-4b0b-b8fd-b835a2127855,KXITFMATCH-26JUL28CHAHEI,1785299809.0,quote,,1786505400.0,true,41.5000,41.0000,42.0000,7787.23,2766.60
6,53f42bc58d42435d82248ac83e5d779a,-2.0300,2026-07-29,2026-07-29,29354e42ef0c3a5dcfab2220f035fd1be5874df613426379bae1f33e112f560b,3225d938792095e42822872d66b7b9e7b79546a344da7ea98298d40463577392,"[""Tennis""]",1785307466.0863318,KXITFWMATCH-26JUL29DESJAN-DES,Tennis,,KXITFWMATCH,81f61a76-c334-455a-ab59-aaab2f2b9045,KXITFWMATCH-26JUL29DESJAN,1785301882.0,quote,,1786510800.0,true,60.5000,60.0000,61.0000,750.03,3497.59
6,53f42bc58d42435d82248ac83e5d779a,-2.0300,2026-07-29,2026-07-29,29354e42ef0c3a5dcfab2220f035fd1be5874df613426379bae1f33e112f560b,3225d938792095e42822872d66b7b9e7b79546a344da7ea98298d40463577392,"[""Tennis""]",1785307466.200742,KXITFMATCH-26JUL28CHAHEI-CHA,Tennis,,KXITFMATCH,5ba6a34a-c169-4b0b-b8fd-b835a2127855,KXITFMATCH-26JUL28CHAHEI,1785299809.0,quote,,1786505400.0,true,58.5000,58.0000,59.0000,1284.00,4883.19
6,53f42bc58d42435d82248ac83e5d779a,-2.0300,2026-07-29,2026-07-29,29354e42ef0c3a5dcfab2220f035fd1be5874df613426379bae1f33e112f560b,3225d938792095e42822872d66b7b9e7b79546a344da7ea98298d40463577392,"[""Tennis""]",1785307466.271897,KXITFWMATCH-26JUL29MALMAM-MAL,Tennis,,KXITFWMATCH,1465101e-caa8-45fd-812d-50d841d472da,KXITFWMATCH-26JUL29MALMAM,1785301775.0,quote,,1786510800.0,true,5.5000,5.0000,6.0000,1633.19,550.00
6,53f42bc58d42435d82248ac83e5d779a,-2.0300,2026-07-29,2026-07-29,29354e42ef0c3a5dcfab2220f035fd1be5874df613426379bae1f33e112f560b,3225d938792095e42822872d66b7b9e7b79546a344da7ea98298d40463577392,"[""Tennis""]",1785307466.3413272,KXITFWMATCH-26JUL29ARAROT-ARA,Tennis,,KXITFWMATCH,732f03cc-f3da-4b91-b7cc-f26188d27ba6,KXITFWMATCH-26JUL29ARAROT,1785301898.0,quote,,1786510800.0,true,81.0000,79.0000,83.0000,150.00,84.00
6,53f42bc58d42435d82248ac83e5d779a,-2.0300,2026-07-29,2026-07-29,29354e42ef0c3a5dcfab2220f035fd1be5874df613426379bae1f33e112f560b,3225d938792095e42822872d66b7b9e7b79546a344da7ea98298d40463577392,"[""Tennis""]",1785307467.9268649,KXITFWMATCH-26JUL29MAKKUZ-MAK,Tennis,,KXITFWMATCH,efd4b316-d644-47a1-9c01-9150c694f3a5,KXITFWMATCH-26JUL29MAKKUZ,1785301924.0,quote,,1786510800.0,true,81.5000,81.0000,82.0000,17573.96,31504.18
6,53f42bc58d42435d82248ac83e5d779a,-2.0300,2026-07-29,2026-07-29,29354e42ef0c3a5dcfab2220f035fd1be5874df613426379bae1f33e112f560b,3225d938792095e42822872d66b7b9e7b79546a344da7ea98298d40463577392,"[""Tennis""]",1785307467.996316,KXITFWMATCH-26JUL29MAKKUZ-KUZ,Tennis,,KXITFWMATCH,efd4b316-d644-47a1-9c01-9150c694f3a5,KXITFWMATCH-26JUL29MAKKUZ,1785301924.0,quote,,1786510800.0,true,18.5000,18.0000,19.0000,16318.15,30106.37
6,53f42bc58d42435d82248ac83e5d779a,-2.0300,2026-07-29,2026-07-29,29354e42ef0c3a5dcfab2220f035fd1be5874df613426379bae1f33e112f560b,3225d938792095e42822872d66b7b9e7b79546a344da7ea98298d40463577392,"[""Tennis""]",1785307468.066059,KXITFWMATCH-26JUL29YOSKIM-YOS,Tennis,,KXITFWMATCH,9b9eecb5-c6a0-414a-bcf3-57262192676d,KXITFWMATCH-26JUL29YOSKIM,1785301851.0,quote,,1786510800.0,true,59.5000,59.0000,60.0000,6246.81,3096.55
6,53f42bc58d42435d82248ac83e5d779a,-2.0300,2026-07-29,2026-07-29,29354e42ef0c3a5dcfab2220f035fd1be5874df613426379bae1f33e112f560b,3225d938792095e42822872d66b7b9e7b79546a344da7ea98298d40463577392,"[""Tennis""]",1785307468.134055,KXITFWMATCH-26JUL29YOSKIM-KIM,Tennis,,KXITFWMATCH,9b9eecb5-c6a0-414a-bcf3-57262192676d,KXITFWMATCH-26JUL29YOSKIM,1785301851.0,quote,,1786510800.0,true,40.5000,40.0000,41.0000,1855.48,7384.93
6,53f42bc58d42435d82248ac83e5d779a,-2.0300,2026-07-29,2026-07-29,29354e42ef0c3a5dcfab2220f035fd1be5874df613426379bae1f33e112f560b,3225d938792095e42822872d66b7b9e7b79546a344da7ea98298d40463577392,"[""Tennis""]",1785307468.201376,KXITFWMATCH-26JUL29DESJAN-JAN,Tennis,,KXITFWMATCH,81f61a76-c334-455a-ab59-aaab2f2b9045,KXITFWMATCH-26JUL29DESJAN,1785301882.0,quote,,1786510800.0,true,39.5000,39.0000,40.0000,1822.55,1356.65
6,53f42bc58d42435d82248ac83e5d779a,-2.0300,2026-07-29,2026-07-29,29354e42ef0c3a5dcfab2220f035fd1be5874df613426379bae1f33e112f560b,3225d938792095e42822872d66b7b9e7b79546a344da7ea98298d40463577392,"[""Tennis""]",1785307468.359881,KXITFMATCH-26JUL28CHAHEI-HEI,Tennis,,KXITFMATCH,5ba6a34a-c169-4b0b-b8fd-b835a2127855,KXITFMATCH-26JUL28CHAHEI,1785299809.0,quote,,1786505400.0,true,41.5000,41.0000,42.0000,7787.23,2766.60
6,53f42bc58d42435d82248ac83e5d779a,-2.0300,2026-07-29,2026-07-29,29354e42ef0c3a5dcfab2220f035fd1be5874df613426379bae1f33e112f560b,3225d938792095e42822872d66b7b9e7b79546a344da7ea98298d40463577392,"[""Tennis""]",1785307468.431016,KXITFWMATCH-26JUL29DESJAN-DES,Tennis,,KXITFWMATCH,81f61a76-c334-455a-ab59-aaab2f2b9045,KXITFWMATCH-26JUL29DESJAN,1785301882.0,quote,,1786510800.0,true,60.5000,60.0000,61.0000,750.03,3497.59
6,53f42bc58d42435d82248ac83e5d779a,-2.0300,2026-07-29,2026-07-29,29354e42ef0c3a5dcfab2220f035fd1be5874df613426379bae1f33e112f560b,3225d938792095e42822872d66b7b9e7b79546a344da7ea98298d40463577392,"[""Tennis""]",1785307468.502112,KXITFMATCH-26JUL28CHAHEI-CHA,Tennis,,KXITFMATCH,5ba6a34a-c169-4b0b-b8fd-b835a2127855,KXITFMATCH-26JUL28CHAHEI,1785299809.0,quote,,1786505400.0,true,53.0000,52.0000,54.0000,1.00,50.00
6,53f42bc58d42435d82248ac83e5d779a,-2.0300,2026-07-29,2026-07-29,29354e42ef0c3a5dcfab2220f035fd1be5874df613426379bae1f33e112f560b,3225d938792095e42822872d66b7b9e7b79546a344da7ea98298d40463577392,"[""Tennis""]",1785307468.5724218,KXITFWMATCH-26JUL29MALMAM-MAL,Tennis,,KXITFWMATCH,1465101e-caa8-45fd-812d-50d841d472da,KXITFWMATCH-26JUL29MALMAM,1785301775.0,quote,,1786510800.0,true,5.5000,5.0000,6.0000,3856.02,3451.12
6,53f42bc58d42435d82248ac83e5d779a,-2.0300,2026-07-29,2026-07-29,29354e42ef0c3a5dcfab2220f035fd1be5874df613426379bae1f33e112f560b,3225d938792095e42822872d66b7b9e7b79546a344da7ea98298d40463577392,"[""Tennis""]",1785307468.641095,KXITFWMATCH-26JUL29ARAROT-ARA,Tennis,,KXITFWMATCH,732f03cc-f3da-4b91-b7cc-f26188d27ba6,KXITFWMATCH-26JUL29ARAROT,1785301898.0,quote,,1786510800.0,true,79.5000,79.0000,80.0000,4399.09,2690.68
6,53f42bc58d42435d82248ac83e5d779a,-2.0300,2026-07-29,2026-07-29,29354e42ef0c3a5dcfab2220f035fd1be5874df613426379bae1f33e112f560b,3225d938792095e42822872d66b7b9e7b79546a344da7ea98298d40463577392,"[""Tennis""]",1785307470.21854,KXITFWMATCH-26JUL29MAKKUZ-MAK,Tennis,,KXITFWMATCH,efd4b316-d644-47a1-9c01-9150c694f3a5,KXITFWMATCH-26JUL29MAKKUZ,1785301924.0,quote,,1786510800.0,true,81.5000,81.0000,82.0000,17573.96,31504.18
6,53f42bc58d42435d82248ac83e5d779a,-2.0300,2026-07-29,2026-07-29,29354e42ef0c3a5dcfab2220f035fd1be5874df613426379bae1f33e112f560b,3225d938792095e42822872d66b7b9e7b79546a344da7ea98298d40463577392,"[""Tennis""]",1785307470.290426,KXITFWMATCH-26JUL29MAKKUZ-KUZ,Tennis,,KXITFWMATCH,efd4b316-d644-47a1-9c01-9150c694f3a5,KXITFWMATCH-26JUL29MAKKUZ,1785301924.0,quote,,1786510800.0,true,18.5000,18.0000,19.0000,16318.15,30106.37
6,53f42bc58d42435d82248ac83e5d779a,-2.0300,2026-07-29,2026-07-29,29354e42ef0c3a5dcfab2220f035fd1be5874df613426379bae1f33e112f560b,3225d938792095e42822872d66b7b9e7b79546a344da7ea98298d40463577392,"[""Tennis""]",1785307470.3949928,KXITFWMATCH-26JUL29YOSKIM-YOS,Tennis,,KXITFWMATCH,9b9eecb5-c6a0-414a-bcf3-57262192676d,KXITFWMATCH-26JUL29YOSKIM,1785301851.0,quote,,1786510800.0,true,59.5000,59.0000,60.0000,6246.81,3096.55
6,53f42bc58d42435d82248ac83e5d779a,-2.0300,2026-07-29,2026-07-29,29354e42ef0c3a5dcfab2220f035fd1be5874df613426379bae1f33e112f560b,3225d938792095e42822872d66b7b9e7b79546a344da7ea98298d40463577392,"[""Tennis""]",1785307470.463688,KXITFWMATCH-26JUL29YOSKIM-KIM,Tennis,,KXITFWMATCH,9b9eecb5-c6a0-414a-bcf3-57262192676d,KXITFWMATCH-26JUL29YOSKIM,1785301851.0,quote,,1786510800.0,true,40.5000,40.0000,41.0000,1855.48,7384.93
6,53f42bc58d42435d82248ac83e5d779a,-2.0300,2026-07-29,2026-07-29,29354e42ef0c3a5dcfab2220f035fd1be5874df613426379bae1f33e112f560b,3225d938792095e42822872d66b7b9e7b79546a344da7ea98298d40463577392,"[""Tennis""]",1785307470.532423,KXITFWMATCH-26JUL29DESJAN-JAN,Tennis,,KXITFWMATCH,81f61a76-c334-455a-ab59-aaab2f2b9045,KXITFWMATCH-26JUL29DESJAN,1785301882.0,quote,,1786510800.0,true,39.5000,39.0000,40.0000,1822.55,1356.65
6,53f42bc58d42435d82248ac83e5d779a,-2.0300,2026-07-29,2026-07-29,29354e42ef0c3a5dcfab2220f035fd1be5874df613426379bae1f33e112f560b,3225d938792095e42822872d66b7b9e7b79546a344da7ea98298d40463577392,"[""Tennis""]",1785307470.6001852,KXITFMATCH-26JUL28CHAHEI-HEI,Tennis,,KXITFMATCH,5ba6a34a-c169-4b0b-b8fd-b835a2127855,KXITFMATCH-26JUL28CHAHEI,1785299809.0,quote,,1786505400.0,true,41.5000,41.0000,42.0000,7787.23,2766.60
6,53f42bc58d42435d82248ac83e5d779a,-2.0300,2026-07-29,2026-07-29,29354e42ef0c3a5dcfab2220f035fd1be5874df613426379bae1f33e112f560b,3225d938792095e42822872d66b7b9e7b79546a344da7ea98298d40463577392,"[""Tennis""]",1785307470.671974,KXITFWMATCH-26JUL29DESJAN-DES,Tennis,,KXITFWMATCH,81f61a76-c334-455a-ab59-aaab2f2b9045,KXITFWMATCH-26JUL29DESJAN,1785301882.0,quote,,1786510800.0,true,60.5000,60.0000,61.0000,750.03,3497.59
6,53f42bc58d42435d82248ac83e5d779a,-2.0300,2026-07-29,2026-07-29,29354e42ef0c3a5dcfab2220f035fd1be5874df613426379bae1f33e112f560b,3225d938792095e42822872d66b7b9e7b79546a344da7ea98298d40463577392,"[""Tennis""]",1785307470.741695,KXITFMATCH-26JUL28CHAHEI-CHA,Tennis,,KXITFMATCH,5ba6a34a-c169-4b0b-b8fd-b835a2127855,KXITFMATCH-26JUL28CHAHEI,1785299809.0,quote,,1786505400.0,true,53.0000,52.0000,54.0000,1.00,50.00
6,53f42bc58d42435d82248ac83e5d779a,-2.0300,2026-07-29,2026-07-29,29354e42ef0c3a5dcfab2220f035fd1be5874df613426379bae1f33e112f560b,3225d938792095e42822872d66b7b9e7b79546a344da7ea98298d40463577392,"[""Tennis""]",1785307470.81508,KXITFWMATCH-26JUL29MALMAM-MAL,Tennis,,KXITFWMATCH,1465101e-caa8-45fd-812d-50d841d472da,KXITFWMATCH-26JUL29MALMAM,1785301775.0,quote,,1786510800.0,true,5.5000,5.0000,6.0000,3856.02,3451.12
6,53f42bc58d42435d82248ac83e5d779a,-2.0300,2026-07-29,2026-07-29,29354e42ef0c3a5dcfab2220f035fd1be5874df613426379bae1f33e112f560b,3225d938792095e42822872d66b7b9e7b79546a344da7ea98298d40463577392,"[""Tennis""]",1785307470.914809,KXITFWMATCH-26JUL29ARAROT-ARA,Tennis,,KXITFWMATCH,732f03cc-f3da-4b91-b7cc-f26188d27ba6,KXITFWMATCH-26JUL29ARAROT,1785301898.0,quote,,1786510800.0,true,79.5000,79.0000,80.0000,4399.09,2690.68
6,53f42bc58d42435d82248ac83e5d779a,-2.0300,2026-07-29,2026-07-29,29354e42ef0c3a5dcfab2220f035fd1be5874df613426379bae1f33e112f560b,3225d938792095e42822872d66b7b9e7b79546a344da7ea98298d40463577392,"[""Tennis""]",1785307472.5560288,KXITFWMATCH-26JUL29MAKKUZ-MAK,Tennis,,KXITFWMATCH,efd4b316-d644-47a1-9c01-9150c694f3a5,KXITFWMATCH-26JUL29MAKKUZ,1785301924.0,quote,,1786510800.0,true,81.5000,81.0000,82.0000,17573.96,31504.18
6,53f42bc58d42435d82248ac83e5d779a,-2.0300,2026-07-29,2026-07-29,29354e42ef0c3a5dcfab2220f035fd1be5874df613426379bae1f33e112f560b,3225d938792095e42822872d66b7b9e7b79546a344da7ea98298d40463577392,"[""Tennis""]",1785307472.6271,KXITFWMATCH-26JUL29MAKKUZ-KUZ,Tennis,,KXITFWMATCH,efd4b316-d644-47a1-9c01-9150c694f3a5,KXITFWMATCH-26JUL29MAKKUZ,1785301924.0,quote,,1786510800.0,true,18.5000,18.0000,19.0000,16318.15,30106.37
6,53f42bc58d42435d82248ac83e5d779a,-2.0300,2026-07-29,2026-07-29,29354e42ef0c3a5dcfab2220f035fd1be5874df613426379bae1f33e112f560b,3225d938792095e42822872d66b7b9e7b79546a344da7ea98298d40463577392,"[""Tennis""]",1785307472.700713,KXITFWMATCH-26JUL29YOSKIM-YOS,Tennis,,KXITFWMATCH,9b9eecb5-c6a0-414a-bcf3-57262192676d,KXITFWMATCH-26JUL29YOSKIM,1785301851.0,quote,,1786510800.0,true,59.5000,59.0000,60.0000,4804.30,3015.41
6,53f42bc58d42435d82248ac83e5d779a,-2.0300,2026-07-29,2026-07-29,29354e42ef0c3a5dcfab2220f035fd1be5874df613426379bae1f33e112f560b,3225d938792095e42822872d66b7b9e7b79546a344da7ea98298d40463577392,"[""Tennis""]",1785307472.7713149,KXITFWMATCH-26JUL29YOSKIM-KIM,Tennis,,KXITFWMATCH,9b9eecb5-c6a0-414a-bcf3-57262192676d,KXITFWMATCH-26JUL29YOSKIM,1785301851.0,quote,,1786510800.0,true,40.5000,40.0000,41.0000,1855.48,7384.93
6,53f42bc58d42435d82248ac83e5d779a,-2.0300,2026-07-29,2026-07-29,29354e42ef0c3a5dcfab2220f035fd1be5874df613426379bae1f33e112f560b,3225d938792095e42822872d66b7b9e7b79546a344da7ea98298d40463577392,"[""Tennis""]",1785307472.842328,KXITFWMATCH-26JUL29DESJAN-JAN,Tennis,,KXITFWMATCH,81f61a76-c334-455a-ab59-aaab2f2b9045,KXITFWMATCH-26JUL29DESJAN,1785301882.0,quote,,1786510800.0,true,40.0000,38.0000,42.0000,93.00,42.00
6,53f42bc58d42435d82248ac83e5d779a,-2.0300,2026-07-29,2026-07-29,29354e42ef0c3a5dcfab2220f035fd1be5874df613426379bae1f33e112f560b,3225d938792095e42822872d66b7b9e7b79546a344da7ea98298d40463577392,"[""Tennis""]",1785307472.911314,KXITFMATCH-26JUL28CHAHEI-HEI,Tennis,,KXITFMATCH,5ba6a34a-c169-4b0b-b8fd-b835a2127855,KXITFMATCH-26JUL28CHAHEI,1785299809.0,quote,,1786505400.0,true,48.0000,42.0000,54.0000,1876.17,46.76
6,53f42bc58d42435d82248ac83e5d779a,-2.0300,2026-07-29,2026-07-29,29354e42ef0c3a5dcfab2220f035fd1be5874df613426379bae1f33e112f560b,3225d938792095e42822872d66b7b9e7b79546a344da7ea98298d40463577392,"[""Tennis""]",1785307473.011938,KXITFWMATCH-26JUL29DESJAN-DES,Tennis,,KXITFWMATCH,81f61a76-c334-455a-ab59-aaab2f2b9045,KXITFWMATCH-26JUL29DESJAN,1785301882.0,quote,,1786510800.0,true,59.5000,57.0000,62.0000,190.00,213.00
6,53f42bc58d42435d82248ac83e5d779a,-2.0300,2026-07-29,2026-07-29,29354e42ef0c3a5dcfab2220f035fd1be5874df613426379bae1f33e112f560b,3225d938792095e42822872d66b7b9e7b79546a344da7ea98298d40463577392,"[""Tennis""]",1785307473.0817769,KXITFMATCH-26JUL28CHAHEI-CHA,Tennis,,KXITFMATCH,5ba6a34a-c169-4b0b-b8fd-b835a2127855,KXITFMATCH-26JUL28CHAHEI,1785299809.0,quote,,1786505400.0,true,53.0000,52.0000,54.0000,1.00,50.00
6,53f42bc58d42435d82248ac83e5d779a,-2.0300,2026-07-29,2026-07-29,29354e42ef0c3a5dcfab2220f035fd1be5874df613426379bae1f33e112f560b,3225d938792095e42822872d66b7b9e7b79546a344da7ea98298d40463577392,"[""Tennis""]",1785307473.15052,KXITFWMATCH-26JUL29MALMAM-MAL,Tennis,,KXITFWMATCH,1465101e-caa8-45fd-812d-50d841d472da,KXITFWMATCH-26JUL29MALMAM,1785301775.0,quote,,1786510800.0,true,5.5000,5.0000,6.0000,3856.02,3451.12
6,53f42bc58d42435d82248ac83e5d779a,-2.0300,2026-07-29,2026-07-29,29354e42ef0c3a5dcfab2220f035fd1be5874df613426379bae1f33e112f560b,3225d938792095e42822872d66b7b9e7b79546a344da7ea98298d40463577392,"[""Tennis""]",1785307473.217684,KXITFWMATCH-26JUL29ARAROT-ARA,Tennis,,KXITFWMATCH,732f03cc-f3da-4b91-b7cc-f26188d27ba6,KXITFWMATCH-26JUL29ARAROT,1785301898.0,quote,,1786510800.0,true,79.5000,79.0000,80.0000,4399.09,2690.68
6,53f42bc58d42435d82248ac83e5d779a,-2.0300,2026-07-29,2026-07-29,29354e42ef0c3a5dcfab2220f035fd1be5874df613426379bae1f33e112f560b,3225d938792095e42822872d66b7b9e7b79546a344da7ea98298d40463577392,"[""Tennis""]",1785307474.8014562,KXITFWMATCH-26JUL29MAKKUZ-MAK,Tennis,,KXITFWMATCH,efd4b316-d644-47a1-9c01-9150c694f3a5,KXITFWMATCH-26JUL29MAKKUZ,1785301924.0,quote,,1786510800.0,true,81.5000,81.0000,82.0000,15574.96,28617.18
6,53f42bc58d42435d82248ac83e5d779a,-2.0300,2026-07-29,2026-07-29,29354e42ef0c3a5dcfab2220f035fd1be5874df613426379bae1f33e112f560b,3225d938792095e42822872d66b7b9e7b79546a344da7ea98298d40463577392,"[""Tennis""]",1785307474.87433,KXITFWMATCH-26JUL29MAKKUZ-KUZ,Tennis,,KXITFWMATCH,efd4b316-d644-47a1-9c01-9150c694f3a5,KXITFWMATCH-26JUL29MAKKUZ,1785301924.0,quote,,1786510800.0,true,18.5000,18.0000,19.0000,16318.15,30106.37
6,53f42bc58d42435d82248ac83e5d779a,-2.0300,2026-07-29,2026-07-29,29354e42ef0c3a5dcfab2220f035fd1be5874df613426379bae1f33e112f560b,3225d938792095e42822872d66b7b9e7b79546a344da7ea98298d40463577392,"[""Tennis""]",1785307474.9453151,KXITFWMATCH-26JUL29YOSKIM-YOS,Tennis,,KXITFWMATCH,9b9eecb5-c6a0-414a-bcf3-57262192676d,KXITFWMATCH-26JUL29YOSKIM,1785301851.0,quote,,1786510800.0,true,59.5000,59.0000,60.0000,4804.30,3015.41
6,53f42bc58d42435d82248ac83e5d779a,-2.0300,2026-07-29,2026-07-29,29354e42ef0c3a5dcfab2220f035fd1be5874df613426379bae1f33e112f560b,3225d938792095e42822872d66b7b9e7b79546a344da7ea98298d40463577392,"[""Tennis""]",1785307475.011786,KXITFWMATCH-26JUL29YOSKIM-KIM,Tennis,,KXITFWMATCH,9b9eecb5-c6a0-414a-bcf3-57262192676d,KXITFWMATCH-26JUL29YOSKIM,1785301851.0,quote,,1786510800.0,true,40.5000,40.0000,41.0000,1856.48,6949.08
6,53f42bc58d42435d82248ac83e5d779a,-2.0300,2026-07-29,2026-07-29,29354e42ef0c3a5dcfab2220f035fd1be5874df613426379bae1f33e112f560b,3225d938792095e42822872d66b7b9e7b79546a344da7ea98298d40463577392,"[""Tennis""]",1785307475.1121879,KXITFWMATCH-26JUL29DESJAN-JAN,Tennis,,KXITFWMATCH,81f61a76-c334-455a-ab59-aaab2f2b9045,KXITFWMATCH-26JUL29DESJAN,1785301882.0,quote,,1786510800.0,true,40.0000,38.0000,42.0000,93.00,42.00
6,53f42bc58d42435d82248ac83e5d779a,-2.0300,2026-07-29,2026-07-29,29354e42ef0c3a5dcfab2220f035fd1be5874df613426379bae1f33e112f560b,3225d938792095e42822872d66b7b9e7b79546a344da7ea98298d40463577392,"[""Tennis""]",1785307475.181599,KXITFMATCH-26JUL28CHAHEI-HEI,Tennis,,KXITFMATCH,5ba6a34a-c169-4b0b-b8fd-b835a2127855,KXITFMATCH-26JUL28CHAHEI,1785299809.0,quote,,1786505400.0,true,48.0000,42.0000,54.0000,1876.17,46.76
6,53f42bc58d42435d82248ac83e5d779a,-2.0300,2026-07-29,2026-07-29,29354e42ef0c3a5dcfab2220f035fd1be5874df613426379bae1f33e112f560b,3225d938792095e42822872d66b7b9e7b79546a344da7ea98298d40463577392,"[""Tennis""]",1785307475.250541,KXITFWMATCH-26JUL29DESJAN-DES,Tennis,,KXITFWMATCH,81f61a76-c334-455a-ab59-aaab2f2b9045,KXITFWMATCH-26JUL29DESJAN,1785301882.0,quote,,1786510800.0,true,59.5000,57.0000,62.0000,190.00,213.00
6,53f42bc58d42435d82248ac83e5d779a,-2.0300,2026-07-29,2026-07-29,29354e42ef0c3a5dcfab2220f035fd1be5874df613426379bae1f33e112f560b,3225d938792095e42822872d66b7b9e7b79546a344da7ea98298d40463577392,"[""Tennis""]",1785307475.320939,KXITFMATCH-26JUL28CHAHEI-CHA,Tennis,,KXITFMATCH,5ba6a34a-c169-4b0b-b8fd-b835a2127855,KXITFMATCH-26JUL28CHAHEI,1785299809.0,quote,,1786505400.0,true,53.0000,52.0000,54.0000,1.00,50.00
6,53f42bc58d42435d82248ac83e5d779a,-2.0300,2026-07-29,2026-07-29,29354e42ef0c3a5dcfab2220f035fd1be5874df613426379bae1f33e112f560b,3225d938792095e42822872d66b7b9e7b79546a344da7ea98298d40463577392,"[""Tennis""]",1785307475.3913841,KXITFWMATCH-26JUL29MALMAM-MAL,Tennis,,KXITFWMATCH,1465101e-caa8-45fd-812d-50d841d472da,KXITFWMATCH-26JUL29MALMAM,1785301775.0,quote,,1786510800.0,true,5.5000,5.0000,6.0000,3856.02,3451.12
6,53f42bc58d42435d82248ac83e5d779a,-2.0300,2026-07-29,2026-07-29,29354e42ef0c3a5dcfab2220f035fd1be5874df613426379bae1f33e112f560b,3225d938792095e42822872d66b7b9e7b79546a344da7ea98298d40463577392,"[""Tennis""]",1785307475.461646,KXITFWMATCH-26JUL29ARAROT-ARA,Tennis,,KXITFWMATCH,732f03cc-f3da-4b91-b7cc-f26188d27ba6,KXITFWMATCH-26JUL29ARAROT,1785301898.0,quote,,1786510800.0,true,79.5000,79.0000,80.0000,4399.09,2690.68
6,53f42bc58d42435d82248ac83e5d779a,-2.0300,2026-07-29,2026-07-29,29354e42ef0c3a5dcfab2220f035fd1be5874df613426379bae1f33e112f560b,3225d938792095e42822872d66b7b9e7b79546a344da7ea98298d40463577392,"[""Tennis""]",1785307477.035916,KXITFWMATCH-26JUL29MAKKUZ-MAK,Tennis,,KXITFWMATCH,efd4b316-d644-47a1-9c01-9150c694f3a5,KXITFWMATCH-26JUL29MAKKUZ,1785301924.0,quote,,1786510800.0,true,81.5000,81.0000,82.0000,15574.96,28617.18
6,53f42bc58d42435d82248ac83e5d779a,-2.0300,2026-07-29,2026-07-29,29354e42ef0c3a5dcfab2220f035fd1be5874df613426379bae1f33e112f560b,3225d938792095e42822872d66b7b9e7b79546a344da7ea98298d40463577392,"[""Tennis""]",1785307477.103477,KXITFWMATCH-26JUL29MAKKUZ-KUZ,Tennis,,KXITFWMATCH,efd4b316-d644-47a1-9c01-9150c694f3a5,KXITFWMATCH-26JUL29MAKKUZ,1785301924.0,quote,,1786510800.0,true,18.5000,18.0000,19.0000,13318.15,27778.16
6,53f42bc58d42435d82248ac83e5d779a,-2.0300,2026-07-29,2026-07-29,29354e42ef0c3a5dcfab2220f035fd1be5874df613426379bae1f33e112f560b,3225d938792095e42822872d66b7b9e7b79546a344da7ea98298d40463577392,"[""Tennis""]",1785307477.2057931,KXITFWMATCH-26JUL29YOSKIM-YOS,Tennis,,KXITFWMATCH,9b9eecb5-c6a0-414a-bcf3-57262192676d,KXITFWMATCH-26JUL29YOSKIM,1785301851.0,quote,,1786510800.0,true,59.5000,59.0000,60.0000,4804.30,3015.41
6,53f42bc58d42435d82248ac83e5d779a,-2.0300,2026-07-29,2026-07-29,29354e42ef0c3a5dcfab2220f035fd1be5874df613426379bae1f33e112f560b,3225d938792095e42822872d66b7b9e7b79546a344da7ea98298d40463577392,"[""Tennis""]",1785307477.275334,KXITFWMATCH-26JUL29YOSKIM-KIM,Tennis,,KXITFWMATCH,9b9eecb5-c6a0-414a-bcf3-57262192676d,KXITFWMATCH-26JUL29YOSKIM,1785301851.0,quote,,1786510800.0,true,40.5000,40.0000,41.0000,1856.48,6949.08
6,53f42bc58d42435d82248ac83e5d779a,-2.0300,2026-07-29,2026-07-29,29354e42ef0c3a5dcfab2220f035fd1be5874df613426379bae1f33e112f560b,3225d938792095e42822872d66b7b9e7b79546a344da7ea98298d40463577392,"[""Tennis""]",1785307477.345388,KXITFWMATCH-26JUL29DESJAN-JAN,Tennis,,KXITFWMATCH,81f61a76-c334-455a-ab59-aaab2f2b9045,KXITFWMATCH-26JUL29DESJAN,1785301882.0,quote,,1786510800.0,true,40.0000,38.0000,42.0000,93.00,42.00
6,53f42bc58d42435d82248ac83e5d779a,-2.0300,2026-07-29,2026-07-29,29354e42ef0c3a5dcfab2220f035fd1be5874df613426379bae1f33e112f560b,3225d938792095e42822872d66b7b9e7b79546a344da7ea98298d40463577392,"[""Tennis""]",1785307477.415724,KXITFMATCH-26JUL28CHAHEI-HEI,Tennis,,KXITFMATCH,5ba6a34a-c169-4b0b-b8fd-b835a2127855,KXITFMATCH-26JUL28CHAHEI,1785299809.0,quote,,1786505400.0,true,48.0000,42.0000,54.0000,1876.17,46.76
6,53f42bc58d42435d82248ac83e5d779a,-2.0300,2026-07-29,2026-07-29,29354e42ef0c3a5dcfab2220f035fd1be5874df613426379bae1f33e112f560b,3225d938792095e42822872d66b7b9e7b79546a344da7ea98298d40463577392,"[""Tennis""]",1785307477.4852,KXITFWMATCH-26JUL29DESJAN-DES,Tennis,,KXITFWMATCH,81f61a76-c334-455a-ab59-aaab2f2b9045,KXITFWMATCH-26JUL29DESJAN,1785301882.0,quote,,1786510800.0,true,59.5000,57.0000,62.0000,190.00,213.00
6,53f42bc58d42435d82248ac83e5d779a,-2.0300,2026-07-29,2026-07-29,29354e42ef0c3a5dcfab2220f035fd1be5874df613426379bae1f33e112f560b,3225d938792095e42822872d66b7b9e7b79546a344da7ea98298d40463577392,"[""Tennis""]",1785307477.553439,KXITFMATCH-26JUL28CHAHEI-CHA,Tennis,,KXITFMATCH,5ba6a34a-c169-4b0b-b8fd-b835a2127855,KXITFMATCH-26JUL28CHAHEI,1785299809.0,quote,,1786505400.0,true,53.0000,52.0000,54.0000,1.00,50.00
6,53f42bc58d42435d82248ac83e5d779a,-2.0300,2026-07-29,2026-07-29,29354e42ef0c3a5dcfab2220f035fd1be5874df613426379bae1f33e112f560b,3225d938792095e42822872d66b7b9e7b79546a344da7ea98298d40463577392,"[""Tennis""]",1785307477.622999,KXITFWMATCH-26JUL29MALMAM-MAL,Tennis,,KXITFWMATCH,1465101e-caa8-45fd-812d-50d841d472da,KXITFWMATCH-26JUL29MALMAM,1785301775.0,quote,,1786510800.0,true,5.5000,5.0000,6.0000,3856.02,3451.12
6,53f42bc58d42435d82248ac83e5d779a,-2.0300,2026-07-29,2026-07-29,29354e42ef0c3a5dcfab2220f035fd1be5874df613426379bae1f33e112f560b,3225d938792095e42822872d66b7b9e7b79546a344da7ea98298d40463577392,"[""Tennis""]",1785307477.7358432,KXITFWMATCH-26JUL29ARAROT-ARA,Tennis,,KXITFWMATCH,732f03cc-f3da-4b91-b7cc-f26188d27ba6,KXITFWMATCH-26JUL29ARAROT,1785301898.0,quote,,1786510800.0,true,79.5000,79.0000,80.0000,4399.09,2690.68
6,53f42bc58d42435d82248ac83e5d779a,-2.0300,2026-07-29,2026-07-29,29354e42ef0c3a5dcfab2220f035fd1be5874df613426379bae1f33e112f560b,3225d938792095e42822872d66b7b9e7b79546a344da7ea98298d40463577392,"[""Tennis""]",1785307479.364738,KXITFWMATCH-26JUL29MAKKUZ-MAK,Tennis,,KXITFWMATCH,efd4b316-d644-47a1-9c01-9150c694f3a5,KXITFWMATCH-26JUL29MAKKUZ,1785301924.0,quote,,1786510800.0,true,81.5000,81.0000,82.0000,15574.96,28617.18
6,53f42bc58d42435d82248ac83e5d779a,-2.0300,2026-07-29,2026-07-29,29354e42ef0c3a5dcfab2220f035fd1be5874df613426379bae1f33e112f560b,3225d938792095e42822872d66b7b9e7b79546a344da7ea98298d40463577392,"[""Tennis""]",1785307479.436683,KXITFWMATCH-26JUL29MAKKUZ-KUZ,Tennis,,KXITFWMATCH,efd4b316-d644-47a1-9c01-9150c694f3a5,KXITFWMATCH-26JUL29MAKKUZ,1785301924.0,quote,,1786510800.0,true,18.5000,18.0000,19.0000,13318.15,27778.16
6,53f42bc58d42435d82248ac83e5d779a,-2.0300,2026-07-29,2026-07-29,29354e42ef0c3a5dcfab2220f035fd1be5874df613426379bae1f33e112f560b,3225d938792095e42822872d66b7b9e7b79546a344da7ea98298d40463577392,"[""Tennis""]",1785307479.5079732,KXITFWMATCH-26JUL29YOSKIM-YOS,Tennis,,KXITFWMATCH,9b9eecb5-c6a0-414a-bcf3-57262192676d,KXITFWMATCH-26JUL29YOSKIM,1785301851.0,quote,,1786510800.0,true,59.5000,59.0000,60.0000,4804.30,3015.41
6,53f42bc58d42435d82248ac83e5d779a,-2.0300,2026-07-29,2026-07-29,29354e42ef0c3a5dcfab2220f035fd1be5874df613426379bae1f33e112f560b,3225d938792095e42822872d66b7b9e7b79546a344da7ea98298d40463577392,"[""Tennis""]",1785307479.5749419,KXITFWMATCH-26JUL29YOSKIM-KIM,Tennis,,KXITFWMATCH,9b9eecb5-c6a0-414a-bcf3-57262192676d,KXITFWMATCH-26JUL29YOSKIM,1785301851.0,quote,,1786510800.0,true,40.5000,40.0000,41.0000,1856.48,6949.08
6,53f42bc58d42435d82248ac83e5d779a,-2.0300,2026-07-29,2026-07-29,29354e42ef0c3a5dcfab2220f035fd1be5874df613426379bae1f33e112f560b,3225d938792095e42822872d66b7b9e7b79546a344da7ea98298d40463577392,"[""Tennis""]",1785307479.6431549,KXITFWMATCH-26JUL29DESJAN-JAN,Tennis,,KXITFWMATCH,81f61a76-c334-455a-ab59-aaab2f2b9045,KXITFWMATCH-26JUL29DESJAN,1785301882.0,quote,,1786510800.0,true,40.0000,38.0000,42.0000,93.00,42.00
6,53f42bc58d42435d82248ac83e5d779a,-2.0300,2026-07-29,2026-07-29,29354e42ef0c3a5dcfab2220f035fd1be5874df613426379bae1f33e112f560b,3225d938792095e42822872d66b7b9e7b79546a344da7ea98298d40463577392,"[""Tennis""]",1785307479.7121768,KXITFMATCH-26JUL28CHAHEI-HEI,Tennis,,KXITFMATCH,5ba6a34a-c169-4b0b-b8fd-b835a2127855,KXITFMATCH-26JUL28CHAHEI,1785299809.0,quote,,1786505400.0,true,48.0000,42.0000,54.0000,1876.17,46.76
6,53f42bc58d42435d82248ac83e5d779a,-2.0300,2026-07-29,2026-07-29,29354e42ef0c3a5dcfab2220f035fd1be5874df613426379bae1f33e112f560b,3225d938792095e42822872d66b7b9e7b79546a344da7ea98298d40463577392,"[""Tennis""]",1785307479.830028,KXITFWMATCH-26JUL29DESJAN-DES,Tennis,,KXITFWMATCH,81f61a76-c334-455a-ab59-aaab2f2b9045,KXITFWMATCH-26JUL29DESJAN,1785301882.0,quote,,1786510800.0,true,59.5000,57.0000,62.0000,190.00,213.00
6,53f42bc58d42435d82248ac83e5d779a,-2.0300,2026-07-29,2026-07-29,29354e42ef0c3a5dcfab2220f035fd1be5874df613426379bae1f33e112f560b,3225d938792095e42822872d66b7b9e7b79546a344da7ea98298d40463577392,"[""Tennis""]",1785307479.8998778,KXITFMATCH-26JUL28CHAHEI-CHA,Tennis,,KXITFMATCH,5ba6a34a-c169-4b0b-b8fd-b835a2127855,KXITFMATCH-26JUL28CHAHEI,1785299809.0,quote,,1786505400.0,true,45.0000,44.0000,46.0000,6456.00,1056.07
6,53f42bc58d42435d82248ac83e5d779a,-2.0300,2026-07-29,2026-07-29,29354e42ef0c3a5dcfab2220f035fd1be5874df613426379bae1f33e112f560b,3225d938792095e42822872d66b7b9e7b79546a344da7ea98298d40463577392,"[""Tennis""]",1785307479.9717498,KXITFWMATCH-26JUL29MALMAM-MAL,Tennis,,KXITFWMATCH,1465101e-caa8-45fd-812d-50d841d472da,KXITFWMATCH-26JUL29MALMAM,1785301775.0,quote,,1786510800.0,true,5.0000,4.0000,6.0000,2066.47,493.52
6,53f42bc58d42435d82248ac83e5d779a,-2.0300,2026-07-29,2026-07-29,29354e42ef0c3a5dcfab2220f035fd1be5874df613426379bae1f33e112f560b,3225d938792095e42822872d66b7b9e7b79546a344da7ea98298d40463577392,"[""Tennis""]",1785307480.0429802,KXITFWMATCH-26JUL29ARAROT-ARA,Tennis,,KXITFWMATCH,732f03cc-f3da-4b91-b7cc-f26188d27ba6,KXITFWMATCH-26JUL29ARAROT,1785301898.0,quote,,1786510800.0,true,79.5000,79.0000,80.0000,4399.09,4010.68
6,53f42bc58d42435d82248ac83e5d779a,-2.0300,2026-07-29,2026-07-29,29354e42ef0c3a5dcfab2220f035fd1be5874df613426379bae1f33e112f560b,3225d938792095e42822872d66b7b9e7b79546a344da7ea98298d40463577392,"[""Tennis""]",1785307481.6241128,KXITFWMATCH-26JUL29MAKKUZ-MAK,Tennis,,KXITFWMATCH,efd4b316-d644-47a1-9c01-9150c694f3a5,KXITFWMATCH-26JUL29MAKKUZ,1785301924.0,quote,,1786510800.0,true,81.5000,81.0000,82.0000,15574.96,28617.18
6,53f42bc58d42435d82248ac83e5d779a,-2.0300,2026-07-29,2026-07-29,29354e42ef0c3a5dcfab2220f035fd1be5874df613426379bae1f33e112f560b,3225d938792095e42822872d66b7b9e7b79546a344da7ea98298d40463577392,"[""Tennis""]",1785307481.694121,KXITFWMATCH-26JUL29MAKKUZ-KUZ,Tennis,,KXITFWMATCH,efd4b316-d644-47a1-9c01-9150c694f3a5,KXITFWMATCH-26JUL29MAKKUZ,1785301924.0,quote,,1786510800.0,true,18.5000,18.0000,19.0000,13318.15,27778.16
6,53f42bc58d42435d82248ac83e5d779a,-2.0300,2026-07-29,2026-07-29,29354e42ef0c3a5dcfab2220f035fd1be5874df613426379bae1f33e112f560b,3225d938792095e42822872d66b7b9e7b79546a344da7ea98298d40463577392,"[""Tennis""]",1785307481.7659478,KXITFWMATCH-26JUL29YOSKIM-YOS,Tennis,,KXITFWMATCH,9b9eecb5-c6a0-414a-bcf3-57262192676d,KXITFWMATCH-26JUL29YOSKIM,1785301851.0,quote,,1786510800.0,true,59.5000,59.0000,60.0000,4804.30,3015.41
6,53f42bc58d42435d82248ac83e5d779a,-2.0300,2026-07-29,2026-07-29,29354e42ef0c3a5dcfab2220f035fd1be5874df613426379bae1f33e112f560b,3225d938792095e42822872d66b7b9e7b79546a344da7ea98298d40463577392,"[""Tennis""]",1785307481.835938,KXITFWMATCH-26JUL29YOSKIM-KIM,Tennis,,KXITFWMATCH,9b9eecb5-c6a0-414a-bcf3-57262192676d,KXITFWMATCH-26JUL29YOSKIM,1785301851.0,quote,,1786510800.0,true,40.5000,40.0000,41.0000,1856.48,6949.08
6,53f42bc58d42435d82248ac83e5d779a,-2.0300,2026-07-29,2026-07-29,29354e42ef0c3a5dcfab2220f035fd1be5874df613426379bae1f33e112f560b,3225d938792095e42822872d66b7b9e7b79546a344da7ea98298d40463577392,"[""Tennis""]",1785307481.9920409,KXITFWMATCH-26JUL29DESJAN-JAN,Tennis,,KXITFWMATCH,81f61a76-c334-455a-ab59-aaab2f2b9045,KXITFWMATCH-26JUL29DESJAN,1785301882.0,quote,,1786510800.0,true,40.0000,38.0000,42.0000,93.00,42.00
6,53f42bc58d42435d82248ac83e5d779a,-2.0300,2026-07-29,2026-07-29,29354e42ef0c3a5dcfab2220f035fd1be5874df613426379bae1f33e112f560b,3225d938792095e42822872d66b7b9e7b79546a344da7ea98298d40463577392,"[""Tennis""]",1785307482.0616682,KXITFMATCH-26JUL28CHAHEI-HEI,Tennis,,KXITFMATCH,5ba6a34a-c169-4b0b-b8fd-b835a2127855,KXITFMATCH-26JUL28CHAHEI,1785299809.0,quote,,1786505400.0,true,54.5000,54.0000,55.0000,4696.72,5544.16
6,53f42bc58d42435d82248ac83e5d779a,-2.0300,2026-07-29,2026-07-29,29354e42ef0c3a5dcfab2220f035fd1be5874df613426379bae1f33e112f560b,3225d938792095e42822872d66b7b9e7b79546a344da7ea98298d40463577392,"[""Tennis""]",1785307482.128737,KXITFWMATCH-26JUL29DESJAN-DES,Tennis,,KXITFWMATCH,81f61a76-c334-455a-ab59-aaab2f2b9045,KXITFWMATCH-26JUL29DESJAN,1785301882.0,quote,,1786510800.0,true,59.5000,57.0000,62.0000,190.00,213.00
6,53f42bc58d42435d82248ac83e5d779a,-2.0300,2026-07-29,2026-07-29,29354e42ef0c3a5dcfab2220f035fd1be5874df613426379bae1f33e112f560b,3225d938792095e42822872d66b7b9e7b79546a344da7ea98298d40463577392,"[""Tennis""]",1785307482.196167,KXITFMATCH-26JUL28CHAHEI-CHA,Tennis,,KXITFMATCH,5ba6a34a-c169-4b0b-b8fd-b835a2127855,KXITFMATCH-26JUL28CHAHEI,1785299809.0,quote,,1786505400.0,true,45.0000,44.0000,46.0000,6456.00,1056.07
6,53f42bc58d42435d82248ac83e5d779a,-2.0300,2026-07-29,2026-07-29,29354e42ef0c3a5dcfab2220f035fd1be5874df613426379bae1f33e112f560b,3225d938792095e42822872d66b7b9e7b79546a344da7ea98298d40463577392,"[""Tennis""]",1785307482.264053,KXITFWMATCH-26JUL29MALMAM-MAL,Tennis,,KXITFWMATCH,1465101e-caa8-45fd-812d-50d841d472da,KXITFWMATCH-26JUL29MALMAM,1785301775.0,quote,,1786510800.0,true,5.0000,4.0000,6.0000,2066.47,493.52
6,53f42bc58d42435d82248ac83e5d779a,-2.0300,2026-07-29,2026-07-29,29354e42ef0c3a5dcfab2220f035fd1be5874df613426379bae1f33e112f560b,3225d938792095e42822872d66b7b9e7b79546a344da7ea98298d40463577392,"[""Tennis""]",1785307482.331902,KXITFWMATCH-26JUL29ARAROT-ARA,Tennis,,KXITFWMATCH,732f03cc-f3da-4b91-b7cc-f26188d27ba6,KXITFWMATCH-26JUL29ARAROT,1785301898.0,quote,,1786510800.0,true,79.5000,79.0000,80.0000,4399.09,4010.68
6,53f42bc58d42435d82248ac83e5d779a,-2.0300,2026-07-29,2026-07-29,29354e42ef0c3a5dcfab2220f035fd1be5874df613426379bae1f33e112f560b,3225d938792095e42822872d66b7b9e7b79546a344da7ea98298d40463577392,"[""Tennis""]",1785307483.908275,KXITFWMATCH-26JUL29MAKKUZ-MAK,Tennis,,KXITFWMATCH,efd4b316-d644-47a1-9c01-9150c694f3a5,KXITFWMATCH-26JUL29MAKKUZ,1785301924.0,quote,,1786510800.0,true,81.5000,81.0000,82.0000,15574.96,28617.18
6,53f42bc58d42435d82248ac83e5d779a,-2.0300,2026-07-29,2026-07-29,29354e42ef0c3a5dcfab2220f035fd1be5874df613426379bae1f33e112f560b,3225d938792095e42822872d66b7b9e7b79546a344da7ea98298d40463577392,"[""Tennis""]",1785307484.0264692,KXITFWMATCH-26JUL29MAKKUZ-KUZ,Tennis,,KXITFWMATCH,efd4b316-d644-47a1-9c01-9150c694f3a5,KXITFWMATCH-26JUL29MAKKUZ,1785301924.0,quote,,1786510800.0,true,18.5000,18.0000,19.0000,13318.15,27778.16
6,53f42bc58d42435d82248ac83e5d779a,-2.0300,2026-07-29,2026-07-29,29354e42ef0c3a5dcfab2220f035fd1be5874df613426379bae1f33e112f560b,3225d938792095e42822872d66b7b9e7b79546a344da7ea98298d40463577392,"[""Tennis""]",1785307484.0969229,KXITFWMATCH-26JUL29YOSKIM-YOS,Tennis,,KXITFWMATCH,9b9eecb5-c6a0-414a-bcf3-57262192676d,KXITFWMATCH-26JUL29YOSKIM,1785301851.0,quote,,1786510800.0,true,58.0000,57.0000,59.0000,55.73,169.00
6,53f42bc58d42435d82248ac83e5d779a,-2.0300,2026-07-29,2026-07-29,29354e42ef0c3a5dcfab2220f035fd1be5874df613426379bae1f33e112f560b,3225d938792095e42822872d66b7b9e7b79546a344da7ea98298d40463577392,"[""Tennis""]",1785307484.166899,KXITFWMATCH-26JUL29YOSKIM-KIM,Tennis,,KXITFWMATCH,9b9eecb5-c6a0-414a-bcf3-57262192676d,KXITFWMATCH-26JUL29YOSKIM,1785301851.0,quote,,1786510800.0,true,40.5000,40.0000,41.0000,1856.48,6949.08
6,53f42bc58d42435d82248ac83e5d779a,-2.0300,2026-07-29,2026-07-29,29354e42ef0c3a5dcfab2220f035fd1be5874df613426379bae1f33e112f560b,3225d938792095e42822872d66b7b9e7b79546a344da7ea98298d40463577392,"[""Tennis""]",1785307484.2359722,KXITFWMATCH-26JUL29DESJAN-JAN,Tennis,,KXITFWMATCH,81f61a76-c334-455a-ab59-aaab2f2b9045,KXITFWMATCH-26JUL29DESJAN,1785301882.0,quote,,1786510800.0,true,40.0000,38.0000,42.0000,93.00,96.00
6,53f42bc58d42435d82248ac83e5d779a,-2.0300,2026-07-29,2026-07-29,29354e42ef0c3a5dcfab2220f035fd1be5874df613426379bae1f33e112f560b,3225d938792095e42822872d66b7b9e7b79546a344da7ea98298d40463577392,"[""Tennis""]",1785307484.306955,KXITFMATCH-26JUL28CHAHEI-HEI,Tennis,,KXITFMATCH,5ba6a34a-c169-4b0b-b8fd-b835a2127855,KXITFMATCH-26JUL28CHAHEI,1785299809.0,quote,,1786505400.0,true,54.5000,54.0000,55.0000,4696.72,5544.16
6,53f42bc58d42435d82248ac83e5d779a,-2.0300,2026-07-29,2026-07-29,29354e42ef0c3a5dcfab2220f035fd1be5874df613426379bae1f33e112f560b,3225d938792095e42822872d66b7b9e7b79546a344da7ea98298d40463577392,"[""Tennis""]",1785307484.376412,KXITFWMATCH-26JUL29DESJAN-DES,Tennis,,KXITFWMATCH,81f61a76-c334-455a-ab59-aaab2f2b9045,KXITFWMATCH-26JUL29DESJAN,1785301882.0,quote,,1786510800.0,true,59.5000,57.0000,62.0000,190.00,39.32
6,53f42bc58d42435d82248ac83e5d779a,-2.0300,2026-07-29,2026-07-29,29354e42ef0c3a5dcfab2220f035fd1be5874df613426379bae1f33e112f560b,3225d938792095e42822872d66b7b9e7b79546a344da7ea98298d40463577392,"[""Tennis""]",1785307484.444028,KXITFMATCH-26JUL28CHAHEI-CHA,Tennis,,KXITFMATCH,5ba6a34a-c169-4b0b-b8fd-b835a2127855,KXITFMATCH-26JUL28CHAHEI,1785299809.0,quote,,1786505400.0,true,45.0000,44.0000,46.0000,6456.00,1056.07
6,53f42bc58d42435d82248ac83e5d779a,-2.0300,2026-07-29,2026-07-29,29354e42ef0c3a5dcfab2220f035fd1be5874df613426379bae1f33e112f560b,3225d938792095e42822872d66b7b9e7b79546a344da7ea98298d40463577392,"[""Tennis""]",1785307484.5445042,KXITFWMATCH-26JUL29MALMAM-MAL,Tennis,,KXITFWMATCH,1465101e-caa8-45fd-812d-50d841d472da,KXITFWMATCH-26JUL29MALMAM,1785301775.0,quote,,1786510800.0,true,5.0000,4.0000,6.0000,2066.47,493.52
6,53f42bc58d42435d82248ac83e5d779a,-2.0300,2026-07-29,2026-07-29,29354e42ef0c3a5dcfab2220f035fd1be5874df613426379bae1f33e112f560b,3225d938792095e42822872d66b7b9e7b79546a344da7ea98298d40463577392,"[""Tennis""]",1785307484.614344,KXITFWMATCH-26JUL29ARAROT-ARA,Tennis,,KXITFWMATCH,732f03cc-f3da-4b91-b7cc-f26188d27ba6,KXITFWMATCH-26JUL29ARAROT,1785301898.0,quote,,1786510800.0,true,79.5000,79.0000,80.0000,4399.09,4010.68
6,53f42bc58d42435d82248ac83e5d779a,-2.0300,2026-07-29,2026-07-29,29354e42ef0c3a5dcfab2220f035fd1be5874df613426379bae1f33e112f560b,3225d938792095e42822872d66b7b9e7b79546a344da7ea98298d40463577392,"[""Tennis""]",1785307486.193799,KXITFWMATCH-26JUL29MAKKUZ-MAK,Tennis,,KXITFWMATCH,efd4b316-d644-47a1-9c01-9150c694f3a5,KXITFWMATCH-26JUL29MAKKUZ,1785301924.0,quote,,1786510800.0,true,81.5000,81.0000,82.0000,15574.96,28652.18
6,53f42bc58d42435d82248ac83e5d779a,-2.0300,2026-07-29,2026-07-29,29354e42ef0c3a5dcfab2220f035fd1be5874df613426379bae1f33e112f560b,3225d938792095e42822872d66b7b9e7b79546a344da7ea98298d40463577392,"[""Tennis""]",1785307486.263815,KXITFWMATCH-26JUL29MAKKUZ-KUZ,Tennis,,KXITFWMATCH,efd4b316-d644-47a1-9c01-9150c694f3a5,KXITFWMATCH-26JUL29MAKKUZ,1785301924.0,quote,,1786510800.0,true,18.5000,18.0000,19.0000,13318.15,27778.16
6,53f42bc58d42435d82248ac83e5d779a,-2.0300,2026-07-29,2026-07-29,29354e42ef0c3a5dcfab2220f035fd1be5874df613426379bae1f33e112f560b,3225d938792095e42822872d66b7b9e7b79546a344da7ea98298d40463577392,"[""Tennis""]",1785307486.334846,KXITFWMATCH-26JUL29YOSKIM-YOS,Tennis,,KXITFWMATCH,9b9eecb5-c6a0-414a-bcf3-57262192676d,KXITFWMATCH-26JUL29YOSKIM,1785301851.0,quote,,1786510800.0,true,58.0000,57.0000,59.0000,55.73,169.00
6,53f42bc58d42435d82248ac83e5d779a,-2.0300,2026-07-29,2026-07-29,29354e42ef0c3a5dcfab2220f035fd1be5874df613426379bae1f33e112f560b,3225d938792095e42822872d66b7b9e7b79546a344da7ea98298d40463577392,"[""Tennis""]",1785307486.4058309,KXITFWMATCH-26JUL29YOSKIM-KIM,Tennis,,KXITFWMATCH,9b9eecb5-c6a0-414a-bcf3-57262192676d,KXITFWMATCH-26JUL29YOSKIM,1785301851.0,quote,,1786510800.0,true,41.5000,40.0000,43.0000,2269.76,589.00
6,53f42bc58d42435d82248ac83e5d779a,-2.0300,2026-07-29,2026-07-29,29354e42ef0c3a5dcfab2220f035fd1be5874df613426379bae1f33e112f560b,3225d938792095e42822872d66b7b9e7b79546a344da7ea98298d40463577392,"[""Tennis""]",1785307486.476481,KXITFWMATCH-26JUL29DESJAN-JAN,Tennis,,KXITFWMATCH,81f61a76-c334-455a-ab59-aaab2f2b9045,KXITFWMATCH-26JUL29DESJAN,1785301882.0,quote,,1786510800.0,true,40.0000,38.0000,42.0000,93.00,96.00
6,53f42bc58d42435d82248ac83e5d779a,-2.0300,2026-07-29,2026-07-29,29354e42ef0c3a5dcfab2220f035fd1be5874df613426379bae1f33e112f560b,3225d938792095e42822872d66b7b9e7b79546a344da7ea98298d40463577392,"[""Tennis""]",1785307486.5497541,KXITFMATCH-26JUL28CHAHEI-HEI,Tennis,,KXITFMATCH,5ba6a34a-c169-4b0b-b8fd-b835a2127855,KXITFMATCH-26JUL28CHAHEI,1785299809.0,quote,,1786505400.0,true,54.5000,54.0000,55.0000,4696.72,5544.16
6,53f42bc58d42435d82248ac83e5d779a,-2.0300,2026-07-29,2026-07-29,29354e42ef0c3a5dcfab2220f035fd1be5874df613426379bae1f33e112f560b,3225d938792095e42822872d66b7b9e7b79546a344da7ea98298d40463577392,"[""Tennis""]",1785307486.70993,KXITFWMATCH-26JUL29DESJAN-DES,Tennis,,KXITFWMATCH,81f61a76-c334-455a-ab59-aaab2f2b9045,KXITFWMATCH-26JUL29DESJAN,1785301882.0,quote,,1786510800.0,true,59.5000,57.0000,62.0000,190.00,39.32
6,53f42bc58d42435d82248ac83e5d779a,-2.0300,2026-07-29,2026-07-29,29354e42ef0c3a5dcfab2220f035fd1be5874df613426379bae1f33e112f560b,3225d938792095e42822872d66b7b9e7b79546a344da7ea98298d40463577392,"[""Tennis""]",1785307486.782012,KXITFMATCH-26JUL28CHAHEI-CHA,Tennis,,KXITFMATCH,5ba6a34a-c169-4b0b-b8fd-b835a2127855,KXITFMATCH-26JUL28CHAHEI,1785299809.0,quote,,1786505400.0,true,45.0000,44.0000,46.0000,6456.00,1056.07
6,53f42bc58d42435d82248ac83e5d779a,-2.0300,2026-07-29,2026-07-29,29354e42ef0c3a5dcfab2220f035fd1be5874df613426379bae1f33e112f560b,3225d938792095e42822872d66b7b9e7b79546a344da7ea98298d40463577392,"[""Tennis""]",1785307486.851158,KXITFWMATCH-26JUL29MALMAM-MAL,Tennis,,KXITFWMATCH,1465101e-caa8-45fd-812d-50d841d472da,KXITFWMATCH-26JUL29MALMAM,1785301775.0,quote,,1786510800.0,true,5.0000,4.0000,6.0000,2066.47,493.52
6,53f42bc58d42435d82248ac83e5d779a,-2.0300,2026-07-29,2026-07-29,29354e42ef0c3a5dcfab2220f035fd1be5874df613426379bae1f33e112f560b,3225d938792095e42822872d66b7b9e7b79546a344da7ea98298d40463577392,"[""Tennis""]",1785307486.9193542,KXITFWMATCH-26JUL29ARAROT-ARA,Tennis,,KXITFWMATCH,732f03cc-f3da-4b91-b7cc-f26188d27ba6,KXITFWMATCH-26JUL29ARAROT,1785301898.0,quote,,1786510800.0,true,79.5000,79.0000,80.0000,4399.09,4010.68
6,53f42bc58d42435d82248ac83e5d779a,-2.0300,2026-07-29,2026-07-29,29354e42ef0c3a5dcfab2220f035fd1be5874df613426379bae1f33e112f560b,3225d938792095e42822872d66b7b9e7b79546a344da7ea98298d40463577392,"[""Tennis""]",1785307488.503204,KXITFWMATCH-26JUL29MAKKUZ-MAK,Tennis,,KXITFWMATCH,efd4b316-d644-47a1-9c01-9150c694f3a5,KXITFWMATCH-26JUL29MAKKUZ,1785301924.0,quote,,1786510800.0,true,81.5000,81.0000,82.0000,15574.96,28652.18
6,53f42bc58d42435d82248ac83e5d779a,-2.0300,2026-07-29,2026-07-29,29354e42ef0c3a5dcfab2220f035fd1be5874df613426379bae1f33e112f560b,3225d938792095e42822872d66b7b9e7b79546a344da7ea98298d40463577392,"[""Tennis""]",1785307488.573889,KXITFWMATCH-26JUL29MAKKUZ-KUZ,Tennis,,KXITFWMATCH,efd4b316-d644-47a1-9c01-9150c694f3a5,KXITFWMATCH-26JUL29MAKKUZ,1785301924.0,quote,,1786510800.0,true,18.5000,18.0000,19.0000,13318.15,27872.07
6,53f42bc58d42435d82248ac83e5d779a,-2.0300,2026-07-29,2026-07-29,29354e42ef0c3a5dcfab2220f035fd1be5874df613426379bae1f33e112f560b,3225d938792095e42822872d66b7b9e7b79546a344da7ea98298d40463577392,"[""Tennis""]",1785307488.6444821,KXITFWMATCH-26JUL29YOSKIM-YOS,Tennis,,KXITFWMATCH,9b9eecb5-c6a0-414a-bcf3-57262192676d,KXITFWMATCH-26JUL29YOSKIM,1785301851.0,quote,,1786510800.0,true,58.0000,57.0000,59.0000,55.73,169.00
6,53f42bc58d42435d82248ac83e5d779a,-2.0300,2026-07-29,2026-07-29,29354e42ef0c3a5dcfab2220f035fd1be5874df613426379bae1f33e112f560b,3225d938792095e42822872d66b7b9e7b79546a344da7ea98298d40463577392,"[""Tennis""]",1785307488.757018,KXITFWMATCH-26JUL29YOSKIM-KIM,Tennis,,KXITFWMATCH,9b9eecb5-c6a0-414a-bcf3-57262192676d,KXITFWMATCH-26JUL29YOSKIM,1785301851.0,quote,,1786510800.0,true,41.5000,40.0000,43.0000,2269.76,589.00
6,53f42bc58d42435d82248ac83e5d779a,-2.0300,2026-07-29,2026-07-29,29354e42ef0c3a5dcfab2220f035fd1be5874df613426379bae1f33e112f560b,3225d938792095e42822872d66b7b9e7b79546a344da7ea98298d40463577392,"[""Tennis""]",1785307488.824086,KXITFWMATCH-26JUL29DESJAN-JAN,Tennis,,KXITFWMATCH,81f61a76-c334-455a-ab59-aaab2f2b9045,KXITFWMATCH-26JUL29DESJAN,1785301882.0,quote,,1786510800.0,true,40.0000,38.0000,42.0000,93.00,96.00
6,53f42bc58d42435d82248ac83e5d779a,-2.0300,2026-07-29,2026-07-29,29354e42ef0c3a5dcfab2220f035fd1be5874df613426379bae1f33e112f560b,3225d938792095e42822872d66b7b9e7b79546a344da7ea98298d40463577392,"[""Tennis""]",1785307488.892638,KXITFMATCH-26JUL28CHAHEI-HEI,Tennis,,KXITFMATCH,5ba6a34a-c169-4b0b-b8fd-b835a2127855,KXITFMATCH-26JUL28CHAHEI,1785299809.0,quote,,1786505400.0,true,54.5000,54.0000,55.0000,4696.72,5544.16
6,53f42bc58d42435d82248ac83e5d779a,-2.0300,2026-07-29,2026-07-29,29354e42ef0c3a5dcfab2220f035fd1be5874df613426379bae1f33e112f560b,3225d938792095e42822872d66b7b9e7b79546a344da7ea98298d40463577392,"[""Tennis""]",1785307488.961799,KXITFWMATCH-26JUL29DESJAN-DES,Tennis,,KXITFWMATCH,81f61a76-c334-455a-ab59-aaab2f2b9045,KXITFWMATCH-26JUL29DESJAN,1785301882.0,quote,,1786510800.0,true,59.5000,57.0000,62.0000,190.00,39.32
6,53f42bc58d42435d82248ac83e5d779a,-2.0300,2026-07-29,2026-07-29,29354e42ef0c3a5dcfab2220f035fd1be5874df613426379bae1f33e112f560b,3225d938792095e42822872d66b7b9e7b79546a344da7ea98298d40463577392,"[""Tennis""]",1785307489.03472,KXITFMATCH-26JUL28CHAHEI-CHA,Tennis,,KXITFMATCH,5ba6a34a-c169-4b0b-b8fd-b835a2127855,KXITFMATCH-26JUL28CHAHEI,1785299809.0,quote,,1786505400.0,true,45.0000,44.0000,46.0000,6445.38,12691.21
6,53f42bc58d42435d82248ac83e5d779a,-2.0300,2026-07-29,2026-07-29,29354e42ef0c3a5dcfab2220f035fd1be5874df613426379bae1f33e112f560b,3225d938792095e42822872d66b7b9e7b79546a344da7ea98298d40463577392,"[""Tennis""]",1785307489.106616,KXITFWMATCH-26JUL29MALMAM-MAL,Tennis,,KXITFWMATCH,1465101e-caa8-45fd-812d-50d841d472da,KXITFWMATCH-26JUL29MALMAM,1785301775.0,quote,,1786510800.0,true,5.0000,4.0000,6.0000,2066.47,493.52
6,53f42bc58d42435d82248ac83e5d779a,-2.0300,2026-07-29,2026-07-29,29354e42ef0c3a5dcfab2220f035fd1be5874df613426379bae1f33e112f560b,3225d938792095e42822872d66b7b9e7b79546a344da7ea98298d40463577392,"[""Tennis""]",1785307489.176907,KXITFWMATCH-26JUL29ARAROT-ARA,Tennis,,KXITFWMATCH,732f03cc-f3da-4b91-b7cc-f26188d27ba6,KXITFWMATCH-26JUL29ARAROT,1785301898.0,quote,,1786510800.0,true,79.5000,79.0000,80.0000,4399.09,4010.68
6,53f42bc58d42435d82248ac83e5d779a,-2.0300,2026-07-29,2026-07-29,29354e42ef0c3a5dcfab2220f035fd1be5874df613426379bae1f33e112f560b,3225d938792095e42822872d66b7b9e7b79546a344da7ea98298d40463577392,"[""Tennis""]",1785307490.8378618,KXITFWMATCH-26JUL29MAKKUZ-MAK,Tennis,,KXITFWMATCH,efd4b316-d644-47a1-9c01-9150c694f3a5,KXITFWMATCH-26JUL29MAKKUZ,1785301924.0,quote,,1786510800.0,true,81.5000,81.0000,82.0000,15574.96,28652.18
6,53f42bc58d42435d82248ac83e5d779a,-2.0300,2026-07-29,2026-07-29,29354e42ef0c3a5dcfab2220f035fd1be5874df613426379bae1f33e112f560b,3225d938792095e42822872d66b7b9e7b79546a344da7ea98298d40463577392,"[""Tennis""]",1785307490.908138,KXITFWMATCH-26JUL29MAKKUZ-KUZ,Tennis,,KXITFWMATCH,efd4b316-d644-47a1-9c01-9150c694f3a5,KXITFWMATCH-26JUL29MAKKUZ,1785301924.0,quote,,1786510800.0,true,18.5000,18.0000,19.0000,13318.15,27872.07
6,53f42bc58d42435d82248ac83e5d779a,-2.0300,2026-07-29,2026-07-29,29354e42ef0c3a5dcfab2220f035fd1be5874df613426379bae1f33e112f560b,3225d938792095e42822872d66b7b9e7b79546a344da7ea98298d40463577392,"[""Tennis""]",1785307490.97957,KXITFWMATCH-26JUL29YOSKIM-YOS,Tennis,,KXITFWMATCH,9b9eecb5-c6a0-414a-bcf3-57262192676d,KXITFWMATCH-26JUL29YOSKIM,1785301851.0,quote,,1786510800.0,true,58.0000,57.0000,59.0000,55.73,169.00
6,53f42bc58d42435d82248ac83e5d779a,-2.0300,2026-07-29,2026-07-29,29354e42ef0c3a5dcfab2220f035fd1be5874df613426379bae1f33e112f560b,3225d938792095e42822872d66b7b9e7b79546a344da7ea98298d40463577392,"[""Tennis""]",1785307491.0503092,KXITFWMATCH-26JUL29YOSKIM-KIM,Tennis,,KXITFWMATCH,9b9eecb5-c6a0-414a-bcf3-57262192676d,KXITFWMATCH-26JUL29YOSKIM,1785301851.0,quote,,1786510800.0,true,41.5000,40.0000,43.0000,2269.76,589.00
6,53f42bc58d42435d82248ac83e5d779a,-2.0300,2026-07-29,2026-07-29,29354e42ef0c3a5dcfab2220f035fd1be5874df613426379bae1f33e112f560b,3225d938792095e42822872d66b7b9e7b79546a344da7ea98298d40463577392,"[""Tennis""]",1785307491.121095,KXITFWMATCH-26JUL29DESJAN-JAN,Tennis,,KXITFWMATCH,81f61a76-c334-455a-ab59-aaab2f2b9045,KXITFWMATCH-26JUL29DESJAN,1785301882.0,quote,,1786510800.0,true,40.0000,38.0000,42.0000,93.00,96.00
6,53f42bc58d42435d82248ac83e5d779a,-2.0300,2026-07-29,2026-07-29,29354e42ef0c3a5dcfab2220f035fd1be5874df613426379bae1f33e112f560b,3225d938792095e42822872d66b7b9e7b79546a344da7ea98298d40463577392,"[""Tennis""]",1785307491.188069,KXITFMATCH-26JUL28CHAHEI-HEI,Tennis,,KXITFMATCH,5ba6a34a-c169-4b0b-b8fd-b835a2127855,KXITFMATCH-26JUL28CHAHEI,1785299809.0,quote,,1786505400.0,true,54.5000,54.0000,55.0000,4696.72,5544.16
6,53f42bc58d42435d82248ac83e5d779a,-2.0300,2026-07-29,2026-07-29,29354e42ef0c3a5dcfab2220f035fd1be5874df613426379bae1f33e112f560b,3225d938792095e42822872d66b7b9e7b79546a344da7ea98298d40463577392,"[""Tennis""]",1785307491.2568588,KXITFWMATCH-26JUL29DESJAN-DES,Tennis,,KXITFWMATCH,81f61a76-c334-455a-ab59-aaab2f2b9045,KXITFWMATCH-26JUL29DESJAN,1785301882.0,quote,,1786510800.0,true,59.5000,57.0000,62.0000,190.00,39.32
6,53f42bc58d42435d82248ac83e5d779a,-2.0300,2026-07-29,2026-07-29,29354e42ef0c3a5dcfab2220f035fd1be5874df613426379bae1f33e112f560b,3225d938792095e42822872d66b7b9e7b79546a344da7ea98298d40463577392,"[""Tennis""]",1785307491.367323,KXITFMATCH-26JUL28CHAHEI-CHA,Tennis,,KXITFMATCH,5ba6a34a-c169-4b0b-b8fd-b835a2127855,KXITFMATCH-26JUL28CHAHEI,1785299809.0,quote,,1786505400.0,true,45.0000,44.0000,46.0000,6445.38,12691.21
6,53f42bc58d42435d82248ac83e5d779a,-2.0300,2026-07-29,2026-07-29,29354e42ef0c3a5dcfab2220f035fd1be5874df613426379bae1f33e112f560b,3225d938792095e42822872d66b7b9e7b79546a344da7ea98298d40463577392,"[""Tennis""]",1785307491.436482,KXITFWMATCH-26JUL29MALMAM-MAL,Tennis,,KXITFWMATCH,1465101e-caa8-45fd-812d-50d841d472da,KXITFWMATCH-26JUL29MALMAM,1785301775.0,quote,,1786510800.0,true,5.5000,5.0000,6.0000,2628.96,5159.93
6,53f42bc58d42435d82248ac83e5d779a,-2.0300,2026-07-29,2026-07-29,29354e42ef0c3a5dcfab2220f035fd1be5874df613426379bae1f33e112f560b,3225d938792095e42822872d66b7b9e7b79546a344da7ea98298d40463577392,"[""Tennis""]",1785307491.506698,KXITFWMATCH-26JUL29ARAROT-ARA,Tennis,,KXITFWMATCH,732f03cc-f3da-4b91-b7cc-f26188d27ba6,KXITFWMATCH-26JUL29ARAROT,1785301898.0,quote,,1786510800.0,true,79.5000,79.0000,80.0000,4732.78,3708.54
6,53f42bc58d42435d82248ac83e5d779a,-2.0300,2026-07-29,2026-07-29,29354e42ef0c3a5dcfab2220f035fd1be5874df613426379bae1f33e112f560b,3225d938792095e42822872d66b7b9e7b79546a344da7ea98298d40463577392,"[""Tennis""]",1785307493.083584,KXITFWMATCH-26JUL29MAKKUZ-MAK,Tennis,,KXITFWMATCH,efd4b316-d644-47a1-9c01-9150c694f3a5,KXITFWMATCH-26JUL29MAKKUZ,1785301924.0,quote,,1786510800.0,true,81.5000,81.0000,82.0000,15574.96,28652.18
6,53f42bc58d42435d82248ac83e5d779a,-2.0300,2026-07-29,2026-07-29,29354e42ef0c3a5dcfab2220f035fd1be5874df613426379bae1f33e112f560b,3225d938792095e42822872d66b7b9e7b79546a344da7ea98298d40463577392,"[""Tennis""]",1785307493.15476,KXITFWMATCH-26JUL29MAKKUZ-KUZ,Tennis,,KXITFWMATCH,efd4b316-d644-47a1-9c01-9150c694f3a5,KXITFWMATCH-26JUL29MAKKUZ,1785301924.0,quote,,1786510800.0,true,18.5000,18.0000,19.0000,13318.15,27872.07
6,53f42bc58d42435d82248ac83e5d779a,-2.0300,2026-07-29,2026-07-29,29354e42ef0c3a5dcfab2220f035fd1be5874df613426379bae1f33e112f560b,3225d938792095e42822872d66b7b9e7b79546a344da7ea98298d40463577392,"[""Tennis""]",1785307493.225439,KXITFWMATCH-26JUL29YOSKIM-YOS,Tennis,,KXITFWMATCH,9b9eecb5-c6a0-414a-bcf3-57262192676d,KXITFWMATCH-26JUL29YOSKIM,1785301851.0,quote,,1786510800.0,true,57.5000,56.0000,59.0000,864.66,232.74
6,53f42bc58d42435d82248ac83e5d779a,-2.0300,2026-07-29,2026-07-29,29354e42ef0c3a5dcfab2220f035fd1be5874df613426379bae1f33e112f560b,3225d938792095e42822872d66b7b9e7b79546a344da7ea98298d40463577392,"[""Tennis""]",1785307493.296198,KXITFWMATCH-26JUL29YOSKIM-KIM,Tennis,,KXITFWMATCH,9b9eecb5-c6a0-414a-bcf3-57262192676d,KXITFWMATCH-26JUL29YOSKIM,1785301851.0,quote,,1786510800.0,true,41.5000,40.0000,43.0000,2269.76,589.00
6,53f42bc58d42435d82248ac83e5d779a,-2.0300,2026-07-29,2026-07-29,29354e42ef0c3a5dcfab2220f035fd1be5874df613426379bae1f33e112f560b,3225d938792095e42822872d66b7b9e7b79546a344da7ea98298d40463577392,"[""Tennis""]",1785307493.367497,KXITFWMATCH-26JUL29DESJAN-JAN,Tennis,,KXITFWMATCH,81f61a76-c334-455a-ab59-aaab2f2b9045,KXITFWMATCH-26JUL29DESJAN,1785301882.0,quote,,1786510800.0,true,40.0000,38.0000,42.0000,93.00,96.00
6,53f42bc58d42435d82248ac83e5d779a,-2.0300,2026-07-29,2026-07-29,29354e42ef0c3a5dcfab2220f035fd1be5874df613426379bae1f33e112f560b,3225d938792095e42822872d66b7b9e7b79546a344da7ea98298d40463577392,"[""Tennis""]",1785307493.5280719,KXITFMATCH-26JUL28CHAHEI-HEI,Tennis,,KXITFMATCH,5ba6a34a-c169-4b0b-b8fd-b835a2127855,KXITFMATCH-26JUL28CHAHEI,1785299809.0,quote,,1786505400.0,true,54.5000,54.0000,55.0000,4696.72,5544.16
6,53f42bc58d42435d82248ac83e5d779a,-2.0300,2026-07-29,2026-07-29,29354e42ef0c3a5dcfab2220f035fd1be5874df613426379bae1f33e112f560b,3225d938792095e42822872d66b7b9e7b79546a344da7ea98298d40463577392,"[""Tennis""]",1785307493.5985448,KXITFWMATCH-26JUL29DESJAN-DES,Tennis,,KXITFWMATCH,81f61a76-c334-455a-ab59-aaab2f2b9045,KXITFWMATCH-26JUL29DESJAN,1785301882.0,quote,,1786510800.0,true,59.5000,57.0000,62.0000,190.00,39.32
6,53f42bc58d42435d82248ac83e5d779a,-2.0300,2026-07-29,2026-07-29,29354e42ef0c3a5dcfab2220f035fd1be5874df613426379bae1f33e112f560b,3225d938792095e42822872d66b7b9e7b79546a344da7ea98298d40463577392,"[""Tennis""]",1785307493.666649,KXITFMATCH-26JUL28CHAHEI-CHA,Tennis,,KXITFMATCH,5ba6a34a-c169-4b0b-b8fd-b835a2127855,KXITFMATCH-26JUL28CHAHEI,1785299809.0,quote,,1786505400.0,true,45.0000,44.0000,46.0000,6445.38,12691.21
6,53f42bc58d42435d82248ac83e5d779a,-2.0300,2026-07-29,2026-07-29,29354e42ef0c3a5dcfab2220f035fd1be5874df613426379bae1f33e112f560b,3225d938792095e42822872d66b7b9e7b79546a344da7ea98298d40463577392,"[""Tennis""]",1785307493.734814,KXITFWMATCH-26JUL29MALMAM-MAL,Tennis,,KXITFWMATCH,1465101e-caa8-45fd-812d-50d841d472da,KXITFWMATCH-26JUL29MALMAM,1785301775.0,quote,,1786510800.0,true,5.5000,5.0000,6.0000,2628.96,5159.93
6,53f42bc58d42435d82248ac83e5d779a,-2.0300,2026-07-29,2026-07-29,29354e42ef0c3a5dcfab2220f035fd1be5874df613426379bae1f33e112f560b,3225d938792095e42822872d66b7b9e7b79546a344da7ea98298d40463577392,"[""Tennis""]",1785307493.811452,KXITFWMATCH-26JUL29ARAROT-ARA,Tennis,,KXITFWMATCH,732f03cc-f3da-4b91-b7cc-f26188d27ba6,KXITFWMATCH-26JUL29ARAROT,1785301898.0,quote,,1786510800.0,true,79.5000,79.0000,80.0000,4732.78,3708.54
6,53f42bc58d42435d82248ac83e5d779a,-2.0300,2026-07-29,2026-07-29,29354e42ef0c3a5dcfab2220f035fd1be5874df613426379bae1f33e112f560b,3225d938792095e42822872d66b7b9e7b79546a344da7ea98298d40463577392,"[""Tennis""]",1785307495.386732,KXITFWMATCH-26JUL29MAKKUZ-MAK,Tennis,,KXITFWMATCH,efd4b316-d644-47a1-9c01-9150c694f3a5,KXITFWMATCH-26JUL29MAKKUZ,1785301924.0,quote,,1786510800.0,true,81.5000,81.0000,82.0000,15515.18,23770.93
6,53f42bc58d42435d82248ac83e5d779a,-2.0300,2026-07-29,2026-07-29,29354e42ef0c3a5dcfab2220f035fd1be5874df613426379bae1f33e112f560b,3225d938792095e42822872d66b7b9e7b79546a344da7ea98298d40463577392,"[""Tennis""]",1785307495.45732,KXITFWMATCH-26JUL29MAKKUZ-KUZ,Tennis,,KXITFWMATCH,efd4b316-d644-47a1-9c01-9150c694f3a5,KXITFWMATCH-26JUL29MAKKUZ,1785301924.0,quote,,1786510800.0,true,18.5000,18.0000,19.0000,13318.15,27872.07
6,53f42bc58d42435d82248ac83e5d779a,-2.0300,2026-07-29,2026-07-29,29354e42ef0c3a5dcfab2220f035fd1be5874df613426379bae1f33e112f560b,3225d938792095e42822872d66b7b9e7b79546a344da7ea98298d40463577392,"[""Tennis""]",1785307495.561954,KXITFWMATCH-26JUL29YOSKIM-YOS,Tennis,,KXITFWMATCH,9b9eecb5-c6a0-414a-bcf3-57262192676d,KXITFWMATCH-26JUL29YOSKIM,1785301851.0,quote,,1786510800.0,true,57.5000,56.0000,59.0000,864.66,232.74
6,53f42bc58d42435d82248ac83e5d779a,-2.0300,2026-07-29,2026-07-29,29354e42ef0c3a5dcfab2220f035fd1be5874df613426379bae1f33e112f560b,3225d938792095e42822872d66b7b9e7b79546a344da7ea98298d40463577392,"[""Tennis""]",1785307495.633578,KXITFWMATCH-26JUL29YOSKIM-KIM,Tennis,,KXITFWMATCH,9b9eecb5-c6a0-414a-bcf3-57262192676d,KXITFWMATCH-26JUL29YOSKIM,1785301851.0,quote,,1786510800.0,true,41.5000,40.0000,43.0000,2269.76,589.00
6,53f42bc58d42435d82248ac83e5d779a,-2.0300,2026-07-29,2026-07-29,29354e42ef0c3a5dcfab2220f035fd1be5874df613426379bae1f33e112f560b,3225d938792095e42822872d66b7b9e7b79546a344da7ea98298d40463577392,"[""Tennis""]",1785307495.703594,KXITFWMATCH-26JUL29DESJAN-JAN,Tennis,,KXITFWMATCH,81f61a76-c334-455a-ab59-aaab2f2b9045,KXITFWMATCH-26JUL29DESJAN,1785301882.0,quote,,1786510800.0,true,45.5000,45.0000,46.0000,1866.03,8.00
6,53f42bc58d42435d82248ac83e5d779a,-2.0300,2026-07-29,2026-07-29,29354e42ef0c3a5dcfab2220f035fd1be5874df613426379bae1f33e112f560b,3225d938792095e42822872d66b7b9e7b79546a344da7ea98298d40463577392,"[""Tennis""]",1785307495.773258,KXITFMATCH-26JUL28CHAHEI-HEI,Tennis,,KXITFMATCH,5ba6a34a-c169-4b0b-b8fd-b835a2127855,KXITFMATCH-26JUL28CHAHEI,1785299809.0,quote,,1786505400.0,true,55.0000,54.0000,56.0000,8296.48,8864.09
6,53f42bc58d42435d82248ac83e5d779a,-2.0300,2026-07-29,2026-07-29,29354e42ef0c3a5dcfab2220f035fd1be5874df613426379bae1f33e112f560b,3225d938792095e42822872d66b7b9e7b79546a344da7ea98298d40463577392,"[""Tennis""]",1785307495.8446069,KXITFWMATCH-26JUL29DESJAN-DES,Tennis,,KXITFWMATCH,81f61a76-c334-455a-ab59-aaab2f2b9045,KXITFWMATCH-26JUL29DESJAN,1785301882.0,quote,,1786510800.0,true,54.0000,53.0000,55.0000,1569.16,1507.03
6,53f42bc58d42435d82248ac83e5d779a,-2.0300,2026-07-29,2026-07-29,29354e42ef0c3a5dcfab2220f035fd1be5874df613426379bae1f33e112f560b,3225d938792095e42822872d66b7b9e7b79546a344da7ea98298d40463577392,"[""Tennis""]",1785307495.913684,KXITFMATCH-26JUL28CHAHEI-CHA,Tennis,,KXITFMATCH,5ba6a34a-c169-4b0b-b8fd-b835a2127855,KXITFMATCH-26JUL28CHAHEI,1785299809.0,quote,,1786505400.0,true,45.0000,44.0000,46.0000,6445.38,12691.21
6,53f42bc58d42435d82248ac83e5d779a,-2.0300,2026-07-29,2026-07-29,29354e42ef0c3a5dcfab2220f035fd1be5874df613426379bae1f33e112f560b,3225d938792095e42822872d66b7b9e7b79546a344da7ea98298d40463577392,"[""Tennis""]",1785307495.988466,KXITFWMATCH-26JUL29MALMAM-MAL,Tennis,,KXITFWMATCH,1465101e-caa8-45fd-812d-50d841d472da,KXITFWMATCH-26JUL29MALMAM,1785301775.0,quote,,1786510800.0,true,5.5000,5.0000,6.0000,2628.96,5159.93
6,53f42bc58d42435d82248ac83e5d779a,-2.0300,2026-07-29,2026-07-29,29354e42ef0c3a5dcfab2220f035fd1be5874df613426379bae1f33e112f560b,3225d938792095e42822872d66b7b9e7b79546a344da7ea98298d40463577392,"[""Tennis""]",1785307496.142066,KXITFWMATCH-26JUL29ARAROT-ARA,Tennis,,KXITFWMATCH,732f03cc-f3da-4b91-b7cc-f26188d27ba6,KXITFWMATCH-26JUL29ARAROT,1785301898.0,quote,,1786510800.0,true,79.5000,79.0000,80.0000,4732.78,3708.54
6,53f42bc58d42435d82248ac83e5d779a,-2.0300,2026-07-29,2026-07-29,29354e42ef0c3a5dcfab2220f035fd1be5874df613426379bae1f33e112f560b,3225d938792095e42822872d66b7b9e7b79546a344da7ea98298d40463577392,"[""Tennis""]",1785307497.720607,KXITFWMATCH-26JUL29MAKKUZ-MAK,Tennis,,KXITFWMATCH,efd4b316-d644-47a1-9c01-9150c694f3a5,KXITFWMATCH-26JUL29MAKKUZ,1785301924.0,quote,,1786510800.0,true,81.5000,81.0000,82.0000,15515.18,23770.93
6,53f42bc58d42435d82248ac83e5d779a,-2.0300,2026-07-29,2026-07-29,29354e42ef0c3a5dcfab2220f035fd1be5874df613426379bae1f33e112f560b,3225d938792095e42822872d66b7b9e7b79546a344da7ea98298d40463577392,"[""Tennis""]",1785307497.791708,KXITFWMATCH-26JUL29MAKKUZ-KUZ,Tennis,,KXITFWMATCH,efd4b316-d644-47a1-9c01-9150c694f3a5,KXITFWMATCH-26JUL29MAKKUZ,1785301924.0,quote,,1786510800.0,true,18.5000,18.0000,19.0000,13318.15,27872.07
6,53f42bc58d42435d82248ac83e5d779a,-2.0300,2026-07-29,2026-07-29,29354e42ef0c3a5dcfab2220f035fd1be5874df613426379bae1f33e112f560b,3225d938792095e42822872d66b7b9e7b79546a344da7ea98298d40463577392,"[""Tennis""]",1785307497.861848,KXITFWMATCH-26JUL29YOSKIM-YOS,Tennis,,KXITFWMATCH,9b9eecb5-c6a0-414a-bcf3-57262192676d,KXITFWMATCH-26JUL29YOSKIM,1785301851.0,quote,,1786510800.0,true,57.5000,56.0000,59.0000,864.66,232.74
6,53f42bc58d42435d82248ac83e5d779a,-2.0300,2026-07-29,2026-07-29,29354e42ef0c3a5dcfab2220f035fd1be5874df613426379bae1f33e112f560b,3225d938792095e42822872d66b7b9e7b79546a344da7ea98298d40463577392,"[""Tennis""]",1785307497.929024,KXITFWMATCH-26JUL29YOSKIM-KIM,Tennis,,KXITFWMATCH,9b9eecb5-c6a0-414a-bcf3-57262192676d,KXITFWMATCH-26JUL29YOSKIM,1785301851.0,quote,,1786510800.0,true,41.5000,40.0000,43.0000,2269.76,589.00
6,53f42bc58d42435d82248ac83e5d779a,-2.0300,2026-07-29,2026-07-29,29354e42ef0c3a5dcfab2220f035fd1be5874df613426379bae1f33e112f560b,3225d938792095e42822872d66b7b9e7b79546a344da7ea98298d40463577392,"[""Tennis""]",1785307497.995565,KXITFWMATCH-26JUL29DESJAN-JAN,Tennis,,KXITFWMATCH,81f61a76-c334-455a-ab59-aaab2f2b9045,KXITFWMATCH-26JUL29DESJAN,1785301882.0,quote,,1786510800.0,true,45.5000,45.0000,46.0000,1866.03,8.00
6,53f42bc58d42435d82248ac83e5d779a,-2.0300,2026-07-29,2026-07-29,29354e42ef0c3a5dcfab2220f035fd1be5874df613426379bae1f33e112f560b,3225d938792095e42822872d66b7b9e7b79546a344da7ea98298d40463577392,"[""Tennis""]",1785307498.0642822,KXITFMATCH-26JUL28CHAHEI-HEI,Tennis,,KXITFMATCH,5ba6a34a-c169-4b0b-b8fd-b835a2127855,KXITFMATCH-26JUL28CHAHEI,1785299809.0,quote,,1786505400.0,true,55.0000,54.0000,56.0000,8296.48,8864.09
6,53f42bc58d42435d82248ac83e5d779a,-2.0300,2026-07-29,2026-07-29,29354e42ef0c3a5dcfab2220f035fd1be5874df613426379bae1f33e112f560b,3225d938792095e42822872d66b7b9e7b79546a344da7ea98298d40463577392,"[""Tennis""]",1785307498.1776052,KXITFWMATCH-26JUL29DESJAN-DES,Tennis,,KXITFWMATCH,81f61a76-c334-455a-ab59-aaab2f2b9045,KXITFWMATCH-26JUL29DESJAN,1785301882.0,quote,,1786510800.0,true,54.0000,53.0000,55.0000,1569.16,1507.03
6,53f42bc58d42435d82248ac83e5d779a,-2.0300,2026-07-29,2026-07-29,29354e42ef0c3a5dcfab2220f035fd1be5874df613426379bae1f33e112f560b,3225d938792095e42822872d66b7b9e7b79546a344da7ea98298d40463577392,"[""Tennis""]",1785307498.247444,KXITFMATCH-26JUL28CHAHEI-CHA,Tennis,,KXITFMATCH,5ba6a34a-c169-4b0b-b8fd-b835a2127855,KXITFMATCH-26JUL28CHAHEI,1785299809.0,quote,,1786505400.0,true,45.0000,44.0000,46.0000,6445.38,12691.21
6,53f42bc58d42435d82248ac83e5d779a,-2.0300,2026-07-29,2026-07-29,29354e42ef0c3a5dcfab2220f035fd1be5874df613426379bae1f33e112f560b,3225d938792095e42822872d66b7b9e7b79546a344da7ea98298d40463577392,"[""Tennis""]",1785307498.318614,KXITFWMATCH-26JUL29MALMAM-MAL,Tennis,,KXITFWMATCH,1465101e-caa8-45fd-812d-50d841d472da,KXITFWMATCH-26JUL29MALMAM,1785301775.0,quote,,1786510800.0,true,5.5000,5.0000,6.0000,2628.96,5159.93
6,53f42bc58d42435d82248ac83e5d779a,-2.0300,2026-07-29,2026-07-29,29354e42ef0c3a5dcfab2220f035fd1be5874df613426379bae1f33e112f560b,3225d938792095e42822872d66b7b9e7b79546a344da7ea98298d40463577392,"[""Tennis""]",1785307498.389765,KXITFWMATCH-26JUL29ARAROT-ARA,Tennis,,KXITFWMATCH,732f03cc-f3da-4b91-b7cc-f26188d27ba6,KXITFWMATCH-26JUL29ARAROT,1785301898.0,quote,,1786510800.0,true,79.5000,79.0000,80.0000,4732.78,3708.54
6,53f42bc58d42435d82248ac83e5d779a,-2.0300,2026-07-29,2026-07-29,29354e42ef0c3a5dcfab2220f035fd1be5874df613426379bae1f33e112f560b,3225d938792095e42822872d66b7b9e7b79546a344da7ea98298d40463577392,"[""Tennis""]",1785307499.975316,KXITFWMATCH-26JUL29MAKKUZ-MAK,Tennis,,KXITFWMATCH,efd4b316-d644-47a1-9c01-9150c694f3a5,KXITFWMATCH-26JUL29MAKKUZ,1785301924.0,quote,,1786510800.0,true,81.5000,81.0000,82.0000,15515.18,23770.93
6,53f42bc58d42435d82248ac83e5d779a,-2.0300,2026-07-29,2026-07-29,29354e42ef0c3a5dcfab2220f035fd1be5874df613426379bae1f33e112f560b,3225d938792095e42822872d66b7b9e7b79546a344da7ea98298d40463577392,"[""Tennis""]",1785307500.046835,KXITFWMATCH-26JUL29MAKKUZ-KUZ,Tennis,,KXITFWMATCH,efd4b316-d644-47a1-9c01-9150c694f3a5,KXITFWMATCH-26JUL29MAKKUZ,1785301924.0,quote,,1786510800.0,true,18.5000,18.0000,19.0000,13319.15,27722.70
6,53f42bc58d42435d82248ac83e5d779a,-2.0300,2026-07-29,2026-07-29,29354e42ef0c3a5dcfab2220f035fd1be5874df613426379bae1f33e112f560b,3225d938792095e42822872d66b7b9e7b79546a344da7ea98298d40463577392,"[""Tennis""]",1785307500.1183932,KXITFWMATCH-26JUL29YOSKIM-YOS,Tennis,,KXITFWMATCH,9b9eecb5-c6a0-414a-bcf3-57262192676d,KXITFWMATCH-26JUL29YOSKIM,1785301851.0,quote,,1786510800.0,true,57.5000,56.0000,59.0000,864.66,232.74
6,53f42bc58d42435d82248ac83e5d779a,-2.0300,2026-07-29,2026-07-29,29354e42ef0c3a5dcfab2220f035fd1be5874df613426379bae1f33e112f560b,3225d938792095e42822872d66b7b9e7b79546a344da7ea98298d40463577392,"[""Tennis""]",1785307500.280315,KXITFWMATCH-26JUL29YOSKIM-KIM,Tennis,,KXITFWMATCH,9b9eecb5-c6a0-414a-bcf3-57262192676d,KXITFWMATCH-26JUL29YOSKIM,1785301851.0,quote,,1786510800.0,true,41.5000,40.0000,43.0000,379.48,571.12
6,53f42bc58d42435d82248ac83e5d779a,-2.0300,2026-07-29,2026-07-29,29354e42ef0c3a5dcfab2220f035fd1be5874df613426379bae1f33e112f560b,3225d938792095e42822872d66b7b9e7b79546a344da7ea98298d40463577392,"[""Tennis""]",1785307500.35306,KXITFWMATCH-26JUL29DESJAN-JAN,Tennis,,KXITFWMATCH,81f61a76-c334-455a-ab59-aaab2f2b9045,KXITFWMATCH-26JUL29DESJAN,1785301882.0,quote,,1786510800.0,true,45.5000,45.0000,46.0000,1866.03,8.00
6,53f42bc58d42435d82248ac83e5d779a,-2.0300,2026-07-29,2026-07-29,29354e42ef0c3a5dcfab2220f035fd1be5874df613426379bae1f33e112f560b,3225d938792095e42822872d66b7b9e7b79546a344da7ea98298d40463577392,"[""Tennis""]",1785307500.4218938,KXITFMATCH-26JUL28CHAHEI-HEI,Tennis,,KXITFMATCH,5ba6a34a-c169-4b0b-b8fd-b835a2127855,KXITFMATCH-26JUL28CHAHEI,1785299809.0,quote,,1786505400.0,true,55.0000,54.0000,56.0000,8296.48,8864.09
6,53f42bc58d42435d82248ac83e5d779a,-2.0300,2026-07-29,2026-07-29,29354e42ef0c3a5dcfab2220f035fd1be5874df613426379bae1f33e112f560b,3225d938792095e42822872d66b7b9e7b79546a344da7ea98298d40463577392,"[""Tennis""]",1785307500.490182,KXITFWMATCH-26JUL29DESJAN-DES,Tennis,,KXITFWMATCH,81f61a76-c334-455a-ab59-aaab2f2b9045,KXITFWMATCH-26JUL29DESJAN,1785301882.0,quote,,1786510800.0,true,54.0000,53.0000,55.0000,1569.16,1507.03
6,53f42bc58d42435d82248ac83e5d779a,-2.0300,2026-07-29,2026-07-29,29354e42ef0c3a5dcfab2220f035fd1be5874df613426379bae1f33e112f560b,3225d938792095e42822872d66b7b9e7b79546a344da7ea98298d40463577392,"[""Tennis""]",1785307500.557272,KXITFMATCH-26JUL28CHAHEI-CHA,Tennis,,KXITFMATCH,5ba6a34a-c169-4b0b-b8fd-b835a2127855,KXITFMATCH-26JUL28CHAHEI,1785299809.0,quote,,1786505400.0,true,45.5000,44.0000,47.0000,2.00,350.00
6,53f42bc58d42435d82248ac83e5d779a,-2.0300,2026-07-29,2026-07-29,29354e42ef0c3a5dcfab2220f035fd1be5874df613426379bae1f33e112f560b,3225d938792095e42822872d66b7b9e7b79546a344da7ea98298d40463577392,"[""Tennis""]",1785307500.630799,KXITFWMATCH-26JUL29MALMAM-MAL,Tennis,,KXITFWMATCH,1465101e-caa8-45fd-812d-50d841d472da,KXITFWMATCH-26JUL29MALMAM,1785301775.0,quote,,1786510800.0,true,5.5000,5.0000,6.0000,2628.96,5159.93
6,53f42bc58d42435d82248ac83e5d779a,-2.0300,2026-07-29,2026-07-29,29354e42ef0c3a5dcfab2220f035fd1be5874df613426379bae1f33e112f560b,3225d938792095e42822872d66b7b9e7b79546a344da7ea98298d40463577392,"[""Tennis""]",1785307500.6991181,KXITFWMATCH-26JUL29ARAROT-ARA,Tennis,,KXITFWMATCH,732f03cc-f3da-4b91-b7cc-f26188d27ba6,KXITFWMATCH-26JUL29ARAROT,1785301898.0,quote,,1786510800.0,true,79.5000,79.0000,80.0000,4732.78,3708.54
6,53f42bc58d42435d82248ac83e5d779a,-2.0300,2026-07-29,2026-07-29,29354e42ef0c3a5dcfab2220f035fd1be5874df613426379bae1f33e112f560b,3225d938792095e42822872d66b7b9e7b79546a344da7ea98298d40463577392,"[""Tennis""]",1785307502.272285,KXITFWMATCH-26JUL29MAKKUZ-MAK,Tennis,,KXITFWMATCH,efd4b316-d644-47a1-9c01-9150c694f3a5,KXITFWMATCH-26JUL29MAKKUZ,1785301924.0,quote,,1786510800.0,true,81.5000,81.0000,82.0000,15515.18,23770.93
6,53f42bc58d42435d82248ac83e5d779a,-2.0300,2026-07-29,2026-07-29,29354e42ef0c3a5dcfab2220f035fd1be5874df613426379bae1f33e112f560b,3225d938792095e42822872d66b7b9e7b79546a344da7ea98298d40463577392,"[""Tennis""]",1785307502.3720498,KXITFWMATCH-26JUL29MAKKUZ-KUZ,Tennis,,KXITFWMATCH,efd4b316-d644-47a1-9c01-9150c694f3a5,KXITFWMATCH-26JUL29MAKKUZ,1785301924.0,quote,,1786510800.0,true,18.5000,18.0000,19.0000,13319.15,27722.70
6,53f42bc58d42435d82248ac83e5d779a,-2.0300,2026-07-29,2026-07-29,29354e42ef0c3a5dcfab2220f035fd1be5874df613426379bae1f33e112f560b,3225d938792095e42822872d66b7b9e7b79546a344da7ea98298d40463577392,"[""Tennis""]",1785307502.442361,KXITFWMATCH-26JUL29YOSKIM-YOS,Tennis,,KXITFWMATCH,9b9eecb5-c6a0-414a-bcf3-57262192676d,KXITFWMATCH-26JUL29YOSKIM,1785301851.0,quote,,1786510800.0,true,57.5000,56.0000,59.0000,864.66,232.74
6,53f42bc58d42435d82248ac83e5d779a,-2.0300,2026-07-29,2026-07-29,29354e42ef0c3a5dcfab2220f035fd1be5874df613426379bae1f33e112f560b,3225d938792095e42822872d66b7b9e7b79546a344da7ea98298d40463577392,"[""Tennis""]",1785307502.5122051,KXITFWMATCH-26JUL29YOSKIM-KIM,Tennis,,KXITFWMATCH,9b9eecb5-c6a0-414a-bcf3-57262192676d,KXITFWMATCH-26JUL29YOSKIM,1785301851.0,quote,,1786510800.0,true,41.5000,40.0000,43.0000,379.48,571.12
6,53f42bc58d42435d82248ac83e5d779a,-2.0300,2026-07-29,2026-07-29,29354e42ef0c3a5dcfab2220f035fd1be5874df613426379bae1f33e112f560b,3225d938792095e42822872d66b7b9e7b79546a344da7ea98298d40463577392,"[""Tennis""]",1785307502.5793989,KXITFWMATCH-26JUL29DESJAN-JAN,Tennis,,KXITFWMATCH,81f61a76-c334-455a-ab59-aaab2f2b9045,KXITFWMATCH-26JUL29DESJAN,1785301882.0,quote,,1786510800.0,true,45.5000,45.0000,46.0000,1866.03,8.00
6,53f42bc58d42435d82248ac83e5d779a,-2.0300,2026-07-29,2026-07-29,29354e42ef0c3a5dcfab2220f035fd1be5874df613426379bae1f33e112f560b,3225d938792095e42822872d66b7b9e7b79546a344da7ea98298d40463577392,"[""Tennis""]",1785307502.6474361,KXITFMATCH-26JUL28CHAHEI-HEI,Tennis,,KXITFMATCH,5ba6a34a-c169-4b0b-b8fd-b835a2127855,KXITFMATCH-26JUL28CHAHEI,1785299809.0,quote,,1786505400.0,true,55.0000,54.0000,56.0000,8296.48,8864.09
6,53f42bc58d42435d82248ac83e5d779a,-2.0300,2026-07-29,2026-07-29,29354e42ef0c3a5dcfab2220f035fd1be5874df613426379bae1f33e112f560b,3225d938792095e42822872d66b7b9e7b79546a344da7ea98298d40463577392,"[""Tennis""]",1785307502.7165508,KXITFWMATCH-26JUL29DESJAN-DES,Tennis,,KXITFWMATCH,81f61a76-c334-455a-ab59-aaab2f2b9045,KXITFWMATCH-26JUL29DESJAN,1785301882.0,quote,,1786510800.0,true,54.0000,53.0000,55.0000,1569.16,1507.03
6,53f42bc58d42435d82248ac83e5d779a,-2.0300,2026-07-29,2026-07-29,29354e42ef0c3a5dcfab2220f035fd1be5874df613426379bae1f33e112f560b,3225d938792095e42822872d66b7b9e7b79546a344da7ea98298d40463577392,"[""Tennis""]",1785307502.787159,KXITFMATCH-26JUL28CHAHEI-CHA,Tennis,,KXITFMATCH,5ba6a34a-c169-4b0b-b8fd-b835a2127855,KXITFMATCH-26JUL28CHAHEI,1785299809.0,quote,,1786505400.0,true,45.5000,44.0000,47.0000,2.00,350.00
6,53f42bc58d42435d82248ac83e5d779a,-2.0300,2026-07-29,2026-07-29,29354e42ef0c3a5dcfab2220f035fd1be5874df613426379bae1f33e112f560b,3225d938792095e42822872d66b7b9e7b79546a344da7ea98298d40463577392,"[""Tennis""]",1785307502.902126,KXITFWMATCH-26JUL29MALMAM-MAL,Tennis,,KXITFWMATCH,1465101e-caa8-45fd-812d-50d841d472da,KXITFWMATCH-26JUL29MALMAM,1785301775.0,quote,,1786510800.0,true,4.5000,4.0000,5.0000,7598.57,1472.54
6,53f42bc58d42435d82248ac83e5d779a,-2.0300,2026-07-29,2026-07-29,29354e42ef0c3a5dcfab2220f035fd1be5874df613426379bae1f33e112f560b,3225d938792095e42822872d66b7b9e7b79546a344da7ea98298d40463577392,"[""Tennis""]",1785307502.972987,KXITFWMATCH-26JUL29ARAROT-ARA,Tennis,,KXITFWMATCH,732f03cc-f3da-4b91-b7cc-f26188d27ba6,KXITFWMATCH-26JUL29ARAROT,1785301898.0,quote,,1786510800.0,true,79.5000,79.0000,80.0000,4432.78,3708.54
6,53f42bc58d42435d82248ac83e5d779a,-2.0300,2026-07-29,2026-07-29,29354e42ef0c3a5dcfab2220f035fd1be5874df613426379bae1f33e112f560b,3225d938792095e42822872d66b7b9e7b79546a344da7ea98298d40463577392,"[""Tennis""]",1785307504.545625,KXITFWMATCH-26JUL29MAKKUZ-MAK,Tennis,,KXITFWMATCH,efd4b316-d644-47a1-9c01-9150c694f3a5,KXITFWMATCH-26JUL29MAKKUZ,1785301924.0,quote,,1786510800.0,true,81.5000,81.0000,82.0000,15515.18,23770.93
6,53f42bc58d42435d82248ac83e5d779a,-2.0300,2026-07-29,2026-07-29,29354e42ef0c3a5dcfab2220f035fd1be5874df613426379bae1f33e112f560b,3225d938792095e42822872d66b7b9e7b79546a344da7ea98298d40463577392,"[""Tennis""]",1785307504.6128561,KXITFWMATCH-26JUL29MAKKUZ-KUZ,Tennis,,KXITFWMATCH,efd4b316-d644-47a1-9c01-9150c694f3a5,KXITFWMATCH-26JUL29MAKKUZ,1785301924.0,quote,,1786510800.0,true,18.5000,18.0000,19.0000,13319.15,27722.70
6,53f42bc58d42435d82248ac83e5d779a,-2.0300,2026-07-29,2026-07-29,29354e42ef0c3a5dcfab2220f035fd1be5874df613426379bae1f33e112f560b,3225d938792095e42822872d66b7b9e7b79546a344da7ea98298d40463577392,"[""Tennis""]",1785307504.6813838,KXITFWMATCH-26JUL29YOSKIM-YOS,Tennis,,KXITFWMATCH,9b9eecb5-c6a0-414a-bcf3-57262192676d,KXITFWMATCH-26JUL29YOSKIM,1785301851.0,quote,,1786510800.0,true,57.5000,56.0000,59.0000,864.66,232.74
6,53f42bc58d42435d82248ac83e5d779a,-2.0300,2026-07-29,2026-07-29,29354e42ef0c3a5dcfab2220f035fd1be5874df613426379bae1f33e112f560b,3225d938792095e42822872d66b7b9e7b79546a344da7ea98298d40463577392,"[""Tennis""]",1785307504.7507231,KXITFWMATCH-26JUL29YOSKIM-KIM,Tennis,,KXITFWMATCH,9b9eecb5-c6a0-414a-bcf3-57262192676d,KXITFWMATCH-26JUL29YOSKIM,1785301851.0,quote,,1786510800.0,true,41.5000,40.0000,43.0000,379.48,571.12
6,53f42bc58d42435d82248ac83e5d779a,-2.0300,2026-07-29,2026-07-29,29354e42ef0c3a5dcfab2220f035fd1be5874df613426379bae1f33e112f560b,3225d938792095e42822872d66b7b9e7b79546a344da7ea98298d40463577392,"[""Tennis""]",1785307504.819413,KXITFWMATCH-26JUL29DESJAN-JAN,Tennis,,KXITFWMATCH,81f61a76-c334-455a-ab59-aaab2f2b9045,KXITFWMATCH-26JUL29DESJAN,1785301882.0,quote,,1786510800.0,true,45.5000,45.0000,46.0000,1866.03,8.00
6,53f42bc58d42435d82248ac83e5d779a,-2.0300,2026-07-29,2026-07-29,29354e42ef0c3a5dcfab2220f035fd1be5874df613426379bae1f33e112f560b,3225d938792095e42822872d66b7b9e7b79546a344da7ea98298d40463577392,"[""Tennis""]",1785307504.887019,KXITFMATCH-26JUL28CHAHEI-HEI,Tennis,,KXITFMATCH,5ba6a34a-c169-4b0b-b8fd-b835a2127855,KXITFMATCH-26JUL28CHAHEI,1785299809.0,quote,,1786505400.0,true,55.0000,54.0000,56.0000,8296.48,8864.09
6,53f42bc58d42435d82248ac83e5d779a,-2.0300,2026-07-29,2026-07-29,29354e42ef0c3a5dcfab2220f035fd1be5874df613426379bae1f33e112f560b,3225d938792095e42822872d66b7b9e7b79546a344da7ea98298d40463577392,"[""Tennis""]",1785307505.0030642,KXITFWMATCH-26JUL29DESJAN-DES,Tennis,,KXITFWMATCH,81f61a76-c334-455a-ab59-aaab2f2b9045,KXITFWMATCH-26JUL29DESJAN,1785301882.0,quote,,1786510800.0,true,55.5000,55.0000,56.0000,1450.94,5274.92
6,53f42bc58d42435d82248ac83e5d779a,-2.0300,2026-07-29,2026-07-29,29354e42ef0c3a5dcfab2220f035fd1be5874df613426379bae1f33e112f560b,3225d938792095e42822872d66b7b9e7b79546a344da7ea98298d40463577392,"[""Tennis""]",1785307505.071717,KXITFMATCH-26JUL28CHAHEI-CHA,Tennis,,KXITFMATCH,5ba6a34a-c169-4b0b-b8fd-b835a2127855,KXITFMATCH-26JUL28CHAHEI,1785299809.0,quote,,1786505400.0,true,45.5000,44.0000,47.0000,2.00,350.00
6,53f42bc58d42435d82248ac83e5d779a,-2.0300,2026-07-29,2026-07-29,29354e42ef0c3a5dcfab2220f035fd1be5874df613426379bae1f33e112f560b,3225d938792095e42822872d66b7b9e7b79546a344da7ea98298d40463577392,"[""Tennis""]",1785307505.138587,KXITFWMATCH-26JUL29MALMAM-MAL,Tennis,,KXITFWMATCH,1465101e-caa8-45fd-812d-50d841d472da,KXITFWMATCH-26JUL29MALMAM,1785301775.0,quote,,1786510800.0,true,4.5000,4.0000,5.0000,7598.57,1472.54
6,53f42bc58d42435d82248ac83e5d779a,-2.0300,2026-07-29,2026-07-29,29354e42ef0c3a5dcfab2220f035fd1be5874df613426379bae1f33e112f560b,3225d938792095e42822872d66b7b9e7b79546a344da7ea98298d40463577392,"[""Tennis""]",1785307505.2071419,KXITFWMATCH-26JUL29ARAROT-ARA,Tennis,,KXITFWMATCH,732f03cc-f3da-4b91-b7cc-f26188d27ba6,KXITFWMATCH-26JUL29ARAROT,1785301898.0,quote,,1786510800.0,true,79.5000,79.0000,80.0000,4432.78,3708.54
6,53f42bc58d42435d82248ac83e5d779a,-2.0300,2026-07-29,2026-07-29,29354e42ef0c3a5dcfab2220f035fd1be5874df613426379bae1f33e112f560b,3225d938792095e42822872d66b7b9e7b79546a344da7ea98298d40463577392,"[""Tennis""]",1785307506.785238,KXITFWMATCH-26JUL29MAKKUZ-MAK,Tennis,,KXITFWMATCH,efd4b316-d644-47a1-9c01-9150c694f3a5,KXITFWMATCH-26JUL29MAKKUZ,1785301924.0,quote,,1786510800.0,true,81.5000,81.0000,82.0000,15515.18,23770.93
6,53f42bc58d42435d82248ac83e5d779a,-2.0300,2026-07-29,2026-07-29,29354e42ef0c3a5dcfab2220f035fd1be5874df613426379bae1f33e112f560b,3225d938792095e42822872d66b7b9e7b79546a344da7ea98298d40463577392,"[""Tennis""]",1785307506.8557062,KXITFWMATCH-26JUL29MAKKUZ-KUZ,Tennis,,KXITFWMATCH,efd4b316-d644-47a1-9c01-9150c694f3a5,KXITFWMATCH-26JUL29MAKKUZ,1785301924.0,quote,,1786510800.0,true,18.5000,18.0000,19.0000,13319.15,27722.70
6,53f42bc58d42435d82248ac83e5d779a,-2.0300,2026-07-29,2026-07-29,29354e42ef0c3a5dcfab2220f035fd1be5874df613426379bae1f33e112f560b,3225d938792095e42822872d66b7b9e7b79546a344da7ea98298d40463577392,"[""Tennis""]",1785307506.92383,KXITFWMATCH-26JUL29YOSKIM-YOS,Tennis,,KXITFWMATCH,9b9eecb5-c6a0-414a-bcf3-57262192676d,KXITFWMATCH-26JUL29YOSKIM,1785301851.0,quote,,1786510800.0,true,62.5000,62.0000,63.0000,4638.60,1339.09
6,53f42bc58d42435d82248ac83e5d779a,-2.0300,2026-07-29,2026-07-29,29354e42ef0c3a5dcfab2220f035fd1be5874df613426379bae1f33e112f560b,3225d938792095e42822872d66b7b9e7b79546a344da7ea98298d40463577392,"[""Tennis""]",1785307506.991627,KXITFWMATCH-26JUL29YOSKIM-KIM,Tennis,,KXITFWMATCH,9b9eecb5-c6a0-414a-bcf3-57262192676d,KXITFWMATCH-26JUL29YOSKIM,1785301851.0,quote,,1786510800.0,true,41.5000,40.0000,43.0000,379.48,571.12
6,53f42bc58d42435d82248ac83e5d779a,-2.0300,2026-07-29,2026-07-29,29354e42ef0c3a5dcfab2220f035fd1be5874df613426379bae1f33e112f560b,3225d938792095e42822872d66b7b9e7b79546a344da7ea98298d40463577392,"[""Tennis""]",1785307507.096232,KXITFWMATCH-26JUL29DESJAN-JAN,Tennis,,KXITFWMATCH,81f61a76-c334-455a-ab59-aaab2f2b9045,KXITFWMATCH-26JUL29DESJAN,1785301882.0,quote,,1786510800.0,true,44.5000,44.0000,45.0000,3890.98,1309.08
6,53f42bc58d42435d82248ac83e5d779a,-2.0300,2026-07-29,2026-07-29,29354e42ef0c3a5dcfab2220f035fd1be5874df613426379bae1f33e112f560b,3225d938792095e42822872d66b7b9e7b79546a344da7ea98298d40463577392,"[""Tennis""]",1785307507.164427,KXITFMATCH-26JUL28CHAHEI-HEI,Tennis,,KXITFMATCH,5ba6a34a-c169-4b0b-b8fd-b835a2127855,KXITFMATCH-26JUL28CHAHEI,1785299809.0,quote,,1786505400.0,true,49.5000,48.0000,51.0000,300.00,703.27
6,53f42bc58d42435d82248ac83e5d779a,-2.0300,2026-07-29,2026-07-29,29354e42ef0c3a5dcfab2220f035fd1be5874df613426379bae1f33e112f560b,3225d938792095e42822872d66b7b9e7b79546a344da7ea98298d40463577392,"[""Tennis""]",1785307507.234205,KXITFWMATCH-26JUL29DESJAN-DES,Tennis,,KXITFWMATCH,81f61a76-c334-455a-ab59-aaab2f2b9045,KXITFWMATCH-26JUL29DESJAN,1785301882.0,quote,,1786510800.0,true,55.5000,55.0000,56.0000,1450.94,5274.92
6,53f42bc58d42435d82248ac83e5d779a,-2.0300,2026-07-29,2026-07-29,29354e42ef0c3a5dcfab2220f035fd1be5874df613426379bae1f33e112f560b,3225d938792095e42822872d66b7b9e7b79546a344da7ea98298d40463577392,"[""Tennis""]",1785307507.305938,KXITFMATCH-26JUL28CHAHEI-CHA,Tennis,,KXITFMATCH,5ba6a34a-c169-4b0b-b8fd-b835a2127855,KXITFMATCH-26JUL28CHAHEI,1785299809.0,quote,,1786505400.0,true,45.5000,44.0000,47.0000,2.00,350.00
6,53f42bc58d42435d82248ac83e5d779a,-2.0300,2026-07-29,2026-07-29,29354e42ef0c3a5dcfab2220f035fd1be5874df613426379bae1f33e112f560b,3225d938792095e42822872d66b7b9e7b79546a344da7ea98298d40463577392,"[""Tennis""]",1785307507.375653,KXITFWMATCH-26JUL29MALMAM-MAL,Tennis,,KXITFWMATCH,1465101e-caa8-45fd-812d-50d841d472da,KXITFWMATCH-26JUL29MALMAM,1785301775.0,quote,,1786510800.0,true,4.5000,4.0000,5.0000,7598.57,1472.54
6,53f42bc58d42435d82248ac83e5d779a,-2.0300,2026-07-29,2026-07-29,29354e42ef0c3a5dcfab2220f035fd1be5874df613426379bae1f33e112f560b,3225d938792095e42822872d66b7b9e7b79546a344da7ea98298d40463577392,"[""Tennis""]",1785307507.446959,KXITFWMATCH-26JUL29ARAROT-ARA,Tennis,,KXITFWMATCH,732f03cc-f3da-4b91-b7cc-f26188d27ba6,KXITFWMATCH-26JUL29ARAROT,1785301898.0,quote,,1786510800.0,true,79.5000,79.0000,80.0000,4432.78,3708.54
6,53f42bc58d42435d82248ac83e5d779a,-2.0300,2026-07-29,2026-07-29,29354e42ef0c3a5dcfab2220f035fd1be5874df613426379bae1f33e112f560b,3225d938792095e42822872d66b7b9e7b79546a344da7ea98298d40463577392,"[""Tennis""]",1785307509.023218,KXITFWMATCH-26JUL29MAKKUZ-MAK,Tennis,,KXITFWMATCH,efd4b316-d644-47a1-9c01-9150c694f3a5,KXITFWMATCH-26JUL29MAKKUZ,1785301924.0,quote,,1786510800.0,true,81.5000,81.0000,82.0000,15515.18,23770.93
6,53f42bc58d42435d82248ac83e5d779a,-2.0300,2026-07-29,2026-07-29,29354e42ef0c3a5dcfab2220f035fd1be5874df613426379bae1f33e112f560b,3225d938792095e42822872d66b7b9e7b79546a344da7ea98298d40463577392,"[""Tennis""]",1785307509.092343,KXITFWMATCH-26JUL29MAKKUZ-KUZ,Tennis,,KXITFWMATCH,efd4b316-d644-47a1-9c01-9150c694f3a5,KXITFWMATCH-26JUL29MAKKUZ,1785301924.0,quote,,1786510800.0,true,18.5000,18.0000,19.0000,13319.15,27722.70
6,53f42bc58d42435d82248ac83e5d779a,-2.0300,2026-07-29,2026-07-29,29354e42ef0c3a5dcfab2220f035fd1be5874df613426379bae1f33e112f560b,3225d938792095e42822872d66b7b9e7b79546a344da7ea98298d40463577392,"[""Tennis""]",1785307509.1923468,KXITFWMATCH-26JUL29YOSKIM-YOS,Tennis,,KXITFWMATCH,9b9eecb5-c6a0-414a-bcf3-57262192676d,KXITFWMATCH-26JUL29YOSKIM,1785301851.0,quote,,1786510800.0,true,62.5000,62.0000,63.0000,4638.60,1339.09
6,53f42bc58d42435d82248ac83e5d779a,-2.0300,2026-07-29,2026-07-29,29354e42ef0c3a5dcfab2220f035fd1be5874df613426379bae1f33e112f560b,3225d938792095e42822872d66b7b9e7b79546a344da7ea98298d40463577392,"[""Tennis""]",1785307509.263631,KXITFWMATCH-26JUL29YOSKIM-KIM,Tennis,,KXITFWMATCH,9b9eecb5-c6a0-414a-bcf3-57262192676d,KXITFWMATCH-26JUL29YOSKIM,1785301851.0,quote,,1786510800.0,true,37.5000,37.0000,38.0000,1784.09,6900.82
6,53f42bc58d42435d82248ac83e5d779a,-2.0300,2026-07-29,2026-07-29,29354e42ef0c3a5dcfab2220f035fd1be5874df613426379bae1f33e112f560b,3225d938792095e42822872d66b7b9e7b79546a344da7ea98298d40463577392,"[""Tennis""]",1785307509.334572,KXITFWMATCH-26JUL29DESJAN-JAN,Tennis,,KXITFWMATCH,81f61a76-c334-455a-ab59-aaab2f2b9045,KXITFWMATCH-26JUL29DESJAN,1785301882.0,quote,,1786510800.0,true,44.5000,44.0000,45.0000,3890.98,1309.08
6,53f42bc58d42435d82248ac83e5d779a,-2.0300,2026-07-29,2026-07-29,29354e42ef0c3a5dcfab2220f035fd1be5874df613426379bae1f33e112f560b,3225d938792095e42822872d66b7b9e7b79546a344da7ea98298d40463577392,"[""Tennis""]",1785307509.4048262,KXITFMATCH-26JUL28CHAHEI-HEI,Tennis,,KXITFMATCH,5ba6a34a-c169-4b0b-b8fd-b835a2127855,KXITFMATCH-26JUL28CHAHEI,1785299809.0,quote,,1786505400.0,true,49.5000,48.0000,51.0000,300.00,703.27
6,53f42bc58d42435d82248ac83e5d779a,-2.0300,2026-07-29,2026-07-29,29354e42ef0c3a5dcfab2220f035fd1be5874df613426379bae1f33e112f560b,3225d938792095e42822872d66b7b9e7b79546a344da7ea98298d40463577392,"[""Tennis""]",1785307509.473815,KXITFWMATCH-26JUL29DESJAN-DES,Tennis,,KXITFWMATCH,81f61a76-c334-455a-ab59-aaab2f2b9045,KXITFWMATCH-26JUL29DESJAN,1785301882.0,quote,,1786510800.0,true,55.5000,55.0000,56.0000,1450.94,5274.92
6,53f42bc58d42435d82248ac83e5d779a,-2.0300,2026-07-29,2026-07-29,29354e42ef0c3a5dcfab2220f035fd1be5874df613426379bae1f33e112f560b,3225d938792095e42822872d66b7b9e7b79546a344da7ea98298d40463577392,"[""Tennis""]",1785307509.547589,KXITFMATCH-26JUL28CHAHEI-CHA,Tennis,,KXITFMATCH,5ba6a34a-c169-4b0b-b8fd-b835a2127855,KXITFMATCH-26JUL28CHAHEI,1785299809.0,quote,,1786505400.0,true,45.5000,44.0000,47.0000,2.00,350.00
6,53f42bc58d42435d82248ac83e5d779a,-2.0300,2026-07-29,2026-07-29,29354e42ef0c3a5dcfab2220f035fd1be5874df613426379bae1f33e112f560b,3225d938792095e42822872d66b7b9e7b79546a344da7ea98298d40463577392,"[""Tennis""]",1785307509.6182,KXITFWMATCH-26JUL29MALMAM-MAL,Tennis,,KXITFWMATCH,1465101e-caa8-45fd-812d-50d841d472da,KXITFWMATCH-26JUL29MALMAM,1785301775.0,quote,,1786510800.0,true,4.5000,4.0000,5.0000,7598.57,1472.54
6,53f42bc58d42435d82248ac83e5d779a,-2.0300,2026-07-29,2026-07-29,29354e42ef0c3a5dcfab2220f035fd1be5874df613426379bae1f33e112f560b,3225d938792095e42822872d66b7b9e7b79546a344da7ea98298d40463577392,"[""Tennis""]",1785307509.774765,KXITFWMATCH-26JUL29ARAROT-ARA,Tennis,,KXITFWMATCH,732f03cc-f3da-4b91-b7cc-f26188d27ba6,KXITFWMATCH-26JUL29ARAROT,1785301898.0,quote,,1786510800.0,true,79.5000,79.0000,80.0000,4432.78,3708.54
6,53f42bc58d42435d82248ac83e5d779a,-2.0300,2026-07-29,2026-07-29,29354e42ef0c3a5dcfab2220f035fd1be5874df613426379bae1f33e112f560b,3225d938792095e42822872d66b7b9e7b79546a344da7ea98298d40463577392,"[""Tennis""]",1785307511.352183,KXITFWMATCH-26JUL29MAKKUZ-MAK,Tennis,,KXITFWMATCH,efd4b316-d644-47a1-9c01-9150c694f3a5,KXITFWMATCH-26JUL29MAKKUZ,1785301924.0,quote,,1786510800.0,true,81.5000,81.0000,82.0000,15515.18,23770.93
6,53f42bc58d42435d82248ac83e5d779a,-2.0300,2026-07-29,2026-07-29,29354e42ef0c3a5dcfab2220f035fd1be5874df613426379bae1f33e112f560b,3225d938792095e42822872d66b7b9e7b79546a344da7ea98298d40463577392,"[""Tennis""]",1785307511.42276,KXITFWMATCH-26JUL29MAKKUZ-KUZ,Tennis,,KXITFWMATCH,efd4b316-d644-47a1-9c01-9150c694f3a5,KXITFWMATCH-26JUL29MAKKUZ,1785301924.0,quote,,1786510800.0,true,18.5000,18.0000,19.0000,13319.15,27722.70
6,53f42bc58d42435d82248ac83e5d779a,-2.0300,2026-07-29,2026-07-29,29354e42ef0c3a5dcfab2220f035fd1be5874df613426379bae1f33e112f560b,3225d938792095e42822872d66b7b9e7b79546a344da7ea98298d40463577392,"[""Tennis""]",1785307511.491703,KXITFWMATCH-26JUL29YOSKIM-YOS,Tennis,,KXITFWMATCH,9b9eecb5-c6a0-414a-bcf3-57262192676d,KXITFWMATCH-26JUL29YOSKIM,1785301851.0,quote,,1786510800.0,true,62.5000,62.0000,63.0000,4638.60,1339.09
6,53f42bc58d42435d82248ac83e5d779a,-2.0300,2026-07-29,2026-07-29,29354e42ef0c3a5dcfab2220f035fd1be5874df613426379bae1f33e112f560b,3225d938792095e42822872d66b7b9e7b79546a344da7ea98298d40463577392,"[""Tennis""]",1785307511.562679,KXITFWMATCH-26JUL29YOSKIM-KIM,Tennis,,KXITFWMATCH,9b9eecb5-c6a0-414a-bcf3-57262192676d,KXITFWMATCH-26JUL29YOSKIM,1785301851.0,quote,,1786510800.0,true,37.5000,37.0000,38.0000,1784.09,6900.82
6,53f42bc58d42435d82248ac83e5d779a,-2.0300,2026-07-29,2026-07-29,29354e42ef0c3a5dcfab2220f035fd1be5874df613426379bae1f33e112f560b,3225d938792095e42822872d66b7b9e7b79546a344da7ea98298d40463577392,"[""Tennis""]",1785307511.633651,KXITFWMATCH-26JUL29DESJAN-JAN,Tennis,,KXITFWMATCH,81f61a76-c334-455a-ab59-aaab2f2b9045,KXITFWMATCH-26JUL29DESJAN,1785301882.0,quote,,1786510800.0,true,44.5000,44.0000,45.0000,3890.98,1309.08
6,53f42bc58d42435d82248ac83e5d779a,-2.0300,2026-07-29,2026-07-29,29354e42ef0c3a5dcfab2220f035fd1be5874df613426379bae1f33e112f560b,3225d938792095e42822872d66b7b9e7b79546a344da7ea98298d40463577392,"[""Tennis""]",1785307511.7022989,KXITFMATCH-26JUL28CHAHEI-HEI,Tennis,,KXITFMATCH,5ba6a34a-c169-4b0b-b8fd-b835a2127855,KXITFMATCH-26JUL28CHAHEI,1785299809.0,quote,,1786505400.0,true,49.5000,48.0000,51.0000,300.00,703.27
6,53f42bc58d42435d82248ac83e5d779a,-2.0300,2026-07-29,2026-07-29,29354e42ef0c3a5dcfab2220f035fd1be5874df613426379bae1f33e112f560b,3225d938792095e42822872d66b7b9e7b79546a344da7ea98298d40463577392,"[""Tennis""]",1785307511.8151412,KXITFWMATCH-26JUL29DESJAN-DES,Tennis,,KXITFWMATCH,81f61a76-c334-455a-ab59-aaab2f2b9045,KXITFWMATCH-26JUL29DESJAN,1785301882.0,quote,,1786510800.0,true,55.5000,55.0000,56.0000,1450.94,5274.92
6,53f42bc58d42435d82248ac83e5d779a,-2.0300,2026-07-29,2026-07-29,29354e42ef0c3a5dcfab2220f035fd1be5874df613426379bae1f33e112f560b,3225d938792095e42822872d66b7b9e7b79546a344da7ea98298d40463577392,"[""Tennis""]",1785307511.8858602,KXITFMATCH-26JUL28CHAHEI-CHA,Tennis,,KXITFMATCH,5ba6a34a-c169-4b0b-b8fd-b835a2127855,KXITFMATCH-26JUL28CHAHEI,1785299809.0,quote,,1786505400.0,true,49.5000,49.0000,50.0000,2324.83,7482.97
6,53f42bc58d42435d82248ac83e5d779a,-2.0300,2026-07-29,2026-07-29,29354e42ef0c3a5dcfab2220f035fd1be5874df613426379bae1f33e112f560b,3225d938792095e42822872d66b7b9e7b79546a344da7ea98298d40463577392,"[""Tennis""]",1785307511.95667,KXITFWMATCH-26JUL29MALMAM-MAL,Tennis,,KXITFWMATCH,1465101e-caa8-45fd-812d-50d841d472da,KXITFWMATCH-26JUL29MALMAM,1785301775.0,quote,,1786510800.0,true,4.5000,4.0000,5.0000,7598.57,1472.54
6,53f42bc58d42435d82248ac83e5d779a,-2.0300,2026-07-29,2026-07-29,29354e42ef0c3a5dcfab2220f035fd1be5874df613426379bae1f33e112f560b,3225d938792095e42822872d66b7b9e7b79546a344da7ea98298d40463577392,"[""Tennis""]",1785307512.027105,KXITFWMATCH-26JUL29ARAROT-ARA,Tennis,,KXITFWMATCH,732f03cc-f3da-4b91-b7cc-f26188d27ba6,KXITFWMATCH-26JUL29ARAROT,1785301898.0,quote,,1786510800.0,true,79.5000,79.0000,80.0000,4432.78,3708.54
6,53f42bc58d42435d82248ac83e5d779a,-2.0300,2026-07-29,2026-07-29,29354e42ef0c3a5dcfab2220f035fd1be5874df613426379bae1f33e112f560b,3225d938792095e42822872d66b7b9e7b79546a344da7ea98298d40463577392,"[""Tennis""]",1785307513.610367,KXITFWMATCH-26JUL29MAKKUZ-MAK,Tennis,,KXITFWMATCH,efd4b316-d644-47a1-9c01-9150c694f3a5,KXITFWMATCH-26JUL29MAKKUZ,1785301924.0,quote,,1786510800.0,true,81.5000,81.0000,82.0000,15515.18,23770.93
6,53f42bc58d42435d82248ac83e5d779a,-2.0300,2026-07-29,2026-07-29,29354e42ef0c3a5dcfab2220f035fd1be5874df613426379bae1f33e112f560b,3225d938792095e42822872d66b7b9e7b79546a344da7ea98298d40463577392,"[""Tennis""]",1785307513.6865668,KXITFWMATCH-26JUL29MAKKUZ-KUZ,Tennis,,KXITFWMATCH,efd4b316-d644-47a1-9c01-9150c694f3a5,KXITFWMATCH-26JUL29MAKKUZ,1785301924.0,quote,,1786510800.0,true,18.5000,18.0000,19.0000,13319.15,27722.70
6,53f42bc58d42435d82248ac83e5d779a,-2.0300,2026-07-29,2026-07-29,29354e42ef0c3a5dcfab2220f035fd1be5874df613426379bae1f33e112f560b,3225d938792095e42822872d66b7b9e7b79546a344da7ea98298d40463577392,"[""Tennis""]",1785307513.762339,KXITFWMATCH-26JUL29YOSKIM-YOS,Tennis,,KXITFWMATCH,9b9eecb5-c6a0-414a-bcf3-57262192676d,KXITFWMATCH-26JUL29YOSKIM,1785301851.0,quote,,1786510800.0,true,62.5000,62.0000,63.0000,4638.60,1339.09
6,53f42bc58d42435d82248ac83e5d779a,-2.0300,2026-07-29,2026-07-29,29354e42ef0c3a5dcfab2220f035fd1be5874df613426379bae1f33e112f560b,3225d938792095e42822872d66b7b9e7b79546a344da7ea98298d40463577392,"[""Tennis""]",1785307513.9114082,KXITFWMATCH-26JUL29YOSKIM-KIM,Tennis,,KXITFWMATCH,9b9eecb5-c6a0-414a-bcf3-57262192676d,KXITFWMATCH-26JUL29YOSKIM,1785301851.0,quote,,1786510800.0,true,37.5000,37.0000,38.0000,1784.09,6900.82
6,53f42bc58d42435d82248ac83e5d779a,-2.0300,2026-07-29,2026-07-29,29354e42ef0c3a5dcfab2220f035fd1be5874df613426379bae1f33e112f560b,3225d938792095e42822872d66b7b9e7b79546a344da7ea98298d40463577392,"[""Tennis""]",1785307513.985419,KXITFWMATCH-26JUL29DESJAN-JAN,Tennis,,KXITFWMATCH,81f61a76-c334-455a-ab59-aaab2f2b9045,KXITFWMATCH-26JUL29DESJAN,1785301882.0,quote,,1786510800.0,true,44.5000,44.0000,45.0000,3890.98,1309.08
6,53f42bc58d42435d82248ac83e5d779a,-2.0300,2026-07-29,2026-07-29,29354e42ef0c3a5dcfab2220f035fd1be5874df613426379bae1f33e112f560b,3225d938792095e42822872d66b7b9e7b79546a344da7ea98298d40463577392,"[""Tennis""]",1785307514.055486,KXITFMATCH-26JUL28CHAHEI-HEI,Tennis,,KXITFMATCH,5ba6a34a-c169-4b0b-b8fd-b835a2127855,KXITFMATCH-26JUL28CHAHEI,1785299809.0,quote,,1786505400.0,true,49.5000,48.0000,51.0000,300.00,703.27
6,53f42bc58d42435d82248ac83e5d779a,-2.0300,2026-07-29,2026-07-29,29354e42ef0c3a5dcfab2220f035fd1be5874df613426379bae1f33e112f560b,3225d938792095e42822872d66b7b9e7b79546a344da7ea98298d40463577392,"[""Tennis""]",1785307514.124911,KXITFWMATCH-26JUL29DESJAN-DES,Tennis,,KXITFWMATCH,81f61a76-c334-455a-ab59-aaab2f2b9045,KXITFWMATCH-26JUL29DESJAN,1785301882.0,quote,,1786510800.0,true,55.5000,55.0000,56.0000,1450.94,5274.92
6,53f42bc58d42435d82248ac83e5d779a,-2.0300,2026-07-29,2026-07-29,29354e42ef0c3a5dcfab2220f035fd1be5874df613426379bae1f33e112f560b,3225d938792095e42822872d66b7b9e7b79546a344da7ea98298d40463577392,"[""Tennis""]",1785307514.195767,KXITFMATCH-26JUL28CHAHEI-CHA,Tennis,,KXITFMATCH,5ba6a34a-c169-4b0b-b8fd-b835a2127855,KXITFMATCH-26JUL28CHAHEI,1785299809.0,quote,,1786505400.0,true,49.5000,49.0000,50.0000,2324.83,7482.97
6,53f42bc58d42435d82248ac83e5d779a,-2.0300,2026-07-29,2026-07-29,29354e42ef0c3a5dcfab2220f035fd1be5874df613426379bae1f33e112f560b,3225d938792095e42822872d66b7b9e7b79546a344da7ea98298d40463577392,"[""Tennis""]",1785307514.266793,KXITFWMATCH-26JUL29MALMAM-MAL,Tennis,,KXITFWMATCH,1465101e-caa8-45fd-812d-50d841d472da,KXITFWMATCH-26JUL29MALMAM,1785301775.0,quote,,1786510800.0,true,5.5000,5.0000,6.0000,400.40,1684.12
6,53f42bc58d42435d82248ac83e5d779a,-2.0300,2026-07-29,2026-07-29,29354e42ef0c3a5dcfab2220f035fd1be5874df613426379bae1f33e112f560b,3225d938792095e42822872d66b7b9e7b79546a344da7ea98298d40463577392,"[""Tennis""]",1785307514.336425,KXITFWMATCH-26JUL29ARAROT-ARA,Tennis,,KXITFWMATCH,732f03cc-f3da-4b91-b7cc-f26188d27ba6,KXITFWMATCH-26JUL29ARAROT,1785301898.0,quote,,1786510800.0,true,79.0000,77.0000,81.0000,217.10,167.74
6,53f42bc58d42435d82248ac83e5d779a,-2.0300,2026-07-29,2026-07-29,29354e42ef0c3a5dcfab2220f035fd1be5874df613426379bae1f33e112f560b,3225d938792095e42822872d66b7b9e7b79546a344da7ea98298d40463577392,"[""Tennis""]",1785307515.913664,KXITFWMATCH-26JUL29MAKKUZ-MAK,Tennis,,KXITFWMATCH,efd4b316-d644-47a1-9c01-9150c694f3a5,KXITFWMATCH-26JUL29MAKKUZ,1785301924.0,quote,,1786510800.0,true,81.5000,81.0000,82.0000,15515.18,23770.93
6,53f42bc58d42435d82248ac83e5d779a,-2.0300,2026-07-29,2026-07-29,29354e42ef0c3a5dcfab2220f035fd1be5874df613426379bae1f33e112f560b,3225d938792095e42822872d66b7b9e7b79546a344da7ea98298d40463577392,"[""Tennis""]",1785307516.068641,KXITFWMATCH-26JUL29MAKKUZ-KUZ,Tennis,,KXITFWMATCH,efd4b316-d644-47a1-9c01-9150c694f3a5,KXITFWMATCH-26JUL29MAKKUZ,1785301924.0,quote,,1786510800.0,true,18.5000,18.0000,19.0000,13319.15,27722.70
6,53f42bc58d42435d82248ac83e5d779a,-2.0300,2026-07-29,2026-07-29,29354e42ef0c3a5dcfab2220f035fd1be5874df613426379bae1f33e112f560b,3225d938792095e42822872d66b7b9e7b79546a344da7ea98298d40463577392,"[""Tennis""]",1785307516.143599,KXITFWMATCH-26JUL29YOSKIM-YOS,Tennis,,KXITFWMATCH,9b9eecb5-c6a0-414a-bcf3-57262192676d,KXITFWMATCH-26JUL29YOSKIM,1785301851.0,quote,,1786510800.0,true,62.5000,62.0000,63.0000,4638.60,1339.09
6,53f42bc58d42435d82248ac83e5d779a,-2.0300,2026-07-29,2026-07-29,29354e42ef0c3a5dcfab2220f035fd1be5874df613426379bae1f33e112f560b,3225d938792095e42822872d66b7b9e7b79546a344da7ea98298d40463577392,"[""Tennis""]",1785307516.2123342,KXITFWMATCH-26JUL29YOSKIM-KIM,Tennis,,KXITFWMATCH,9b9eecb5-c6a0-414a-bcf3-57262192676d,KXITFWMATCH-26JUL29YOSKIM,1785301851.0,quote,,1786510800.0,true,37.5000,37.0000,38.0000,1784.09,6900.82
6,53f42bc58d42435d82248ac83e5d779a,-2.0300,2026-07-29,2026-07-29,29354e42ef0c3a5dcfab2220f035fd1be5874df613426379bae1f33e112f560b,3225d938792095e42822872d66b7b9e7b79546a344da7ea98298d40463577392,"[""Tennis""]",1785307516.281309,KXITFWMATCH-26JUL29DESJAN-JAN,Tennis,,KXITFWMATCH,81f61a76-c334-455a-ab59-aaab2f2b9045,KXITFWMATCH-26JUL29DESJAN,1785301882.0,quote,,1786510800.0,true,44.5000,44.0000,45.0000,3890.98,1309.08
6,53f42bc58d42435d82248ac83e5d779a,-2.0300,2026-07-29,2026-07-29,29354e42ef0c3a5dcfab2220f035fd1be5874df613426379bae1f33e112f560b,3225d938792095e42822872d66b7b9e7b79546a344da7ea98298d40463577392,"[""Tennis""]",1785307516.3546,KXITFMATCH-26JUL28CHAHEI-HEI,Tennis,,KXITFMATCH,5ba6a34a-c169-4b0b-b8fd-b835a2127855,KXITFMATCH-26JUL28CHAHEI,1785299809.0,quote,,1786505400.0,true,49.5000,48.0000,51.0000,300.00,703.27
6,53f42bc58d42435d82248ac83e5d779a,-2.0300,2026-07-29,2026-07-29,29354e42ef0c3a5dcfab2220f035fd1be5874df613426379bae1f33e112f560b,3225d938792095e42822872d66b7b9e7b79546a344da7ea98298d40463577392,"[""Tennis""]",1785307516.4231522,KXITFWMATCH-26JUL29DESJAN-DES,Tennis,,KXITFWMATCH,81f61a76-c334-455a-ab59-aaab2f2b9045,KXITFWMATCH-26JUL29DESJAN,1785301882.0,quote,,1786510800.0,true,55.5000,55.0000,56.0000,1450.94,5274.92
6,53f42bc58d42435d82248ac83e5d779a,-2.0300,2026-07-29,2026-07-29,29354e42ef0c3a5dcfab2220f035fd1be5874df613426379bae1f33e112f560b,3225d938792095e42822872d66b7b9e7b79546a344da7ea98298d40463577392,"[""Tennis""]",1785307516.53755,KXITFMATCH-26JUL28CHAHEI-CHA,Tennis,,KXITFMATCH,5ba6a34a-c169-4b0b-b8fd-b835a2127855,KXITFMATCH-26JUL28CHAHEI,1785299809.0,quote,,1786505400.0,true,49.5000,49.0000,50.0000,2324.83,7482.97
6,53f42bc58d42435d82248ac83e5d779a,-2.0300,2026-07-29,2026-07-29,29354e42ef0c3a5dcfab2220f035fd1be5874df613426379bae1f33e112f560b,3225d938792095e42822872d66b7b9e7b79546a344da7ea98298d40463577392,"[""Tennis""]",1785307516.608336,KXITFWMATCH-26JUL29MALMAM-MAL,Tennis,,KXITFWMATCH,1465101e-caa8-45fd-812d-50d841d472da,KXITFWMATCH-26JUL29MALMAM,1785301775.0,quote,,1786510800.0,true,5.5000,5.0000,6.0000,400.40,1684.12
6,53f42bc58d42435d82248ac83e5d779a,-2.0300,2026-07-29,2026-07-29,29354e42ef0c3a5dcfab2220f035fd1be5874df613426379bae1f33e112f560b,3225d938792095e42822872d66b7b9e7b79546a344da7ea98298d40463577392,"[""Tennis""]",1785307516.677669,KXITFWMATCH-26JUL29ARAROT-ARA,Tennis,,KXITFWMATCH,732f03cc-f3da-4b91-b7cc-f26188d27ba6,KXITFWMATCH-26JUL29ARAROT,1785301898.0,quote,,1786510800.0,true,79.0000,77.0000,81.0000,217.10,167.74
6,53f42bc58d42435d82248ac83e5d779a,-2.0300,2026-07-29,2026-07-29,29354e42ef0c3a5dcfab2220f035fd1be5874df613426379bae1f33e112f560b,3225d938792095e42822872d66b7b9e7b79546a344da7ea98298d40463577392,"[""Tennis""]",1785307518.2591622,KXITFWMATCH-26JUL29MAKKUZ-MAK,Tennis,,KXITFWMATCH,efd4b316-d644-47a1-9c01-9150c694f3a5,KXITFWMATCH-26JUL29MAKKUZ,1785301924.0,quote,,1786510800.0,true,81.5000,81.0000,82.0000,15515.18,26283.93
6,53f42bc58d42435d82248ac83e5d779a,-2.0300,2026-07-29,2026-07-29,29354e42ef0c3a5dcfab2220f035fd1be5874df613426379bae1f33e112f560b,3225d938792095e42822872d66b7b9e7b79546a344da7ea98298d40463577392,"[""Tennis""]",1785307518.328724,KXITFWMATCH-26JUL29MAKKUZ-KUZ,Tennis,,KXITFWMATCH,efd4b316-d644-47a1-9c01-9150c694f3a5,KXITFWMATCH-26JUL29MAKKUZ,1785301924.0,quote,,1786510800.0,true,18.5000,18.0000,19.0000,13319.15,27722.70
6,53f42bc58d42435d82248ac83e5d779a,-2.0300,2026-07-29,2026-07-29,29354e42ef0c3a5dcfab2220f035fd1be5874df613426379bae1f33e112f560b,3225d938792095e42822872d66b7b9e7b79546a344da7ea98298d40463577392,"[""Tennis""]",1785307518.3976672,KXITFWMATCH-26JUL29YOSKIM-YOS,Tennis,,KXITFWMATCH,9b9eecb5-c6a0-414a-bcf3-57262192676d,KXITFWMATCH-26JUL29YOSKIM,1785301851.0,quote,,1786510800.0,true,62.5000,62.0000,63.0000,5697.10,3430.67
6,53f42bc58d42435d82248ac83e5d779a,-2.0300,2026-07-29,2026-07-29,29354e42ef0c3a5dcfab2220f035fd1be5874df613426379bae1f33e112f560b,3225d938792095e42822872d66b7b9e7b79546a344da7ea98298d40463577392,"[""Tennis""]",1785307518.465217,KXITFWMATCH-26JUL29YOSKIM-KIM,Tennis,,KXITFWMATCH,9b9eecb5-c6a0-414a-bcf3-57262192676d,KXITFWMATCH-26JUL29YOSKIM,1785301851.0,quote,,1786510800.0,true,37.5000,37.0000,38.0000,1784.09,6900.82
6,53f42bc58d42435d82248ac83e5d779a,-2.0300,2026-07-29,2026-07-29,29354e42ef0c3a5dcfab2220f035fd1be5874df613426379bae1f33e112f560b,3225d938792095e42822872d66b7b9e7b79546a344da7ea98298d40463577392,"[""Tennis""]",1785307518.533207,KXITFWMATCH-26JUL29DESJAN-JAN,Tennis,,KXITFWMATCH,81f61a76-c334-455a-ab59-aaab2f2b9045,KXITFWMATCH-26JUL29DESJAN,1785301882.0,quote,,1786510800.0,true,44.5000,43.0000,46.0000,243.00,8.00
6,53f42bc58d42435d82248ac83e5d779a,-2.0300,2026-07-29,2026-07-29,29354e42ef0c3a5dcfab2220f035fd1be5874df613426379bae1f33e112f560b,3225d938792095e42822872d66b7b9e7b79546a344da7ea98298d40463577392,"[""Tennis""]",1785307518.6927,KXITFMATCH-26JUL28CHAHEI-HEI,Tennis,,KXITFMATCH,5ba6a34a-c169-4b0b-b8fd-b835a2127855,KXITFMATCH-26JUL28CHAHEI,1785299809.0,quote,,1786505400.0,true,51.5000,51.0000,52.0000,18436.03,3936.32
6,53f42bc58d42435d82248ac83e5d779a,-2.0300,2026-07-29,2026-07-29,29354e42ef0c3a5dcfab2220f035fd1be5874df613426379bae1f33e112f560b,3225d938792095e42822872d66b7b9e7b79546a344da7ea98298d40463577392,"[""Tennis""]",1785307518.763872,KXITFWMATCH-26JUL29DESJAN-DES,Tennis,,KXITFWMATCH,81f61a76-c334-455a-ab59-aaab2f2b9045,KXITFWMATCH-26JUL29DESJAN,1785301882.0,quote,,1786510800.0,true,54.0000,52.0000,56.0000,8.00,186.02
6,53f42bc58d42435d82248ac83e5d779a,-2.0300,2026-07-29,2026-07-29,29354e42ef0c3a5dcfab2220f035fd1be5874df613426379bae1f33e112f560b,3225d938792095e42822872d66b7b9e7b79546a344da7ea98298d40463577392,"[""Tennis""]",1785307518.833189,KXITFMATCH-26JUL28CHAHEI-CHA,Tennis,,KXITFMATCH,5ba6a34a-c169-4b0b-b8fd-b835a2127855,KXITFMATCH-26JUL28CHAHEI,1785299809.0,quote,,1786505400.0,true,49.5000,49.0000,50.0000,2324.83,7482.97
6,53f42bc58d42435d82248ac83e5d779a,-2.0300,2026-07-29,2026-07-29,29354e42ef0c3a5dcfab2220f035fd1be5874df613426379bae1f33e112f560b,3225d938792095e42822872d66b7b9e7b79546a344da7ea98298d40463577392,"[""Tennis""]",1785307518.902411,KXITFWMATCH-26JUL29MALMAM-MAL,Tennis,,KXITFWMATCH,1465101e-caa8-45fd-812d-50d841d472da,KXITFWMATCH-26JUL29MALMAM,1785301775.0,quote,,1786510800.0,true,5.5000,5.0000,6.0000,400.40,1684.12
6,53f42bc58d42435d82248ac83e5d779a,-2.0300,2026-07-29,2026-07-29,29354e42ef0c3a5dcfab2220f035fd1be5874df613426379bae1f33e112f560b,3225d938792095e42822872d66b7b9e7b79546a344da7ea98298d40463577392,"[""Tennis""]",1785307518.977175,KXITFWMATCH-26JUL29ARAROT-ARA,Tennis,,KXITFWMATCH,732f03cc-f3da-4b91-b7cc-f26188d27ba6,KXITFWMATCH-26JUL29ARAROT,1785301898.0,quote,,1786510800.0,true,79.0000,77.0000,81.0000,217.10,167.74
6,53f42bc58d42435d82248ac83e5d779a,-2.0300,2026-07-29,2026-07-29,29354e42ef0c3a5dcfab2220f035fd1be5874df613426379bae1f33e112f560b,3225d938792095e42822872d66b7b9e7b79546a344da7ea98298d40463577392,"[""Tennis""]",1785307520.5535748,KXITFWMATCH-26JUL29MAKKUZ-MAK,Tennis,,KXITFWMATCH,efd4b316-d644-47a1-9c01-9150c694f3a5,KXITFWMATCH-26JUL29MAKKUZ,1785301924.0,quote,,1786510800.0,true,81.5000,81.0000,82.0000,15515.18,26283.93
6,53f42bc58d42435d82248ac83e5d779a,-2.0300,2026-07-29,2026-07-29,29354e42ef0c3a5dcfab2220f035fd1be5874df613426379bae1f33e112f560b,3225d938792095e42822872d66b7b9e7b79546a344da7ea98298d40463577392,"[""Tennis""]",1785307520.623967,KXITFWMATCH-26JUL29MAKKUZ-KUZ,Tennis,,KXITFWMATCH,efd4b316-d644-47a1-9c01-9150c694f3a5,KXITFWMATCH-26JUL29MAKKUZ,1785301924.0,quote,,1786510800.0,true,18.5000,18.0000,19.0000,13319.15,27722.70
6,53f42bc58d42435d82248ac83e5d779a,-2.0300,2026-07-29,2026-07-29,29354e42ef0c3a5dcfab2220f035fd1be5874df613426379bae1f33e112f560b,3225d938792095e42822872d66b7b9e7b79546a344da7ea98298d40463577392,"[""Tennis""]",1785307520.72755,KXITFWMATCH-26JUL29YOSKIM-YOS,Tennis,,KXITFWMATCH,9b9eecb5-c6a0-414a-bcf3-57262192676d,KXITFWMATCH-26JUL29YOSKIM,1785301851.0,quote,,1786510800.0,true,62.5000,62.0000,63.0000,5697.10,3430.67
6,53f42bc58d42435d82248ac83e5d779a,-2.0300,2026-07-29,2026-07-29,29354e42ef0c3a5dcfab2220f035fd1be5874df613426379bae1f33e112f560b,3225d938792095e42822872d66b7b9e7b79546a344da7ea98298d40463577392,"[""Tennis""]",1785307520.797587,KXITFWMATCH-26JUL29YOSKIM-KIM,Tennis,,KXITFWMATCH,9b9eecb5-c6a0-414a-bcf3-57262192676d,KXITFWMATCH-26JUL29YOSKIM,1785301851.0,quote,,1786510800.0,true,37.5000,37.0000,38.0000,1784.09,6352.18
6,53f42bc58d42435d82248ac83e5d779a,-2.0300,2026-07-29,2026-07-29,29354e42ef0c3a5dcfab2220f035fd1be5874df613426379bae1f33e112f560b,3225d938792095e42822872d66b7b9e7b79546a344da7ea98298d40463577392,"[""Tennis""]",1785307520.8649092,KXITFWMATCH-26JUL29DESJAN-JAN,Tennis,,KXITFWMATCH,81f61a76-c334-455a-ab59-aaab2f2b9045,KXITFWMATCH-26JUL29DESJAN,1785301882.0,quote,,1786510800.0,true,44.5000,43.0000,46.0000,243.00,8.00
6,53f42bc58d42435d82248ac83e5d779a,-2.0300,2026-07-29,2026-07-29,29354e42ef0c3a5dcfab2220f035fd1be5874df613426379bae1f33e112f560b,3225d938792095e42822872d66b7b9e7b79546a344da7ea98298d40463577392,"[""Tennis""]",1785307520.9342551,KXITFMATCH-26JUL28CHAHEI-HEI,Tennis,,KXITFMATCH,5ba6a34a-c169-4b0b-b8fd-b835a2127855,KXITFMATCH-26JUL28CHAHEI,1785299809.0,quote,,1786505400.0,true,51.5000,51.0000,52.0000,18436.03,3936.32
6,53f42bc58d42435d82248ac83e5d779a,-2.0300,2026-07-29,2026-07-29,29354e42ef0c3a5dcfab2220f035fd1be5874df613426379bae1f33e112f560b,3225d938792095e42822872d66b7b9e7b79546a344da7ea98298d40463577392,"[""Tennis""]",1785307521.0017788,KXITFWMATCH-26JUL29DESJAN-DES,Tennis,,KXITFWMATCH,81f61a76-c334-455a-ab59-aaab2f2b9045,KXITFWMATCH-26JUL29DESJAN,1785301882.0,quote,,1786510800.0,true,54.0000,52.0000,56.0000,8.00,186.02
6,53f42bc58d42435d82248ac83e5d779a,-2.0300,2026-07-29,2026-07-29,29354e42ef0c3a5dcfab2220f035fd1be5874df613426379bae1f33e112f560b,3225d938792095e42822872d66b7b9e7b79546a344da7ea98298d40463577392,"[""Tennis""]",1785307521.068696,KXITFMATCH-26JUL28CHAHEI-CHA,Tennis,,KXITFMATCH,5ba6a34a-c169-4b0b-b8fd-b835a2127855,KXITFMATCH-26JUL28CHAHEI,1785299809.0,quote,,1786505400.0,true,49.5000,49.0000,50.0000,2324.83,7482.97
6,53f42bc58d42435d82248ac83e5d779a,-2.0300,2026-07-29,2026-07-29,29354e42ef0c3a5dcfab2220f035fd1be5874df613426379bae1f33e112f560b,3225d938792095e42822872d66b7b9e7b79546a344da7ea98298d40463577392,"[""Tennis""]",1785307521.138867,KXITFWMATCH-26JUL29MALMAM-MAL,Tennis,,KXITFWMATCH,1465101e-caa8-45fd-812d-50d841d472da,KXITFWMATCH-26JUL29MALMAM,1785301775.0,quote,,1786510800.0,true,5.5000,5.0000,6.0000,400.40,1684.12
6,53f42bc58d42435d82248ac83e5d779a,-2.0300,2026-07-29,2026-07-29,29354e42ef0c3a5dcfab2220f035fd1be5874df613426379bae1f33e112f560b,3225d938792095e42822872d66b7b9e7b79546a344da7ea98298d40463577392,"[""Tennis""]",1785307521.2468321,KXITFWMATCH-26JUL29ARAROT-ARA,Tennis,,KXITFWMATCH,732f03cc-f3da-4b91-b7cc-f26188d27ba6,KXITFWMATCH-26JUL29ARAROT,1785301898.0,quote,,1786510800.0,true,79.0000,77.0000,81.0000,217.10,167.74
6,53f42bc58d42435d82248ac83e5d779a,-2.0300,2026-07-29,2026-07-29,29354e42ef0c3a5dcfab2220f035fd1be5874df613426379bae1f33e112f560b,3225d938792095e42822872d66b7b9e7b79546a344da7ea98298d40463577392,"[""Tennis""]",1785307522.885556,KXITFWMATCH-26JUL29MAKKUZ-MAK,Tennis,,KXITFWMATCH,efd4b316-d644-47a1-9c01-9150c694f3a5,KXITFWMATCH-26JUL29MAKKUZ,1785301924.0,quote,,1786510800.0,true,81.5000,81.0000,82.0000,15515.18,26283.93
6,53f42bc58d42435d82248ac83e5d779a,-2.0300,2026-07-29,2026-07-29,29354e42ef0c3a5dcfab2220f035fd1be5874df613426379bae1f33e112f560b,3225d938792095e42822872d66b7b9e7b79546a344da7ea98298d40463577392,"[""Tennis""]",1785307522.955044,KXITFWMATCH-26JUL29MAKKUZ-KUZ,Tennis,,KXITFWMATCH,efd4b316-d644-47a1-9c01-9150c694f3a5,KXITFWMATCH-26JUL29MAKKUZ,1785301924.0,quote,,1786510800.0,true,18.5000,18.0000,19.0000,13135.09,27225.63
6,53f42bc58d42435d82248ac83e5d779a,-2.0300,2026-07-29,2026-07-29,29354e42ef0c3a5dcfab2220f035fd1be5874df613426379bae1f33e112f560b,3225d938792095e42822872d66b7b9e7b79546a344da7ea98298d40463577392,"[""Tennis""]",1785307523.026203,KXITFWMATCH-26JUL29YOSKIM-YOS,Tennis,,KXITFWMATCH,9b9eecb5-c6a0-414a-bcf3-57262192676d,KXITFWMATCH-26JUL29YOSKIM,1785301851.0,quote,,1786510800.0,true,62.5000,62.0000,63.0000,5697.10,3430.67
6,53f42bc58d42435d82248ac83e5d779a,-2.0300,2026-07-29,2026-07-29,29354e42ef0c3a5dcfab2220f035fd1be5874df613426379bae1f33e112f560b,3225d938792095e42822872d66b7b9e7b79546a344da7ea98298d40463577392,"[""Tennis""]",1785307523.094628,KXITFWMATCH-26JUL29YOSKIM-KIM,Tennis,,KXITFWMATCH,9b9eecb5-c6a0-414a-bcf3-57262192676d,KXITFWMATCH-26JUL29YOSKIM,1785301851.0,quote,,1786510800.0,true,37.5000,37.0000,38.0000,1784.09,6352.18
6,53f42bc58d42435d82248ac83e5d779a,-2.0300,2026-07-29,2026-07-29,29354e42ef0c3a5dcfab2220f035fd1be5874df613426379bae1f33e112f560b,3225d938792095e42822872d66b7b9e7b79546a344da7ea98298d40463577392,"[""Tennis""]",1785307523.161759,KXITFWMATCH-26JUL29DESJAN-JAN,Tennis,,KXITFWMATCH,81f61a76-c334-455a-ab59-aaab2f2b9045,KXITFWMATCH-26JUL29DESJAN,1785301882.0,quote,,1786510800.0,true,44.5000,43.0000,46.0000,243.00,8.00
6,53f42bc58d42435d82248ac83e5d779a,-2.0300,2026-07-29,2026-07-29,29354e42ef0c3a5dcfab2220f035fd1be5874df613426379bae1f33e112f560b,3225d938792095e42822872d66b7b9e7b79546a344da7ea98298d40463577392,"[""Tennis""]",1785307523.231442,KXITFMATCH-26JUL28CHAHEI-HEI,Tennis,,KXITFMATCH,5ba6a34a-c169-4b0b-b8fd-b835a2127855,KXITFMATCH-26JUL28CHAHEI,1785299809.0,quote,,1786505400.0,true,51.5000,51.0000,52.0000,18436.03,3936.32
6,53f42bc58d42435d82248ac83e5d779a,-2.0300,2026-07-29,2026-07-29,29354e42ef0c3a5dcfab2220f035fd1be5874df613426379bae1f33e112f560b,3225d938792095e42822872d66b7b9e7b79546a344da7ea98298d40463577392,"[""Tennis""]",1785307523.3469398,KXITFWMATCH-26JUL29DESJAN-DES,Tennis,,KXITFWMATCH,81f61a76-c334-455a-ab59-aaab2f2b9045,KXITFWMATCH-26JUL29DESJAN,1785301882.0,quote,,1786510800.0,true,54.0000,52.0000,56.0000,8.00,186.02
6,53f42bc58d42435d82248ac83e5d779a,-2.0300,2026-07-29,2026-07-29,29354e42ef0c3a5dcfab2220f035fd1be5874df613426379bae1f33e112f560b,3225d938792095e42822872d66b7b9e7b79546a344da7ea98298d40463577392,"[""Tennis""]",1785307523.417665,KXITFMATCH-26JUL28CHAHEI-CHA,Tennis,,KXITFMATCH,5ba6a34a-c169-4b0b-b8fd-b835a2127855,KXITFMATCH-26JUL28CHAHEI,1785299809.0,quote,,1786505400.0,true,48.5000,48.0000,49.0000,9112.63,35406.54
6,53f42bc58d42435d82248ac83e5d779a,-2.0300,2026-07-29,2026-07-29,29354e42ef0c3a5dcfab2220f035fd1be5874df613426379bae1f33e112f560b,3225d938792095e42822872d66b7b9e7b79546a344da7ea98298d40463577392,"[""Tennis""]",1785307523.488262,KXITFWMATCH-26JUL29MALMAM-MAL,Tennis,,KXITFWMATCH,1465101e-caa8-45fd-812d-50d841d472da,KXITFWMATCH-26JUL29MALMAM,1785301775.0,quote,,1786510800.0,true,5.5000,5.0000,6.0000,400.40,1684.12
6,53f42bc58d42435d82248ac83e5d779a,-2.0300,2026-07-29,2026-07-29,29354e42ef0c3a5dcfab2220f035fd1be5874df613426379bae1f33e112f560b,3225d938792095e42822872d66b7b9e7b79546a344da7ea98298d40463577392,"[""Tennis""]",1785307523.560027,KXITFWMATCH-26JUL29ARAROT-ARA,Tennis,,KXITFWMATCH,732f03cc-f3da-4b91-b7cc-f26188d27ba6,KXITFWMATCH-26JUL29ARAROT,1785301898.0,quote,,1786510800.0,true,79.0000,77.0000,81.0000,217.10,167.74
6,53f42bc58d42435d82248ac83e5d779a,-2.0300,2026-07-29,2026-07-29,29354e42ef0c3a5dcfab2220f035fd1be5874df613426379bae1f33e112f560b,3225d938792095e42822872d66b7b9e7b79546a344da7ea98298d40463577392,"[""Tennis""]",1785307525.136805,KXITFWMATCH-26JUL29MAKKUZ-MAK,Tennis,,KXITFWMATCH,efd4b316-d644-47a1-9c01-9150c694f3a5,KXITFWMATCH-26JUL29MAKKUZ,1785301924.0,quote,,1786510800.0,true,81.5000,81.0000,82.0000,15515.18,26283.93
6,53f42bc58d42435d82248ac83e5d779a,-2.0300,2026-07-29,2026-07-29,29354e42ef0c3a5dcfab2220f035fd1be5874df613426379bae1f33e112f560b,3225d938792095e42822872d66b7b9e7b79546a344da7ea98298d40463577392,"[""Tennis""]",1785307525.2085838,KXITFWMATCH-26JUL29MAKKUZ-KUZ,Tennis,,KXITFWMATCH,efd4b316-d644-47a1-9c01-9150c694f3a5,KXITFWMATCH-26JUL29MAKKUZ,1785301924.0,quote,,1786510800.0,true,18.5000,18.0000,19.0000,13135.09,27225.63
6,53f42bc58d42435d82248ac83e5d779a,-2.0300,2026-07-29,2026-07-29,29354e42ef0c3a5dcfab2220f035fd1be5874df613426379bae1f33e112f560b,3225d938792095e42822872d66b7b9e7b79546a344da7ea98298d40463577392,"[""Tennis""]",1785307525.2770739,KXITFWMATCH-26JUL29YOSKIM-YOS,Tennis,,KXITFWMATCH,9b9eecb5-c6a0-414a-bcf3-57262192676d,KXITFWMATCH-26JUL29YOSKIM,1785301851.0,quote,,1786510800.0,true,62.5000,62.0000,63.0000,5697.10,3430.67
6,53f42bc58d42435d82248ac83e5d779a,-2.0300,2026-07-29,2026-07-29,29354e42ef0c3a5dcfab2220f035fd1be5874df613426379bae1f33e112f560b,3225d938792095e42822872d66b7b9e7b79546a344da7ea98298d40463577392,"[""Tennis""]",1785307525.344654,KXITFWMATCH-26JUL29YOSKIM-KIM,Tennis,,KXITFWMATCH,9b9eecb5-c6a0-414a-bcf3-57262192676d,KXITFWMATCH-26JUL29YOSKIM,1785301851.0,quote,,1786510800.0,true,37.5000,37.0000,38.0000,1784.09,6352.18
6,53f42bc58d42435d82248ac83e5d779a,-2.0300,2026-07-29,2026-07-29,29354e42ef0c3a5dcfab2220f035fd1be5874df613426379bae1f33e112f560b,3225d938792095e42822872d66b7b9e7b79546a344da7ea98298d40463577392,"[""Tennis""]",1785307525.4455009,KXITFWMATCH-26JUL29DESJAN-JAN,Tennis,,KXITFWMATCH,81f61a76-c334-455a-ab59-aaab2f2b9045,KXITFWMATCH-26JUL29DESJAN,1785301882.0,quote,,1786510800.0,true,44.5000,43.0000,46.0000,243.00,8.00
6,53f42bc58d42435d82248ac83e5d779a,-2.0300,2026-07-29,2026-07-29,29354e42ef0c3a5dcfab2220f035fd1be5874df613426379bae1f33e112f560b,3225d938792095e42822872d66b7b9e7b79546a344da7ea98298d40463577392,"[""Tennis""]",1785307525.514048,KXITFMATCH-26JUL28CHAHEI-HEI,Tennis,,KXITFMATCH,5ba6a34a-c169-4b0b-b8fd-b835a2127855,KXITFMATCH-26JUL28CHAHEI,1785299809.0,quote,,1786505400.0,true,51.5000,51.0000,52.0000,18436.03,3936.32
6,53f42bc58d42435d82248ac83e5d779a,-2.0300,2026-07-29,2026-07-29,29354e42ef0c3a5dcfab2220f035fd1be5874df613426379bae1f33e112f560b,3225d938792095e42822872d66b7b9e7b79546a344da7ea98298d40463577392,"[""Tennis""]",1785307525.584249,KXITFWMATCH-26JUL29DESJAN-DES,Tennis,,KXITFWMATCH,81f61a76-c334-455a-ab59-aaab2f2b9045,KXITFWMATCH-26JUL29DESJAN,1785301882.0,quote,,1786510800.0,true,54.0000,52.0000,56.0000,8.00,186.02
6,53f42bc58d42435d82248ac83e5d779a,-2.0300,2026-07-29,2026-07-29,29354e42ef0c3a5dcfab2220f035fd1be5874df613426379bae1f33e112f560b,3225d938792095e42822872d66b7b9e7b79546a344da7ea98298d40463577392,"[""Tennis""]",1785307525.6539671,KXITFMATCH-26JUL28CHAHEI-CHA,Tennis,,KXITFMATCH,5ba6a34a-c169-4b0b-b8fd-b835a2127855,KXITFMATCH-26JUL28CHAHEI,1785299809.0,quote,,1786505400.0,true,48.5000,48.0000,49.0000,9112.63,35406.54
6,53f42bc58d42435d82248ac83e5d779a,-2.0300,2026-07-29,2026-07-29,29354e42ef0c3a5dcfab2220f035fd1be5874df613426379bae1f33e112f560b,3225d938792095e42822872d66b7b9e7b79546a344da7ea98298d40463577392,"[""Tennis""]",1785307525.724789,KXITFWMATCH-26JUL29MALMAM-MAL,Tennis,,KXITFWMATCH,1465101e-caa8-45fd-812d-50d841d472da,KXITFWMATCH-26JUL29MALMAM,1785301775.0,quote,,1786510800.0,true,6.5000,6.0000,7.0000,507.67,406.00
6,53f42bc58d42435d82248ac83e5d779a,-2.0300,2026-07-29,2026-07-29,29354e42ef0c3a5dcfab2220f035fd1be5874df613426379bae1f33e112f560b,3225d938792095e42822872d66b7b9e7b79546a344da7ea98298d40463577392,"[""Tennis""]",1785307525.797041,KXITFWMATCH-26JUL29ARAROT-ARA,Tennis,,KXITFWMATCH,732f03cc-f3da-4b91-b7cc-f26188d27ba6,KXITFWMATCH-26JUL29ARAROT,1785301898.0,quote,,1786510800.0,true,81.5000,81.0000,82.0000,2223.37,30.00
6,53f42bc58d42435d82248ac83e5d779a,-2.0300,2026-07-29,2026-07-29,29354e42ef0c3a5dcfab2220f035fd1be5874df613426379bae1f33e112f560b,3225d938792095e42822872d66b7b9e7b79546a344da7ea98298d40463577392,"[""Tennis""]",1785307527.375684,KXITFWMATCH-26JUL29MAKKUZ-MAK,Tennis,,KXITFWMATCH,efd4b316-d644-47a1-9c01-9150c694f3a5,KXITFWMATCH-26JUL29MAKKUZ,1785301924.0,quote,,1786510800.0,true,81.5000,81.0000,82.0000,15515.18,26283.93
6,53f42bc58d42435d82248ac83e5d779a,-2.0300,2026-07-29,2026-07-29,29354e42ef0c3a5dcfab2220f035fd1be5874df613426379bae1f33e112f560b,3225d938792095e42822872d66b7b9e7b79546a344da7ea98298d40463577392,"[""Tennis""]",1785307527.446495,KXITFWMATCH-26JUL29MAKKUZ-KUZ,Tennis,,KXITFWMATCH,efd4b316-d644-47a1-9c01-9150c694f3a5,KXITFWMATCH-26JUL29MAKKUZ,1785301924.0,quote,,1786510800.0,true,18.5000,18.0000,19.0000,13135.09,27225.63
6,53f42bc58d42435d82248ac83e5d779a,-2.0300,2026-07-29,2026-07-29,29354e42ef0c3a5dcfab2220f035fd1be5874df613426379bae1f33e112f560b,3225d938792095e42822872d66b7b9e7b79546a344da7ea98298d40463577392,"[""Tennis""]",1785307527.6042628,KXITFWMATCH-26JUL29YOSKIM-YOS,Tennis,,KXITFWMATCH,9b9eecb5-c6a0-414a-bcf3-57262192676d,KXITFWMATCH-26JUL29YOSKIM,1785301851.0,quote,,1786510800.0,true,60.5000,58.0000,63.0000,330.00,382.00
6,53f42bc58d42435d82248ac83e5d779a,-2.0300,2026-07-29,2026-07-29,29354e42ef0c3a5dcfab2220f035fd1be5874df613426379bae1f33e112f560b,3225d938792095e42822872d66b7b9e7b79546a344da7ea98298d40463577392,"[""Tennis""]",1785307527.675425,KXITFWMATCH-26JUL29YOSKIM-KIM,Tennis,,KXITFWMATCH,9b9eecb5-c6a0-414a-bcf3-57262192676d,KXITFWMATCH-26JUL29YOSKIM,1785301851.0,quote,,1786510800.0,true,37.5000,37.0000,38.0000,1784.09,6352.18
6,53f42bc58d42435d82248ac83e5d779a,-2.0300,2026-07-29,2026-07-29,29354e42ef0c3a5dcfab2220f035fd1be5874df613426379bae1f33e112f560b,3225d938792095e42822872d66b7b9e7b79546a344da7ea98298d40463577392,"[""Tennis""]",1785307527.744999,KXITFWMATCH-26JUL29DESJAN-JAN,Tennis,,KXITFWMATCH,81f61a76-c334-455a-ab59-aaab2f2b9045,KXITFWMATCH-26JUL29DESJAN,1785301882.0,quote,,1786510800.0,true,53.5000,53.0000,54.0000,2690.00,3566.54
6,53f42bc58d42435d82248ac83e5d779a,-2.0300,2026-07-29,2026-07-29,29354e42ef0c3a5dcfab2220f035fd1be5874df613426379bae1f33e112f560b,3225d938792095e42822872d66b7b9e7b79546a344da7ea98298d40463577392,"[""Tennis""]",1785307527.816789,KXITFMATCH-26JUL28CHAHEI-HEI,Tennis,,KXITFMATCH,5ba6a34a-c169-4b0b-b8fd-b835a2127855,KXITFMATCH-26JUL28CHAHEI,1785299809.0,quote,,1786505400.0,true,51.5000,51.0000,52.0000,18436.03,3936.32
6,53f42bc58d42435d82248ac83e5d779a,-2.0300,2026-07-29,2026-07-29,29354e42ef0c3a5dcfab2220f035fd1be5874df613426379bae1f33e112f560b,3225d938792095e42822872d66b7b9e7b79546a344da7ea98298d40463577392,"[""Tennis""]",1785307527.885778,KXITFWMATCH-26JUL29DESJAN-DES,Tennis,,KXITFWMATCH,81f61a76-c334-455a-ab59-aaab2f2b9045,KXITFWMATCH-26JUL29DESJAN,1785301882.0,quote,,1786510800.0,true,54.0000,52.0000,56.0000,8.00,186.02
6,53f42bc58d42435d82248ac83e5d779a,-2.0300,2026-07-29,2026-07-29,29354e42ef0c3a5dcfab2220f035fd1be5874df613426379bae1f33e112f560b,3225d938792095e42822872d66b7b9e7b79546a344da7ea98298d40463577392,"[""Tennis""]",1785307527.95557,KXITFMATCH-26JUL28CHAHEI-CHA,Tennis,,KXITFMATCH,5ba6a34a-c169-4b0b-b8fd-b835a2127855,KXITFMATCH-26JUL28CHAHEI,1785299809.0,quote,,1786505400.0,true,48.5000,48.0000,49.0000,9112.63,35406.54
6,53f42bc58d42435d82248ac83e5d779a,-2.0300,2026-07-29,2026-07-29,29354e42ef0c3a5dcfab2220f035fd1be5874df613426379bae1f33e112f560b,3225d938792095e42822872d66b7b9e7b79546a344da7ea98298d40463577392,"[""Tennis""]",1785307528.06615,KXITFWMATCH-26JUL29MALMAM-MAL,Tennis,,KXITFWMATCH,1465101e-caa8-45fd-812d-50d841d472da,KXITFWMATCH-26JUL29MALMAM,1785301775.0,quote,,1786510800.0,true,6.5000,6.0000,7.0000,507.67,406.00
6,53f42bc58d42435d82248ac83e5d779a,-2.0300,2026-07-29,2026-07-29,29354e42ef0c3a5dcfab2220f035fd1be5874df613426379bae1f33e112f560b,3225d938792095e42822872d66b7b9e7b79546a344da7ea98298d40463577392,"[""Tennis""]",1785307528.135357,KXITFWMATCH-26JUL29ARAROT-ARA,Tennis,,KXITFWMATCH,732f03cc-f3da-4b91-b7cc-f26188d27ba6,KXITFWMATCH-26JUL29ARAROT,1785301898.0,quote,,1786510800.0,true,81.5000,81.0000,82.0000,2223.37,30.00
6,53f42bc58d42435d82248ac83e5d779a,-2.0300,2026-07-29,2026-07-29,29354e42ef0c3a5dcfab2220f035fd1be5874df613426379bae1f33e112f560b,3225d938792095e42822872d66b7b9e7b79546a344da7ea98298d40463577392,"[""Tennis""]",1785307529.710496,KXITFWMATCH-26JUL29MAKKUZ-MAK,Tennis,,KXITFWMATCH,efd4b316-d644-47a1-9c01-9150c694f3a5,KXITFWMATCH-26JUL29MAKKUZ,1785301924.0,quote,,1786510800.0,true,81.5000,81.0000,82.0000,15515.18,26265.87
6,53f42bc58d42435d82248ac83e5d779a,-2.0300,2026-07-29,2026-07-29,29354e42ef0c3a5dcfab2220f035fd1be5874df613426379bae1f33e112f560b,3225d938792095e42822872d66b7b9e7b79546a344da7ea98298d40463577392,"[""Tennis""]",1785307529.783377,KXITFWMATCH-26JUL29MAKKUZ-KUZ,Tennis,,KXITFWMATCH,efd4b316-d644-47a1-9c01-9150c694f3a5,KXITFWMATCH-26JUL29MAKKUZ,1785301924.0,quote,,1786510800.0,true,18.5000,18.0000,19.0000,13135.09,27225.63
6,53f42bc58d42435d82248ac83e5d779a,-2.0300,2026-07-29,2026-07-29,29354e42ef0c3a5dcfab2220f035fd1be5874df613426379bae1f33e112f560b,3225d938792095e42822872d66b7b9e7b79546a344da7ea98298d40463577392,"[""Tennis""]",1785307529.854272,KXITFWMATCH-26JUL29YOSKIM-YOS,Tennis,,KXITFWMATCH,9b9eecb5-c6a0-414a-bcf3-57262192676d,KXITFWMATCH-26JUL29YOSKIM,1785301851.0,quote,,1786510800.0,true,60.5000,58.0000,63.0000,330.00,382.00
6,53f42bc58d42435d82248ac83e5d779a,-2.0300,2026-07-29,2026-07-29,29354e42ef0c3a5dcfab2220f035fd1be5874df613426379bae1f33e112f560b,3225d938792095e42822872d66b7b9e7b79546a344da7ea98298d40463577392,"[""Tennis""]",1785307529.926271,KXITFWMATCH-26JUL29YOSKIM-KIM,Tennis,,KXITFWMATCH,9b9eecb5-c6a0-414a-bcf3-57262192676d,KXITFWMATCH-26JUL29YOSKIM,1785301851.0,quote,,1786510800.0,true,37.5000,37.0000,38.0000,1784.09,6352.18
6,53f42bc58d42435d82248ac83e5d779a,-2.0300,2026-07-29,2026-07-29,29354e42ef0c3a5dcfab2220f035fd1be5874df613426379bae1f33e112f560b,3225d938792095e42822872d66b7b9e7b79546a344da7ea98298d40463577392,"[""Tennis""]",1785307529.995358,KXITFWMATCH-26JUL29DESJAN-JAN,Tennis,,KXITFWMATCH,81f61a76-c334-455a-ab59-aaab2f2b9045,KXITFWMATCH-26JUL29DESJAN,1785301882.0,quote,,1786510800.0,true,53.5000,53.0000,54.0000,2690.00,3566.54
6,53f42bc58d42435d82248ac83e5d779a,-2.0300,2026-07-29,2026-07-29,29354e42ef0c3a5dcfab2220f035fd1be5874df613426379bae1f33e112f560b,3225d938792095e42822872d66b7b9e7b79546a344da7ea98298d40463577392,"[""Tennis""]",1785307530.0635788,KXITFMATCH-26JUL28CHAHEI-HEI,Tennis,,KXITFMATCH,5ba6a34a-c169-4b0b-b8fd-b835a2127855,KXITFMATCH-26JUL28CHAHEI,1785299809.0,quote,,1786505400.0,true,51.5000,51.0000,52.0000,1.00,22286.47
6,53f42bc58d42435d82248ac83e5d779a,-2.0300,2026-07-29,2026-07-29,29354e42ef0c3a5dcfab2220f035fd1be5874df613426379bae1f33e112f560b,3225d938792095e42822872d66b7b9e7b79546a344da7ea98298d40463577392,"[""Tennis""]",1785307530.164247,KXITFWMATCH-26JUL29DESJAN-DES,Tennis,,KXITFWMATCH,81f61a76-c334-455a-ab59-aaab2f2b9045,KXITFWMATCH-26JUL29DESJAN,1785301882.0,quote,,1786510800.0,true,46.5000,46.0000,47.0000,1973.54,6672.09
6,53f42bc58d42435d82248ac83e5d779a,-2.0300,2026-07-29,2026-07-29,29354e42ef0c3a5dcfab2220f035fd1be5874df613426379bae1f33e112f560b,3225d938792095e42822872d66b7b9e7b79546a344da7ea98298d40463577392,"[""Tennis""]",1785307530.231762,KXITFMATCH-26JUL28CHAHEI-CHA,Tennis,,KXITFMATCH,5ba6a34a-c169-4b0b-b8fd-b835a2127855,KXITFMATCH-26JUL28CHAHEI,1785299809.0,quote,,1786505400.0,true,48.5000,48.0000,49.0000,9112.63,35406.54
6,53f42bc58d42435d82248ac83e5d779a,-2.0300,2026-07-29,2026-07-29,29354e42ef0c3a5dcfab2220f035fd1be5874df613426379bae1f33e112f560b,3225d938792095e42822872d66b7b9e7b79546a344da7ea98298d40463577392,"[""Tennis""]",1785307530.3019478,KXITFWMATCH-26JUL29MALMAM-MAL,Tennis,,KXITFWMATCH,1465101e-caa8-45fd-812d-50d841d472da,KXITFWMATCH-26JUL29MALMAM,1785301775.0,quote,,1786510800.0,true,6.5000,6.0000,7.0000,507.67,406.00
6,53f42bc58d42435d82248ac83e5d779a,-2.0300,2026-07-29,2026-07-29,29354e42ef0c3a5dcfab2220f035fd1be5874df613426379bae1f33e112f560b,3225d938792095e42822872d66b7b9e7b79546a344da7ea98298d40463577392,"[""Tennis""]",1785307530.37147,KXITFWMATCH-26JUL29ARAROT-ARA,Tennis,,KXITFWMATCH,732f03cc-f3da-4b91-b7cc-f26188d27ba6,KXITFWMATCH-26JUL29ARAROT,1785301898.0,quote,,1786510800.0,true,81.5000,81.0000,82.0000,2223.37,30.00
6,53f42bc58d42435d82248ac83e5d779a,-2.0300,2026-07-29,2026-07-29,29354e42ef0c3a5dcfab2220f035fd1be5874df613426379bae1f33e112f560b,3225d938792095e42822872d66b7b9e7b79546a344da7ea98298d40463577392,"[""Tennis""]",1785307531.956372,KXITFWMATCH-26JUL29MAKKUZ-MAK,Tennis,,KXITFWMATCH,efd4b316-d644-47a1-9c01-9150c694f3a5,KXITFWMATCH-26JUL29MAKKUZ,1785301924.0,quote,,1786510800.0,true,81.5000,81.0000,82.0000,15515.18,26265.87
6,53f42bc58d42435d82248ac83e5d779a,-2.0300,2026-07-29,2026-07-29,29354e42ef0c3a5dcfab2220f035fd1be5874df613426379bae1f33e112f560b,3225d938792095e42822872d66b7b9e7b79546a344da7ea98298d40463577392,"[""Tennis""]",1785307532.0280058,KXITFWMATCH-26JUL29MAKKUZ-KUZ,Tennis,,KXITFWMATCH,efd4b316-d644-47a1-9c01-9150c694f3a5,KXITFWMATCH-26JUL29MAKKUZ,1785301924.0,quote,,1786510800.0,true,18.5000,18.0000,19.0000,13234.09,24873.43
6,53f42bc58d42435d82248ac83e5d779a,-2.0300,2026-07-29,2026-07-29,29354e42ef0c3a5dcfab2220f035fd1be5874df613426379bae1f33e112f560b,3225d938792095e42822872d66b7b9e7b79546a344da7ea98298d40463577392,"[""Tennis""]",1785307532.0969868,KXITFWMATCH-26JUL29YOSKIM-YOS,Tennis,,KXITFWMATCH,9b9eecb5-c6a0-414a-bcf3-57262192676d,KXITFWMATCH-26JUL29YOSKIM,1785301851.0,quote,,1786510800.0,true,60.5000,58.0000,63.0000,330.00,382.00
6,53f42bc58d42435d82248ac83e5d779a,-2.0300,2026-07-29,2026-07-29,29354e42ef0c3a5dcfab2220f035fd1be5874df613426379bae1f33e112f560b,3225d938792095e42822872d66b7b9e7b79546a344da7ea98298d40463577392,"[""Tennis""]",1785307532.164392,KXITFWMATCH-26JUL29YOSKIM-KIM,Tennis,,KXITFWMATCH,9b9eecb5-c6a0-414a-bcf3-57262192676d,KXITFWMATCH-26JUL29YOSKIM,1785301851.0,quote,,1786510800.0,true,40.5000,39.0000,42.0000,1678.41,2837.16
6,53f42bc58d42435d82248ac83e5d779a,-2.0300,2026-07-29,2026-07-29,29354e42ef0c3a5dcfab2220f035fd1be5874df613426379bae1f33e112f560b,3225d938792095e42822872d66b7b9e7b79546a344da7ea98298d40463577392,"[""Tennis""]",1785307532.321056,KXITFWMATCH-26JUL29DESJAN-JAN,Tennis,,KXITFWMATCH,81f61a76-c334-455a-ab59-aaab2f2b9045,KXITFWMATCH-26JUL29DESJAN,1785301882.0,quote,,1786510800.0,true,53.5000,53.0000,54.0000,2690.00,3566.54
6,53f42bc58d42435d82248ac83e5d779a,-2.0300,2026-07-29,2026-07-29,29354e42ef0c3a5dcfab2220f035fd1be5874df613426379bae1f33e112f560b,3225d938792095e42822872d66b7b9e7b79546a344da7ea98298d40463577392,"[""Tennis""]",1785307532.393208,KXITFMATCH-26JUL28CHAHEI-HEI,Tennis,,KXITFMATCH,5ba6a34a-c169-4b0b-b8fd-b835a2127855,KXITFMATCH-26JUL28CHAHEI,1785299809.0,quote,,1786505400.0,true,51.5000,51.0000,52.0000,1.00,22286.47
6,53f42bc58d42435d82248ac83e5d779a,-2.0300,2026-07-29,2026-07-29,29354e42ef0c3a5dcfab2220f035fd1be5874df613426379bae1f33e112f560b,3225d938792095e42822872d66b7b9e7b79546a344da7ea98298d40463577392,"[""Tennis""]",1785307532.46402,KXITFWMATCH-26JUL29DESJAN-DES,Tennis,,KXITFWMATCH,81f61a76-c334-455a-ab59-aaab2f2b9045,KXITFWMATCH-26JUL29DESJAN,1785301882.0,quote,,1786510800.0,true,46.5000,46.0000,47.0000,1973.54,6672.09
6,53f42bc58d42435d82248ac83e5d779a,-2.0300,2026-07-29,2026-07-29,29354e42ef0c3a5dcfab2220f035fd1be5874df613426379bae1f33e112f560b,3225d938792095e42822872d66b7b9e7b79546a344da7ea98298d40463577392,"[""Tennis""]",1785307532.5347881,KXITFMATCH-26JUL28CHAHEI-CHA,Tennis,,KXITFMATCH,5ba6a34a-c169-4b0b-b8fd-b835a2127855,KXITFMATCH-26JUL28CHAHEI,1785299809.0,quote,,1786505400.0,true,38.0000,36.0000,40.0000,51.58,5779.99
6,53f42bc58d42435d82248ac83e5d779a,-2.0300,2026-07-29,2026-07-29,29354e42ef0c3a5dcfab2220f035fd1be5874df613426379bae1f33e112f560b,3225d938792095e42822872d66b7b9e7b79546a344da7ea98298d40463577392,"[""Tennis""]",1785307532.605372,KXITFWMATCH-26JUL29MALMAM-MAL,Tennis,,KXITFWMATCH,1465101e-caa8-45fd-812d-50d841d472da,KXITFWMATCH-26JUL29MALMAM,1785301775.0,quote,,1786510800.0,true,6.5000,6.0000,7.0000,507.67,406.00
6,53f42bc58d42435d82248ac83e5d779a,-2.0300,2026-07-29,2026-07-29,29354e42ef0c3a5dcfab2220f035fd1be5874df613426379bae1f33e112f560b,3225d938792095e42822872d66b7b9e7b79546a344da7ea98298d40463577392,"[""Tennis""]",1785307532.67488,KXITFWMATCH-26JUL29ARAROT-ARA,Tennis,,KXITFWMATCH,732f03cc-f3da-4b91-b7cc-f26188d27ba6,KXITFWMATCH-26JUL29ARAROT,1785301898.0,quote,,1786510800.0,true,81.5000,81.0000,82.0000,2223.37,30.00
6,53f42bc58d42435d82248ac83e5d779a,-2.0300,2026-07-29,2026-07-29,29354e42ef0c3a5dcfab2220f035fd1be5874df613426379bae1f33e112f560b,3225d938792095e42822872d66b7b9e7b79546a344da7ea98298d40463577392,"[""Tennis""]",1785307534.253085,KXITFWMATCH-26JUL29MAKKUZ-MAK,Tennis,,KXITFWMATCH,efd4b316-d644-47a1-9c01-9150c694f3a5,KXITFWMATCH-26JUL29MAKKUZ,1785301924.0,quote,,1786510800.0,true,81.5000,81.0000,82.0000,15515.18,26265.87
6,53f42bc58d42435d82248ac83e5d779a,-2.0300,2026-07-29,2026-07-29,29354e42ef0c3a5dcfab2220f035fd1be5874df613426379bae1f33e112f560b,3225d938792095e42822872d66b7b9e7b79546a344da7ea98298d40463577392,"[""Tennis""]",1785307534.360076,KXITFWMATCH-26JUL29MAKKUZ-KUZ,Tennis,,KXITFWMATCH,efd4b316-d644-47a1-9c01-9150c694f3a5,KXITFWMATCH-26JUL29MAKKUZ,1785301924.0,quote,,1786510800.0,true,18.5000,18.0000,19.0000,13234.09,24873.43
6,53f42bc58d42435d82248ac83e5d779a,-2.0300,2026-07-29,2026-07-29,29354e42ef0c3a5dcfab2220f035fd1be5874df613426379bae1f33e112f560b,3225d938792095e42822872d66b7b9e7b79546a344da7ea98298d40463577392,"[""Tennis""]",1785307534.432245,KXITFWMATCH-26JUL29YOSKIM-YOS,Tennis,,KXITFWMATCH,9b9eecb5-c6a0-414a-bcf3-57262192676d,KXITFWMATCH-26JUL29YOSKIM,1785301851.0,quote,,1786510800.0,true,60.5000,58.0000,63.0000,330.00,382.00
6,53f42bc58d42435d82248ac83e5d779a,-2.0300,2026-07-29,2026-07-29,29354e42ef0c3a5dcfab2220f035fd1be5874df613426379bae1f33e112f560b,3225d938792095e42822872d66b7b9e7b79546a344da7ea98298d40463577392,"[""Tennis""]",1785307534.503235,KXITFWMATCH-26JUL29YOSKIM-KIM,Tennis,,KXITFWMATCH,9b9eecb5-c6a0-414a-bcf3-57262192676d,KXITFWMATCH-26JUL29YOSKIM,1785301851.0,quote,,1786510800.0,true,40.5000,39.0000,42.0000,1678.41,2837.16
6,53f42bc58d42435d82248ac83e5d779a,-2.0300,2026-07-29,2026-07-29,29354e42ef0c3a5dcfab2220f035fd1be5874df613426379bae1f33e112f560b,3225d938792095e42822872d66b7b9e7b79546a344da7ea98298d40463577392,"[""Tennis""]",1785307534.5713248,KXITFWMATCH-26JUL29DESJAN-JAN,Tennis,,KXITFWMATCH,81f61a76-c334-455a-ab59-aaab2f2b9045,KXITFWMATCH-26JUL29DESJAN,1785301882.0,quote,,1786510800.0,true,53.5000,53.0000,54.0000,2690.00,3566.54
6,53f42bc58d42435d82248ac83e5d779a,-2.0300,2026-07-29,2026-07-29,29354e42ef0c3a5dcfab2220f035fd1be5874df613426379bae1f33e112f560b,3225d938792095e42822872d66b7b9e7b79546a344da7ea98298d40463577392,"[""Tennis""]",1785307534.641521,KXITFMATCH-26JUL28CHAHEI-HEI,Tennis,,KXITFMATCH,5ba6a34a-c169-4b0b-b8fd-b835a2127855,KXITFMATCH-26JUL28CHAHEI,1785299809.0,quote,,1786505400.0,true,51.5000,51.0000,52.0000,1.00,22286.47
6,53f42bc58d42435d82248ac83e5d779a,-2.0300,2026-07-29,2026-07-29,29354e42ef0c3a5dcfab2220f035fd1be5874df613426379bae1f33e112f560b,3225d938792095e42822872d66b7b9e7b79546a344da7ea98298d40463577392,"[""Tennis""]",1785307534.709001,KXITFWMATCH-26JUL29DESJAN-DES,Tennis,,KXITFWMATCH,81f61a76-c334-455a-ab59-aaab2f2b9045,KXITFWMATCH-26JUL29DESJAN,1785301882.0,quote,,1786510800.0,true,46.5000,46.0000,47.0000,1973.54,6672.09
6,53f42bc58d42435d82248ac83e5d779a,-2.0300,2026-07-29,2026-07-29,29354e42ef0c3a5dcfab2220f035fd1be5874df613426379bae1f33e112f560b,3225d938792095e42822872d66b7b9e7b79546a344da7ea98298d40463577392,"[""Tennis""]",1785307534.778432,KXITFMATCH-26JUL28CHAHEI-CHA,Tennis,,KXITFMATCH,5ba6a34a-c169-4b0b-b8fd-b835a2127855,KXITFMATCH-26JUL28CHAHEI,1785299809.0,quote,,1786505400.0,true,38.0000,36.0000,40.0000,51.58,5779.99
6,53f42bc58d42435d82248ac83e5d779a,-2.0300,2026-07-29,2026-07-29,29354e42ef0c3a5dcfab2220f035fd1be5874df613426379bae1f33e112f560b,3225d938792095e42822872d66b7b9e7b79546a344da7ea98298d40463577392,"[""Tennis""]",1785307534.878316,KXITFWMATCH-26JUL29MALMAM-MAL,Tennis,,KXITFWMATCH,1465101e-caa8-45fd-812d-50d841d472da,KXITFWMATCH-26JUL29MALMAM,1785301775.0,quote,,1786510800.0,true,6.5000,6.0000,7.0000,507.67,406.00
6,53f42bc58d42435d82248ac83e5d779a,-2.0300,2026-07-29,2026-07-29,29354e42ef0c3a5dcfab2220f035fd1be5874df613426379bae1f33e112f560b,3225d938792095e42822872d66b7b9e7b79546a344da7ea98298d40463577392,"[""Tennis""]",1785307534.952794,KXITFWMATCH-26JUL29ARAROT-ARA,Tennis,,KXITFWMATCH,732f03cc-f3da-4b91-b7cc-f26188d27ba6,KXITFWMATCH-26JUL29ARAROT,1785301898.0,quote,,1786510800.0,true,81.5000,81.0000,82.0000,2223.37,30.00
6,53f42bc58d42435d82248ac83e5d779a,-2.0300,2026-07-29,2026-07-29,29354e42ef0c3a5dcfab2220f035fd1be5874df613426379bae1f33e112f560b,3225d938792095e42822872d66b7b9e7b79546a344da7ea98298d40463577392,"[""Tennis""]",1785307536.53809,KXITFWMATCH-26JUL29MAKKUZ-MAK,Tennis,,KXITFWMATCH,efd4b316-d644-47a1-9c01-9150c694f3a5,KXITFWMATCH-26JUL29MAKKUZ,1785301924.0,quote,,1786510800.0,true,81.5000,81.0000,82.0000,15515.18,26265.87
6,53f42bc58d42435d82248ac83e5d779a,-2.0300,2026-07-29,2026-07-29,29354e42ef0c3a5dcfab2220f035fd1be5874df613426379bae1f33e112f560b,3225d938792095e42822872d66b7b9e7b79546a344da7ea98298d40463577392,"[""Tennis""]",1785307536.612064,KXITFWMATCH-26JUL29MAKKUZ-KUZ,Tennis,,KXITFWMATCH,efd4b316-d644-47a1-9c01-9150c694f3a5,KXITFWMATCH-26JUL29MAKKUZ,1785301924.0,quote,,1786510800.0,true,18.5000,18.0000,19.0000,13234.09,24873.43
6,53f42bc58d42435d82248ac83e5d779a,-2.0300,2026-07-29,2026-07-29,29354e42ef0c3a5dcfab2220f035fd1be5874df613426379bae1f33e112f560b,3225d938792095e42822872d66b7b9e7b79546a344da7ea98298d40463577392,"[""Tennis""]",1785307536.6862578,KXITFWMATCH-26JUL29YOSKIM-YOS,Tennis,,KXITFWMATCH,9b9eecb5-c6a0-414a-bcf3-57262192676d,KXITFWMATCH-26JUL29YOSKIM,1785301851.0,quote,,1786510800.0,true,60.5000,58.0000,63.0000,330.00,382.00
6,53f42bc58d42435d82248ac83e5d779a,-2.0300,2026-07-29,2026-07-29,29354e42ef0c3a5dcfab2220f035fd1be5874df613426379bae1f33e112f560b,3225d938792095e42822872d66b7b9e7b79546a344da7ea98298d40463577392,"[""Tennis""]",1785307536.756392,KXITFWMATCH-26JUL29YOSKIM-KIM,Tennis,,KXITFWMATCH,9b9eecb5-c6a0-414a-bcf3-57262192676d,KXITFWMATCH-26JUL29YOSKIM,1785301851.0,quote,,1786510800.0,true,40.5000,39.0000,42.0000,1678.41,2837.16
6,53f42bc58d42435d82248ac83e5d779a,-2.0300,2026-07-29,2026-07-29,29354e42ef0c3a5dcfab2220f035fd1be5874df613426379bae1f33e112f560b,3225d938792095e42822872d66b7b9e7b79546a344da7ea98298d40463577392,"[""Tennis""]",1785307536.828009,KXITFWMATCH-26JUL29DESJAN-JAN,Tennis,,KXITFWMATCH,81f61a76-c334-455a-ab59-aaab2f2b9045,KXITFWMATCH-26JUL29DESJAN,1785301882.0,quote,,1786510800.0,true,53.5000,53.0000,54.0000,2690.00,3566.54
6,53f42bc58d42435d82248ac83e5d779a,-2.0300,2026-07-29,2026-07-29,29354e42ef0c3a5dcfab2220f035fd1be5874df613426379bae1f33e112f560b,3225d938792095e42822872d66b7b9e7b79546a344da7ea98298d40463577392,"[""Tennis""]",1785307536.9796338,KXITFMATCH-26JUL28CHAHEI-HEI,Tennis,,KXITFMATCH,5ba6a34a-c169-4b0b-b8fd-b835a2127855,KXITFMATCH-26JUL28CHAHEI,1785299809.0,quote,,1786505400.0,true,51.5000,51.0000,52.0000,1.00,22286.47
6,53f42bc58d42435d82248ac83e5d779a,-2.0300,2026-07-29,2026-07-29,29354e42ef0c3a5dcfab2220f035fd1be5874df613426379bae1f33e112f560b,3225d938792095e42822872d66b7b9e7b79546a344da7ea98298d40463577392,"[""Tennis""]",1785307537.05093,KXITFWMATCH-26JUL29DESJAN-DES,Tennis,,KXITFWMATCH,81f61a76-c334-455a-ab59-aaab2f2b9045,KXITFWMATCH-26JUL29DESJAN,1785301882.0,quote,,1786510800.0,true,46.5000,46.0000,47.0000,1973.54,6672.09
6,53f42bc58d42435d82248ac83e5d779a,-2.0300,2026-07-29,2026-07-29,29354e42ef0c3a5dcfab2220f035fd1be5874df613426379bae1f33e112f560b,3225d938792095e42822872d66b7b9e7b79546a344da7ea98298d40463577392,"[""Tennis""]",1785307537.123151,KXITFMATCH-26JUL28CHAHEI-CHA,Tennis,,KXITFMATCH,5ba6a34a-c169-4b0b-b8fd-b835a2127855,KXITFMATCH-26JUL28CHAHEI,1785299809.0,quote,,1786505400.0,true,38.0000,36.0000,40.0000,51.58,5779.99
6,53f42bc58d42435d82248ac83e5d779a,-2.0300,2026-07-29,2026-07-29,29354e42ef0c3a5dcfab2220f035fd1be5874df613426379bae1f33e112f560b,3225d938792095e42822872d66b7b9e7b79546a344da7ea98298d40463577392,"[""Tennis""]",1785307537.195405,KXITFWMATCH-26JUL29MALMAM-MAL,Tennis,,KXITFWMATCH,1465101e-caa8-45fd-812d-50d841d472da,KXITFWMATCH-26JUL29MALMAM,1785301775.0,quote,,1786510800.0,true,8.5000,8.0000,9.0000,3686.49,183.00
6,53f42bc58d42435d82248ac83e5d779a,-2.0300,2026-07-29,2026-07-29,29354e42ef0c3a5dcfab2220f035fd1be5874df613426379bae1f33e112f560b,3225d938792095e42822872d66b7b9e7b79546a344da7ea98298d40463577392,"[""Tennis""]",1785307537.267448,KXITFWMATCH-26JUL29ARAROT-ARA,Tennis,,KXITFWMATCH,732f03cc-f3da-4b91-b7cc-f26188d27ba6,KXITFWMATCH-26JUL29ARAROT,1785301898.0,quote,,1786510800.0,true,81.5000,81.0000,82.0000,5098.31,1750.00
6,53f42bc58d42435d82248ac83e5d779a,-2.0300,2026-07-29,2026-07-29,29354e42ef0c3a5dcfab2220f035fd1be5874df613426379bae1f33e112f560b,3225d938792095e42822872d66b7b9e7b79546a344da7ea98298d40463577392,"[""Tennis""]",1785307538.853972,KXITFWMATCH-26JUL29MAKKUZ-MAK,Tennis,,KXITFWMATCH,efd4b316-d644-47a1-9c01-9150c694f3a5,KXITFWMATCH-26JUL29MAKKUZ,1785301924.0,quote,,1786510800.0,true,81.5000,81.0000,82.0000,15515.18,26265.87
6,53f42bc58d42435d82248ac83e5d779a,-2.0300,2026-07-29,2026-07-29,29354e42ef0c3a5dcfab2220f035fd1be5874df613426379bae1f33e112f560b,3225d938792095e42822872d66b7b9e7b79546a344da7ea98298d40463577392,"[""Tennis""]",1785307538.924733,KXITFWMATCH-26JUL29MAKKUZ-KUZ,Tennis,,KXITFWMATCH,efd4b316-d644-47a1-9c01-9150c694f3a5,KXITFWMATCH-26JUL29MAKKUZ,1785301924.0,quote,,1786510800.0,true,18.5000,18.0000,19.0000,13234.09,24873.43
6,53f42bc58d42435d82248ac83e5d779a,-2.0300,2026-07-29,2026-07-29,29354e42ef0c3a5dcfab2220f035fd1be5874df613426379bae1f33e112f560b,3225d938792095e42822872d66b7b9e7b79546a344da7ea98298d40463577392,"[""Tennis""]",1785307539.076769,KXITFWMATCH-26JUL29YOSKIM-YOS,Tennis,,KXITFWMATCH,9b9eecb5-c6a0-414a-bcf3-57262192676d,KXITFWMATCH-26JUL29YOSKIM,1785301851.0,quote,,1786510800.0,true,59.5000,59.0000,60.0000,6329.20,3363.62
6,53f42bc58d42435d82248ac83e5d779a,-2.0300,2026-07-29,2026-07-29,29354e42ef0c3a5dcfab2220f035fd1be5874df613426379bae1f33e112f560b,3225d938792095e42822872d66b7b9e7b79546a344da7ea98298d40463577392,"[""Tennis""]",1785307539.144599,KXITFWMATCH-26JUL29YOSKIM-KIM,Tennis,,KXITFWMATCH,9b9eecb5-c6a0-414a-bcf3-57262192676d,KXITFWMATCH-26JUL29YOSKIM,1785301851.0,quote,,1786510800.0,true,40.5000,39.0000,42.0000,1678.41,2837.16
6,53f42bc58d42435d82248ac83e5d779a,-2.0300,2026-07-29,2026-07-29,29354e42ef0c3a5dcfab2220f035fd1be5874df613426379bae1f33e112f560b,3225d938792095e42822872d66b7b9e7b79546a344da7ea98298d40463577392,"[""Tennis""]",1785307539.2131982,KXITFWMATCH-26JUL29DESJAN-JAN,Tennis,,KXITFWMATCH,81f61a76-c334-455a-ab59-aaab2f2b9045,KXITFWMATCH-26JUL29DESJAN,1785301882.0,quote,,1786510800.0,true,53.5000,51.0000,56.0000,195.00,61.08
6,53f42bc58d42435d82248ac83e5d779a,-2.0300,2026-07-29,2026-07-29,29354e42ef0c3a5dcfab2220f035fd1be5874df613426379bae1f33e112f560b,3225d938792095e42822872d66b7b9e7b79546a344da7ea98298d40463577392,"[""Tennis""]",1785307539.2808452,KXITFMATCH-26JUL28CHAHEI-HEI,Tennis,,KXITFMATCH,5ba6a34a-c169-4b0b-b8fd-b835a2127855,KXITFMATCH-26JUL28CHAHEI,1785299809.0,quote,,1786505400.0,true,65.5000,65.0000,66.0000,11466.57,63.32
6,53f42bc58d42435d82248ac83e5d779a,-2.0300,2026-07-29,2026-07-29,29354e42ef0c3a5dcfab2220f035fd1be5874df613426379bae1f33e112f560b,3225d938792095e42822872d66b7b9e7b79546a344da7ea98298d40463577392,"[""Tennis""]",1785307539.3502169,KXITFWMATCH-26JUL29DESJAN-DES,Tennis,,KXITFWMATCH,81f61a76-c334-455a-ab59-aaab2f2b9045,KXITFWMATCH-26JUL29DESJAN,1785301882.0,quote,,1786510800.0,true,46.5000,46.0000,47.0000,1973.54,6672.09
6,53f42bc58d42435d82248ac83e5d779a,-2.0300,2026-07-29,2026-07-29,29354e42ef0c3a5dcfab2220f035fd1be5874df613426379bae1f33e112f560b,3225d938792095e42822872d66b7b9e7b79546a344da7ea98298d40463577392,"[""Tennis""]",1785307539.434038,KXITFMATCH-26JUL28CHAHEI-CHA,Tennis,,KXITFMATCH,5ba6a34a-c169-4b0b-b8fd-b835a2127855,KXITFMATCH-26JUL28CHAHEI,1785299809.0,quote,,1786505400.0,true,38.0000,36.0000,40.0000,51.58,5779.99
6,53f42bc58d42435d82248ac83e5d779a,-2.0300,2026-07-29,2026-07-29,29354e42ef0c3a5dcfab2220f035fd1be5874df613426379bae1f33e112f560b,3225d938792095e42822872d66b7b9e7b79546a344da7ea98298d40463577392,"[""Tennis""]",1785307539.503956,KXITFWMATCH-26JUL29MALMAM-MAL,Tennis,,KXITFWMATCH,1465101e-caa8-45fd-812d-50d841d472da,KXITFWMATCH-26JUL29MALMAM,1785301775.0,quote,,1786510800.0,true,8.5000,8.0000,9.0000,3686.49,183.00
6,53f42bc58d42435d82248ac83e5d779a,-2.0300,2026-07-29,2026-07-29,29354e42ef0c3a5dcfab2220f035fd1be5874df613426379bae1f33e112f560b,3225d938792095e42822872d66b7b9e7b79546a344da7ea98298d40463577392,"[""Tennis""]",1785307539.663845,KXITFWMATCH-26JUL29ARAROT-ARA,Tennis,,KXITFWMATCH,732f03cc-f3da-4b91-b7cc-f26188d27ba6,KXITFWMATCH-26JUL29ARAROT,1785301898.0,quote,,1786510800.0,true,81.5000,81.0000,82.0000,5098.31,1750.00
6,53f42bc58d42435d82248ac83e5d779a,-2.0300,2026-07-29,2026-07-29,29354e42ef0c3a5dcfab2220f035fd1be5874df613426379bae1f33e112f560b,3225d938792095e42822872d66b7b9e7b79546a344da7ea98298d40463577392,"[""Tennis""]",1785307541.241032,KXITFWMATCH-26JUL29MAKKUZ-MAK,Tennis,,KXITFWMATCH,efd4b316-d644-47a1-9c01-9150c694f3a5,KXITFWMATCH-26JUL29MAKKUZ,1785301924.0,quote,,1786510800.0,true,81.5000,81.0000,82.0000,15515.18,26240.59
6,53f42bc58d42435d82248ac83e5d779a,-2.0300,2026-07-29,2026-07-29,29354e42ef0c3a5dcfab2220f035fd1be5874df613426379bae1f33e112f560b,3225d938792095e42822872d66b7b9e7b79546a344da7ea98298d40463577392,"[""Tennis""]",1785307541.3131678,KXITFWMATCH-26JUL29MAKKUZ-KUZ,Tennis,,KXITFWMATCH,efd4b316-d644-47a1-9c01-9150c694f3a5,KXITFWMATCH-26JUL29MAKKUZ,1785301924.0,quote,,1786510800.0,true,18.5000,18.0000,19.0000,13234.09,24873.43
6,53f42bc58d42435d82248ac83e5d779a,-2.0300,2026-07-29,2026-07-29,29354e42ef0c3a5dcfab2220f035fd1be5874df613426379bae1f33e112f560b,3225d938792095e42822872d66b7b9e7b79546a344da7ea98298d40463577392,"[""Tennis""]",1785307541.385813,KXITFWMATCH-26JUL29YOSKIM-YOS,Tennis,,KXITFWMATCH,9b9eecb5-c6a0-414a-bcf3-57262192676d,KXITFWMATCH-26JUL29YOSKIM,1785301851.0,quote,,1786510800.0,true,59.5000,59.0000,60.0000,6329.20,3363.62
6,53f42bc58d42435d82248ac83e5d779a,-2.0300,2026-07-29,2026-07-29,29354e42ef0c3a5dcfab2220f035fd1be5874df613426379bae1f33e112f560b,3225d938792095e42822872d66b7b9e7b79546a344da7ea98298d40463577392,"[""Tennis""]",1785307541.457037,KXITFWMATCH-26JUL29YOSKIM-KIM,Tennis,,KXITFWMATCH,9b9eecb5-c6a0-414a-bcf3-57262192676d,KXITFWMATCH-26JUL29YOSKIM,1785301851.0,quote,,1786510800.0,true,40.5000,39.0000,42.0000,1678.41,2837.16
6,53f42bc58d42435d82248ac83e5d779a,-2.0300,2026-07-29,2026-07-29,29354e42ef0c3a5dcfab2220f035fd1be5874df613426379bae1f33e112f560b,3225d938792095e42822872d66b7b9e7b79546a344da7ea98298d40463577392,"[""Tennis""]",1785307541.527476,KXITFWMATCH-26JUL29DESJAN-JAN,Tennis,,KXITFWMATCH,81f61a76-c334-455a-ab59-aaab2f2b9045,KXITFWMATCH-26JUL29DESJAN,1785301882.0,quote,,1786510800.0,true,53.5000,51.0000,56.0000,195.00,61.08
6,53f42bc58d42435d82248ac83e5d779a,-2.0300,2026-07-29,2026-07-29,29354e42ef0c3a5dcfab2220f035fd1be5874df613426379bae1f33e112f560b,3225d938792095e42822872d66b7b9e7b79546a344da7ea98298d40463577392,"[""Tennis""]",1785307541.596925,KXITFMATCH-26JUL28CHAHEI-HEI,Tennis,,KXITFMATCH,5ba6a34a-c169-4b0b-b8fd-b835a2127855,KXITFMATCH-26JUL28CHAHEI,1785299809.0,quote,,1786505400.0,true,65.5000,65.0000,66.0000,11466.57,63.32
6,53f42bc58d42435d82248ac83e5d779a,-2.0300,2026-07-29,2026-07-29,29354e42ef0c3a5dcfab2220f035fd1be5874df613426379bae1f33e112f560b,3225d938792095e42822872d66b7b9e7b79546a344da7ea98298d40463577392,"[""Tennis""]",1785307541.6988,KXITFWMATCH-26JUL29DESJAN-DES,Tennis,,KXITFWMATCH,81f61a76-c334-455a-ab59-aaab2f2b9045,KXITFWMATCH-26JUL29DESJAN,1785301882.0,quote,,1786510800.0,true,46.0000,43.0000,49.0000,185.24,290.48
6,53f42bc58d42435d82248ac83e5d779a,-2.0300,2026-07-29,2026-07-29,29354e42ef0c3a5dcfab2220f035fd1be5874df613426379bae1f33e112f560b,3225d938792095e42822872d66b7b9e7b79546a344da7ea98298d40463577392,"[""Tennis""]",1785307541.7687402,KXITFMATCH-26JUL28CHAHEI-CHA,Tennis,,KXITFMATCH,5ba6a34a-c169-4b0b-b8fd-b835a2127855,KXITFMATCH-26JUL28CHAHEI,1785299809.0,quote,,1786505400.0,true,38.0000,36.0000,40.0000,51.58,5779.99
6,53f42bc58d42435d82248ac83e5d779a,-2.0300,2026-07-29,2026-07-29,29354e42ef0c3a5dcfab2220f035fd1be5874df613426379bae1f33e112f560b,3225d938792095e42822872d66b7b9e7b79546a344da7ea98298d40463577392,"[""Tennis""]",1785307541.836274,KXITFWMATCH-26JUL29MALMAM-MAL,Tennis,,KXITFWMATCH,1465101e-caa8-45fd-812d-50d841d472da,KXITFWMATCH-26JUL29MALMAM,1785301775.0,quote,,1786510800.0,true,8.5000,8.0000,9.0000,3686.49,183.00
6,53f42bc58d42435d82248ac83e5d779a,-2.0300,2026-07-29,2026-07-29,29354e42ef0c3a5dcfab2220f035fd1be5874df613426379bae1f33e112f560b,3225d938792095e42822872d66b7b9e7b79546a344da7ea98298d40463577392,"[""Tennis""]",1785307541.905199,KXITFWMATCH-26JUL29ARAROT-ARA,Tennis,,KXITFWMATCH,732f03cc-f3da-4b91-b7cc-f26188d27ba6,KXITFWMATCH-26JUL29ARAROT,1785301898.0,quote,,1786510800.0,true,81.5000,81.0000,82.0000,5098.31,1750.00
6,53f42bc58d42435d82248ac83e5d779a,-2.0300,2026-07-29,2026-07-29,29354e42ef0c3a5dcfab2220f035fd1be5874df613426379bae1f33e112f560b,3225d938792095e42822872d66b7b9e7b79546a344da7ea98298d40463577392,"[""Tennis""]",1785307543.488079,KXITFWMATCH-26JUL29MAKKUZ-MAK,Tennis,,KXITFWMATCH,efd4b316-d644-47a1-9c01-9150c694f3a5,KXITFWMATCH-26JUL29MAKKUZ,1785301924.0,quote,,1786510800.0,true,81.5000,81.0000,82.0000,15515.18,26240.59
6,53f42bc58d42435d82248ac83e5d779a,-2.0300,2026-07-29,2026-07-29,29354e42ef0c3a5dcfab2220f035fd1be5874df613426379bae1f33e112f560b,3225d938792095e42822872d66b7b9e7b79546a344da7ea98298d40463577392,"[""Tennis""]",1785307543.561016,KXITFWMATCH-26JUL29MAKKUZ-KUZ,Tennis,,KXITFWMATCH,efd4b316-d644-47a1-9c01-9150c694f3a5,KXITFWMATCH-26JUL29MAKKUZ,1785301924.0,quote,,1786510800.0,true,18.5000,18.0000,19.0000,13234.09,24873.43
6,53f42bc58d42435d82248ac83e5d779a,-2.0300,2026-07-29,2026-07-29,29354e42ef0c3a5dcfab2220f035fd1be5874df613426379bae1f33e112f560b,3225d938792095e42822872d66b7b9e7b79546a344da7ea98298d40463577392,"[""Tennis""]",1785307543.637908,KXITFWMATCH-26JUL29YOSKIM-YOS,Tennis,,KXITFWMATCH,9b9eecb5-c6a0-414a-bcf3-57262192676d,KXITFWMATCH-26JUL29YOSKIM,1785301851.0,quote,,1786510800.0,true,59.5000,59.0000,60.0000,6329.20,3363.62
6,53f42bc58d42435d82248ac83e5d779a,-2.0300,2026-07-29,2026-07-29,29354e42ef0c3a5dcfab2220f035fd1be5874df613426379bae1f33e112f560b,3225d938792095e42822872d66b7b9e7b79546a344da7ea98298d40463577392,"[""Tennis""]",1785307543.79718,KXITFWMATCH-26JUL29YOSKIM-KIM,Tennis,,KXITFWMATCH,9b9eecb5-c6a0-414a-bcf3-57262192676d,KXITFWMATCH-26JUL29YOSKIM,1785301851.0,quote,,1786510800.0,true,40.5000,40.0000,41.0000,1866.28,7228.75
6,53f42bc58d42435d82248ac83e5d779a,-2.0300,2026-07-29,2026-07-29,29354e42ef0c3a5dcfab2220f035fd1be5874df613426379bae1f33e112f560b,3225d938792095e42822872d66b7b9e7b79546a344da7ea98298d40463577392,"[""Tennis""]",1785307543.8721979,KXITFWMATCH-26JUL29DESJAN-JAN,Tennis,,KXITFWMATCH,81f61a76-c334-455a-ab59-aaab2f2b9045,KXITFWMATCH-26JUL29DESJAN,1785301882.0,quote,,1786510800.0,true,53.5000,51.0000,56.0000,195.00,61.08
6,53f42bc58d42435d82248ac83e5d779a,-2.0300,2026-07-29,2026-07-29,29354e42ef0c3a5dcfab2220f035fd1be5874df613426379bae1f33e112f560b,3225d938792095e42822872d66b7b9e7b79546a344da7ea98298d40463577392,"[""Tennis""]",1785307543.943834,KXITFMATCH-26JUL28CHAHEI-HEI,Tennis,,KXITFMATCH,5ba6a34a-c169-4b0b-b8fd-b835a2127855,KXITFMATCH-26JUL28CHAHEI,1785299809.0,quote,,1786505400.0,true,65.5000,65.0000,66.0000,11466.57,63.32
6,53f42bc58d42435d82248ac83e5d779a,-2.0300,2026-07-29,2026-07-29,29354e42ef0c3a5dcfab2220f035fd1be5874df613426379bae1f33e112f560b,3225d938792095e42822872d66b7b9e7b79546a344da7ea98298d40463577392,"[""Tennis""]",1785307544.015334,KXITFWMATCH-26JUL29DESJAN-DES,Tennis,,KXITFWMATCH,81f61a76-c334-455a-ab59-aaab2f2b9045,KXITFWMATCH-26JUL29DESJAN,1785301882.0,quote,,1786510800.0,true,46.0000,43.0000,49.0000,185.24,290.48
6,53f42bc58d42435d82248ac83e5d779a,-2.0300,2026-07-29,2026-07-29,29354e42ef0c3a5dcfab2220f035fd1be5874df613426379bae1f33e112f560b,3225d938792095e42822872d66b7b9e7b79546a344da7ea98298d40463577392,"[""Tennis""]",1785307544.088819,KXITFMATCH-26JUL28CHAHEI-CHA,Tennis,,KXITFMATCH,5ba6a34a-c169-4b0b-b8fd-b835a2127855,KXITFMATCH-26JUL28CHAHEI,1785299809.0,quote,,1786505400.0,true,33.5000,33.0000,34.0000,4520.16,8540.71
6,53f42bc58d42435d82248ac83e5d779a,-2.0300,2026-07-29,2026-07-29,29354e42ef0c3a5dcfab2220f035fd1be5874df613426379bae1f33e112f560b,3225d938792095e42822872d66b7b9e7b79546a344da7ea98298d40463577392,"[""Tennis""]",1785307544.1599722,KXITFWMATCH-26JUL29MALMAM-MAL,Tennis,,KXITFWMATCH,1465101e-caa8-45fd-812d-50d841d472da,KXITFWMATCH-26JUL29MALMAM,1785301775.0,quote,,1786510800.0,true,8.5000,8.0000,9.0000,3686.49,183.00
6,53f42bc58d42435d82248ac83e5d779a,-2.0300,2026-07-29,2026-07-29,29354e42ef0c3a5dcfab2220f035fd1be5874df613426379bae1f33e112f560b,3225d938792095e42822872d66b7b9e7b79546a344da7ea98298d40463577392,"[""Tennis""]",1785307544.315092,KXITFWMATCH-26JUL29ARAROT-ARA,Tennis,,KXITFWMATCH,732f03cc-f3da-4b91-b7cc-f26188d27ba6,KXITFWMATCH-26JUL29ARAROT,1785301898.0,quote,,1786510800.0,true,81.5000,81.0000,82.0000,5098.31,1750.00
6,53f42bc58d42435d82248ac83e5d779a,-2.0300,2026-07-29,2026-07-29,29354e42ef0c3a5dcfab2220f035fd1be5874df613426379bae1f33e112f560b,3225d938792095e42822872d66b7b9e7b79546a344da7ea98298d40463577392,"[""Tennis""]",1785307545.955275,KXITFWMATCH-26JUL29MAKKUZ-MAK,Tennis,,KXITFWMATCH,efd4b316-d644-47a1-9c01-9150c694f3a5,KXITFWMATCH-26JUL29MAKKUZ,1785301924.0,quote,,1786510800.0,true,81.5000,81.0000,82.0000,15515.18,26240.59
6,53f42bc58d42435d82248ac83e5d779a,-2.0300,2026-07-29,2026-07-29,29354e42ef0c3a5dcfab2220f035fd1be5874df613426379bae1f33e112f560b,3225d938792095e42822872d66b7b9e7b79546a344da7ea98298d40463577392,"[""Tennis""]",1785307546.024715,KXITFWMATCH-26JUL29MAKKUZ-KUZ,Tennis,,KXITFWMATCH,efd4b316-d644-47a1-9c01-9150c694f3a5,KXITFWMATCH-26JUL29MAKKUZ,1785301924.0,quote,,1786510800.0,true,18.5000,18.0000,19.0000,13234.09,24736.27
6,53f42bc58d42435d82248ac83e5d779a,-2.0300,2026-07-29,2026-07-29,29354e42ef0c3a5dcfab2220f035fd1be5874df613426379bae1f33e112f560b,3225d938792095e42822872d66b7b9e7b79546a344da7ea98298d40463577392,"[""Tennis""]",1785307546.093984,KXITFWMATCH-26JUL29YOSKIM-YOS,Tennis,,KXITFWMATCH,9b9eecb5-c6a0-414a-bcf3-57262192676d,KXITFWMATCH-26JUL29YOSKIM,1785301851.0,quote,,1786510800.0,true,59.5000,59.0000,60.0000,6329.20,3363.62
6,53f42bc58d42435d82248ac83e5d779a,-2.0300,2026-07-29,2026-07-29,29354e42ef0c3a5dcfab2220f035fd1be5874df613426379bae1f33e112f560b,3225d938792095e42822872d66b7b9e7b79546a344da7ea98298d40463577392,"[""Tennis""]",1785307546.163918,KXITFWMATCH-26JUL29YOSKIM-KIM,Tennis,,KXITFWMATCH,9b9eecb5-c6a0-414a-bcf3-57262192676d,KXITFWMATCH-26JUL29YOSKIM,1785301851.0,quote,,1786510800.0,true,40.5000,40.0000,41.0000,1866.28,7228.75
6,53f42bc58d42435d82248ac83e5d779a,-2.0300,2026-07-29,2026-07-29,29354e42ef0c3a5dcfab2220f035fd1be5874df613426379bae1f33e112f560b,3225d938792095e42822872d66b7b9e7b79546a344da7ea98298d40463577392,"[""Tennis""]",1785307546.232372,KXITFWMATCH-26JUL29DESJAN-JAN,Tennis,,KXITFWMATCH,81f61a76-c334-455a-ab59-aaab2f2b9045,KXITFWMATCH-26JUL29DESJAN,1785301882.0,quote,,1786510800.0,true,53.5000,51.0000,56.0000,195.00,61.08
6,53f42bc58d42435d82248ac83e5d779a,-2.0300,2026-07-29,2026-07-29,29354e42ef0c3a5dcfab2220f035fd1be5874df613426379bae1f33e112f560b,3225d938792095e42822872d66b7b9e7b79546a344da7ea98298d40463577392,"[""Tennis""]",1785307546.302324,KXITFMATCH-26JUL28CHAHEI-HEI,Tennis,,KXITFMATCH,5ba6a34a-c169-4b0b-b8fd-b835a2127855,KXITFMATCH-26JUL28CHAHEI,1785299809.0,quote,,1786505400.0,true,65.5000,65.0000,66.0000,11466.57,63.32
6,53f42bc58d42435d82248ac83e5d779a,-2.0300,2026-07-29,2026-07-29,29354e42ef0c3a5dcfab2220f035fd1be5874df613426379bae1f33e112f560b,3225d938792095e42822872d66b7b9e7b79546a344da7ea98298d40463577392,"[""Tennis""]",1785307546.4139142,KXITFWMATCH-26JUL29DESJAN-DES,Tennis,,KXITFWMATCH,81f61a76-c334-455a-ab59-aaab2f2b9045,KXITFWMATCH-26JUL29DESJAN,1785301882.0,quote,,1786510800.0,true,46.0000,43.0000,49.0000,185.24,290.48
6,53f42bc58d42435d82248ac83e5d779a,-2.0300,2026-07-29,2026-07-29,29354e42ef0c3a5dcfab2220f035fd1be5874df613426379bae1f33e112f560b,3225d938792095e42822872d66b7b9e7b79546a344da7ea98298d40463577392,"[""Tennis""]",1785307546.487539,KXITFMATCH-26JUL28CHAHEI-CHA,Tennis,,KXITFMATCH,5ba6a34a-c169-4b0b-b8fd-b835a2127855,KXITFMATCH-26JUL28CHAHEI,1785299809.0,quote,,1786505400.0,true,33.5000,33.0000,34.0000,4520.16,8540.71
6,53f42bc58d42435d82248ac83e5d779a,-2.0300,2026-07-29,2026-07-29,29354e42ef0c3a5dcfab2220f035fd1be5874df613426379bae1f33e112f560b,3225d938792095e42822872d66b7b9e7b79546a344da7ea98298d40463577392,"[""Tennis""]",1785307546.560027,KXITFWMATCH-26JUL29MALMAM-MAL,Tennis,,KXITFWMATCH,1465101e-caa8-45fd-812d-50d841d472da,KXITFWMATCH-26JUL29MALMAM,1785301775.0,quote,,1786510800.0,true,8.5000,8.0000,9.0000,3686.49,183.00
6,53f42bc58d42435d82248ac83e5d779a,-2.0300,2026-07-29,2026-07-29,29354e42ef0c3a5dcfab2220f035fd1be5874df613426379bae1f33e112f560b,3225d938792095e42822872d66b7b9e7b79546a344da7ea98298d40463577392,"[""Tennis""]",1785307546.6322439,KXITFWMATCH-26JUL29ARAROT-ARA,Tennis,,KXITFWMATCH,732f03cc-f3da-4b91-b7cc-f26188d27ba6,KXITFWMATCH-26JUL29ARAROT,1785301898.0,quote,,1786510800.0,true,81.5000,81.0000,82.0000,5098.31,1750.00
6,53f42bc58d42435d82248ac83e5d779a,-2.0300,2026-07-29,2026-07-29,29354e42ef0c3a5dcfab2220f035fd1be5874df613426379bae1f33e112f560b,3225d938792095e42822872d66b7b9e7b79546a344da7ea98298d40463577392,"[""Tennis""]",1785307548.214218,KXITFWMATCH-26JUL29MAKKUZ-MAK,Tennis,,KXITFWMATCH,efd4b316-d644-47a1-9c01-9150c694f3a5,KXITFWMATCH-26JUL29MAKKUZ,1785301924.0,quote,,1786510800.0,true,81.5000,81.0000,82.0000,15515.18,26240.59
6,53f42bc58d42435d82248ac83e5d779a,-2.0300,2026-07-29,2026-07-29,29354e42ef0c3a5dcfab2220f035fd1be5874df613426379bae1f33e112f560b,3225d938792095e42822872d66b7b9e7b79546a344da7ea98298d40463577392,"[""Tennis""]",1785307548.286648,KXITFWMATCH-26JUL29MAKKUZ-KUZ,Tennis,,KXITFWMATCH,efd4b316-d644-47a1-9c01-9150c694f3a5,KXITFWMATCH-26JUL29MAKKUZ,1785301924.0,quote,,1786510800.0,true,18.5000,18.0000,19.0000,13234.09,24736.27
6,53f42bc58d42435d82248ac83e5d779a,-2.0300,2026-07-29,2026-07-29,29354e42ef0c3a5dcfab2220f035fd1be5874df613426379bae1f33e112f560b,3225d938792095e42822872d66b7b9e7b79546a344da7ea98298d40463577392,"[""Tennis""]",1785307548.3579352,KXITFWMATCH-26JUL29YOSKIM-YOS,Tennis,,KXITFWMATCH,9b9eecb5-c6a0-414a-bcf3-57262192676d,KXITFWMATCH-26JUL29YOSKIM,1785301851.0,quote,,1786510800.0,true,59.5000,59.0000,60.0000,6329.20,3363.62
6,53f42bc58d42435d82248ac83e5d779a,-2.0300,2026-07-29,2026-07-29,29354e42ef0c3a5dcfab2220f035fd1be5874df613426379bae1f33e112f560b,3225d938792095e42822872d66b7b9e7b79546a344da7ea98298d40463577392,"[""Tennis""]",1785307548.51459,KXITFWMATCH-26JUL29YOSKIM-KIM,Tennis,,KXITFWMATCH,9b9eecb5-c6a0-414a-bcf3-57262192676d,KXITFWMATCH-26JUL29YOSKIM,1785301851.0,quote,,1786510800.0,true,40.5000,40.0000,41.0000,1866.28,7228.75
6,53f42bc58d42435d82248ac83e5d779a,-2.0300,2026-07-29,2026-07-29,29354e42ef0c3a5dcfab2220f035fd1be5874df613426379bae1f33e112f560b,3225d938792095e42822872d66b7b9e7b79546a344da7ea98298d40463577392,"[""Tennis""]",1785307548.581642,KXITFWMATCH-26JUL29DESJAN-JAN,Tennis,,KXITFWMATCH,81f61a76-c334-455a-ab59-aaab2f2b9045,KXITFWMATCH-26JUL29DESJAN,1785301882.0,quote,,1786510800.0,true,55.0000,51.0000,59.0000,195.00,278.86
6,53f42bc58d42435d82248ac83e5d779a,-2.0300,2026-07-29,2026-07-29,29354e42ef0c3a5dcfab2220f035fd1be5874df613426379bae1f33e112f560b,3225d938792095e42822872d66b7b9e7b79546a344da7ea98298d40463577392,"[""Tennis""]",1785307548.6499798,KXITFMATCH-26JUL28CHAHEI-HEI,Tennis,,KXITFMATCH,5ba6a34a-c169-4b0b-b8fd-b835a2127855,KXITFMATCH-26JUL28CHAHEI,1785299809.0,quote,,1786505400.0,true,65.5000,65.0000,66.0000,11466.57,63.32
6,53f42bc58d42435d82248ac83e5d779a,-2.0300,2026-07-29,2026-07-29,29354e42ef0c3a5dcfab2220f035fd1be5874df613426379bae1f33e112f560b,3225d938792095e42822872d66b7b9e7b79546a344da7ea98298d40463577392,"[""Tennis""]",1785307548.7216132,KXITFWMATCH-26JUL29DESJAN-DES,Tennis,,KXITFWMATCH,81f61a76-c334-455a-ab59-aaab2f2b9045,KXITFWMATCH-26JUL29DESJAN,1785301882.0,quote,,1786510800.0,true,46.0000,43.0000,49.0000,185.24,290.48
6,53f42bc58d42435d82248ac83e5d779a,-2.0300,2026-07-29,2026-07-29,29354e42ef0c3a5dcfab2220f035fd1be5874df613426379bae1f33e112f560b,3225d938792095e42822872d66b7b9e7b79546a344da7ea98298d40463577392,"[""Tennis""]",1785307548.788105,KXITFMATCH-26JUL28CHAHEI-CHA,Tennis,,KXITFMATCH,5ba6a34a-c169-4b0b-b8fd-b835a2127855,KXITFMATCH-26JUL28CHAHEI,1785299809.0,quote,,1786505400.0,true,33.5000,33.0000,34.0000,4520.16,8540.71
6,53f42bc58d42435d82248ac83e5d779a,-2.0300,2026-07-29,2026-07-29,29354e42ef0c3a5dcfab2220f035fd1be5874df613426379bae1f33e112f560b,3225d938792095e42822872d66b7b9e7b79546a344da7ea98298d40463577392,"[""Tennis""]",1785307548.857665,KXITFWMATCH-26JUL29MALMAM-MAL,Tennis,,KXITFWMATCH,1465101e-caa8-45fd-812d-50d841d472da,KXITFWMATCH-26JUL29MALMAM,1785301775.0,quote,,1786510800.0,true,8.5000,8.0000,9.0000,4551.29,7081.66
6,53f42bc58d42435d82248ac83e5d779a,-2.0300,2026-07-29,2026-07-29,29354e42ef0c3a5dcfab2220f035fd1be5874df613426379bae1f33e112f560b,3225d938792095e42822872d66b7b9e7b79546a344da7ea98298d40463577392,"[""Tennis""]",1785307548.928908,KXITFWMATCH-26JUL29ARAROT-ARA,Tennis,,KXITFWMATCH,732f03cc-f3da-4b91-b7cc-f26188d27ba6,KXITFWMATCH-26JUL29ARAROT,1785301898.0,quote,,1786510800.0,true,82.0000,81.0000,83.0000,247.94,128.00
6,53f42bc58d42435d82248ac83e5d779a,-2.0300,2026-07-29,2026-07-29,29354e42ef0c3a5dcfab2220f035fd1be5874df613426379bae1f33e112f560b,3225d938792095e42822872d66b7b9e7b79546a344da7ea98298d40463577392,"[""Tennis""]",1785307550.506655,KXITFWMATCH-26JUL29MAKKUZ-MAK,Tennis,,KXITFWMATCH,efd4b316-d644-47a1-9c01-9150c694f3a5,KXITFWMATCH-26JUL29MAKKUZ,1785301924.0,quote,,1786510800.0,true,81.5000,81.0000,82.0000,15515.18,26240.59
6,53f42bc58d42435d82248ac83e5d779a,-2.0300,2026-07-29,2026-07-29,29354e42ef0c3a5dcfab2220f035fd1be5874df613426379bae1f33e112f560b,3225d938792095e42822872d66b7b9e7b79546a344da7ea98298d40463577392,"[""Tennis""]",1785307550.60708,KXITFWMATCH-26JUL29MAKKUZ-KUZ,Tennis,,KXITFWMATCH,efd4b316-d644-47a1-9c01-9150c694f3a5,KXITFWMATCH-26JUL29MAKKUZ,1785301924.0,quote,,1786510800.0,true,18.5000,18.0000,19.0000,13234.09,24736.27
6,53f42bc58d42435d82248ac83e5d779a,-2.0300,2026-07-29,2026-07-29,29354e42ef0c3a5dcfab2220f035fd1be5874df613426379bae1f33e112f560b,3225d938792095e42822872d66b7b9e7b79546a344da7ea98298d40463577392,"[""Tennis""]",1785307550.684373,KXITFWMATCH-26JUL29YOSKIM-YOS,Tennis,,KXITFWMATCH,9b9eecb5-c6a0-414a-bcf3-57262192676d,KXITFWMATCH-26JUL29YOSKIM,1785301851.0,quote,,1786510800.0,true,59.5000,59.0000,60.0000,6329.20,3426.44
6,53f42bc58d42435d82248ac83e5d779a,-2.0300,2026-07-29,2026-07-29,29354e42ef0c3a5dcfab2220f035fd1be5874df613426379bae1f33e112f560b,3225d938792095e42822872d66b7b9e7b79546a344da7ea98298d40463577392,"[""Tennis""]",1785307550.754126,KXITFWMATCH-26JUL29YOSKIM-KIM,Tennis,,KXITFWMATCH,9b9eecb5-c6a0-414a-bcf3-57262192676d,KXITFWMATCH-26JUL29YOSKIM,1785301851.0,quote,,1786510800.0,true,40.5000,40.0000,41.0000,1866.28,7228.75
6,53f42bc58d42435d82248ac83e5d779a,-2.0300,2026-07-29,2026-07-29,29354e42ef0c3a5dcfab2220f035fd1be5874df613426379bae1f33e112f560b,3225d938792095e42822872d66b7b9e7b79546a344da7ea98298d40463577392,"[""Tennis""]",1785307550.824467,KXITFWMATCH-26JUL29DESJAN-JAN,Tennis,,KXITFWMATCH,81f61a76-c334-455a-ab59-aaab2f2b9045,KXITFWMATCH-26JUL29DESJAN,1785301882.0,quote,,1786510800.0,true,55.0000,51.0000,59.0000,195.00,278.86
6,53f42bc58d42435d82248ac83e5d779a,-2.0300,2026-07-29,2026-07-29,29354e42ef0c3a5dcfab2220f035fd1be5874df613426379bae1f33e112f560b,3225d938792095e42822872d66b7b9e7b79546a344da7ea98298d40463577392,"[""Tennis""]",1785307550.895782,KXITFMATCH-26JUL28CHAHEI-HEI,Tennis,,KXITFMATCH,5ba6a34a-c169-4b0b-b8fd-b835a2127855,KXITFMATCH-26JUL28CHAHEI,1785299809.0,quote,,1786505400.0,true,68.0000,67.0000,69.0000,26405.34,4181.75
6,53f42bc58d42435d82248ac83e5d779a,-2.0300,2026-07-29,2026-07-29,29354e42ef0c3a5dcfab2220f035fd1be5874df613426379bae1f33e112f560b,3225d938792095e42822872d66b7b9e7b79546a344da7ea98298d40463577392,"[""Tennis""]",1785307550.9677398,KXITFWMATCH-26JUL29DESJAN-DES,Tennis,,KXITFWMATCH,81f61a76-c334-455a-ab59-aaab2f2b9045,KXITFWMATCH-26JUL29DESJAN,1785301882.0,quote,,1786510800.0,true,46.0000,43.0000,49.0000,185.24,290.48
6,53f42bc58d42435d82248ac83e5d779a,-2.0300,2026-07-29,2026-07-29,29354e42ef0c3a5dcfab2220f035fd1be5874df613426379bae1f33e112f560b,3225d938792095e42822872d66b7b9e7b79546a344da7ea98298d40463577392,"[""Tennis""]",1785307551.0385,KXITFMATCH-26JUL28CHAHEI-CHA,Tennis,,KXITFMATCH,5ba6a34a-c169-4b0b-b8fd-b835a2127855,KXITFMATCH-26JUL28CHAHEI,1785299809.0,quote,,1786505400.0,true,33.5000,33.0000,34.0000,4520.16,8540.71
6,53f42bc58d42435d82248ac83e5d779a,-2.0300,2026-07-29,2026-07-29,29354e42ef0c3a5dcfab2220f035fd1be5874df613426379bae1f33e112f560b,3225d938792095e42822872d66b7b9e7b79546a344da7ea98298d40463577392,"[""Tennis""]",1785307551.198313,KXITFWMATCH-26JUL29MALMAM-MAL,Tennis,,KXITFWMATCH,1465101e-caa8-45fd-812d-50d841d472da,KXITFWMATCH-26JUL29MALMAM,1785301775.0,quote,,1786510800.0,true,8.5000,8.0000,9.0000,4551.29,7081.66
6,53f42bc58d42435d82248ac83e5d779a,-2.0300,2026-07-29,2026-07-29,29354e42ef0c3a5dcfab2220f035fd1be5874df613426379bae1f33e112f560b,3225d938792095e42822872d66b7b9e7b79546a344da7ea98298d40463577392,"[""Tennis""]",1785307551.269226,KXITFWMATCH-26JUL29ARAROT-ARA,Tennis,,KXITFWMATCH,732f03cc-f3da-4b91-b7cc-f26188d27ba6,KXITFWMATCH-26JUL29ARAROT,1785301898.0,quote,,1786510800.0,true,82.0000,81.0000,83.0000,247.94,128.00
6,53f42bc58d42435d82248ac83e5d779a,-2.0300,2026-07-29,2026-07-29,29354e42ef0c3a5dcfab2220f035fd1be5874df613426379bae1f33e112f560b,3225d938792095e42822872d66b7b9e7b79546a344da7ea98298d40463577392,"[""Tennis""]",1785307552.849241,KXITFWMATCH-26JUL29MAKKUZ-MAK,Tennis,,KXITFWMATCH,efd4b316-d644-47a1-9c01-9150c694f3a5,KXITFWMATCH-26JUL29MAKKUZ,1785301924.0,quote,,1786510800.0,true,81.5000,81.0000,82.0000,15545.18,26240.59
6,53f42bc58d42435d82248ac83e5d779a,-2.0300,2026-07-29,2026-07-29,29354e42ef0c3a5dcfab2220f035fd1be5874df613426379bae1f33e112f560b,3225d938792095e42822872d66b7b9e7b79546a344da7ea98298d40463577392,"[""Tennis""]",1785307552.9192388,KXITFWMATCH-26JUL29MAKKUZ-KUZ,Tennis,,KXITFWMATCH,efd4b316-d644-47a1-9c01-9150c694f3a5,KXITFWMATCH-26JUL29MAKKUZ,1785301924.0,quote,,1786510800.0,true,18.5000,18.0000,19.0000,13234.09,24736.27
6,53f42bc58d42435d82248ac83e5d779a,-2.0300,2026-07-29,2026-07-29,29354e42ef0c3a5dcfab2220f035fd1be5874df613426379bae1f33e112f560b,3225d938792095e42822872d66b7b9e7b79546a344da7ea98298d40463577392,"[""Tennis""]",1785307552.990495,KXITFWMATCH-26JUL29YOSKIM-YOS,Tennis,,KXITFWMATCH,9b9eecb5-c6a0-414a-bcf3-57262192676d,KXITFWMATCH-26JUL29YOSKIM,1785301851.0,quote,,1786510800.0,true,59.5000,59.0000,60.0000,6329.20,3426.44
6,53f42bc58d42435d82248ac83e5d779a,-2.0300,2026-07-29,2026-07-29,29354e42ef0c3a5dcfab2220f035fd1be5874df613426379bae1f33e112f560b,3225d938792095e42822872d66b7b9e7b79546a344da7ea98298d40463577392,"[""Tennis""]",1785307553.06124,KXITFWMATCH-26JUL29YOSKIM-KIM,Tennis,,KXITFWMATCH,9b9eecb5-c6a0-414a-bcf3-57262192676d,KXITFWMATCH-26JUL29YOSKIM,1785301851.0,quote,,1786510800.0,true,40.5000,40.0000,41.0000,1866.28,7228.75
6,53f42bc58d42435d82248ac83e5d779a,-2.0300,2026-07-29,2026-07-29,29354e42ef0c3a5dcfab2220f035fd1be5874df613426379bae1f33e112f560b,3225d938792095e42822872d66b7b9e7b79546a344da7ea98298d40463577392,"[""Tennis""]",1785307553.132441,KXITFWMATCH-26JUL29DESJAN-JAN,Tennis,,KXITFWMATCH,81f61a76-c334-455a-ab59-aaab2f2b9045,KXITFWMATCH-26JUL29DESJAN,1785301882.0,quote,,1786510800.0,true,55.0000,51.0000,59.0000,195.00,278.86
6,53f42bc58d42435d82248ac83e5d779a,-2.0300,2026-07-29,2026-07-29,29354e42ef0c3a5dcfab2220f035fd1be5874df613426379bae1f33e112f560b,3225d938792095e42822872d66b7b9e7b79546a344da7ea98298d40463577392,"[""Tennis""]",1785307553.232682,KXITFMATCH-26JUL28CHAHEI-HEI,Tennis,,KXITFMATCH,5ba6a34a-c169-4b0b-b8fd-b835a2127855,KXITFMATCH-26JUL28CHAHEI,1785299809.0,quote,,1786505400.0,true,68.0000,67.0000,69.0000,26405.34,4181.75
6,53f42bc58d42435d82248ac83e5d779a,-2.0300,2026-07-29,2026-07-29,29354e42ef0c3a5dcfab2220f035fd1be5874df613426379bae1f33e112f560b,3225d938792095e42822872d66b7b9e7b79546a344da7ea98298d40463577392,"[""Tennis""]",1785307553.3037179,KXITFWMATCH-26JUL29DESJAN-DES,Tennis,,KXITFWMATCH,81f61a76-c334-455a-ab59-aaab2f2b9045,KXITFWMATCH-26JUL29DESJAN,1785301882.0,quote,,1786510800.0,true,46.0000,43.0000,49.0000,163.24,266.78
6,53f42bc58d42435d82248ac83e5d779a,-2.0300,2026-07-29,2026-07-29,29354e42ef0c3a5dcfab2220f035fd1be5874df613426379bae1f33e112f560b,3225d938792095e42822872d66b7b9e7b79546a344da7ea98298d40463577392,"[""Tennis""]",1785307553.377455,KXITFMATCH-26JUL28CHAHEI-CHA,Tennis,,KXITFMATCH,5ba6a34a-c169-4b0b-b8fd-b835a2127855,KXITFMATCH-26JUL28CHAHEI,1785299809.0,quote,,1786505400.0,true,33.5000,33.0000,34.0000,4520.16,8540.71
6,53f42bc58d42435d82248ac83e5d779a,-2.0300,2026-07-29,2026-07-29,29354e42ef0c3a5dcfab2220f035fd1be5874df613426379bae1f33e112f560b,3225d938792095e42822872d66b7b9e7b79546a344da7ea98298d40463577392,"[""Tennis""]",1785307553.4493,KXITFWMATCH-26JUL29MALMAM-MAL,Tennis,,KXITFWMATCH,1465101e-caa8-45fd-812d-50d841d472da,KXITFWMATCH-26JUL29MALMAM,1785301775.0,quote,,1786510800.0,true,8.5000,8.0000,9.0000,4551.29,7081.66
6,53f42bc58d42435d82248ac83e5d779a,-2.0300,2026-07-29,2026-07-29,29354e42ef0c3a5dcfab2220f035fd1be5874df613426379bae1f33e112f560b,3225d938792095e42822872d66b7b9e7b79546a344da7ea98298d40463577392,"[""Tennis""]",1785307553.52332,KXITFWMATCH-26JUL29ARAROT-ARA,Tennis,,KXITFWMATCH,732f03cc-f3da-4b91-b7cc-f26188d27ba6,KXITFWMATCH-26JUL29ARAROT,1785301898.0,quote,,1786510800.0,true,82.0000,81.0000,83.0000,247.94,128.00
6,53f42bc58d42435d82248ac83e5d779a,-2.0300,2026-07-29,2026-07-29,29354e42ef0c3a5dcfab2220f035fd1be5874df613426379bae1f33e112f560b,3225d938792095e42822872d66b7b9e7b79546a344da7ea98298d40463577392,"[""Tennis""]",1785307555.105648,KXITFWMATCH-26JUL29MAKKUZ-MAK,Tennis,,KXITFWMATCH,efd4b316-d644-47a1-9c01-9150c694f3a5,KXITFWMATCH-26JUL29MAKKUZ,1785301924.0,quote,,1786510800.0,true,81.5000,81.0000,82.0000,15545.18,26240.59
6,53f42bc58d42435d82248ac83e5d779a,-2.0300,2026-07-29,2026-07-29,29354e42ef0c3a5dcfab2220f035fd1be5874df613426379bae1f33e112f560b,3225d938792095e42822872d66b7b9e7b79546a344da7ea98298d40463577392,"[""Tennis""]",1785307555.1761248,KXITFWMATCH-26JUL29MAKKUZ-KUZ,Tennis,,KXITFWMATCH,efd4b316-d644-47a1-9c01-9150c694f3a5,KXITFWMATCH-26JUL29MAKKUZ,1785301924.0,quote,,1786510800.0,true,18.5000,18.0000,19.0000,13235.09,24617.74
6,53f42bc58d42435d82248ac83e5d779a,-2.0300,2026-07-29,2026-07-29,29354e42ef0c3a5dcfab2220f035fd1be5874df613426379bae1f33e112f560b,3225d938792095e42822872d66b7b9e7b79546a344da7ea98298d40463577392,"[""Tennis""]",1785307555.3303108,KXITFWMATCH-26JUL29YOSKIM-YOS,Tennis,,KXITFWMATCH,9b9eecb5-c6a0-414a-bcf3-57262192676d,KXITFWMATCH-26JUL29YOSKIM,1785301851.0,quote,,1786510800.0,true,59.5000,59.0000,60.0000,6329.20,3426.44
6,53f42bc58d42435d82248ac83e5d779a,-2.0300,2026-07-29,2026-07-29,29354e42ef0c3a5dcfab2220f035fd1be5874df613426379bae1f33e112f560b,3225d938792095e42822872d66b7b9e7b79546a344da7ea98298d40463577392,"[""Tennis""]",1785307555.404162,KXITFWMATCH-26JUL29YOSKIM-KIM,Tennis,,KXITFWMATCH,9b9eecb5-c6a0-414a-bcf3-57262192676d,KXITFWMATCH-26JUL29YOSKIM,1785301851.0,quote,,1786510800.0,true,40.5000,40.0000,41.0000,1867.28,7226.41
6,53f42bc58d42435d82248ac83e5d779a,-2.0300,2026-07-29,2026-07-29,29354e42ef0c3a5dcfab2220f035fd1be5874df613426379bae1f33e112f560b,3225d938792095e42822872d66b7b9e7b79546a344da7ea98298d40463577392,"[""Tennis""]",1785307555.472917,KXITFWMATCH-26JUL29DESJAN-JAN,Tennis,,KXITFWMATCH,81f61a76-c334-455a-ab59-aaab2f2b9045,KXITFWMATCH-26JUL29DESJAN,1785301882.0,quote,,1786510800.0,true,55.0000,51.0000,59.0000,195.00,278.86
6,53f42bc58d42435d82248ac83e5d779a,-2.0300,2026-07-29,2026-07-29,29354e42ef0c3a5dcfab2220f035fd1be5874df613426379bae1f33e112f560b,3225d938792095e42822872d66b7b9e7b79546a344da7ea98298d40463577392,"[""Tennis""]",1785307555.542398,KXITFMATCH-26JUL28CHAHEI-HEI,Tennis,,KXITFMATCH,5ba6a34a-c169-4b0b-b8fd-b835a2127855,KXITFMATCH-26JUL28CHAHEI,1785299809.0,quote,,1786505400.0,true,68.0000,67.0000,69.0000,26405.34,4181.75
6,53f42bc58d42435d82248ac83e5d779a,-2.0300,2026-07-29,2026-07-29,29354e42ef0c3a5dcfab2220f035fd1be5874df613426379bae1f33e112f560b,3225d938792095e42822872d66b7b9e7b79546a344da7ea98298d40463577392,"[""Tennis""]",1785307555.611596,KXITFWMATCH-26JUL29DESJAN-DES,Tennis,,KXITFWMATCH,81f61a76-c334-455a-ab59-aaab2f2b9045,KXITFWMATCH-26JUL29DESJAN,1785301882.0,quote,,1786510800.0,true,46.0000,43.0000,49.0000,163.24,266.78
6,53f42bc58d42435d82248ac83e5d779a,-2.0300,2026-07-29,2026-07-29,29354e42ef0c3a5dcfab2220f035fd1be5874df613426379bae1f33e112f560b,3225d938792095e42822872d66b7b9e7b79546a344da7ea98298d40463577392,"[""Tennis""]",1785307555.682173,KXITFMATCH-26JUL28CHAHEI-CHA,Tennis,,KXITFMATCH,5ba6a34a-c169-4b0b-b8fd-b835a2127855,KXITFMATCH-26JUL28CHAHEI,1785299809.0,quote,,1786505400.0,true,31.5000,31.0000,32.0000,611.83,57971.95
6,53f42bc58d42435d82248ac83e5d779a,-2.0300,2026-07-29,2026-07-29,29354e42ef0c3a5dcfab2220f035fd1be5874df613426379bae1f33e112f560b,3225d938792095e42822872d66b7b9e7b79546a344da7ea98298d40463577392,"[""Tennis""]",1785307555.754503,KXITFWMATCH-26JUL29MALMAM-MAL,Tennis,,KXITFWMATCH,1465101e-caa8-45fd-812d-50d841d472da,KXITFWMATCH-26JUL29MALMAM,1785301775.0,quote,,1786510800.0,true,8.5000,8.0000,9.0000,4551.29,7081.66
6,53f42bc58d42435d82248ac83e5d779a,-2.0300,2026-07-29,2026-07-29,29354e42ef0c3a5dcfab2220f035fd1be5874df613426379bae1f33e112f560b,3225d938792095e42822872d66b7b9e7b79546a344da7ea98298d40463577392,"[""Tennis""]",1785307555.9124422,KXITFWMATCH-26JUL29ARAROT-ARA,Tennis,,KXITFWMATCH,732f03cc-f3da-4b91-b7cc-f26188d27ba6,KXITFWMATCH-26JUL29ARAROT,1785301898.0,quote,,1786510800.0,true,82.0000,81.0000,83.0000,247.94,128.00
6,53f42bc58d42435d82248ac83e5d779a,-2.0300,2026-07-29,2026-07-29,29354e42ef0c3a5dcfab2220f035fd1be5874df613426379bae1f33e112f560b,3225d938792095e42822872d66b7b9e7b79546a344da7ea98298d40463577392,"[""Tennis""]",1785307557.49345,KXITFWMATCH-26JUL29MAKKUZ-MAK,Tennis,,KXITFWMATCH,efd4b316-d644-47a1-9c01-9150c694f3a5,KXITFWMATCH-26JUL29MAKKUZ,1785301924.0,quote,,1786510800.0,true,81.5000,81.0000,82.0000,15545.18,26240.59
6,53f42bc58d42435d82248ac83e5d779a,-2.0300,2026-07-29,2026-07-29,29354e42ef0c3a5dcfab2220f035fd1be5874df613426379bae1f33e112f560b,3225d938792095e42822872d66b7b9e7b79546a344da7ea98298d40463577392,"[""Tennis""]",1785307557.5648499,KXITFWMATCH-26JUL29MAKKUZ-KUZ,Tennis,,KXITFWMATCH,efd4b316-d644-47a1-9c01-9150c694f3a5,KXITFWMATCH-26JUL29MAKKUZ,1785301924.0,quote,,1786510800.0,true,18.5000,18.0000,19.0000,13235.09,24617.74
6,53f42bc58d42435d82248ac83e5d779a,-2.0300,2026-07-29,2026-07-29,29354e42ef0c3a5dcfab2220f035fd1be5874df613426379bae1f33e112f560b,3225d938792095e42822872d66b7b9e7b79546a344da7ea98298d40463577392,"[""Tennis""]",1785307557.6369221,KXITFWMATCH-26JUL29YOSKIM-YOS,Tennis,,KXITFWMATCH,9b9eecb5-c6a0-414a-bcf3-57262192676d,KXITFWMATCH-26JUL29YOSKIM,1785301851.0,quote,,1786510800.0,true,59.5000,59.0000,60.0000,6329.20,3426.44
6,53f42bc58d42435d82248ac83e5d779a,-2.0300,2026-07-29,2026-07-29,29354e42ef0c3a5dcfab2220f035fd1be5874df613426379bae1f33e112f560b,3225d938792095e42822872d66b7b9e7b79546a344da7ea98298d40463577392,"[""Tennis""]",1785307557.707596,KXITFWMATCH-26JUL29YOSKIM-KIM,Tennis,,KXITFWMATCH,9b9eecb5-c6a0-414a-bcf3-57262192676d,KXITFWMATCH-26JUL29YOSKIM,1785301851.0,quote,,1786510800.0,true,40.5000,40.0000,41.0000,1867.28,7226.41
6,53f42bc58d42435d82248ac83e5d779a,-2.0300,2026-07-29,2026-07-29,29354e42ef0c3a5dcfab2220f035fd1be5874df613426379bae1f33e112f560b,3225d938792095e42822872d66b7b9e7b79546a344da7ea98298d40463577392,"[""Tennis""]",1785307557.77673,KXITFWMATCH-26JUL29DESJAN-JAN,Tennis,,KXITFWMATCH,81f61a76-c334-455a-ab59-aaab2f2b9045,KXITFWMATCH-26JUL29DESJAN,1785301882.0,quote,,1786510800.0,true,55.0000,51.0000,59.0000,195.00,278.86
6,53f42bc58d42435d82248ac83e5d779a,-2.0300,2026-07-29,2026-07-29,29354e42ef0c3a5dcfab2220f035fd1be5874df613426379bae1f33e112f560b,3225d938792095e42822872d66b7b9e7b79546a344da7ea98298d40463577392,"[""Tennis""]",1785307557.84538,KXITFMATCH-26JUL28CHAHEI-HEI,Tennis,,KXITFMATCH,5ba6a34a-c169-4b0b-b8fd-b835a2127855,KXITFMATCH-26JUL28CHAHEI,1785299809.0,quote,,1786505400.0,true,68.0000,67.0000,69.0000,26405.34,4181.75
6,53f42bc58d42435d82248ac83e5d779a,-2.0300,2026-07-29,2026-07-29,29354e42ef0c3a5dcfab2220f035fd1be5874df613426379bae1f33e112f560b,3225d938792095e42822872d66b7b9e7b79546a344da7ea98298d40463577392,"[""Tennis""]",1785307557.950516,KXITFWMATCH-26JUL29DESJAN-DES,Tennis,,KXITFWMATCH,81f61a76-c334-455a-ab59-aaab2f2b9045,KXITFWMATCH-26JUL29DESJAN,1785301882.0,quote,,1786510800.0,true,46.0000,43.0000,49.0000,163.24,266.78
6,53f42bc58d42435d82248ac83e5d779a,-2.0300,2026-07-29,2026-07-29,29354e42ef0c3a5dcfab2220f035fd1be5874df613426379bae1f33e112f560b,3225d938792095e42822872d66b7b9e7b79546a344da7ea98298d40463577392,"[""Tennis""]",1785307558.0304651,KXITFMATCH-26JUL28CHAHEI-CHA,Tennis,,KXITFMATCH,5ba6a34a-c169-4b0b-b8fd-b835a2127855,KXITFMATCH-26JUL28CHAHEI,1785299809.0,quote,,1786505400.0,true,31.5000,31.0000,32.0000,611.83,57971.95
6,53f42bc58d42435d82248ac83e5d779a,-2.0300,2026-07-29,2026-07-29,29354e42ef0c3a5dcfab2220f035fd1be5874df613426379bae1f33e112f560b,3225d938792095e42822872d66b7b9e7b79546a344da7ea98298d40463577392,"[""Tennis""]",1785307558.097503,KXITFWMATCH-26JUL29MALMAM-MAL,Tennis,,KXITFWMATCH,1465101e-caa8-45fd-812d-50d841d472da,KXITFWMATCH-26JUL29MALMAM,1785301775.0,quote,,1786510800.0,true,8.5000,8.0000,9.0000,4551.29,7081.66
6,53f42bc58d42435d82248ac83e5d779a,-2.0300,2026-07-29,2026-07-29,29354e42ef0c3a5dcfab2220f035fd1be5874df613426379bae1f33e112f560b,3225d938792095e42822872d66b7b9e7b79546a344da7ea98298d40463577392,"[""Tennis""]",1785307558.165152,KXITFWMATCH-26JUL29ARAROT-ARA,Tennis,,KXITFWMATCH,732f03cc-f3da-4b91-b7cc-f26188d27ba6,KXITFWMATCH-26JUL29ARAROT,1785301898.0,quote,,1786510800.0,true,85.0000,84.0000,86.0000,5177.20,6177.87
6,53f42bc58d42435d82248ac83e5d779a,-2.0300,2026-07-29,2026-07-29,29354e42ef0c3a5dcfab2220f035fd1be5874df613426379bae1f33e112f560b,3225d938792095e42822872d66b7b9e7b79546a344da7ea98298d40463577392,"[""Tennis""]",1785307559.752673,KXITFWMATCH-26JUL29MAKKUZ-MAK,Tennis,,KXITFWMATCH,efd4b316-d644-47a1-9c01-9150c694f3a5,KXITFWMATCH-26JUL29MAKKUZ,1785301924.0,quote,,1786510800.0,true,81.5000,81.0000,82.0000,15545.18,26240.59
6,53f42bc58d42435d82248ac83e5d779a,-2.0300,2026-07-29,2026-07-29,29354e42ef0c3a5dcfab2220f035fd1be5874df613426379bae1f33e112f560b,3225d938792095e42822872d66b7b9e7b79546a344da7ea98298d40463577392,"[""Tennis""]",1785307559.823432,KXITFWMATCH-26JUL29MAKKUZ-KUZ,Tennis,,KXITFWMATCH,efd4b316-d644-47a1-9c01-9150c694f3a5,KXITFWMATCH-26JUL29MAKKUZ,1785301924.0,quote,,1786510800.0,true,18.5000,18.0000,19.0000,13235.09,24617.74
6,53f42bc58d42435d82248ac83e5d779a,-2.0300,2026-07-29,2026-07-29,29354e42ef0c3a5dcfab2220f035fd1be5874df613426379bae1f33e112f560b,3225d938792095e42822872d66b7b9e7b79546a344da7ea98298d40463577392,"[""Tennis""]",1785307559.894581,KXITFWMATCH-26JUL29YOSKIM-YOS,Tennis,,KXITFWMATCH,9b9eecb5-c6a0-414a-bcf3-57262192676d,KXITFWMATCH-26JUL29YOSKIM,1785301851.0,quote,,1786510800.0,true,59.5000,59.0000,60.0000,6329.20,3426.44
6,53f42bc58d42435d82248ac83e5d779a,-2.0300,2026-07-29,2026-07-29,29354e42ef0c3a5dcfab2220f035fd1be5874df613426379bae1f33e112f560b,3225d938792095e42822872d66b7b9e7b79546a344da7ea98298d40463577392,"[""Tennis""]",1785307560.0491898,KXITFWMATCH-26JUL29YOSKIM-KIM,Tennis,,KXITFWMATCH,9b9eecb5-c6a0-414a-bcf3-57262192676d,KXITFWMATCH-26JUL29YOSKIM,1785301851.0,quote,,1786510800.0,true,40.5000,40.0000,41.0000,1867.28,7226.41
6,53f42bc58d42435d82248ac83e5d779a,-2.0300,2026-07-29,2026-07-29,29354e42ef0c3a5dcfab2220f035fd1be5874df613426379bae1f33e112f560b,3225d938792095e42822872d66b7b9e7b79546a344da7ea98298d40463577392,"[""Tennis""]",1785307560.1215081,KXITFWMATCH-26JUL29DESJAN-JAN,Tennis,,KXITFWMATCH,81f61a76-c334-455a-ab59-aaab2f2b9045,KXITFWMATCH-26JUL29DESJAN,1785301882.0,quote,,1786510800.0,true,54.0000,51.0000,57.0000,195.00,1.00
6,53f42bc58d42435d82248ac83e5d779a,-2.0300,2026-07-29,2026-07-29,29354e42ef0c3a5dcfab2220f035fd1be5874df613426379bae1f33e112f560b,3225d938792095e42822872d66b7b9e7b79546a344da7ea98298d40463577392,"[""Tennis""]",1785307560.192256,KXITFMATCH-26JUL28CHAHEI-HEI,Tennis,,KXITFMATCH,5ba6a34a-c169-4b0b-b8fd-b835a2127855,KXITFMATCH-26JUL28CHAHEI,1785299809.0,quote,,1786505400.0,true,68.0000,67.0000,69.0000,26405.34,4181.75
6,53f42bc58d42435d82248ac83e5d779a,-2.0300,2026-07-29,2026-07-29,29354e42ef0c3a5dcfab2220f035fd1be5874df613426379bae1f33e112f560b,3225d938792095e42822872d66b7b9e7b79546a344da7ea98298d40463577392,"[""Tennis""]",1785307560.2630138,KXITFWMATCH-26JUL29DESJAN-DES,Tennis,,KXITFWMATCH,81f61a76-c334-455a-ab59-aaab2f2b9045,KXITFWMATCH-26JUL29DESJAN,1785301882.0,quote,,1786510800.0,true,46.0000,43.0000,49.0000,163.24,266.78
6,53f42bc58d42435d82248ac83e5d779a,-2.0300,2026-07-29,2026-07-29,29354e42ef0c3a5dcfab2220f035fd1be5874df613426379bae1f33e112f560b,3225d938792095e42822872d66b7b9e7b79546a344da7ea98298d40463577392,"[""Tennis""]",1785307560.335413,KXITFMATCH-26JUL28CHAHEI-CHA,Tennis,,KXITFMATCH,5ba6a34a-c169-4b0b-b8fd-b835a2127855,KXITFMATCH-26JUL28CHAHEI,1785299809.0,quote,,1786505400.0,true,31.5000,31.0000,32.0000,611.83,57971.95
6,53f42bc58d42435d82248ac83e5d779a,-2.0300,2026-07-29,2026-07-29,29354e42ef0c3a5dcfab2220f035fd1be5874df613426379bae1f33e112f560b,3225d938792095e42822872d66b7b9e7b79546a344da7ea98298d40463577392,"[""Tennis""]",1785307560.4107451,KXITFWMATCH-26JUL29MALMAM-MAL,Tennis,,KXITFWMATCH,1465101e-caa8-45fd-812d-50d841d472da,KXITFWMATCH-26JUL29MALMAM,1785301775.0,quote,,1786510800.0,true,9.5000,8.0000,11.0000,476.31,287.00
6,53f42bc58d42435d82248ac83e5d779a,-2.0300,2026-07-29,2026-07-29,29354e42ef0c3a5dcfab2220f035fd1be5874df613426379bae1f33e112f560b,3225d938792095e42822872d66b7b9e7b79546a344da7ea98298d40463577392,"[""Tennis""]",1785307560.574307,KXITFWMATCH-26JUL29ARAROT-ARA,Tennis,,KXITFWMATCH,732f03cc-f3da-4b91-b7cc-f26188d27ba6,KXITFWMATCH-26JUL29ARAROT,1785301898.0,quote,,1786510800.0,true,85.0000,84.0000,86.0000,5177.20,6177.87
6,53f42bc58d42435d82248ac83e5d779a,-2.0300,2026-07-29,2026-07-29,29354e42ef0c3a5dcfab2220f035fd1be5874df613426379bae1f33e112f560b,3225d938792095e42822872d66b7b9e7b79546a344da7ea98298d40463577392,"[""Tennis""]",1785307562.202603,KXITFWMATCH-26JUL29MAKKUZ-MAK,Tennis,,KXITFWMATCH,efd4b316-d644-47a1-9c01-9150c694f3a5,KXITFWMATCH-26JUL29MAKKUZ,1785301924.0,quote,,1786510800.0,true,81.5000,81.0000,82.0000,15545.18,26240.59
6,53f42bc58d42435d82248ac83e5d779a,-2.0300,2026-07-29,2026-07-29,29354e42ef0c3a5dcfab2220f035fd1be5874df613426379bae1f33e112f560b,3225d938792095e42822872d66b7b9e7b79546a344da7ea98298d40463577392,"[""Tennis""]",1785307562.271967,KXITFWMATCH-26JUL29MAKKUZ-KUZ,Tennis,,KXITFWMATCH,efd4b316-d644-47a1-9c01-9150c694f3a5,KXITFWMATCH-26JUL29MAKKUZ,1785301924.0,quote,,1786510800.0,true,18.5000,18.0000,19.0000,13235.09,24617.74
6,53f42bc58d42435d82248ac83e5d779a,-2.0300,2026-07-29,2026-07-29,29354e42ef0c3a5dcfab2220f035fd1be5874df613426379bae1f33e112f560b,3225d938792095e42822872d66b7b9e7b79546a344da7ea98298d40463577392,"[""Tennis""]",1785307562.341395,KXITFWMATCH-26JUL29YOSKIM-YOS,Tennis,,KXITFWMATCH,9b9eecb5-c6a0-414a-bcf3-57262192676d,KXITFWMATCH-26JUL29YOSKIM,1785301851.0,quote,,1786510800.0,true,59.5000,59.0000,60.0000,6301.51,3384.78
6,53f42bc58d42435d82248ac83e5d779a,-2.0300,2026-07-29,2026-07-29,29354e42ef0c3a5dcfab2220f035fd1be5874df613426379bae1f33e112f560b,3225d938792095e42822872d66b7b9e7b79546a344da7ea98298d40463577392,"[""Tennis""]",1785307562.40961,KXITFWMATCH-26JUL29YOSKIM-KIM,Tennis,,KXITFWMATCH,9b9eecb5-c6a0-414a-bcf3-57262192676d,KXITFWMATCH-26JUL29YOSKIM,1785301851.0,quote,,1786510800.0,true,40.5000,40.0000,41.0000,1867.28,7226.41
6,53f42bc58d42435d82248ac83e5d779a,-2.0300,2026-07-29,2026-07-29,29354e42ef0c3a5dcfab2220f035fd1be5874df613426379bae1f33e112f560b,3225d938792095e42822872d66b7b9e7b79546a344da7ea98298d40463577392,"[""Tennis""]",1785307562.4795651,KXITFWMATCH-26JUL29DESJAN-JAN,Tennis,,KXITFWMATCH,81f61a76-c334-455a-ab59-aaab2f2b9045,KXITFWMATCH-26JUL29DESJAN,1785301882.0,quote,,1786510800.0,true,54.0000,51.0000,57.0000,195.00,1.00
6,53f42bc58d42435d82248ac83e5d779a,-2.0300,2026-07-29,2026-07-29,29354e42ef0c3a5dcfab2220f035fd1be5874df613426379bae1f33e112f560b,3225d938792095e42822872d66b7b9e7b79546a344da7ea98298d40463577392,"[""Tennis""]",1785307562.548512,KXITFMATCH-26JUL28CHAHEI-HEI,Tennis,,KXITFMATCH,5ba6a34a-c169-4b0b-b8fd-b835a2127855,KXITFMATCH-26JUL28CHAHEI,1785299809.0,quote,,1786505400.0,true,65.0000,64.0000,66.0000,90.00,135.00
6,53f42bc58d42435d82248ac83e5d779a,-2.0300,2026-07-29,2026-07-29,29354e42ef0c3a5dcfab2220f035fd1be5874df613426379bae1f33e112f560b,3225d938792095e42822872d66b7b9e7b79546a344da7ea98298d40463577392,"[""Tennis""]",1785307562.67133,KXITFWMATCH-26JUL29DESJAN-DES,Tennis,,KXITFWMATCH,81f61a76-c334-455a-ab59-aaab2f2b9045,KXITFWMATCH-26JUL29DESJAN,1785301882.0,quote,,1786510800.0,true,48.0000,47.0000,49.0000,2463.72,69.00
6,53f42bc58d42435d82248ac83e5d779a,-2.0300,2026-07-29,2026-07-29,29354e42ef0c3a5dcfab2220f035fd1be5874df613426379bae1f33e112f560b,3225d938792095e42822872d66b7b9e7b79546a344da7ea98298d40463577392,"[""Tennis""]",1785307562.7439601,KXITFMATCH-26JUL28CHAHEI-CHA,Tennis,,KXITFMATCH,5ba6a34a-c169-4b0b-b8fd-b835a2127855,KXITFMATCH-26JUL28CHAHEI,1785299809.0,quote,,1786505400.0,true,31.5000,31.0000,32.0000,611.83,57971.95
6,53f42bc58d42435d82248ac83e5d779a,-2.0300,2026-07-29,2026-07-29,29354e42ef0c3a5dcfab2220f035fd1be5874df613426379bae1f33e112f560b,3225d938792095e42822872d66b7b9e7b79546a344da7ea98298d40463577392,"[""Tennis""]",1785307562.8142028,KXITFWMATCH-26JUL29MALMAM-MAL,Tennis,,KXITFWMATCH,1465101e-caa8-45fd-812d-50d841d472da,KXITFWMATCH-26JUL29MALMAM,1785301775.0,quote,,1786510800.0,true,9.5000,8.0000,11.0000,476.31,287.00
6,53f42bc58d42435d82248ac83e5d779a,-2.0300,2026-07-29,2026-07-29,29354e42ef0c3a5dcfab2220f035fd1be5874df613426379bae1f33e112f560b,3225d938792095e42822872d66b7b9e7b79546a344da7ea98298d40463577392,"[""Tennis""]",1785307562.884553,KXITFWMATCH-26JUL29ARAROT-ARA,Tennis,,KXITFWMATCH,732f03cc-f3da-4b91-b7cc-f26188d27ba6,KXITFWMATCH-26JUL29ARAROT,1785301898.0,quote,,1786510800.0,true,85.0000,84.0000,86.0000,5177.20,6177.87
6,53f42bc58d42435d82248ac83e5d779a,-2.0300,2026-07-29,2026-07-29,29354e42ef0c3a5dcfab2220f035fd1be5874df613426379bae1f33e112f560b,3225d938792095e42822872d66b7b9e7b79546a344da7ea98298d40463577392,"[""Tennis""]",1785307564.455554,KXITFWMATCH-26JUL29MAKKUZ-MAK,Tennis,,KXITFWMATCH,efd4b316-d644-47a1-9c01-9150c694f3a5,KXITFWMATCH-26JUL29MAKKUZ,1785301924.0,quote,,1786510800.0,true,81.5000,81.0000,82.0000,15545.18,26240.59
6,53f42bc58d42435d82248ac83e5d779a,-2.0300,2026-07-29,2026-07-29,29354e42ef0c3a5dcfab2220f035fd1be5874df613426379bae1f33e112f560b,3225d938792095e42822872d66b7b9e7b79546a344da7ea98298d40463577392,"[""Tennis""]",1785307564.537674,KXITFWMATCH-26JUL29MAKKUZ-KUZ,Tennis,,KXITFWMATCH,efd4b316-d644-47a1-9c01-9150c694f3a5,KXITFWMATCH-26JUL29MAKKUZ,1785301924.0,quote,,1786510800.0,true,18.5000,18.0000,19.0000,13235.09,24617.74
6,53f42bc58d42435d82248ac83e5d779a,-2.0300,2026-07-29,2026-07-29,29354e42ef0c3a5dcfab2220f035fd1be5874df613426379bae1f33e112f560b,3225d938792095e42822872d66b7b9e7b79546a344da7ea98298d40463577392,"[""Tennis""]",1785307564.60582,KXITFWMATCH-26JUL29YOSKIM-YOS,Tennis,,KXITFWMATCH,9b9eecb5-c6a0-414a-bcf3-57262192676d,KXITFWMATCH-26JUL29YOSKIM,1785301851.0,quote,,1786510800.0,true,59.5000,59.0000,60.0000,6301.51,3384.78
6,53f42bc58d42435d82248ac83e5d779a,-2.0300,2026-07-29,2026-07-29,29354e42ef0c3a5dcfab2220f035fd1be5874df613426379bae1f33e112f560b,3225d938792095e42822872d66b7b9e7b79546a344da7ea98298d40463577392,"[""Tennis""]",1785307564.767212,KXITFWMATCH-26JUL29YOSKIM-KIM,Tennis,,KXITFWMATCH,9b9eecb5-c6a0-414a-bcf3-57262192676d,KXITFWMATCH-26JUL29YOSKIM,1785301851.0,quote,,1786510800.0,true,40.5000,40.0000,41.0000,1867.28,7226.41
6,53f42bc58d42435d82248ac83e5d779a,-2.0300,2026-07-29,2026-07-29,29354e42ef0c3a5dcfab2220f035fd1be5874df613426379bae1f33e112f560b,3225d938792095e42822872d66b7b9e7b79546a344da7ea98298d40463577392,"[""Tennis""]",1785307564.842001,KXITFWMATCH-26JUL29DESJAN-JAN,Tennis,,KXITFWMATCH,81f61a76-c334-455a-ab59-aaab2f2b9045,KXITFWMATCH-26JUL29DESJAN,1785301882.0,quote,,1786510800.0,true,54.0000,51.0000,57.0000,195.00,1.00
6,53f42bc58d42435d82248ac83e5d779a,-2.0300,2026-07-29,2026-07-29,29354e42ef0c3a5dcfab2220f035fd1be5874df613426379bae1f33e112f560b,3225d938792095e42822872d66b7b9e7b79546a344da7ea98298d40463577392,"[""Tennis""]",1785307564.912483,KXITFMATCH-26JUL28CHAHEI-HEI,Tennis,,KXITFMATCH,5ba6a34a-c169-4b0b-b8fd-b835a2127855,KXITFMATCH-26JUL28CHAHEI,1785299809.0,quote,,1786505400.0,true,65.0000,64.0000,66.0000,90.00,135.00
6,53f42bc58d42435d82248ac83e5d779a,-2.0300,2026-07-29,2026-07-29,29354e42ef0c3a5dcfab2220f035fd1be5874df613426379bae1f33e112f560b,3225d938792095e42822872d66b7b9e7b79546a344da7ea98298d40463577392,"[""Tennis""]",1785307564.984001,KXITFWMATCH-26JUL29DESJAN-DES,Tennis,,KXITFWMATCH,81f61a76-c334-455a-ab59-aaab2f2b9045,KXITFWMATCH-26JUL29DESJAN,1785301882.0,quote,,1786510800.0,true,48.0000,47.0000,49.0000,2463.72,69.00
6,53f42bc58d42435d82248ac83e5d779a,-2.0300,2026-07-29,2026-07-29,29354e42ef0c3a5dcfab2220f035fd1be5874df613426379bae1f33e112f560b,3225d938792095e42822872d66b7b9e7b79546a344da7ea98298d40463577392,"[""Tennis""]",1785307565.067644,KXITFMATCH-26JUL28CHAHEI-CHA,Tennis,,KXITFMATCH,5ba6a34a-c169-4b0b-b8fd-b835a2127855,KXITFMATCH-26JUL28CHAHEI,1785299809.0,quote,,1786505400.0,true,40.5000,40.0000,41.0000,670.25,19341.00
6,53f42bc58d42435d82248ac83e5d779a,-2.0300,2026-07-29,2026-07-29,29354e42ef0c3a5dcfab2220f035fd1be5874df613426379bae1f33e112f560b,3225d938792095e42822872d66b7b9e7b79546a344da7ea98298d40463577392,"[""Tennis""]",1785307565.135273,KXITFWMATCH-26JUL29MALMAM-MAL,Tennis,,KXITFWMATCH,1465101e-caa8-45fd-812d-50d841d472da,KXITFWMATCH-26JUL29MALMAM,1785301775.0,quote,,1786510800.0,true,9.5000,8.0000,11.0000,476.31,287.00
6,53f42bc58d42435d82248ac83e5d779a,-2.0300,2026-07-29,2026-07-29,29354e42ef0c3a5dcfab2220f035fd1be5874df613426379bae1f33e112f560b,3225d938792095e42822872d66b7b9e7b79546a344da7ea98298d40463577392,"[""Tennis""]",1785307565.286888,KXITFWMATCH-26JUL29ARAROT-ARA,Tennis,,KXITFWMATCH,732f03cc-f3da-4b91-b7cc-f26188d27ba6,KXITFWMATCH-26JUL29ARAROT,1785301898.0,quote,,1786510800.0,true,85.0000,84.0000,86.0000,5177.20,6177.87
6,53f42bc58d42435d82248ac83e5d779a,-2.0300,2026-07-29,2026-07-29,29354e42ef0c3a5dcfab2220f035fd1be5874df613426379bae1f33e112f560b,3225d938792095e42822872d66b7b9e7b79546a344da7ea98298d40463577392,"[""Tennis""]",1785307566.923885,KXITFWMATCH-26JUL29MAKKUZ-MAK,Tennis,,KXITFWMATCH,efd4b316-d644-47a1-9c01-9150c694f3a5,KXITFWMATCH-26JUL29MAKKUZ,1785301924.0,quote,,1786510800.0,true,81.5000,81.0000,82.0000,15545.18,26240.59
6,53f42bc58d42435d82248ac83e5d779a,-2.0300,2026-07-29,2026-07-29,29354e42ef0c3a5dcfab2220f035fd1be5874df613426379bae1f33e112f560b,3225d938792095e42822872d66b7b9e7b79546a344da7ea98298d40463577392,"[""Tennis""]",1785307566.992963,KXITFWMATCH-26JUL29MAKKUZ-KUZ,Tennis,,KXITFWMATCH,efd4b316-d644-47a1-9c01-9150c694f3a5,KXITFWMATCH-26JUL29MAKKUZ,1785301924.0,quote,,1786510800.0,true,18.5000,18.0000,19.0000,13234.09,24514.55
6,53f42bc58d42435d82248ac83e5d779a,-2.0300,2026-07-29,2026-07-29,29354e42ef0c3a5dcfab2220f035fd1be5874df613426379bae1f33e112f560b,3225d938792095e42822872d66b7b9e7b79546a344da7ea98298d40463577392,"[""Tennis""]",1785307567.06418,KXITFWMATCH-26JUL29YOSKIM-YOS,Tennis,,KXITFWMATCH,9b9eecb5-c6a0-414a-bcf3-57262192676d,KXITFWMATCH-26JUL29YOSKIM,1785301851.0,quote,,1786510800.0,true,59.5000,59.0000,60.0000,6301.51,3384.78
6,53f42bc58d42435d82248ac83e5d779a,-2.0300,2026-07-29,2026-07-29,29354e42ef0c3a5dcfab2220f035fd1be5874df613426379bae1f33e112f560b,3225d938792095e42822872d66b7b9e7b79546a344da7ea98298d40463577392,"[""Tennis""]",1785307567.135326,KXITFWMATCH-26JUL29YOSKIM-KIM,Tennis,,KXITFWMATCH,9b9eecb5-c6a0-414a-bcf3-57262192676d,KXITFWMATCH-26JUL29YOSKIM,1785301851.0,quote,,1786510800.0,true,40.5000,40.0000,41.0000,1865.99,7302.99
6,53f42bc58d42435d82248ac83e5d779a,-2.0300,2026-07-29,2026-07-29,29354e42ef0c3a5dcfab2220f035fd1be5874df613426379bae1f33e112f560b,3225d938792095e42822872d66b7b9e7b79546a344da7ea98298d40463577392,"[""Tennis""]",1785307567.202548,KXITFWMATCH-26JUL29DESJAN-JAN,Tennis,,KXITFWMATCH,81f61a76-c334-455a-ab59-aaab2f2b9045,KXITFWMATCH-26JUL29DESJAN,1785301882.0,quote,,1786510800.0,true,54.0000,51.0000,57.0000,195.00,1.00
6,53f42bc58d42435d82248ac83e5d779a,-2.0300,2026-07-29,2026-07-29,29354e42ef0c3a5dcfab2220f035fd1be5874df613426379bae1f33e112f560b,3225d938792095e42822872d66b7b9e7b79546a344da7ea98298d40463577392,"[""Tennis""]",1785307567.270043,KXITFMATCH-26JUL28CHAHEI-HEI,Tennis,,KXITFMATCH,5ba6a34a-c169-4b0b-b8fd-b835a2127855,KXITFMATCH-26JUL28CHAHEI,1785299809.0,quote,,1786505400.0,true,65.0000,64.0000,66.0000,90.00,135.00
6,53f42bc58d42435d82248ac83e5d779a,-2.0300,2026-07-29,2026-07-29,29354e42ef0c3a5dcfab2220f035fd1be5874df613426379bae1f33e112f560b,3225d938792095e42822872d66b7b9e7b79546a344da7ea98298d40463577392,"[""Tennis""]",1785307567.386924,KXITFWMATCH-26JUL29DESJAN-DES,Tennis,,KXITFWMATCH,81f61a76-c334-455a-ab59-aaab2f2b9045,KXITFWMATCH-26JUL29DESJAN,1785301882.0,quote,,1786510800.0,true,48.0000,47.0000,49.0000,2463.72,69.00
6,53f42bc58d42435d82248ac83e5d779a,-2.0300,2026-07-29,2026-07-29,29354e42ef0c3a5dcfab2220f035fd1be5874df613426379bae1f33e112f560b,3225d938792095e42822872d66b7b9e7b79546a344da7ea98298d40463577392,"[""Tennis""]",1785307567.455998,KXITFMATCH-26JUL28CHAHEI-CHA,Tennis,,KXITFMATCH,5ba6a34a-c169-4b0b-b8fd-b835a2127855,KXITFMATCH-26JUL28CHAHEI,1785299809.0,quote,,1786505400.0,true,40.5000,40.0000,41.0000,670.25,19341.00
6,53f42bc58d42435d82248ac83e5d779a,-2.0300,2026-07-29,2026-07-29,29354e42ef0c3a5dcfab2220f035fd1be5874df613426379bae1f33e112f560b,3225d938792095e42822872d66b7b9e7b79546a344da7ea98298d40463577392,"[""Tennis""]",1785307567.525356,KXITFWMATCH-26JUL29MALMAM-MAL,Tennis,,KXITFWMATCH,1465101e-caa8-45fd-812d-50d841d472da,KXITFWMATCH-26JUL29MALMAM,1785301775.0,quote,,1786510800.0,true,9.5000,8.0000,11.0000,476.31,287.00
6,53f42bc58d42435d82248ac83e5d779a,-2.0300,2026-07-29,2026-07-29,29354e42ef0c3a5dcfab2220f035fd1be5874df613426379bae1f33e112f560b,3225d938792095e42822872d66b7b9e7b79546a344da7ea98298d40463577392,"[""Tennis""]",1785307567.595829,KXITFWMATCH-26JUL29ARAROT-ARA,Tennis,,KXITFWMATCH,732f03cc-f3da-4b91-b7cc-f26188d27ba6,KXITFWMATCH-26JUL29ARAROT,1785301898.0,quote,,1786510800.0,true,85.0000,84.0000,86.0000,5177.20,6177.87
6,53f42bc58d42435d82248ac83e5d779a,-2.0300,2026-07-29,2026-07-29,29354e42ef0c3a5dcfab2220f035fd1be5874df613426379bae1f33e112f560b,3225d938792095e42822872d66b7b9e7b79546a344da7ea98298d40463577392,"[""Tennis""]",1785307569.178163,KXITFWMATCH-26JUL29MAKKUZ-MAK,Tennis,,KXITFWMATCH,efd4b316-d644-47a1-9c01-9150c694f3a5,KXITFWMATCH-26JUL29MAKKUZ,1785301924.0,quote,,1786510800.0,true,81.5000,81.0000,82.0000,15545.18,26240.59
6,53f42bc58d42435d82248ac83e5d779a,-2.0300,2026-07-29,2026-07-29,29354e42ef0c3a5dcfab2220f035fd1be5874df613426379bae1f33e112f560b,3225d938792095e42822872d66b7b9e7b79546a344da7ea98298d40463577392,"[""Tennis""]",1785307569.248615,KXITFWMATCH-26JUL29MAKKUZ-KUZ,Tennis,,KXITFWMATCH,efd4b316-d644-47a1-9c01-9150c694f3a5,KXITFWMATCH-26JUL29MAKKUZ,1785301924.0,quote,,1786510800.0,true,18.5000,18.0000,19.0000,13234.09,24514.55
6,53f42bc58d42435d82248ac83e5d779a,-2.0300,2026-07-29,2026-07-29,29354e42ef0c3a5dcfab2220f035fd1be5874df613426379bae1f33e112f560b,3225d938792095e42822872d66b7b9e7b79546a344da7ea98298d40463577392,"[""Tennis""]",1785307569.321623,KXITFWMATCH-26JUL29YOSKIM-YOS,Tennis,,KXITFWMATCH,9b9eecb5-c6a0-414a-bcf3-57262192676d,KXITFWMATCH-26JUL29YOSKIM,1785301851.0,quote,,1786510800.0,true,59.5000,59.0000,60.0000,6301.51,3384.78
6,53f42bc58d42435d82248ac83e5d779a,-2.0300,2026-07-29,2026-07-29,29354e42ef0c3a5dcfab2220f035fd1be5874df613426379bae1f33e112f560b,3225d938792095e42822872d66b7b9e7b79546a344da7ea98298d40463577392,"[""Tennis""]",1785307569.39218,KXITFWMATCH-26JUL29YOSKIM-KIM,Tennis,,KXITFWMATCH,9b9eecb5-c6a0-414a-bcf3-57262192676d,KXITFWMATCH-26JUL29YOSKIM,1785301851.0,quote,,1786510800.0,true,40.5000,40.0000,41.0000,1865.99,7302.99
6,53f42bc58d42435d82248ac83e5d779a,-2.0300,2026-07-29,2026-07-29,29354e42ef0c3a5dcfab2220f035fd1be5874df613426379bae1f33e112f560b,3225d938792095e42822872d66b7b9e7b79546a344da7ea98298d40463577392,"[""Tennis""]",1785307569.549647,KXITFWMATCH-26JUL29DESJAN-JAN,Tennis,,KXITFWMATCH,81f61a76-c334-455a-ab59-aaab2f2b9045,KXITFWMATCH-26JUL29DESJAN,1785301882.0,quote,,1786510800.0,true,54.0000,51.0000,57.0000,195.00,1.00
6,53f42bc58d42435d82248ac83e5d779a,-2.0300,2026-07-29,2026-07-29,29354e42ef0c3a5dcfab2220f035fd1be5874df613426379bae1f33e112f560b,3225d938792095e42822872d66b7b9e7b79546a344da7ea98298d40463577392,"[""Tennis""]",1785307569.6225338,KXITFMATCH-26JUL28CHAHEI-HEI,Tennis,,KXITFMATCH,5ba6a34a-c169-4b0b-b8fd-b835a2127855,KXITFMATCH-26JUL28CHAHEI,1785299809.0,quote,,1786505400.0,true,65.0000,64.0000,66.0000,90.00,135.00
6,53f42bc58d42435d82248ac83e5d779a,-2.0300,2026-07-29,2026-07-29,29354e42ef0c3a5dcfab2220f035fd1be5874df613426379bae1f33e112f560b,3225d938792095e42822872d66b7b9e7b79546a344da7ea98298d40463577392,"[""Tennis""]",1785307569.694108,KXITFWMATCH-26JUL29DESJAN-DES,Tennis,,KXITFWMATCH,81f61a76-c334-455a-ab59-aaab2f2b9045,KXITFWMATCH-26JUL29DESJAN,1785301882.0,quote,,1786510800.0,true,48.0000,47.0000,49.0000,2463.72,69.00
6,53f42bc58d42435d82248ac83e5d779a,-2.0300,2026-07-29,2026-07-29,29354e42ef0c3a5dcfab2220f035fd1be5874df613426379bae1f33e112f560b,3225d938792095e42822872d66b7b9e7b79546a344da7ea98298d40463577392,"[""Tennis""]",1785307569.764897,KXITFMATCH-26JUL28CHAHEI-CHA,Tennis,,KXITFMATCH,5ba6a34a-c169-4b0b-b8fd-b835a2127855,KXITFMATCH-26JUL28CHAHEI,1785299809.0,quote,,1786505400.0,true,40.5000,40.0000,41.0000,670.25,19341.00
6,53f42bc58d42435d82248ac83e5d779a,-2.0300,2026-07-29,2026-07-29,29354e42ef0c3a5dcfab2220f035fd1be5874df613426379bae1f33e112f560b,3225d938792095e42822872d66b7b9e7b79546a344da7ea98298d40463577392,"[""Tennis""]",1785307569.83769,KXITFWMATCH-26JUL29MALMAM-MAL,Tennis,,KXITFWMATCH,1465101e-caa8-45fd-812d-50d841d472da,KXITFWMATCH-26JUL29MALMAM,1785301775.0,quote,,1786510800.0,true,9.5000,8.0000,11.0000,476.31,287.00
6,53f42bc58d42435d82248ac83e5d779a,-2.0300,2026-07-29,2026-07-29,29354e42ef0c3a5dcfab2220f035fd1be5874df613426379bae1f33e112f560b,3225d938792095e42822872d66b7b9e7b79546a344da7ea98298d40463577392,"[""Tennis""]",1785307569.908882,KXITFWMATCH-26JUL29ARAROT-ARA,Tennis,,KXITFWMATCH,732f03cc-f3da-4b91-b7cc-f26188d27ba6,KXITFWMATCH-26JUL29ARAROT,1785301898.0,quote,,1786510800.0,true,85.0000,84.0000,86.0000,4627.87,6785.60
6,53f42bc58d42435d82248ac83e5d779a,-2.0300,2026-07-29,2026-07-29,29354e42ef0c3a5dcfab2220f035fd1be5874df613426379bae1f33e112f560b,3225d938792095e42822872d66b7b9e7b79546a344da7ea98298d40463577392,"[""Tennis""]",1785307571.487484,KXITFWMATCH-26JUL29MAKKUZ-MAK,Tennis,,KXITFWMATCH,efd4b316-d644-47a1-9c01-9150c694f3a5,KXITFWMATCH-26JUL29MAKKUZ,1785301924.0,quote,,1786510800.0,true,81.5000,81.0000,82.0000,15545.18,26240.59
6,53f42bc58d42435d82248ac83e5d779a,-2.0300,2026-07-29,2026-07-29,29354e42ef0c3a5dcfab2220f035fd1be5874df613426379bae1f33e112f560b,3225d938792095e42822872d66b7b9e7b79546a344da7ea98298d40463577392,"[""Tennis""]",1785307571.63902,KXITFWMATCH-26JUL29MAKKUZ-KUZ,Tennis,,KXITFWMATCH,efd4b316-d644-47a1-9c01-9150c694f3a5,KXITFWMATCH-26JUL29MAKKUZ,1785301924.0,quote,,1786510800.0,true,18.5000,18.0000,19.0000,13234.09,24514.55
6,53f42bc58d42435d82248ac83e5d779a,-2.0300,2026-07-29,2026-07-29,29354e42ef0c3a5dcfab2220f035fd1be5874df613426379bae1f33e112f560b,3225d938792095e42822872d66b7b9e7b79546a344da7ea98298d40463577392,"[""Tennis""]",1785307571.7077289,KXITFWMATCH-26JUL29YOSKIM-YOS,Tennis,,KXITFWMATCH,9b9eecb5-c6a0-414a-bcf3-57262192676d,KXITFWMATCH-26JUL29YOSKIM,1785301851.0,quote,,1786510800.0,true,59.5000,59.0000,60.0000,6301.51,3384.78
6,53f42bc58d42435d82248ac83e5d779a,-2.0300,2026-07-29,2026-07-29,29354e42ef0c3a5dcfab2220f035fd1be5874df613426379bae1f33e112f560b,3225d938792095e42822872d66b7b9e7b79546a344da7ea98298d40463577392,"[""Tennis""]",1785307571.777493,KXITFWMATCH-26JUL29YOSKIM-KIM,Tennis,,KXITFWMATCH,9b9eecb5-c6a0-414a-bcf3-57262192676d,KXITFWMATCH-26JUL29YOSKIM,1785301851.0,quote,,1786510800.0,true,40.5000,40.0000,41.0000,1865.99,7302.99
6,53f42bc58d42435d82248ac83e5d779a,-2.0300,2026-07-29,2026-07-29,29354e42ef0c3a5dcfab2220f035fd1be5874df613426379bae1f33e112f560b,3225d938792095e42822872d66b7b9e7b79546a344da7ea98298d40463577392,"[""Tennis""]",1785307571.845809,KXITFWMATCH-26JUL29DESJAN-JAN,Tennis,,KXITFWMATCH,81f61a76-c334-455a-ab59-aaab2f2b9045,KXITFWMATCH-26JUL29DESJAN,1785301882.0,quote,,1786510800.0,true,51.5000,51.0000,52.0000,520.00,7651.57
6,53f42bc58d42435d82248ac83e5d779a,-2.0300,2026-07-29,2026-07-29,29354e42ef0c3a5dcfab2220f035fd1be5874df613426379bae1f33e112f560b,3225d938792095e42822872d66b7b9e7b79546a344da7ea98298d40463577392,"[""Tennis""]",1785307571.91362,KXITFMATCH-26JUL28CHAHEI-HEI,Tennis,,KXITFMATCH,5ba6a34a-c169-4b0b-b8fd-b835a2127855,KXITFMATCH-26JUL28CHAHEI,1785299809.0,quote,,1786505400.0,true,65.0000,64.0000,66.0000,90.00,135.00
6,53f42bc58d42435d82248ac83e5d779a,-2.0300,2026-07-29,2026-07-29,29354e42ef0c3a5dcfab2220f035fd1be5874df613426379bae1f33e112f560b,3225d938792095e42822872d66b7b9e7b79546a344da7ea98298d40463577392,"[""Tennis""]",1785307571.982702,KXITFWMATCH-26JUL29DESJAN-DES,Tennis,,KXITFWMATCH,81f61a76-c334-455a-ab59-aaab2f2b9045,KXITFWMATCH-26JUL29DESJAN,1785301882.0,quote,,1786510800.0,true,48.0000,47.0000,49.0000,2463.72,69.00
6,53f42bc58d42435d82248ac83e5d779a,-2.0300,2026-07-29,2026-07-29,29354e42ef0c3a5dcfab2220f035fd1be5874df613426379bae1f33e112f560b,3225d938792095e42822872d66b7b9e7b79546a344da7ea98298d40463577392,"[""Tennis""]",1785307572.106988,KXITFMATCH-26JUL28CHAHEI-CHA,Tennis,,KXITFMATCH,5ba6a34a-c169-4b0b-b8fd-b835a2127855,KXITFMATCH-26JUL28CHAHEI,1785299809.0,quote,,1786505400.0,true,40.5000,40.0000,41.0000,670.25,19341.00
6,53f42bc58d42435d82248ac83e5d779a,-2.0300,2026-07-29,2026-07-29,29354e42ef0c3a5dcfab2220f035fd1be5874df613426379bae1f33e112f560b,3225d938792095e42822872d66b7b9e7b79546a344da7ea98298d40463577392,"[""Tennis""]",1785307572.1757581,KXITFWMATCH-26JUL29MALMAM-MAL,Tennis,,KXITFWMATCH,1465101e-caa8-45fd-812d-50d841d472da,KXITFWMATCH-26JUL29MALMAM,1785301775.0,quote,,1786510800.0,true,9.5000,8.0000,11.0000,476.31,287.00
6,53f42bc58d42435d82248ac83e5d779a,-2.0300,2026-07-29,2026-07-29,29354e42ef0c3a5dcfab2220f035fd1be5874df613426379bae1f33e112f560b,3225d938792095e42822872d66b7b9e7b79546a344da7ea98298d40463577392,"[""Tennis""]",1785307572.2472708,KXITFWMATCH-26JUL29ARAROT-ARA,Tennis,,KXITFWMATCH,732f03cc-f3da-4b91-b7cc-f26188d27ba6,KXITFWMATCH-26JUL29ARAROT,1785301898.0,quote,,1786510800.0,true,85.0000,84.0000,86.0000,4627.87,6785.60
6,53f42bc58d42435d82248ac83e5d779a,-2.0300,2026-07-29,2026-07-29,29354e42ef0c3a5dcfab2220f035fd1be5874df613426379bae1f33e112f560b,3225d938792095e42822872d66b7b9e7b79546a344da7ea98298d40463577392,"[""Tennis""]",1785307573.834125,KXITFWMATCH-26JUL29MAKKUZ-MAK,Tennis,,KXITFWMATCH,efd4b316-d644-47a1-9c01-9150c694f3a5,KXITFWMATCH-26JUL29MAKKUZ,1785301924.0,quote,,1786510800.0,true,81.5000,81.0000,82.0000,15545.18,26240.59
6,53f42bc58d42435d82248ac83e5d779a,-2.0300,2026-07-29,2026-07-29,29354e42ef0c3a5dcfab2220f035fd1be5874df613426379bae1f33e112f560b,3225d938792095e42822872d66b7b9e7b79546a344da7ea98298d40463577392,"[""Tennis""]",1785307573.903865,KXITFWMATCH-26JUL29MAKKUZ-KUZ,Tennis,,KXITFWMATCH,efd4b316-d644-47a1-9c01-9150c694f3a5,KXITFWMATCH-26JUL29MAKKUZ,1785301924.0,quote,,1786510800.0,true,18.5000,18.0000,19.0000,13234.09,24514.55
6,53f42bc58d42435d82248ac83e5d779a,-2.0300,2026-07-29,2026-07-29,29354e42ef0c3a5dcfab2220f035fd1be5874df613426379bae1f33e112f560b,3225d938792095e42822872d66b7b9e7b79546a344da7ea98298d40463577392,"[""Tennis""]",1785307573.9726741,KXITFWMATCH-26JUL29YOSKIM-YOS,Tennis,,KXITFWMATCH,9b9eecb5-c6a0-414a-bcf3-57262192676d,KXITFWMATCH-26JUL29YOSKIM,1785301851.0,quote,,1786510800.0,true,59.5000,59.0000,60.0000,6301.51,3344.25
6,53f42bc58d42435d82248ac83e5d779a,-2.0300,2026-07-29,2026-07-29,29354e42ef0c3a5dcfab2220f035fd1be5874df613426379bae1f33e112f560b,3225d938792095e42822872d66b7b9e7b79546a344da7ea98298d40463577392,"[""Tennis""]",1785307574.040131,KXITFWMATCH-26JUL29YOSKIM-KIM,Tennis,,KXITFWMATCH,9b9eecb5-c6a0-414a-bcf3-57262192676d,KXITFWMATCH-26JUL29YOSKIM,1785301851.0,quote,,1786510800.0,true,40.5000,40.0000,41.0000,1865.99,7302.99
6,53f42bc58d42435d82248ac83e5d779a,-2.0300,2026-07-29,2026-07-29,29354e42ef0c3a5dcfab2220f035fd1be5874df613426379bae1f33e112f560b,3225d938792095e42822872d66b7b9e7b79546a344da7ea98298d40463577392,"[""Tennis""]",1785307574.10911,KXITFWMATCH-26JUL29DESJAN-JAN,Tennis,,KXITFWMATCH,81f61a76-c334-455a-ab59-aaab2f2b9045,KXITFWMATCH-26JUL29DESJAN,1785301882.0,quote,,1786510800.0,true,51.5000,51.0000,52.0000,520.00,7651.57
6,53f42bc58d42435d82248ac83e5d779a,-2.0300,2026-07-29,2026-07-29,29354e42ef0c3a5dcfab2220f035fd1be5874df613426379bae1f33e112f560b,3225d938792095e42822872d66b7b9e7b79546a344da7ea98298d40463577392,"[""Tennis""]",1785307574.268084,KXITFMATCH-26JUL28CHAHEI-HEI,Tennis,,KXITFMATCH,5ba6a34a-c169-4b0b-b8fd-b835a2127855,KXITFMATCH-26JUL28CHAHEI,1785299809.0,quote,,1786505400.0,true,60.5000,59.0000,62.0000,30005.82,2585.90
6,53f42bc58d42435d82248ac83e5d779a,-2.0300,2026-07-29,2026-07-29,29354e42ef0c3a5dcfab2220f035fd1be5874df613426379bae1f33e112f560b,3225d938792095e42822872d66b7b9e7b79546a344da7ea98298d40463577392,"[""Tennis""]",1785307574.339184,KXITFWMATCH-26JUL29DESJAN-DES,Tennis,,KXITFWMATCH,81f61a76-c334-455a-ab59-aaab2f2b9045,KXITFWMATCH-26JUL29DESJAN,1785301882.0,quote,,1786510800.0,true,48.5000,48.0000,49.0000,5882.44,1968.71
6,53f42bc58d42435d82248ac83e5d779a,-2.0300,2026-07-29,2026-07-29,29354e42ef0c3a5dcfab2220f035fd1be5874df613426379bae1f33e112f560b,3225d938792095e42822872d66b7b9e7b79546a344da7ea98298d40463577392,"[""Tennis""]",1785307574.41122,KXITFMATCH-26JUL28CHAHEI-CHA,Tennis,,KXITFMATCH,5ba6a34a-c169-4b0b-b8fd-b835a2127855,KXITFMATCH-26JUL28CHAHEI,1785299809.0,quote,,1786505400.0,true,40.5000,40.0000,41.0000,670.25,19341.00
6,53f42bc58d42435d82248ac83e5d779a,-2.0300,2026-07-29,2026-07-29,29354e42ef0c3a5dcfab2220f035fd1be5874df613426379bae1f33e112f560b,3225d938792095e42822872d66b7b9e7b79546a344da7ea98298d40463577392,"[""Tennis""]",1785307574.4825118,KXITFWMATCH-26JUL29MALMAM-MAL,Tennis,,KXITFWMATCH,1465101e-caa8-45fd-812d-50d841d472da,KXITFWMATCH-26JUL29MALMAM,1785301775.0,quote,,1786510800.0,true,9.5000,8.0000,11.0000,476.31,287.00
6,53f42bc58d42435d82248ac83e5d779a,-2.0300,2026-07-29,2026-07-29,29354e42ef0c3a5dcfab2220f035fd1be5874df613426379bae1f33e112f560b,3225d938792095e42822872d66b7b9e7b79546a344da7ea98298d40463577392,"[""Tennis""]",1785307574.552923,KXITFWMATCH-26JUL29ARAROT-ARA,Tennis,,KXITFWMATCH,732f03cc-f3da-4b91-b7cc-f26188d27ba6,KXITFWMATCH-26JUL29ARAROT,1785301898.0,quote,,1786510800.0,true,85.0000,84.0000,86.0000,4627.87,6785.60
6,53f42bc58d42435d82248ac83e5d779a,-2.0300,2026-07-29,2026-07-29,29354e42ef0c3a5dcfab2220f035fd1be5874df613426379bae1f33e112f560b,3225d938792095e42822872d66b7b9e7b79546a344da7ea98298d40463577392,"[""Tennis""]",1785307576.12362,KXITFWMATCH-26JUL29MAKKUZ-MAK,Tennis,,KXITFWMATCH,efd4b316-d644-47a1-9c01-9150c694f3a5,KXITFWMATCH-26JUL29MAKKUZ,1785301924.0,quote,,1786510800.0,true,81.5000,81.0000,82.0000,15545.18,26234.57
6,53f42bc58d42435d82248ac83e5d779a,-2.0300,2026-07-29,2026-07-29,29354e42ef0c3a5dcfab2220f035fd1be5874df613426379bae1f33e112f560b,3225d938792095e42822872d66b7b9e7b79546a344da7ea98298d40463577392,"[""Tennis""]",1785307576.1928692,KXITFWMATCH-26JUL29MAKKUZ-KUZ,Tennis,,KXITFWMATCH,efd4b316-d644-47a1-9c01-9150c694f3a5,KXITFWMATCH-26JUL29MAKKUZ,1785301924.0,quote,,1786510800.0,true,18.5000,18.0000,19.0000,13234.09,24514.55
6,53f42bc58d42435d82248ac83e5d779a,-2.0300,2026-07-29,2026-07-29,29354e42ef0c3a5dcfab2220f035fd1be5874df613426379bae1f33e112f560b,3225d938792095e42822872d66b7b9e7b79546a344da7ea98298d40463577392,"[""Tennis""]",1785307576.302668,KXITFWMATCH-26JUL29YOSKIM-YOS,Tennis,,KXITFWMATCH,9b9eecb5-c6a0-414a-bcf3-57262192676d,KXITFWMATCH-26JUL29YOSKIM,1785301851.0,quote,,1786510800.0,true,59.5000,59.0000,60.0000,6301.51,3344.25
6,53f42bc58d42435d82248ac83e5d779a,-2.0300,2026-07-29,2026-07-29,29354e42ef0c3a5dcfab2220f035fd1be5874df613426379bae1f33e112f560b,3225d938792095e42822872d66b7b9e7b79546a344da7ea98298d40463577392,"[""Tennis""]",1785307576.373415,KXITFWMATCH-26JUL29YOSKIM-KIM,Tennis,,KXITFWMATCH,9b9eecb5-c6a0-414a-bcf3-57262192676d,KXITFWMATCH-26JUL29YOSKIM,1785301851.0,quote,,1786510800.0,true,40.5000,40.0000,41.0000,1865.99,7302.99
6,53f42bc58d42435d82248ac83e5d779a,-2.0300,2026-07-29,2026-07-29,29354e42ef0c3a5dcfab2220f035fd1be5874df613426379bae1f33e112f560b,3225d938792095e42822872d66b7b9e7b79546a344da7ea98298d40463577392,"[""Tennis""]",1785307576.4424,KXITFWMATCH-26JUL29DESJAN-JAN,Tennis,,KXITFWMATCH,81f61a76-c334-455a-ab59-aaab2f2b9045,KXITFWMATCH-26JUL29DESJAN,1785301882.0,quote,,1786510800.0,true,51.5000,51.0000,52.0000,520.00,7651.57
6,53f42bc58d42435d82248ac83e5d779a,-2.0300,2026-07-29,2026-07-29,29354e42ef0c3a5dcfab2220f035fd1be5874df613426379bae1f33e112f560b,3225d938792095e42822872d66b7b9e7b79546a344da7ea98298d40463577392,"[""Tennis""]",1785307576.5109918,KXITFMATCH-26JUL28CHAHEI-HEI,Tennis,,KXITFMATCH,5ba6a34a-c169-4b0b-b8fd-b835a2127855,KXITFMATCH-26JUL28CHAHEI,1785299809.0,quote,,1786505400.0,true,60.5000,59.0000,62.0000,30005.82,2585.90
6,53f42bc58d42435d82248ac83e5d779a,-2.0300,2026-07-29,2026-07-29,29354e42ef0c3a5dcfab2220f035fd1be5874df613426379bae1f33e112f560b,3225d938792095e42822872d66b7b9e7b79546a344da7ea98298d40463577392,"[""Tennis""]",1785307576.57984,KXITFWMATCH-26JUL29DESJAN-DES,Tennis,,KXITFWMATCH,81f61a76-c334-455a-ab59-aaab2f2b9045,KXITFWMATCH-26JUL29DESJAN,1785301882.0,quote,,1786510800.0,true,48.5000,48.0000,49.0000,5882.44,1968.71
6,53f42bc58d42435d82248ac83e5d779a,-2.0300,2026-07-29,2026-07-29,29354e42ef0c3a5dcfab2220f035fd1be5874df613426379bae1f33e112f560b,3225d938792095e42822872d66b7b9e7b79546a344da7ea98298d40463577392,"[""Tennis""]",1785307576.6487,KXITFMATCH-26JUL28CHAHEI-CHA,Tennis,,KXITFMATCH,5ba6a34a-c169-4b0b-b8fd-b835a2127855,KXITFMATCH-26JUL28CHAHEI,1785299809.0,quote,,1786505400.0,true,39.5000,39.0000,40.0000,6099.52,1152.12
6,53f42bc58d42435d82248ac83e5d779a,-2.0300,2026-07-29,2026-07-29,29354e42ef0c3a5dcfab2220f035fd1be5874df613426379bae1f33e112f560b,3225d938792095e42822872d66b7b9e7b79546a344da7ea98298d40463577392,"[""Tennis""]",1785307576.7192929,KXITFWMATCH-26JUL29MALMAM-MAL,Tennis,,KXITFWMATCH,1465101e-caa8-45fd-812d-50d841d472da,KXITFWMATCH-26JUL29MALMAM,1785301775.0,quote,,1786510800.0,true,9.5000,8.0000,11.0000,476.31,287.00
6,53f42bc58d42435d82248ac83e5d779a,-2.0300,2026-07-29,2026-07-29,29354e42ef0c3a5dcfab2220f035fd1be5874df613426379bae1f33e112f560b,3225d938792095e42822872d66b7b9e7b79546a344da7ea98298d40463577392,"[""Tennis""]",1785307576.8234,KXITFWMATCH-26JUL29ARAROT-ARA,Tennis,,KXITFWMATCH,732f03cc-f3da-4b91-b7cc-f26188d27ba6,KXITFWMATCH-26JUL29ARAROT,1785301898.0,quote,,1786510800.0,true,85.0000,84.0000,86.0000,4627.87,6785.60
6,53f42bc58d42435d82248ac83e5d779a,-2.0300,2026-07-29,2026-07-29,29354e42ef0c3a5dcfab2220f035fd1be5874df613426379bae1f33e112f560b,3225d938792095e42822872d66b7b9e7b79546a344da7ea98298d40463577392,"[""Tennis""]",1785307578.46299,KXITFWMATCH-26JUL29MAKKUZ-MAK,Tennis,,KXITFWMATCH,efd4b316-d644-47a1-9c01-9150c694f3a5,KXITFWMATCH-26JUL29MAKKUZ,1785301924.0,quote,,1786510800.0,true,81.5000,81.0000,82.0000,15545.18,26234.57
6,53f42bc58d42435d82248ac83e5d779a,-2.0300,2026-07-29,2026-07-29,29354e42ef0c3a5dcfab2220f035fd1be5874df613426379bae1f33e112f560b,3225d938792095e42822872d66b7b9e7b79546a344da7ea98298d40463577392,"[""Tennis""]",1785307578.5348322,KXITFWMATCH-26JUL29MAKKUZ-KUZ,Tennis,,KXITFWMATCH,efd4b316-d644-47a1-9c01-9150c694f3a5,KXITFWMATCH-26JUL29MAKKUZ,1785301924.0,quote,,1786510800.0,true,18.5000,18.0000,19.0000,13235.09,24463.81
6,53f42bc58d42435d82248ac83e5d779a,-2.0300,2026-07-29,2026-07-29,29354e42ef0c3a5dcfab2220f035fd1be5874df613426379bae1f33e112f560b,3225d938792095e42822872d66b7b9e7b79546a344da7ea98298d40463577392,"[""Tennis""]",1785307578.603837,KXITFWMATCH-26JUL29YOSKIM-YOS,Tennis,,KXITFWMATCH,9b9eecb5-c6a0-414a-bcf3-57262192676d,KXITFWMATCH-26JUL29YOSKIM,1785301851.0,quote,,1786510800.0,true,59.5000,59.0000,60.0000,6301.51,3344.25
6,53f42bc58d42435d82248ac83e5d779a,-2.0300,2026-07-29,2026-07-29,29354e42ef0c3a5dcfab2220f035fd1be5874df613426379bae1f33e112f560b,3225d938792095e42822872d66b7b9e7b79546a344da7ea98298d40463577392,"[""Tennis""]",1785307578.673347,KXITFWMATCH-26JUL29YOSKIM-KIM,Tennis,,KXITFWMATCH,9b9eecb5-c6a0-414a-bcf3-57262192676d,KXITFWMATCH-26JUL29YOSKIM,1785301851.0,quote,,1786510800.0,true,40.5000,40.0000,41.0000,1827.51,7402.99
6,53f42bc58d42435d82248ac83e5d779a,-2.0300,2026-07-29,2026-07-29,29354e42ef0c3a5dcfab2220f035fd1be5874df613426379bae1f33e112f560b,3225d938792095e42822872d66b7b9e7b79546a344da7ea98298d40463577392,"[""Tennis""]",1785307578.7406452,KXITFWMATCH-26JUL29DESJAN-JAN,Tennis,,KXITFWMATCH,81f61a76-c334-455a-ab59-aaab2f2b9045,KXITFWMATCH-26JUL29DESJAN,1785301882.0,quote,,1786510800.0,true,51.5000,51.0000,52.0000,520.00,7651.57
6,53f42bc58d42435d82248ac83e5d779a,-2.0300,2026-07-29,2026-07-29,29354e42ef0c3a5dcfab2220f035fd1be5874df613426379bae1f33e112f560b,3225d938792095e42822872d66b7b9e7b79546a344da7ea98298d40463577392,"[""Tennis""]",1785307578.807821,KXITFMATCH-26JUL28CHAHEI-HEI,Tennis,,KXITFMATCH,5ba6a34a-c169-4b0b-b8fd-b835a2127855,KXITFMATCH-26JUL28CHAHEI,1785299809.0,quote,,1786505400.0,true,60.5000,59.0000,62.0000,30005.82,2585.90
6,53f42bc58d42435d82248ac83e5d779a,-2.0300,2026-07-29,2026-07-29,29354e42ef0c3a5dcfab2220f035fd1be5874df613426379bae1f33e112f560b,3225d938792095e42822872d66b7b9e7b79546a344da7ea98298d40463577392,"[""Tennis""]",1785307578.920966,KXITFWMATCH-26JUL29DESJAN-DES,Tennis,,KXITFWMATCH,81f61a76-c334-455a-ab59-aaab2f2b9045,KXITFWMATCH-26JUL29DESJAN,1785301882.0,quote,,1786510800.0,true,48.5000,48.0000,49.0000,5882.44,1968.71
6,53f42bc58d42435d82248ac83e5d779a,-2.0300,2026-07-29,2026-07-29,29354e42ef0c3a5dcfab2220f035fd1be5874df613426379bae1f33e112f560b,3225d938792095e42822872d66b7b9e7b79546a344da7ea98298d40463577392,"[""Tennis""]",1785307578.991839,KXITFMATCH-26JUL28CHAHEI-CHA,Tennis,,KXITFMATCH,5ba6a34a-c169-4b0b-b8fd-b835a2127855,KXITFMATCH-26JUL28CHAHEI,1785299809.0,quote,,1786505400.0,true,39.5000,39.0000,40.0000,6099.52,1152.12
6,53f42bc58d42435d82248ac83e5d779a,-2.0300,2026-07-29,2026-07-29,29354e42ef0c3a5dcfab2220f035fd1be5874df613426379bae1f33e112f560b,3225d938792095e42822872d66b7b9e7b79546a344da7ea98298d40463577392,"[""Tennis""]",1785307579.064079,KXITFWMATCH-26JUL29MALMAM-MAL,Tennis,,KXITFWMATCH,1465101e-caa8-45fd-812d-50d841d472da,KXITFWMATCH-26JUL29MALMAM,1785301775.0,quote,,1786510800.0,true,9.5000,8.0000,11.0000,476.31,287.00
6,53f42bc58d42435d82248ac83e5d779a,-2.0300,2026-07-29,2026-07-29,29354e42ef0c3a5dcfab2220f035fd1be5874df613426379bae1f33e112f560b,3225d938792095e42822872d66b7b9e7b79546a344da7ea98298d40463577392,"[""Tennis""]",1785307579.1370912,KXITFWMATCH-26JUL29ARAROT-ARA,Tennis,,KXITFWMATCH,732f03cc-f3da-4b91-b7cc-f26188d27ba6,KXITFWMATCH-26JUL29ARAROT,1785301898.0,quote,,1786510800.0,true,84.5000,83.0000,86.0000,210.00,2192.00
6,53f42bc58d42435d82248ac83e5d779a,-2.0300,2026-07-29,2026-07-29,29354e42ef0c3a5dcfab2220f035fd1be5874df613426379bae1f33e112f560b,3225d938792095e42822872d66b7b9e7b79546a344da7ea98298d40463577392,"[""Tennis""]",1785307580.721051,KXITFWMATCH-26JUL29MAKKUZ-MAK,Tennis,,KXITFWMATCH,efd4b316-d644-47a1-9c01-9150c694f3a5,KXITFWMATCH-26JUL29MAKKUZ,1785301924.0,quote,,1786510800.0,true,81.5000,81.0000,82.0000,15545.18,26234.57
6,53f42bc58d42435d82248ac83e5d779a,-2.0300,2026-07-29,2026-07-29,29354e42ef0c3a5dcfab2220f035fd1be5874df613426379bae1f33e112f560b,3225d938792095e42822872d66b7b9e7b79546a344da7ea98298d40463577392,"[""Tennis""]",1785307580.791904,KXITFWMATCH-26JUL29MAKKUZ-KUZ,Tennis,,KXITFWMATCH,efd4b316-d644-47a1-9c01-9150c694f3a5,KXITFWMATCH-26JUL29MAKKUZ,1785301924.0,quote,,1786510800.0,true,18.5000,18.0000,19.0000,13235.09,24463.81
6,53f42bc58d42435d82248ac83e5d779a,-2.0300,2026-07-29,2026-07-29,29354e42ef0c3a5dcfab2220f035fd1be5874df613426379bae1f33e112f560b,3225d938792095e42822872d66b7b9e7b79546a344da7ea98298d40463577392,"[""Tennis""]",1785307580.865473,KXITFWMATCH-26JUL29YOSKIM-YOS,Tennis,,KXITFWMATCH,9b9eecb5-c6a0-414a-bcf3-57262192676d,KXITFWMATCH-26JUL29YOSKIM,1785301851.0,quote,,1786510800.0,true,59.5000,59.0000,60.0000,6301.51,3344.25
6,53f42bc58d42435d82248ac83e5d779a,-2.0300,2026-07-29,2026-07-29,29354e42ef0c3a5dcfab2220f035fd1be5874df613426379bae1f33e112f560b,3225d938792095e42822872d66b7b9e7b79546a344da7ea98298d40463577392,"[""Tennis""]",1785307581.021037,KXITFWMATCH-26JUL29YOSKIM-KIM,Tennis,,KXITFWMATCH,9b9eecb5-c6a0-414a-bcf3-57262192676d,KXITFWMATCH-26JUL29YOSKIM,1785301851.0,quote,,1786510800.0,true,40.5000,40.0000,41.0000,1827.51,7402.99
6,53f42bc58d42435d82248ac83e5d779a,-2.0300,2026-07-29,2026-07-29,29354e42ef0c3a5dcfab2220f035fd1be5874df613426379bae1f33e112f560b,3225d938792095e42822872d66b7b9e7b79546a344da7ea98298d40463577392,"[""Tennis""]",1785307581.089642,KXITFWMATCH-26JUL29DESJAN-JAN,Tennis,,KXITFWMATCH,81f61a76-c334-455a-ab59-aaab2f2b9045,KXITFWMATCH-26JUL29DESJAN,1785301882.0,quote,,1786510800.0,true,51.0000,50.0000,52.0000,5585.44,7618.23
6,53f42bc58d42435d82248ac83e5d779a,-2.0300,2026-07-29,2026-07-29,29354e42ef0c3a5dcfab2220f035fd1be5874df613426379bae1f33e112f560b,3225d938792095e42822872d66b7b9e7b79546a344da7ea98298d40463577392,"[""Tennis""]",1785307581.157163,KXITFMATCH-26JUL28CHAHEI-HEI,Tennis,,KXITFMATCH,5ba6a34a-c169-4b0b-b8fd-b835a2127855,KXITFMATCH-26JUL28CHAHEI,1785299809.0,quote,,1786505400.0,true,60.5000,59.0000,62.0000,30005.82,2585.90
6,53f42bc58d42435d82248ac83e5d779a,-2.0300,2026-07-29,2026-07-29,29354e42ef0c3a5dcfab2220f035fd1be5874df613426379bae1f33e112f560b,3225d938792095e42822872d66b7b9e7b79546a344da7ea98298d40463577392,"[""Tennis""]",1785307581.232078,KXITFWMATCH-26JUL29DESJAN-DES,Tennis,,KXITFWMATCH,81f61a76-c334-455a-ab59-aaab2f2b9045,KXITFWMATCH-26JUL29DESJAN,1785301882.0,quote,,1786510800.0,true,48.5000,48.0000,49.0000,5882.44,1968.71
6,53f42bc58d42435d82248ac83e5d779a,-2.0300,2026-07-29,2026-07-29,29354e42ef0c3a5dcfab2220f035fd1be5874df613426379bae1f33e112f560b,3225d938792095e42822872d66b7b9e7b79546a344da7ea98298d40463577392,"[""Tennis""]",1785307581.299752,KXITFMATCH-26JUL28CHAHEI-CHA,Tennis,,KXITFMATCH,5ba6a34a-c169-4b0b-b8fd-b835a2127855,KXITFMATCH-26JUL28CHAHEI,1785299809.0,quote,,1786505400.0,true,39.5000,39.0000,40.0000,6099.52,1152.12
6,53f42bc58d42435d82248ac83e5d779a,-2.0300,2026-07-29,2026-07-29,29354e42ef0c3a5dcfab2220f035fd1be5874df613426379bae1f33e112f560b,3225d938792095e42822872d66b7b9e7b79546a344da7ea98298d40463577392,"[""Tennis""]",1785307581.370877,KXITFWMATCH-26JUL29MALMAM-MAL,Tennis,,KXITFWMATCH,1465101e-caa8-45fd-812d-50d841d472da,KXITFWMATCH-26JUL29MALMAM,1785301775.0,quote,,1786510800.0,true,7.5000,7.0000,8.0000,2141.47,2841.88
6,53f42bc58d42435d82248ac83e5d779a,-2.0300,2026-07-29,2026-07-29,29354e42ef0c3a5dcfab2220f035fd1be5874df613426379bae1f33e112f560b,3225d938792095e42822872d66b7b9e7b79546a344da7ea98298d40463577392,"[""Tennis""]",1785307581.444618,KXITFWMATCH-26JUL29ARAROT-ARA,Tennis,,KXITFWMATCH,732f03cc-f3da-4b91-b7cc-f26188d27ba6,KXITFWMATCH-26JUL29ARAROT,1785301898.0,quote,,1786510800.0,true,84.5000,83.0000,86.0000,210.00,2192.00
6,53f42bc58d42435d82248ac83e5d779a,-2.0300,2026-07-29,2026-07-29,29354e42ef0c3a5dcfab2220f035fd1be5874df613426379bae1f33e112f560b,3225d938792095e42822872d66b7b9e7b79546a344da7ea98298d40463577392,"[""Tennis""]",1785307583.0217211,KXITFWMATCH-26JUL29MAKKUZ-MAK,Tennis,,KXITFWMATCH,efd4b316-d644-47a1-9c01-9150c694f3a5,KXITFWMATCH-26JUL29MAKKUZ,1785301924.0,quote,,1786510800.0,true,81.5000,81.0000,82.0000,15545.18,26234.57
6,53f42bc58d42435d82248ac83e5d779a,-2.0300,2026-07-29,2026-07-29,29354e42ef0c3a5dcfab2220f035fd1be5874df613426379bae1f33e112f560b,3225d938792095e42822872d66b7b9e7b79546a344da7ea98298d40463577392,"[""Tennis""]",1785307583.175244,KXITFWMATCH-26JUL29MAKKUZ-KUZ,Tennis,,KXITFWMATCH,efd4b316-d644-47a1-9c01-9150c694f3a5,KXITFWMATCH-26JUL29MAKKUZ,1785301924.0,quote,,1786510800.0,true,18.5000,18.0000,19.0000,13235.09,24463.81
6,53f42bc58d42435d82248ac83e5d779a,-2.0300,2026-07-29,2026-07-29,29354e42ef0c3a5dcfab2220f035fd1be5874df613426379bae1f33e112f560b,3225d938792095e42822872d66b7b9e7b79546a344da7ea98298d40463577392,"[""Tennis""]",1785307583.2525241,KXITFWMATCH-26JUL29YOSKIM-YOS,Tennis,,KXITFWMATCH,9b9eecb5-c6a0-414a-bcf3-57262192676d,KXITFWMATCH-26JUL29YOSKIM,1785301851.0,quote,,1786510800.0,true,59.5000,59.0000,60.0000,6301.51,3344.25
6,53f42bc58d42435d82248ac83e5d779a,-2.0300,2026-07-29,2026-07-29,29354e42ef0c3a5dcfab2220f035fd1be5874df613426379bae1f33e112f560b,3225d938792095e42822872d66b7b9e7b79546a344da7ea98298d40463577392,"[""Tennis""]",1785307583.32184,KXITFWMATCH-26JUL29YOSKIM-KIM,Tennis,,KXITFWMATCH,9b9eecb5-c6a0-414a-bcf3-57262192676d,KXITFWMATCH-26JUL29YOSKIM,1785301851.0,quote,,1786510800.0,true,40.5000,40.0000,41.0000,1827.51,7402.99
6,53f42bc58d42435d82248ac83e5d779a,-2.0300,2026-07-29,2026-07-29,29354e42ef0c3a5dcfab2220f035fd1be5874df613426379bae1f33e112f560b,3225d938792095e42822872d66b7b9e7b79546a344da7ea98298d40463577392,"[""Tennis""]",1785307583.392381,KXITFWMATCH-26JUL29DESJAN-JAN,Tennis,,KXITFWMATCH,81f61a76-c334-455a-ab59-aaab2f2b9045,KXITFWMATCH-26JUL29DESJAN,1785301882.0,quote,,1786510800.0,true,51.0000,50.0000,52.0000,5585.44,7618.23
6,53f42bc58d42435d82248ac83e5d779a,-2.0300,2026-07-29,2026-07-29,29354e42ef0c3a5dcfab2220f035fd1be5874df613426379bae1f33e112f560b,3225d938792095e42822872d66b7b9e7b79546a344da7ea98298d40463577392,"[""Tennis""]",1785307583.462239,KXITFMATCH-26JUL28CHAHEI-HEI,Tennis,,KXITFMATCH,5ba6a34a-c169-4b0b-b8fd-b835a2127855,KXITFMATCH-26JUL28CHAHEI,1785299809.0,quote,,1786505400.0,true,60.5000,59.0000,62.0000,30005.82,2585.90
6,53f42bc58d42435d82248ac83e5d779a,-2.0300,2026-07-29,2026-07-29,29354e42ef0c3a5dcfab2220f035fd1be5874df613426379bae1f33e112f560b,3225d938792095e42822872d66b7b9e7b79546a344da7ea98298d40463577392,"[""Tennis""]",1785307583.532223,KXITFWMATCH-26JUL29DESJAN-DES,Tennis,,KXITFWMATCH,81f61a76-c334-455a-ab59-aaab2f2b9045,KXITFWMATCH-26JUL29DESJAN,1785301882.0,quote,,1786510800.0,true,48.5000,48.0000,49.0000,5882.44,1968.71
6,53f42bc58d42435d82248ac83e5d779a,-2.0300,2026-07-29,2026-07-29,29354e42ef0c3a5dcfab2220f035fd1be5874df613426379bae1f33e112f560b,3225d938792095e42822872d66b7b9e7b79546a344da7ea98298d40463577392,"[""Tennis""]",1785307583.641532,KXITFMATCH-26JUL28CHAHEI-CHA,Tennis,,KXITFMATCH,5ba6a34a-c169-4b0b-b8fd-b835a2127855,KXITFMATCH-26JUL28CHAHEI,1785299809.0,quote,,1786505400.0,true,39.5000,39.0000,40.0000,6099.52,1152.12
6,53f42bc58d42435d82248ac83e5d779a,-2.0300,2026-07-29,2026-07-29,29354e42ef0c3a5dcfab2220f035fd1be5874df613426379bae1f33e112f560b,3225d938792095e42822872d66b7b9e7b79546a344da7ea98298d40463577392,"[""Tennis""]",1785307583.710099,KXITFWMATCH-26JUL29MALMAM-MAL,Tennis,,KXITFWMATCH,1465101e-caa8-45fd-812d-50d841d472da,KXITFWMATCH-26JUL29MALMAM,1785301775.0,quote,,1786510800.0,true,7.5000,7.0000,8.0000,2141.47,2841.88
6,53f42bc58d42435d82248ac83e5d779a,-2.0300,2026-07-29,2026-07-29,29354e42ef0c3a5dcfab2220f035fd1be5874df613426379bae1f33e112f560b,3225d938792095e42822872d66b7b9e7b79546a344da7ea98298d40463577392,"[""Tennis""]",1785307583.7788281,KXITFWMATCH-26JUL29ARAROT-ARA,Tennis,,KXITFWMATCH,732f03cc-f3da-4b91-b7cc-f26188d27ba6,KXITFWMATCH-26JUL29ARAROT,1785301898.0,quote,,1786510800.0,true,84.5000,83.0000,86.0000,210.00,2192.00
6,53f42bc58d42435d82248ac83e5d779a,-2.0300,2026-07-29,2026-07-29,29354e42ef0c3a5dcfab2220f035fd1be5874df613426379bae1f33e112f560b,3225d938792095e42822872d66b7b9e7b79546a344da7ea98298d40463577392,"[""Tennis""]",1785307585.355335,KXITFWMATCH-26JUL29MAKKUZ-MAK,Tennis,,KXITFWMATCH,efd4b316-d644-47a1-9c01-9150c694f3a5,KXITFWMATCH-26JUL29MAKKUZ,1785301924.0,quote,,1786510800.0,true,81.5000,81.0000,82.0000,15545.18,26234.57
6,53f42bc58d42435d82248ac83e5d779a,-2.0300,2026-07-29,2026-07-29,29354e42ef0c3a5dcfab2220f035fd1be5874df613426379bae1f33e112f560b,3225d938792095e42822872d66b7b9e7b79546a344da7ea98298d40463577392,"[""Tennis""]",1785307585.4265862,KXITFWMATCH-26JUL29MAKKUZ-KUZ,Tennis,,KXITFWMATCH,efd4b316-d644-47a1-9c01-9150c694f3a5,KXITFWMATCH-26JUL29MAKKUZ,1785301924.0,quote,,1786510800.0,true,18.5000,18.0000,19.0000,13235.09,24463.81
6,53f42bc58d42435d82248ac83e5d779a,-2.0300,2026-07-29,2026-07-29,29354e42ef0c3a5dcfab2220f035fd1be5874df613426379bae1f33e112f560b,3225d938792095e42822872d66b7b9e7b79546a344da7ea98298d40463577392,"[""Tennis""]",1785307585.4993742,KXITFWMATCH-26JUL29YOSKIM-YOS,Tennis,,KXITFWMATCH,9b9eecb5-c6a0-414a-bcf3-57262192676d,KXITFWMATCH-26JUL29YOSKIM,1785301851.0,quote,,1786510800.0,true,59.5000,59.0000,60.0000,6301.51,3344.25
6,53f42bc58d42435d82248ac83e5d779a,-2.0300,2026-07-29,2026-07-29,29354e42ef0c3a5dcfab2220f035fd1be5874df613426379bae1f33e112f560b,3225d938792095e42822872d66b7b9e7b79546a344da7ea98298d40463577392,"[""Tennis""]",1785307585.5704992,KXITFWMATCH-26JUL29YOSKIM-KIM,Tennis,,KXITFWMATCH,9b9eecb5-c6a0-414a-bcf3-57262192676d,KXITFWMATCH-26JUL29YOSKIM,1785301851.0,quote,,1786510800.0,true,40.5000,40.0000,41.0000,1827.51,7402.99
6,53f42bc58d42435d82248ac83e5d779a,-2.0300,2026-07-29,2026-07-29,29354e42ef0c3a5dcfab2220f035fd1be5874df613426379bae1f33e112f560b,3225d938792095e42822872d66b7b9e7b79546a344da7ea98298d40463577392,"[""Tennis""]",1785307585.6392379,KXITFWMATCH-26JUL29DESJAN-JAN,Tennis,,KXITFWMATCH,81f61a76-c334-455a-ab59-aaab2f2b9045,KXITFWMATCH-26JUL29DESJAN,1785301882.0,quote,,1786510800.0,true,51.0000,50.0000,52.0000,5585.44,7618.23
6,53f42bc58d42435d82248ac83e5d779a,-2.0300,2026-07-29,2026-07-29,29354e42ef0c3a5dcfab2220f035fd1be5874df613426379bae1f33e112f560b,3225d938792095e42822872d66b7b9e7b79546a344da7ea98298d40463577392,"[""Tennis""]",1785307585.7386692,KXITFMATCH-26JUL28CHAHEI-HEI,Tennis,,KXITFMATCH,5ba6a34a-c169-4b0b-b8fd-b835a2127855,KXITFMATCH-26JUL28CHAHEI,1785299809.0,quote,,1786505400.0,true,60.5000,60.0000,61.0000,2550.85,4240.37
6,53f42bc58d42435d82248ac83e5d779a,-2.0300,2026-07-29,2026-07-29,29354e42ef0c3a5dcfab2220f035fd1be5874df613426379bae1f33e112f560b,3225d938792095e42822872d66b7b9e7b79546a344da7ea98298d40463577392,"[""Tennis""]",1785307585.80602,KXITFWMATCH-26JUL29DESJAN-DES,Tennis,,KXITFWMATCH,81f61a76-c334-455a-ab59-aaab2f2b9045,KXITFWMATCH-26JUL29DESJAN,1785301882.0,quote,,1786510800.0,true,48.5000,48.0000,49.0000,5947.44,1926.03
6,53f42bc58d42435d82248ac83e5d779a,-2.0300,2026-07-29,2026-07-29,29354e42ef0c3a5dcfab2220f035fd1be5874df613426379bae1f33e112f560b,3225d938792095e42822872d66b7b9e7b79546a344da7ea98298d40463577392,"[""Tennis""]",1785307585.873852,KXITFMATCH-26JUL28CHAHEI-CHA,Tennis,,KXITFMATCH,5ba6a34a-c169-4b0b-b8fd-b835a2127855,KXITFMATCH-26JUL28CHAHEI,1785299809.0,quote,,1786505400.0,true,39.5000,39.0000,40.0000,6099.52,1152.12
6,53f42bc58d42435d82248ac83e5d779a,-2.0300,2026-07-29,2026-07-29,29354e42ef0c3a5dcfab2220f035fd1be5874df613426379bae1f33e112f560b,3225d938792095e42822872d66b7b9e7b79546a344da7ea98298d40463577392,"[""Tennis""]",1785307585.942967,KXITFWMATCH-26JUL29MALMAM-MAL,Tennis,,KXITFWMATCH,1465101e-caa8-45fd-812d-50d841d472da,KXITFWMATCH-26JUL29MALMAM,1785301775.0,quote,,1786510800.0,true,7.5000,7.0000,8.0000,2141.47,2841.88
6,53f42bc58d42435d82248ac83e5d779a,-2.0300,2026-07-29,2026-07-29,29354e42ef0c3a5dcfab2220f035fd1be5874df613426379bae1f33e112f560b,3225d938792095e42822872d66b7b9e7b79546a344da7ea98298d40463577392,"[""Tennis""]",1785307586.0121,KXITFWMATCH-26JUL29ARAROT-ARA,Tennis,,KXITFWMATCH,732f03cc-f3da-4b91-b7cc-f26188d27ba6,KXITFWMATCH-26JUL29ARAROT,1785301898.0,quote,,1786510800.0,true,84.5000,83.0000,86.0000,210.00,2192.00
6,53f42bc58d42435d82248ac83e5d779a,-2.0300,2026-07-29,2026-07-29,29354e42ef0c3a5dcfab2220f035fd1be5874df613426379bae1f33e112f560b,3225d938792095e42822872d66b7b9e7b79546a344da7ea98298d40463577392,"[""Tennis""]",1785307587.592701,KXITFWMATCH-26JUL29MAKKUZ-MAK,Tennis,,KXITFWMATCH,efd4b316-d644-47a1-9c01-9150c694f3a5,KXITFWMATCH-26JUL29MAKKUZ,1785301924.0,quote,,1786510800.0,true,81.5000,81.0000,82.0000,15545.18,26116.51
6,53f42bc58d42435d82248ac83e5d779a,-2.0300,2026-07-29,2026-07-29,29354e42ef0c3a5dcfab2220f035fd1be5874df613426379bae1f33e112f560b,3225d938792095e42822872d66b7b9e7b79546a344da7ea98298d40463577392,"[""Tennis""]",1785307587.66305,KXITFWMATCH-26JUL29MAKKUZ-KUZ,Tennis,,KXITFWMATCH,efd4b316-d644-47a1-9c01-9150c694f3a5,KXITFWMATCH-26JUL29MAKKUZ,1785301924.0,quote,,1786510800.0,true,18.5000,18.0000,19.0000,13235.09,24463.81
6,53f42bc58d42435d82248ac83e5d779a,-2.0300,2026-07-29,2026-07-29,29354e42ef0c3a5dcfab2220f035fd1be5874df613426379bae1f33e112f560b,3225d938792095e42822872d66b7b9e7b79546a344da7ea98298d40463577392,"[""Tennis""]",1785307587.733481,KXITFWMATCH-26JUL29YOSKIM-YOS,Tennis,,KXITFWMATCH,9b9eecb5-c6a0-414a-bcf3-57262192676d,KXITFWMATCH-26JUL29YOSKIM,1785301851.0,quote,,1786510800.0,true,59.5000,59.0000,60.0000,6301.51,3344.25
6,53f42bc58d42435d82248ac83e5d779a,-2.0300,2026-07-29,2026-07-29,29354e42ef0c3a5dcfab2220f035fd1be5874df613426379bae1f33e112f560b,3225d938792095e42822872d66b7b9e7b79546a344da7ea98298d40463577392,"[""Tennis""]",1785307587.8371332,KXITFWMATCH-26JUL29YOSKIM-KIM,Tennis,,KXITFWMATCH,9b9eecb5-c6a0-414a-bcf3-57262192676d,KXITFWMATCH-26JUL29YOSKIM,1785301851.0,quote,,1786510800.0,true,40.5000,40.0000,41.0000,1827.51,7402.99
6,53f42bc58d42435d82248ac83e5d779a,-2.0300,2026-07-29,2026-07-29,29354e42ef0c3a5dcfab2220f035fd1be5874df613426379bae1f33e112f560b,3225d938792095e42822872d66b7b9e7b79546a344da7ea98298d40463577392,"[""Tennis""]",1785307587.905345,KXITFWMATCH-26JUL29DESJAN-JAN,Tennis,,KXITFWMATCH,81f61a76-c334-455a-ab59-aaab2f2b9045,KXITFWMATCH-26JUL29DESJAN,1785301882.0,quote,,1786510800.0,true,51.0000,50.0000,52.0000,5585.44,7618.23
6,53f42bc58d42435d82248ac83e5d779a,-2.0300,2026-07-29,2026-07-29,29354e42ef0c3a5dcfab2220f035fd1be5874df613426379bae1f33e112f560b,3225d938792095e42822872d66b7b9e7b79546a344da7ea98298d40463577392,"[""Tennis""]",1785307587.975677,KXITFMATCH-26JUL28CHAHEI-HEI,Tennis,,KXITFMATCH,5ba6a34a-c169-4b0b-b8fd-b835a2127855,KXITFMATCH-26JUL28CHAHEI,1785299809.0,quote,,1786505400.0,true,60.5000,60.0000,61.0000,2550.85,4240.37
6,53f42bc58d42435d82248ac83e5d779a,-2.0300,2026-07-29,2026-07-29,29354e42ef0c3a5dcfab2220f035fd1be5874df613426379bae1f33e112f560b,3225d938792095e42822872d66b7b9e7b79546a344da7ea98298d40463577392,"[""Tennis""]",1785307588.0942771,KXITFWMATCH-26JUL29DESJAN-DES,Tennis,,KXITFWMATCH,81f61a76-c334-455a-ab59-aaab2f2b9045,KXITFWMATCH-26JUL29DESJAN,1785301882.0,quote,,1786510800.0,true,48.5000,48.0000,49.0000,5947.44,1926.03
6,53f42bc58d42435d82248ac83e5d779a,-2.0300,2026-07-29,2026-07-29,29354e42ef0c3a5dcfab2220f035fd1be5874df613426379bae1f33e112f560b,3225d938792095e42822872d66b7b9e7b79546a344da7ea98298d40463577392,"[""Tennis""]",1785307588.163179,KXITFMATCH-26JUL28CHAHEI-CHA,Tennis,,KXITFMATCH,5ba6a34a-c169-4b0b-b8fd-b835a2127855,KXITFMATCH-26JUL28CHAHEI,1785299809.0,quote,,1786505400.0,true,53.5000,53.0000,54.0000,4431.02,26.97
6,53f42bc58d42435d82248ac83e5d779a,-2.0300,2026-07-29,2026-07-29,29354e42ef0c3a5dcfab2220f035fd1be5874df613426379bae1f33e112f560b,3225d938792095e42822872d66b7b9e7b79546a344da7ea98298d40463577392,"[""Tennis""]",1785307588.233719,KXITFWMATCH-26JUL29MALMAM-MAL,Tennis,,KXITFWMATCH,1465101e-caa8-45fd-812d-50d841d472da,KXITFWMATCH-26JUL29MALMAM,1785301775.0,quote,,1786510800.0,true,7.5000,7.0000,8.0000,2141.47,2841.88
6,53f42bc58d42435d82248ac83e5d779a,-2.0300,2026-07-29,2026-07-29,29354e42ef0c3a5dcfab2220f035fd1be5874df613426379bae1f33e112f560b,3225d938792095e42822872d66b7b9e7b79546a344da7ea98298d40463577392,"[""Tennis""]",1785307588.356643,KXITFWMATCH-26JUL29ARAROT-ARA,Tennis,,KXITFWMATCH,732f03cc-f3da-4b91-b7cc-f26188d27ba6,KXITFWMATCH-26JUL29ARAROT,1785301898.0,quote,,1786510800.0,true,84.5000,83.0000,86.0000,210.00,2192.00
6,53f42bc58d42435d82248ac83e5d779a,-2.0300,2026-07-29,2026-07-29,29354e42ef0c3a5dcfab2220f035fd1be5874df613426379bae1f33e112f560b,3225d938792095e42822872d66b7b9e7b79546a344da7ea98298d40463577392,"[""Tennis""]",1785307589.999922,KXITFWMATCH-26JUL29MAKKUZ-MAK,Tennis,,KXITFWMATCH,efd4b316-d644-47a1-9c01-9150c694f3a5,KXITFWMATCH-26JUL29MAKKUZ,1785301924.0,quote,,1786510800.0,true,81.5000,81.0000,82.0000,15545.18,26116.51
6,53f42bc58d42435d82248ac83e5d779a,-2.0300,2026-07-29,2026-07-29,29354e42ef0c3a5dcfab2220f035fd1be5874df613426379bae1f33e112f560b,3225d938792095e42822872d66b7b9e7b79546a344da7ea98298d40463577392,"[""Tennis""]",1785307590.072994,KXITFWMATCH-26JUL29MAKKUZ-KUZ,Tennis,,KXITFWMATCH,efd4b316-d644-47a1-9c01-9150c694f3a5,KXITFWMATCH-26JUL29MAKKUZ,1785301924.0,quote,,1786510800.0,true,18.5000,18.0000,19.0000,13234.09,24436.87
6,53f42bc58d42435d82248ac83e5d779a,-2.0300,2026-07-29,2026-07-29,29354e42ef0c3a5dcfab2220f035fd1be5874df613426379bae1f33e112f560b,3225d938792095e42822872d66b7b9e7b79546a344da7ea98298d40463577392,"[""Tennis""]",1785307590.144696,KXITFWMATCH-26JUL29YOSKIM-YOS,Tennis,,KXITFWMATCH,9b9eecb5-c6a0-414a-bcf3-57262192676d,KXITFWMATCH-26JUL29YOSKIM,1785301851.0,quote,,1786510800.0,true,59.5000,59.0000,60.0000,6301.51,3344.25
6,53f42bc58d42435d82248ac83e5d779a,-2.0300,2026-07-29,2026-07-29,29354e42ef0c3a5dcfab2220f035fd1be5874df613426379bae1f33e112f560b,3225d938792095e42822872d66b7b9e7b79546a344da7ea98298d40463577392,"[""Tennis""]",1785307590.2168908,KXITFWMATCH-26JUL29YOSKIM-KIM,Tennis,,KXITFWMATCH,9b9eecb5-c6a0-414a-bcf3-57262192676d,KXITFWMATCH-26JUL29YOSKIM,1785301851.0,quote,,1786510800.0,true,40.5000,40.0000,41.0000,1827.51,6836.37
6,53f42bc58d42435d82248ac83e5d779a,-2.0300,2026-07-29,2026-07-29,29354e42ef0c3a5dcfab2220f035fd1be5874df613426379bae1f33e112f560b,3225d938792095e42822872d66b7b9e7b79546a344da7ea98298d40463577392,"[""Tennis""]",1785307590.2892458,KXITFWMATCH-26JUL29DESJAN-JAN,Tennis,,KXITFWMATCH,81f61a76-c334-455a-ab59-aaab2f2b9045,KXITFWMATCH-26JUL29DESJAN,1785301882.0,quote,,1786510800.0,true,51.0000,50.0000,52.0000,5585.44,7618.23
6,53f42bc58d42435d82248ac83e5d779a,-2.0300,2026-07-29,2026-07-29,29354e42ef0c3a5dcfab2220f035fd1be5874df613426379bae1f33e112f560b,3225d938792095e42822872d66b7b9e7b79546a344da7ea98298d40463577392,"[""Tennis""]",1785307590.3596869,KXITFMATCH-26JUL28CHAHEI-HEI,Tennis,,KXITFMATCH,5ba6a34a-c169-4b0b-b8fd-b835a2127855,KXITFMATCH-26JUL28CHAHEI,1785299809.0,quote,,1786505400.0,true,60.5000,60.0000,61.0000,2550.85,4240.37
6,53f42bc58d42435d82248ac83e5d779a,-2.0300,2026-07-29,2026-07-29,29354e42ef0c3a5dcfab2220f035fd1be5874df613426379bae1f33e112f560b,3225d938792095e42822872d66b7b9e7b79546a344da7ea98298d40463577392,"[""Tennis""]",1785307590.513715,KXITFWMATCH-26JUL29DESJAN-DES,Tennis,,KXITFWMATCH,81f61a76-c334-455a-ab59-aaab2f2b9045,KXITFWMATCH-26JUL29DESJAN,1785301882.0,quote,,1786510800.0,true,48.5000,48.0000,49.0000,5947.44,1926.03
6,53f42bc58d42435d82248ac83e5d779a,-2.0300,2026-07-29,2026-07-29,29354e42ef0c3a5dcfab2220f035fd1be5874df613426379bae1f33e112f560b,3225d938792095e42822872d66b7b9e7b79546a344da7ea98298d40463577392,"[""Tennis""]",1785307590.584107,KXITFMATCH-26JUL28CHAHEI-CHA,Tennis,,KXITFMATCH,5ba6a34a-c169-4b0b-b8fd-b835a2127855,KXITFMATCH-26JUL28CHAHEI,1785299809.0,quote,,1786505400.0,true,53.5000,53.0000,54.0000,4431.02,26.97
6,53f42bc58d42435d82248ac83e5d779a,-2.0300,2026-07-29,2026-07-29,29354e42ef0c3a5dcfab2220f035fd1be5874df613426379bae1f33e112f560b,3225d938792095e42822872d66b7b9e7b79546a344da7ea98298d40463577392,"[""Tennis""]",1785307590.656905,KXITFWMATCH-26JUL29MALMAM-MAL,Tennis,,KXITFWMATCH,1465101e-caa8-45fd-812d-50d841d472da,KXITFWMATCH-26JUL29MALMAM,1785301775.0,quote,,1786510800.0,true,7.5000,7.0000,8.0000,2141.47,2841.88
6,53f42bc58d42435d82248ac83e5d779a,-2.0300,2026-07-29,2026-07-29,29354e42ef0c3a5dcfab2220f035fd1be5874df613426379bae1f33e112f560b,3225d938792095e42822872d66b7b9e7b79546a344da7ea98298d40463577392,"[""Tennis""]",1785307590.7267962,KXITFWMATCH-26JUL29ARAROT-ARA,Tennis,,KXITFWMATCH,732f03cc-f3da-4b91-b7cc-f26188d27ba6,KXITFWMATCH-26JUL29ARAROT,1785301898.0,quote,,1786510800.0,true,87.5000,87.0000,88.0000,5915.51,1720.00
6,53f42bc58d42435d82248ac83e5d779a,-2.0300,2026-07-29,2026-07-29,29354e42ef0c3a5dcfab2220f035fd1be5874df613426379bae1f33e112f560b,3225d938792095e42822872d66b7b9e7b79546a344da7ea98298d40463577392,"[""Tennis""]",1785307592.315656,KXITFWMATCH-26JUL29MAKKUZ-MAK,Tennis,,KXITFWMATCH,efd4b316-d644-47a1-9c01-9150c694f3a5,KXITFWMATCH-26JUL29MAKKUZ,1785301924.0,quote,,1786510800.0,true,81.5000,81.0000,82.0000,15545.18,26116.51
6,53f42bc58d42435d82248ac83e5d779a,-2.0300,2026-07-29,2026-07-29,29354e42ef0c3a5dcfab2220f035fd1be5874df613426379bae1f33e112f560b,3225d938792095e42822872d66b7b9e7b79546a344da7ea98298d40463577392,"[""Tennis""]",1785307592.3870232,KXITFWMATCH-26JUL29MAKKUZ-KUZ,Tennis,,KXITFWMATCH,efd4b316-d644-47a1-9c01-9150c694f3a5,KXITFWMATCH-26JUL29MAKKUZ,1785301924.0,quote,,1786510800.0,true,18.5000,18.0000,19.0000,13234.09,24436.87
6,53f42bc58d42435d82248ac83e5d779a,-2.0300,2026-07-29,2026-07-29,29354e42ef0c3a5dcfab2220f035fd1be5874df613426379bae1f33e112f560b,3225d938792095e42822872d66b7b9e7b79546a344da7ea98298d40463577392,"[""Tennis""]",1785307592.457427,KXITFWMATCH-26JUL29YOSKIM-YOS,Tennis,,KXITFWMATCH,9b9eecb5-c6a0-414a-bcf3-57262192676d,KXITFWMATCH-26JUL29YOSKIM,1785301851.0,quote,,1786510800.0,true,59.5000,59.0000,60.0000,6301.51,3344.25
6,53f42bc58d42435d82248ac83e5d779a,-2.0300,2026-07-29,2026-07-29,29354e42ef0c3a5dcfab2220f035fd1be5874df613426379bae1f33e112f560b,3225d938792095e42822872d66b7b9e7b79546a344da7ea98298d40463577392,"[""Tennis""]",1785307592.616588,KXITFWMATCH-26JUL29YOSKIM-KIM,Tennis,,KXITFWMATCH,9b9eecb5-c6a0-414a-bcf3-57262192676d,KXITFWMATCH-26JUL29YOSKIM,1785301851.0,quote,,1786510800.0,true,40.5000,40.0000,41.0000,1827.51,6836.37
6,53f42bc58d42435d82248ac83e5d779a,-2.0300,2026-07-29,2026-07-29,29354e42ef0c3a5dcfab2220f035fd1be5874df613426379bae1f33e112f560b,3225d938792095e42822872d66b7b9e7b79546a344da7ea98298d40463577392,"[""Tennis""]",1785307592.687395,KXITFWMATCH-26JUL29DESJAN-JAN,Tennis,,KXITFWMATCH,81f61a76-c334-455a-ab59-aaab2f2b9045,KXITFWMATCH-26JUL29DESJAN,1785301882.0,quote,,1786510800.0,true,53.0000,50.0000,56.0000,1.00,8.30
6,53f42bc58d42435d82248ac83e5d779a,-2.0300,2026-07-29,2026-07-29,29354e42ef0c3a5dcfab2220f035fd1be5874df613426379bae1f33e112f560b,3225d938792095e42822872d66b7b9e7b79546a344da7ea98298d40463577392,"[""Tennis""]",1785307592.7551591,KXITFMATCH-26JUL28CHAHEI-HEI,Tennis,,KXITFMATCH,5ba6a34a-c169-4b0b-b8fd-b835a2127855,KXITFMATCH-26JUL28CHAHEI,1785299809.0,quote,,1786505400.0,true,60.5000,60.0000,61.0000,2550.85,4240.37
6,53f42bc58d42435d82248ac83e5d779a,-2.0300,2026-07-29,2026-07-29,29354e42ef0c3a5dcfab2220f035fd1be5874df613426379bae1f33e112f560b,3225d938792095e42822872d66b7b9e7b79546a344da7ea98298d40463577392,"[""Tennis""]",1785307592.824692,KXITFWMATCH-26JUL29DESJAN-DES,Tennis,,KXITFWMATCH,81f61a76-c334-455a-ab59-aaab2f2b9045,KXITFWMATCH-26JUL29DESJAN,1785301882.0,quote,,1786510800.0,true,48.5000,48.0000,49.0000,5947.44,1926.03
6,53f42bc58d42435d82248ac83e5d779a,-2.0300,2026-07-29,2026-07-29,29354e42ef0c3a5dcfab2220f035fd1be5874df613426379bae1f33e112f560b,3225d938792095e42822872d66b7b9e7b79546a344da7ea98298d40463577392,"[""Tennis""]",1785307592.8918378,KXITFMATCH-26JUL28CHAHEI-CHA,Tennis,,KXITFMATCH,5ba6a34a-c169-4b0b-b8fd-b835a2127855,KXITFMATCH-26JUL28CHAHEI,1785299809.0,quote,,1786505400.0,true,53.5000,53.0000,54.0000,4431.02,26.97
6,53f42bc58d42435d82248ac83e5d779a,-2.0300,2026-07-29,2026-07-29,29354e42ef0c3a5dcfab2220f035fd1be5874df613426379bae1f33e112f560b,3225d938792095e42822872d66b7b9e7b79546a344da7ea98298d40463577392,"[""Tennis""]",1785307592.959918,KXITFWMATCH-26JUL29MALMAM-MAL,Tennis,,KXITFWMATCH,1465101e-caa8-45fd-812d-50d841d472da,KXITFWMATCH-26JUL29MALMAM,1785301775.0,quote,,1786510800.0,true,7.5000,7.0000,8.0000,4109.92,6274.06
6,53f42bc58d42435d82248ac83e5d779a,-2.0300,2026-07-29,2026-07-29,29354e42ef0c3a5dcfab2220f035fd1be5874df613426379bae1f33e112f560b,3225d938792095e42822872d66b7b9e7b79546a344da7ea98298d40463577392,"[""Tennis""]",1785307593.0777102,KXITFWMATCH-26JUL29ARAROT-ARA,Tennis,,KXITFWMATCH,732f03cc-f3da-4b91-b7cc-f26188d27ba6,KXITFWMATCH-26JUL29ARAROT,1785301898.0,quote,,1786510800.0,true,87.5000,87.0000,88.0000,5915.51,1720.00
6,53f42bc58d42435d82248ac83e5d779a,-2.0300,2026-07-29,2026-07-29,29354e42ef0c3a5dcfab2220f035fd1be5874df613426379bae1f33e112f560b,3225d938792095e42822872d66b7b9e7b79546a344da7ea98298d40463577392,"[""Tennis""]",1785307594.7122931,KXITFWMATCH-26JUL29MAKKUZ-MAK,Tennis,,KXITFWMATCH,efd4b316-d644-47a1-9c01-9150c694f3a5,KXITFWMATCH-26JUL29MAKKUZ,1785301924.0,quote,,1786510800.0,true,81.5000,81.0000,82.0000,15545.18,26116.51
6,53f42bc58d42435d82248ac83e5d779a,-2.0300,2026-07-29,2026-07-29,29354e42ef0c3a5dcfab2220f035fd1be5874df613426379bae1f33e112f560b,3225d938792095e42822872d66b7b9e7b79546a344da7ea98298d40463577392,"[""Tennis""]",1785307594.7813919,KXITFWMATCH-26JUL29MAKKUZ-KUZ,Tennis,,KXITFWMATCH,efd4b316-d644-47a1-9c01-9150c694f3a5,KXITFWMATCH-26JUL29MAKKUZ,1785301924.0,quote,,1786510800.0,true,18.5000,18.0000,19.0000,13234.09,24436.87
6,53f42bc58d42435d82248ac83e5d779a,-2.0300,2026-07-29,2026-07-29,29354e42ef0c3a5dcfab2220f035fd1be5874df613426379bae1f33e112f560b,3225d938792095e42822872d66b7b9e7b79546a344da7ea98298d40463577392,"[""Tennis""]",1785307594.8491158,KXITFWMATCH-26JUL29YOSKIM-YOS,Tennis,,KXITFWMATCH,9b9eecb5-c6a0-414a-bcf3-57262192676d,KXITFWMATCH-26JUL29YOSKIM,1785301851.0,quote,,1786510800.0,true,59.5000,59.0000,60.0000,6301.51,3303.72
6,53f42bc58d42435d82248ac83e5d779a,-2.0300,2026-07-29,2026-07-29,29354e42ef0c3a5dcfab2220f035fd1be5874df613426379bae1f33e112f560b,3225d938792095e42822872d66b7b9e7b79546a344da7ea98298d40463577392,"[""Tennis""]",1785307594.919594,KXITFWMATCH-26JUL29YOSKIM-KIM,Tennis,,KXITFWMATCH,9b9eecb5-c6a0-414a-bcf3-57262192676d,KXITFWMATCH-26JUL29YOSKIM,1785301851.0,quote,,1786510800.0,true,40.5000,40.0000,41.0000,1827.51,6836.37
6,53f42bc58d42435d82248ac83e5d779a,-2.0300,2026-07-29,2026-07-29,29354e42ef0c3a5dcfab2220f035fd1be5874df613426379bae1f33e112f560b,3225d938792095e42822872d66b7b9e7b79546a344da7ea98298d40463577392,"[""Tennis""]",1785307594.986465,KXITFWMATCH-26JUL29DESJAN-JAN,Tennis,,KXITFWMATCH,81f61a76-c334-455a-ab59-aaab2f2b9045,KXITFWMATCH-26JUL29DESJAN,1785301882.0,quote,,1786510800.0,true,53.0000,50.0000,56.0000,1.00,8.30
6,53f42bc58d42435d82248ac83e5d779a,-2.0300,2026-07-29,2026-07-29,29354e42ef0c3a5dcfab2220f035fd1be5874df613426379bae1f33e112f560b,3225d938792095e42822872d66b7b9e7b79546a344da7ea98298d40463577392,"[""Tennis""]",1785307595.055234,KXITFMATCH-26JUL28CHAHEI-HEI,Tennis,,KXITFMATCH,5ba6a34a-c169-4b0b-b8fd-b835a2127855,KXITFMATCH-26JUL28CHAHEI,1785299809.0,quote,,1786505400.0,true,45.5000,45.0000,46.0000,20045.90,17188.25
6,53f42bc58d42435d82248ac83e5d779a,-2.0300,2026-07-29,2026-07-29,29354e42ef0c3a5dcfab2220f035fd1be5874df613426379bae1f33e112f560b,3225d938792095e42822872d66b7b9e7b79546a344da7ea98298d40463577392,"[""Tennis""]",1785307595.1764312,KXITFWMATCH-26JUL29DESJAN-DES,Tennis,,KXITFWMATCH,81f61a76-c334-455a-ab59-aaab2f2b9045,KXITFWMATCH-26JUL29DESJAN,1785301882.0,quote,,1786510800.0,true,48.5000,48.0000,49.0000,5947.44,1926.03
6,53f42bc58d42435d82248ac83e5d779a,-2.0300,2026-07-29,2026-07-29,29354e42ef0c3a5dcfab2220f035fd1be5874df613426379bae1f33e112f560b,3225d938792095e42822872d66b7b9e7b79546a344da7ea98298d40463577392,"[""Tennis""]",1785307595.2451358,KXITFMATCH-26JUL28CHAHEI-CHA,Tennis,,KXITFMATCH,5ba6a34a-c169-4b0b-b8fd-b835a2127855,KXITFMATCH-26JUL28CHAHEI,1785299809.0,quote,,1786505400.0,true,53.5000,53.0000,54.0000,4431.02,26.97
6,53f42bc58d42435d82248ac83e5d779a,-2.0300,2026-07-29,2026-07-29,29354e42ef0c3a5dcfab2220f035fd1be5874df613426379bae1f33e112f560b,3225d938792095e42822872d66b7b9e7b79546a344da7ea98298d40463577392,"[""Tennis""]",1785307595.315691,KXITFWMATCH-26JUL29MALMAM-MAL,Tennis,,KXITFWMATCH,1465101e-caa8-45fd-812d-50d841d472da,KXITFWMATCH-26JUL29MALMAM,1785301775.0,quote,,1786510800.0,true,7.5000,7.0000,8.0000,4109.92,6274.06
6,53f42bc58d42435d82248ac83e5d779a,-2.0300,2026-07-29,2026-07-29,29354e42ef0c3a5dcfab2220f035fd1be5874df613426379bae1f33e112f560b,3225d938792095e42822872d66b7b9e7b79546a344da7ea98298d40463577392,"[""Tennis""]",1785307595.385698,KXITFWMATCH-26JUL29ARAROT-ARA,Tennis,,KXITFWMATCH,732f03cc-f3da-4b91-b7cc-f26188d27ba6,KXITFWMATCH-26JUL29ARAROT,1785301898.0,quote,,1786510800.0,true,87.5000,87.0000,88.0000,5915.51,1720.00
6,53f42bc58d42435d82248ac83e5d779a,-2.0300,2026-07-29,2026-07-29,29354e42ef0c3a5dcfab2220f035fd1be5874df613426379bae1f33e112f560b,3225d938792095e42822872d66b7b9e7b79546a344da7ea98298d40463577392,"[""Tennis""]",1785307596.9545898,KXITFWMATCH-26JUL29MAKKUZ-MAK,Tennis,,KXITFWMATCH,efd4b316-d644-47a1-9c01-9150c694f3a5,KXITFWMATCH-26JUL29MAKKUZ,1785301924.0,quote,,1786510800.0,true,81.5000,81.0000,82.0000,16021.12,26116.51
6,53f42bc58d42435d82248ac83e5d779a,-2.0300,2026-07-29,2026-07-29,29354e42ef0c3a5dcfab2220f035fd1be5874df613426379bae1f33e112f560b,3225d938792095e42822872d66b7b9e7b79546a344da7ea98298d40463577392,"[""Tennis""]",1785307597.023031,KXITFWMATCH-26JUL29MAKKUZ-KUZ,Tennis,,KXITFWMATCH,efd4b316-d644-47a1-9c01-9150c694f3a5,KXITFWMATCH-26JUL29MAKKUZ,1785301924.0,quote,,1786510800.0,true,18.5000,18.0000,19.0000,13234.09,24436.87
6,53f42bc58d42435d82248ac83e5d779a,-2.0300,2026-07-29,2026-07-29,29354e42ef0c3a5dcfab2220f035fd1be5874df613426379bae1f33e112f560b,3225d938792095e42822872d66b7b9e7b79546a344da7ea98298d40463577392,"[""Tennis""]",1785307597.099166,KXITFWMATCH-26JUL29YOSKIM-YOS,Tennis,,KXITFWMATCH,9b9eecb5-c6a0-414a-bcf3-57262192676d,KXITFWMATCH-26JUL29YOSKIM,1785301851.0,quote,,1786510800.0,true,59.5000,59.0000,60.0000,6301.51,3303.72
6,53f42bc58d42435d82248ac83e5d779a,-2.0300,2026-07-29,2026-07-29,29354e42ef0c3a5dcfab2220f035fd1be5874df613426379bae1f33e112f560b,3225d938792095e42822872d66b7b9e7b79546a344da7ea98298d40463577392,"[""Tennis""]",1785307597.168281,KXITFWMATCH-26JUL29YOSKIM-KIM,Tennis,,KXITFWMATCH,9b9eecb5-c6a0-414a-bcf3-57262192676d,KXITFWMATCH-26JUL29YOSKIM,1785301851.0,quote,,1786510800.0,true,40.5000,40.0000,41.0000,1827.51,6836.37
6,53f42bc58d42435d82248ac83e5d779a,-2.0300,2026-07-29,2026-07-29,29354e42ef0c3a5dcfab2220f035fd1be5874df613426379bae1f33e112f560b,3225d938792095e42822872d66b7b9e7b79546a344da7ea98298d40463577392,"[""Tennis""]",1785307597.272066,KXITFWMATCH-26JUL29DESJAN-JAN,Tennis,,KXITFWMATCH,81f61a76-c334-455a-ab59-aaab2f2b9045,KXITFWMATCH-26JUL29DESJAN,1785301882.0,quote,,1786510800.0,true,53.0000,50.0000,56.0000,1.00,8.30
6,53f42bc58d42435d82248ac83e5d779a,-2.0300,2026-07-29,2026-07-29,29354e42ef0c3a5dcfab2220f035fd1be5874df613426379bae1f33e112f560b,3225d938792095e42822872d66b7b9e7b79546a344da7ea98298d40463577392,"[""Tennis""]",1785307597.3422668,KXITFMATCH-26JUL28CHAHEI-HEI,Tennis,,KXITFMATCH,5ba6a34a-c169-4b0b-b8fd-b835a2127855,KXITFMATCH-26JUL28CHAHEI,1785299809.0,quote,,1786505400.0,true,45.5000,45.0000,46.0000,20045.90,17188.25
6,53f42bc58d42435d82248ac83e5d779a,-2.0300,2026-07-29,2026-07-29,29354e42ef0c3a5dcfab2220f035fd1be5874df613426379bae1f33e112f560b,3225d938792095e42822872d66b7b9e7b79546a344da7ea98298d40463577392,"[""Tennis""]",1785307597.42538,KXITFWMATCH-26JUL29DESJAN-DES,Tennis,,KXITFWMATCH,81f61a76-c334-455a-ab59-aaab2f2b9045,KXITFWMATCH-26JUL29DESJAN,1785301882.0,quote,,1786510800.0,true,45.5000,42.0000,49.0000,13.00,46.18
6,53f42bc58d42435d82248ac83e5d779a,-2.0300,2026-07-29,2026-07-29,29354e42ef0c3a5dcfab2220f035fd1be5874df613426379bae1f33e112f560b,3225d938792095e42822872d66b7b9e7b79546a344da7ea98298d40463577392,"[""Tennis""]",1785307597.4933069,KXITFMATCH-26JUL28CHAHEI-CHA,Tennis,,KXITFMATCH,5ba6a34a-c169-4b0b-b8fd-b835a2127855,KXITFMATCH-26JUL28CHAHEI,1785299809.0,quote,,1786505400.0,true,53.5000,53.0000,54.0000,4431.02,26.97
6,53f42bc58d42435d82248ac83e5d779a,-2.0300,2026-07-29,2026-07-29,29354e42ef0c3a5dcfab2220f035fd1be5874df613426379bae1f33e112f560b,3225d938792095e42822872d66b7b9e7b79546a344da7ea98298d40463577392,"[""Tennis""]",1785307597.563763,KXITFWMATCH-26JUL29MALMAM-MAL,Tennis,,KXITFWMATCH,1465101e-caa8-45fd-812d-50d841d472da,KXITFWMATCH-26JUL29MALMAM,1785301775.0,quote,,1786510800.0,true,7.5000,7.0000,8.0000,4109.92,6274.06
6,53f42bc58d42435d82248ac83e5d779a,-2.0300,2026-07-29,2026-07-29,29354e42ef0c3a5dcfab2220f035fd1be5874df613426379bae1f33e112f560b,3225d938792095e42822872d66b7b9e7b79546a344da7ea98298d40463577392,"[""Tennis""]",1785307597.6329129,KXITFWMATCH-26JUL29ARAROT-ARA,Tennis,,KXITFWMATCH,732f03cc-f3da-4b91-b7cc-f26188d27ba6,KXITFWMATCH-26JUL29ARAROT,1785301898.0,quote,,1786510800.0,true,87.5000,87.0000,88.0000,5915.51,1720.00
6,53f42bc58d42435d82248ac83e5d779a,-2.0300,2026-07-29,2026-07-29,29354e42ef0c3a5dcfab2220f035fd1be5874df613426379bae1f33e112f560b,3225d938792095e42822872d66b7b9e7b79546a344da7ea98298d40463577392,"[""Tennis""]",1785307599.2158668,KXITFWMATCH-26JUL29MAKKUZ-MAK,Tennis,,KXITFWMATCH,efd4b316-d644-47a1-9c01-9150c694f3a5,KXITFWMATCH-26JUL29MAKKUZ,1785301924.0,quote,,1786510800.0,true,81.5000,81.0000,82.0000,16021.12,26116.51
6,53f42bc58d42435d82248ac83e5d779a,-2.0300,2026-07-29,2026-07-29,29354e42ef0c3a5dcfab2220f035fd1be5874df613426379bae1f33e112f560b,3225d938792095e42822872d66b7b9e7b79546a344da7ea98298d40463577392,"[""Tennis""]",1785307599.3720179,KXITFWMATCH-26JUL29MAKKUZ-KUZ,Tennis,,KXITFWMATCH,efd4b316-d644-47a1-9c01-9150c694f3a5,KXITFWMATCH-26JUL29MAKKUZ,1785301924.0,quote,,1786510800.0,true,18.5000,18.0000,19.0000,13234.09,24436.87
6,53f42bc58d42435d82248ac83e5d779a,-2.0300,2026-07-29,2026-07-29,29354e42ef0c3a5dcfab2220f035fd1be5874df613426379bae1f33e112f560b,3225d938792095e42822872d66b7b9e7b79546a344da7ea98298d40463577392,"[""Tennis""]",1785307599.4431,KXITFWMATCH-26JUL29YOSKIM-YOS,Tennis,,KXITFWMATCH,9b9eecb5-c6a0-414a-bcf3-57262192676d,KXITFWMATCH-26JUL29YOSKIM,1785301851.0,quote,,1786510800.0,true,59.5000,59.0000,60.0000,6301.51,3303.72
6,53f42bc58d42435d82248ac83e5d779a,-2.0300,2026-07-29,2026-07-29,29354e42ef0c3a5dcfab2220f035fd1be5874df613426379bae1f33e112f560b,3225d938792095e42822872d66b7b9e7b79546a344da7ea98298d40463577392,"[""Tennis""]",1785307599.5164192,KXITFWMATCH-26JUL29YOSKIM-KIM,Tennis,,KXITFWMATCH,9b9eecb5-c6a0-414a-bcf3-57262192676d,KXITFWMATCH-26JUL29YOSKIM,1785301851.0,quote,,1786510800.0,true,40.5000,40.0000,41.0000,1827.51,6827.01
6,53f42bc58d42435d82248ac83e5d779a,-2.0300,2026-07-29,2026-07-29,29354e42ef0c3a5dcfab2220f035fd1be5874df613426379bae1f33e112f560b,3225d938792095e42822872d66b7b9e7b79546a344da7ea98298d40463577392,"[""Tennis""]",1785307599.587914,KXITFWMATCH-26JUL29DESJAN-JAN,Tennis,,KXITFWMATCH,81f61a76-c334-455a-ab59-aaab2f2b9045,KXITFWMATCH-26JUL29DESJAN,1785301882.0,quote,,1786510800.0,true,53.0000,50.0000,56.0000,1.00,8.30
6,53f42bc58d42435d82248ac83e5d779a,-2.0300,2026-07-29,2026-07-29,29354e42ef0c3a5dcfab2220f035fd1be5874df613426379bae1f33e112f560b,3225d938792095e42822872d66b7b9e7b79546a344da7ea98298d40463577392,"[""Tennis""]",1785307599.6600409,KXITFMATCH-26JUL28CHAHEI-HEI,Tennis,,KXITFMATCH,5ba6a34a-c169-4b0b-b8fd-b835a2127855,KXITFMATCH-26JUL28CHAHEI,1785299809.0,quote,,1786505400.0,true,45.5000,45.0000,46.0000,20045.90,17188.25
6,53f42bc58d42435d82248ac83e5d779a,-2.0300,2026-07-29,2026-07-29,29354e42ef0c3a5dcfab2220f035fd1be5874df613426379bae1f33e112f560b,3225d938792095e42822872d66b7b9e7b79546a344da7ea98298d40463577392,"[""Tennis""]",1785307599.730102,KXITFWMATCH-26JUL29DESJAN-DES,Tennis,,KXITFWMATCH,81f61a76-c334-455a-ab59-aaab2f2b9045,KXITFWMATCH-26JUL29DESJAN,1785301882.0,quote,,1786510800.0,true,45.5000,42.0000,49.0000,13.00,46.18
6,53f42bc58d42435d82248ac83e5d779a,-2.0300,2026-07-29,2026-07-29,29354e42ef0c3a5dcfab2220f035fd1be5874df613426379bae1f33e112f560b,3225d938792095e42822872d66b7b9e7b79546a344da7ea98298d40463577392,"[""Tennis""]",1785307599.8006232,KXITFMATCH-26JUL28CHAHEI-CHA,Tennis,,KXITFMATCH,5ba6a34a-c169-4b0b-b8fd-b835a2127855,KXITFMATCH-26JUL28CHAHEI,1785299809.0,quote,,1786505400.0,true,54.5000,54.0000,55.0000,4891.20,44951.22
6,53f42bc58d42435d82248ac83e5d779a,-2.0300,2026-07-29,2026-07-29,29354e42ef0c3a5dcfab2220f035fd1be5874df613426379bae1f33e112f560b,3225d938792095e42822872d66b7b9e7b79546a344da7ea98298d40463577392,"[""Tennis""]",1785307599.951315,KXITFWMATCH-26JUL29MALMAM-MAL,Tennis,,KXITFWMATCH,1465101e-caa8-45fd-812d-50d841d472da,KXITFWMATCH-26JUL29MALMAM,1785301775.0,quote,,1786510800.0,true,7.5000,7.0000,8.0000,4109.92,6274.06
6,53f42bc58d42435d82248ac83e5d779a,-2.0300,2026-07-29,2026-07-29,29354e42ef0c3a5dcfab2220f035fd1be5874df613426379bae1f33e112f560b,3225d938792095e42822872d66b7b9e7b79546a344da7ea98298d40463577392,"[""Tennis""]",1785307600.023013,KXITFWMATCH-26JUL29ARAROT-ARA,Tennis,,KXITFWMATCH,732f03cc-f3da-4b91-b7cc-f26188d27ba6,KXITFWMATCH-26JUL29ARAROT,1785301898.0,quote,,1786510800.0,true,87.5000,87.0000,88.0000,5915.51,1720.00
6,53f42bc58d42435d82248ac83e5d779a,-2.0300,2026-07-29,2026-07-29,29354e42ef0c3a5dcfab2220f035fd1be5874df613426379bae1f33e112f560b,3225d938792095e42822872d66b7b9e7b79546a344da7ea98298d40463577392,"[""Tennis""]",1785307601.6045141,KXITFWMATCH-26JUL29MAKKUZ-MAK,Tennis,,KXITFWMATCH,efd4b316-d644-47a1-9c01-9150c694f3a5,KXITFWMATCH-26JUL29MAKKUZ,1785301924.0,quote,,1786510800.0,true,81.5000,81.0000,82.0000,16021.12,26116.51
6,53f42bc58d42435d82248ac83e5d779a,-2.0300,2026-07-29,2026-07-29,29354e42ef0c3a5dcfab2220f035fd1be5874df613426379bae1f33e112f560b,3225d938792095e42822872d66b7b9e7b79546a344da7ea98298d40463577392,"[""Tennis""]",1785307601.6772149,KXITFWMATCH-26JUL29MAKKUZ-KUZ,Tennis,,KXITFWMATCH,efd4b316-d644-47a1-9c01-9150c694f3a5,KXITFWMATCH-26JUL29MAKKUZ,1785301924.0,quote,,1786510800.0,true,18.5000,18.0000,19.0000,13194.67,23062.39
6,53f42bc58d42435d82248ac83e5d779a,-2.0300,2026-07-29,2026-07-29,29354e42ef0c3a5dcfab2220f035fd1be5874df613426379bae1f33e112f560b,3225d938792095e42822872d66b7b9e7b79546a344da7ea98298d40463577392,"[""Tennis""]",1785307601.757557,KXITFWMATCH-26JUL29YOSKIM-YOS,Tennis,,KXITFWMATCH,9b9eecb5-c6a0-414a-bcf3-57262192676d,KXITFWMATCH-26JUL29YOSKIM,1785301851.0,quote,,1786510800.0,true,59.5000,59.0000,60.0000,6301.51,3303.72
6,53f42bc58d42435d82248ac83e5d779a,-2.0300,2026-07-29,2026-07-29,29354e42ef0c3a5dcfab2220f035fd1be5874df613426379bae1f33e112f560b,3225d938792095e42822872d66b7b9e7b79546a344da7ea98298d40463577392,"[""Tennis""]",1785307601.826731,KXITFWMATCH-26JUL29YOSKIM-KIM,Tennis,,KXITFWMATCH,9b9eecb5-c6a0-414a-bcf3-57262192676d,KXITFWMATCH-26JUL29YOSKIM,1785301851.0,quote,,1786510800.0,true,40.5000,40.0000,41.0000,1827.51,6827.01
6,53f42bc58d42435d82248ac83e5d779a,-2.0300,2026-07-29,2026-07-29,29354e42ef0c3a5dcfab2220f035fd1be5874df613426379bae1f33e112f560b,3225d938792095e42822872d66b7b9e7b79546a344da7ea98298d40463577392,"[""Tennis""]",1785307601.898376,KXITFWMATCH-26JUL29DESJAN-JAN,Tennis,,KXITFWMATCH,81f61a76-c334-455a-ab59-aaab2f2b9045,KXITFWMATCH-26JUL29DESJAN,1785301882.0,quote,,1786510800.0,true,53.0000,50.0000,56.0000,1.00,8.30
6,53f42bc58d42435d82248ac83e5d779a,-2.0300,2026-07-29,2026-07-29,29354e42ef0c3a5dcfab2220f035fd1be5874df613426379bae1f33e112f560b,3225d938792095e42822872d66b7b9e7b79546a344da7ea98298d40463577392,"[""Tennis""]",1785307602.05304,KXITFMATCH-26JUL28CHAHEI-HEI,Tennis,,KXITFMATCH,5ba6a34a-c169-4b0b-b8fd-b835a2127855,KXITFMATCH-26JUL28CHAHEI,1785299809.0,quote,,1786505400.0,true,45.5000,45.0000,46.0000,20045.90,17188.25
6,53f42bc58d42435d82248ac83e5d779a,-2.0300,2026-07-29,2026-07-29,29354e42ef0c3a5dcfab2220f035fd1be5874df613426379bae1f33e112f560b,3225d938792095e42822872d66b7b9e7b79546a344da7ea98298d40463577392,"[""Tennis""]",1785307602.12204,KXITFWMATCH-26JUL29DESJAN-DES,Tennis,,KXITFWMATCH,81f61a76-c334-455a-ab59-aaab2f2b9045,KXITFWMATCH-26JUL29DESJAN,1785301882.0,quote,,1786510800.0,true,45.5000,42.0000,49.0000,13.00,46.18
6,53f42bc58d42435d82248ac83e5d779a,-2.0300,2026-07-29,2026-07-29,29354e42ef0c3a5dcfab2220f035fd1be5874df613426379bae1f33e112f560b,3225d938792095e42822872d66b7b9e7b79546a344da7ea98298d40463577392,"[""Tennis""]",1785307602.190625,KXITFMATCH-26JUL28CHAHEI-CHA,Tennis,,KXITFMATCH,5ba6a34a-c169-4b0b-b8fd-b835a2127855,KXITFMATCH-26JUL28CHAHEI,1785299809.0,quote,,1786505400.0,true,54.5000,54.0000,55.0000,4891.20,44951.22
6,53f42bc58d42435d82248ac83e5d779a,-2.0300,2026-07-29,2026-07-29,29354e42ef0c3a5dcfab2220f035fd1be5874df613426379bae1f33e112f560b,3225d938792095e42822872d66b7b9e7b79546a344da7ea98298d40463577392,"[""Tennis""]",1785307602.257609,KXITFWMATCH-26JUL29MALMAM-MAL,Tennis,,KXITFWMATCH,1465101e-caa8-45fd-812d-50d841d472da,KXITFWMATCH-26JUL29MALMAM,1785301775.0,quote,,1786510800.0,true,7.5000,7.0000,8.0000,4109.92,6274.06
6,53f42bc58d42435d82248ac83e5d779a,-2.0300,2026-07-29,2026-07-29,29354e42ef0c3a5dcfab2220f035fd1be5874df613426379bae1f33e112f560b,3225d938792095e42822872d66b7b9e7b79546a344da7ea98298d40463577392,"[""Tennis""]",1785307602.328675,KXITFWMATCH-26JUL29ARAROT-ARA,Tennis,,KXITFWMATCH,732f03cc-f3da-4b91-b7cc-f26188d27ba6,KXITFWMATCH-26JUL29ARAROT,1785301898.0,quote,,1786510800.0,true,88.0000,87.0000,89.0000,5915.51,6344.49
6,53f42bc58d42435d82248ac83e5d779a,-2.0300,2026-07-29,2026-07-29,29354e42ef0c3a5dcfab2220f035fd1be5874df613426379bae1f33e112f560b,3225d938792095e42822872d66b7b9e7b79546a344da7ea98298d40463577392,"[""Tennis""]",1785307603.9037771,KXITFWMATCH-26JUL29MAKKUZ-MAK,Tennis,,KXITFWMATCH,efd4b316-d644-47a1-9c01-9150c694f3a5,KXITFWMATCH-26JUL29MAKKUZ,1785301924.0,quote,,1786510800.0,true,81.5000,81.0000,82.0000,16021.12,26116.51
6,53f42bc58d42435d82248ac83e5d779a,-2.0300,2026-07-29,2026-07-29,29354e42ef0c3a5dcfab2220f035fd1be5874df613426379bae1f33e112f560b,3225d938792095e42822872d66b7b9e7b79546a344da7ea98298d40463577392,"[""Tennis""]",1785307603.974163,KXITFWMATCH-26JUL29MAKKUZ-KUZ,Tennis,,KXITFWMATCH,efd4b316-d644-47a1-9c01-9150c694f3a5,KXITFWMATCH-26JUL29MAKKUZ,1785301924.0,quote,,1786510800.0,true,18.5000,18.0000,19.0000,13194.67,23062.39
6,53f42bc58d42435d82248ac83e5d779a,-2.0300,2026-07-29,2026-07-29,29354e42ef0c3a5dcfab2220f035fd1be5874df613426379bae1f33e112f560b,3225d938792095e42822872d66b7b9e7b79546a344da7ea98298d40463577392,"[""Tennis""]",1785307604.090663,KXITFWMATCH-26JUL29YOSKIM-YOS,Tennis,,KXITFWMATCH,9b9eecb5-c6a0-414a-bcf3-57262192676d,KXITFWMATCH-26JUL29YOSKIM,1785301851.0,quote,,1786510800.0,true,59.5000,59.0000,60.0000,6301.51,3303.72
6,53f42bc58d42435d82248ac83e5d779a,-2.0300,2026-07-29,2026-07-29,29354e42ef0c3a5dcfab2220f035fd1be5874df613426379bae1f33e112f560b,3225d938792095e42822872d66b7b9e7b79546a344da7ea98298d40463577392,"[""Tennis""]",1785307604.16144,KXITFWMATCH-26JUL29YOSKIM-KIM,Tennis,,KXITFWMATCH,9b9eecb5-c6a0-414a-bcf3-57262192676d,KXITFWMATCH-26JUL29YOSKIM,1785301851.0,quote,,1786510800.0,true,40.5000,40.0000,41.0000,1827.51,6827.01
6,53f42bc58d42435d82248ac83e5d779a,-2.0300,2026-07-29,2026-07-29,29354e42ef0c3a5dcfab2220f035fd1be5874df613426379bae1f33e112f560b,3225d938792095e42822872d66b7b9e7b79546a344da7ea98298d40463577392,"[""Tennis""]",1785307604.230861,KXITFWMATCH-26JUL29DESJAN-JAN,Tennis,,KXITFWMATCH,81f61a76-c334-455a-ab59-aaab2f2b9045,KXITFWMATCH-26JUL29DESJAN,1785301882.0,quote,,1786510800.0,true,53.0000,50.0000,56.0000,11.00,7.00
6,53f42bc58d42435d82248ac83e5d779a,-2.0300,2026-07-29,2026-07-29,29354e42ef0c3a5dcfab2220f035fd1be5874df613426379bae1f33e112f560b,3225d938792095e42822872d66b7b9e7b79546a344da7ea98298d40463577392,"[""Tennis""]",1785307604.299349,KXITFMATCH-26JUL28CHAHEI-HEI,Tennis,,KXITFMATCH,5ba6a34a-c169-4b0b-b8fd-b835a2127855,KXITFMATCH-26JUL28CHAHEI,1785299809.0,quote,,1786505400.0,true,45.5000,45.0000,46.0000,20045.90,17188.25
6,53f42bc58d42435d82248ac83e5d779a,-2.0300,2026-07-29,2026-07-29,29354e42ef0c3a5dcfab2220f035fd1be5874df613426379bae1f33e112f560b,3225d938792095e42822872d66b7b9e7b79546a344da7ea98298d40463577392,"[""Tennis""]",1785307604.368972,KXITFWMATCH-26JUL29DESJAN-DES,Tennis,,KXITFWMATCH,81f61a76-c334-455a-ab59-aaab2f2b9045,KXITFWMATCH-26JUL29DESJAN,1785301882.0,quote,,1786510800.0,true,45.5000,42.0000,49.0000,13.00,46.18
6,53f42bc58d42435d82248ac83e5d779a,-2.0300,2026-07-29,2026-07-29,29354e42ef0c3a5dcfab2220f035fd1be5874df613426379bae1f33e112f560b,3225d938792095e42822872d66b7b9e7b79546a344da7ea98298d40463577392,"[""Tennis""]",1785307604.438194,KXITFMATCH-26JUL28CHAHEI-CHA,Tennis,,KXITFMATCH,5ba6a34a-c169-4b0b-b8fd-b835a2127855,KXITFMATCH-26JUL28CHAHEI,1785299809.0,quote,,1786505400.0,true,54.5000,54.0000,55.0000,4891.20,44951.22
6,53f42bc58d42435d82248ac83e5d779a,-2.0300,2026-07-29,2026-07-29,29354e42ef0c3a5dcfab2220f035fd1be5874df613426379bae1f33e112f560b,3225d938792095e42822872d66b7b9e7b79546a344da7ea98298d40463577392,"[""Tennis""]",1785307604.5099971,KXITFWMATCH-26JUL29MALMAM-MAL,Tennis,,KXITFWMATCH,1465101e-caa8-45fd-812d-50d841d472da,KXITFWMATCH-26JUL29MALMAM,1785301775.0,quote,,1786510800.0,true,7.5000,7.0000,8.0000,11.00,1319.45
6,53f42bc58d42435d82248ac83e5d779a,-2.0300,2026-07-29,2026-07-29,29354e42ef0c3a5dcfab2220f035fd1be5874df613426379bae1f33e112f560b,3225d938792095e42822872d66b7b9e7b79546a344da7ea98298d40463577392,"[""Tennis""]",1785307604.614423,KXITFWMATCH-26JUL29ARAROT-ARA,Tennis,,KXITFWMATCH,732f03cc-f3da-4b91-b7cc-f26188d27ba6,KXITFWMATCH-26JUL29ARAROT,1785301898.0,quote,,1786510800.0,true,88.0000,87.0000,89.0000,5915.51,6344.49
6,53f42bc58d42435d82248ac83e5d779a,-2.0300,2026-07-29,2026-07-29,29354e42ef0c3a5dcfab2220f035fd1be5874df613426379bae1f33e112f560b,3225d938792095e42822872d66b7b9e7b79546a344da7ea98298d40463577392,"[""Tennis""]",1785307606.249075,KXITFWMATCH-26JUL29MAKKUZ-MAK,Tennis,,KXITFWMATCH,efd4b316-d644-47a1-9c01-9150c694f3a5,KXITFWMATCH-26JUL29MAKKUZ,1785301924.0,quote,,1786510800.0,true,81.5000,81.0000,82.0000,16021.12,26116.51
6,53f42bc58d42435d82248ac83e5d779a,-2.0300,2026-07-29,2026-07-29,29354e42ef0c3a5dcfab2220f035fd1be5874df613426379bae1f33e112f560b,3225d938792095e42822872d66b7b9e7b79546a344da7ea98298d40463577392,"[""Tennis""]",1785307606.320522,KXITFWMATCH-26JUL29MAKKUZ-KUZ,Tennis,,KXITFWMATCH,efd4b316-d644-47a1-9c01-9150c694f3a5,KXITFWMATCH-26JUL29MAKKUZ,1785301924.0,quote,,1786510800.0,true,18.5000,18.0000,19.0000,13194.67,23062.39
6,53f42bc58d42435d82248ac83e5d779a,-2.0300,2026-07-29,2026-07-29,29354e42ef0c3a5dcfab2220f035fd1be5874df613426379bae1f33e112f560b,3225d938792095e42822872d66b7b9e7b79546a344da7ea98298d40463577392,"[""Tennis""]",1785307606.394291,KXITFWMATCH-26JUL29YOSKIM-YOS,Tennis,,KXITFWMATCH,9b9eecb5-c6a0-414a-bcf3-57262192676d,KXITFWMATCH-26JUL29YOSKIM,1785301851.0,quote,,1786510800.0,true,59.5000,59.0000,60.0000,6301.51,3303.72
6,53f42bc58d42435d82248ac83e5d779a,-2.0300,2026-07-29,2026-07-29,29354e42ef0c3a5dcfab2220f035fd1be5874df613426379bae1f33e112f560b,3225d938792095e42822872d66b7b9e7b79546a344da7ea98298d40463577392,"[""Tennis""]",1785307606.464295,KXITFWMATCH-26JUL29YOSKIM-KIM,Tennis,,KXITFWMATCH,9b9eecb5-c6a0-414a-bcf3-57262192676d,KXITFWMATCH-26JUL29YOSKIM,1785301851.0,quote,,1786510800.0,true,40.5000,40.0000,41.0000,1827.51,6827.01
6,53f42bc58d42435d82248ac83e5d779a,-2.0300,2026-07-29,2026-07-29,29354e42ef0c3a5dcfab2220f035fd1be5874df613426379bae1f33e112f560b,3225d938792095e42822872d66b7b9e7b79546a344da7ea98298d40463577392,"[""Tennis""]",1785307606.535315,KXITFWMATCH-26JUL29DESJAN-JAN,Tennis,,KXITFWMATCH,81f61a76-c334-455a-ab59-aaab2f2b9045,KXITFWMATCH-26JUL29DESJAN,1785301882.0,quote,,1786510800.0,true,53.0000,50.0000,56.0000,11.00,7.00
6,53f42bc58d42435d82248ac83e5d779a,-2.0300,2026-07-29,2026-07-29,29354e42ef0c3a5dcfab2220f035fd1be5874df613426379bae1f33e112f560b,3225d938792095e42822872d66b7b9e7b79546a344da7ea98298d40463577392,"[""Tennis""]",1785307606.606793,KXITFMATCH-26JUL28CHAHEI-HEI,Tennis,,KXITFMATCH,5ba6a34a-c169-4b0b-b8fd-b835a2127855,KXITFMATCH-26JUL28CHAHEI,1785299809.0,quote,,1786505400.0,true,45.5000,45.0000,46.0000,20045.90,17188.25
6,53f42bc58d42435d82248ac83e5d779a,-2.0300,2026-07-29,2026-07-29,29354e42ef0c3a5dcfab2220f035fd1be5874df613426379bae1f33e112f560b,3225d938792095e42822872d66b7b9e7b79546a344da7ea98298d40463577392,"[""Tennis""]",1785307606.710332,KXITFWMATCH-26JUL29DESJAN-DES,Tennis,,KXITFWMATCH,81f61a76-c334-455a-ab59-aaab2f2b9045,KXITFWMATCH-26JUL29DESJAN,1785301882.0,quote,,1786510800.0,true,45.5000,42.0000,49.0000,13.00,46.18
6,53f42bc58d42435d82248ac83e5d779a,-2.0300,2026-07-29,2026-07-29,29354e42ef0c3a5dcfab2220f035fd1be5874df613426379bae1f33e112f560b,3225d938792095e42822872d66b7b9e7b79546a344da7ea98298d40463577392,"[""Tennis""]",1785307606.779253,KXITFMATCH-26JUL28CHAHEI-CHA,Tennis,,KXITFMATCH,5ba6a34a-c169-4b0b-b8fd-b835a2127855,KXITFMATCH-26JUL28CHAHEI,1785299809.0,quote,,1786505400.0,true,54.5000,54.0000,55.0000,4891.20,44951.22
6,53f42bc58d42435d82248ac83e5d779a,-2.0300,2026-07-29,2026-07-29,29354e42ef0c3a5dcfab2220f035fd1be5874df613426379bae1f33e112f560b,3225d938792095e42822872d66b7b9e7b79546a344da7ea98298d40463577392,"[""Tennis""]",1785307606.848843,KXITFWMATCH-26JUL29MALMAM-MAL,Tennis,,KXITFWMATCH,1465101e-caa8-45fd-812d-50d841d472da,KXITFWMATCH-26JUL29MALMAM,1785301775.0,quote,,1786510800.0,true,7.5000,7.0000,8.0000,11.00,1319.45
6,53f42bc58d42435d82248ac83e5d779a,-2.0300,2026-07-29,2026-07-29,29354e42ef0c3a5dcfab2220f035fd1be5874df613426379bae1f33e112f560b,3225d938792095e42822872d66b7b9e7b79546a344da7ea98298d40463577392,"[""Tennis""]",1785307606.918148,KXITFWMATCH-26JUL29ARAROT-ARA,Tennis,,KXITFWMATCH,732f03cc-f3da-4b91-b7cc-f26188d27ba6,KXITFWMATCH-26JUL29ARAROT,1785301898.0,quote,,1786510800.0,true,88.0000,87.0000,89.0000,5915.51,6344.49
6,53f42bc58d42435d82248ac83e5d779a,-2.0300,2026-07-29,2026-07-29,29354e42ef0c3a5dcfab2220f035fd1be5874df613426379bae1f33e112f560b,3225d938792095e42822872d66b7b9e7b79546a344da7ea98298d40463577392,"[""Tennis""]",1785307608.4900422,KXITFWMATCH-26JUL29MAKKUZ-MAK,Tennis,,KXITFWMATCH,efd4b316-d644-47a1-9c01-9150c694f3a5,KXITFWMATCH-26JUL29MAKKUZ,1785301924.0,quote,,1786510800.0,true,81.5000,81.0000,82.0000,16021.12,26116.51
6,53f42bc58d42435d82248ac83e5d779a,-2.0300,2026-07-29,2026-07-29,29354e42ef0c3a5dcfab2220f035fd1be5874df613426379bae1f33e112f560b,3225d938792095e42822872d66b7b9e7b79546a344da7ea98298d40463577392,"[""Tennis""]",1785307608.5593002,KXITFWMATCH-26JUL29MAKKUZ-KUZ,Tennis,,KXITFWMATCH,efd4b316-d644-47a1-9c01-9150c694f3a5,KXITFWMATCH-26JUL29MAKKUZ,1785301924.0,quote,,1786510800.0,true,18.5000,18.0000,19.0000,13194.67,23062.39
6,53f42bc58d42435d82248ac83e5d779a,-2.0300,2026-07-29,2026-07-29,29354e42ef0c3a5dcfab2220f035fd1be5874df613426379bae1f33e112f560b,3225d938792095e42822872d66b7b9e7b79546a344da7ea98298d40463577392,"[""Tennis""]",1785307608.629626,KXITFWMATCH-26JUL29YOSKIM-YOS,Tennis,,KXITFWMATCH,9b9eecb5-c6a0-414a-bcf3-57262192676d,KXITFWMATCH-26JUL29YOSKIM,1785301851.0,quote,,1786510800.0,true,59.5000,59.0000,60.0000,6301.51,3303.72
6,53f42bc58d42435d82248ac83e5d779a,-2.0300,2026-07-29,2026-07-29,29354e42ef0c3a5dcfab2220f035fd1be5874df613426379bae1f33e112f560b,3225d938792095e42822872d66b7b9e7b79546a344da7ea98298d40463577392,"[""Tennis""]",1785307608.6989539,KXITFWMATCH-26JUL29YOSKIM-KIM,Tennis,,KXITFWMATCH,9b9eecb5-c6a0-414a-bcf3-57262192676d,KXITFWMATCH-26JUL29YOSKIM,1785301851.0,quote,,1786510800.0,true,40.5000,40.0000,41.0000,1827.51,6827.01
6,53f42bc58d42435d82248ac83e5d779a,-2.0300,2026-07-29,2026-07-29,29354e42ef0c3a5dcfab2220f035fd1be5874df613426379bae1f33e112f560b,3225d938792095e42822872d66b7b9e7b79546a344da7ea98298d40463577392,"[""Tennis""]",1785307608.808419,KXITFWMATCH-26JUL29DESJAN-JAN,Tennis,,KXITFWMATCH,81f61a76-c334-455a-ab59-aaab2f2b9045,KXITFWMATCH-26JUL29DESJAN,1785301882.0,quote,,1786510800.0,true,53.0000,50.0000,56.0000,11.00,7.00
6,53f42bc58d42435d82248ac83e5d779a,-2.0300,2026-07-29,2026-07-29,29354e42ef0c3a5dcfab2220f035fd1be5874df613426379bae1f33e112f560b,3225d938792095e42822872d66b7b9e7b79546a344da7ea98298d40463577392,"[""Tennis""]",1785307608.875626,KXITFMATCH-26JUL28CHAHEI-HEI,Tennis,,KXITFMATCH,5ba6a34a-c169-4b0b-b8fd-b835a2127855,KXITFMATCH-26JUL28CHAHEI,1785299809.0,quote,,1786505400.0,true,45.5000,45.0000,46.0000,14484.61,17743.02
6,53f42bc58d42435d82248ac83e5d779a,-2.0300,2026-07-29,2026-07-29,29354e42ef0c3a5dcfab2220f035fd1be5874df613426379bae1f33e112f560b,3225d938792095e42822872d66b7b9e7b79546a344da7ea98298d40463577392,"[""Tennis""]",1785307608.9435651,KXITFWMATCH-26JUL29DESJAN-DES,Tennis,,KXITFWMATCH,81f61a76-c334-455a-ab59-aaab2f2b9045,KXITFWMATCH-26JUL29DESJAN,1785301882.0,quote,,1786510800.0,true,45.0000,42.0000,48.0000,452.00,10.00
6,53f42bc58d42435d82248ac83e5d779a,-2.0300,2026-07-29,2026-07-29,29354e42ef0c3a5dcfab2220f035fd1be5874df613426379bae1f33e112f560b,3225d938792095e42822872d66b7b9e7b79546a344da7ea98298d40463577392,"[""Tennis""]",1785307609.012635,KXITFMATCH-26JUL28CHAHEI-CHA,Tennis,,KXITFMATCH,5ba6a34a-c169-4b0b-b8fd-b835a2127855,KXITFMATCH-26JUL28CHAHEI,1785299809.0,quote,,1786505400.0,true,54.5000,54.0000,55.0000,2439.99,44941.41
6,53f42bc58d42435d82248ac83e5d779a,-2.0300,2026-07-29,2026-07-29,29354e42ef0c3a5dcfab2220f035fd1be5874df613426379bae1f33e112f560b,3225d938792095e42822872d66b7b9e7b79546a344da7ea98298d40463577392,"[""Tennis""]",1785307609.081038,KXITFWMATCH-26JUL29MALMAM-MAL,Tennis,,KXITFWMATCH,1465101e-caa8-45fd-812d-50d841d472da,KXITFWMATCH-26JUL29MALMAM,1785301775.0,quote,,1786510800.0,true,7.5000,7.0000,8.0000,11.00,1319.45
6,53f42bc58d42435d82248ac83e5d779a,-2.0300,2026-07-29,2026-07-29,29354e42ef0c3a5dcfab2220f035fd1be5874df613426379bae1f33e112f560b,3225d938792095e42822872d66b7b9e7b79546a344da7ea98298d40463577392,"[""Tennis""]",1785307609.149512,KXITFWMATCH-26JUL29ARAROT-ARA,Tennis,,KXITFWMATCH,732f03cc-f3da-4b91-b7cc-f26188d27ba6,KXITFWMATCH-26JUL29ARAROT,1785301898.0,quote,,1786510800.0,true,88.0000,87.0000,89.0000,5915.51,6344.49
6,53f42bc58d42435d82248ac83e5d779a,-2.0300,2026-07-29,2026-07-29,29354e42ef0c3a5dcfab2220f035fd1be5874df613426379bae1f33e112f560b,3225d938792095e42822872d66b7b9e7b79546a344da7ea98298d40463577392,"[""Tennis""]",1785307610.719807,KXITFWMATCH-26JUL29MAKKUZ-MAK,Tennis,,KXITFWMATCH,efd4b316-d644-47a1-9c01-9150c694f3a5,KXITFWMATCH-26JUL29MAKKUZ,1785301924.0,quote,,1786510800.0,true,81.5000,81.0000,82.0000,16021.12,26116.51
6,53f42bc58d42435d82248ac83e5d779a,-2.0300,2026-07-29,2026-07-29,29354e42ef0c3a5dcfab2220f035fd1be5874df613426379bae1f33e112f560b,3225d938792095e42822872d66b7b9e7b79546a344da7ea98298d40463577392,"[""Tennis""]",1785307610.791719,KXITFWMATCH-26JUL29MAKKUZ-KUZ,Tennis,,KXITFWMATCH,efd4b316-d644-47a1-9c01-9150c694f3a5,KXITFWMATCH-26JUL29MAKKUZ,1785301924.0,quote,,1786510800.0,true,18.5000,18.0000,19.0000,13194.67,23062.39
6,53f42bc58d42435d82248ac83e5d779a,-2.0300,2026-07-29,2026-07-29,29354e42ef0c3a5dcfab2220f035fd1be5874df613426379bae1f33e112f560b,3225d938792095e42822872d66b7b9e7b79546a344da7ea98298d40463577392,"[""Tennis""]",1785307610.905728,KXITFWMATCH-26JUL29YOSKIM-YOS,Tennis,,KXITFWMATCH,9b9eecb5-c6a0-414a-bcf3-57262192676d,KXITFWMATCH-26JUL29YOSKIM,1785301851.0,quote,,1786510800.0,true,59.5000,59.0000,60.0000,6301.51,3303.72
6,53f42bc58d42435d82248ac83e5d779a,-2.0300,2026-07-29,2026-07-29,29354e42ef0c3a5dcfab2220f035fd1be5874df613426379bae1f33e112f560b,3225d938792095e42822872d66b7b9e7b79546a344da7ea98298d40463577392,"[""Tennis""]",1785307610.982178,KXITFWMATCH-26JUL29YOSKIM-KIM,Tennis,,KXITFWMATCH,9b9eecb5-c6a0-414a-bcf3-57262192676d,KXITFWMATCH-26JUL29YOSKIM,1785301851.0,quote,,1786510800.0,true,40.5000,40.0000,41.0000,1769.88,6570.46
6,53f42bc58d42435d82248ac83e5d779a,-2.0300,2026-07-29,2026-07-29,29354e42ef0c3a5dcfab2220f035fd1be5874df613426379bae1f33e112f560b,3225d938792095e42822872d66b7b9e7b79546a344da7ea98298d40463577392,"[""Tennis""]",1785307611.052712,KXITFWMATCH-26JUL29DESJAN-JAN,Tennis,,KXITFWMATCH,81f61a76-c334-455a-ab59-aaab2f2b9045,KXITFWMATCH-26JUL29DESJAN,1785301882.0,quote,,1786510800.0,true,53.0000,50.0000,56.0000,11.00,7.00
6,53f42bc58d42435d82248ac83e5d779a,-2.0300,2026-07-29,2026-07-29,29354e42ef0c3a5dcfab2220f035fd1be5874df613426379bae1f33e112f560b,3225d938792095e42822872d66b7b9e7b79546a344da7ea98298d40463577392,"[""Tennis""]",1785307611.12273,KXITFMATCH-26JUL28CHAHEI-HEI,Tennis,,KXITFMATCH,5ba6a34a-c169-4b0b-b8fd-b835a2127855,KXITFMATCH-26JUL28CHAHEI,1785299809.0,quote,,1786505400.0,true,45.5000,45.0000,46.0000,14484.61,17743.02
6,53f42bc58d42435d82248ac83e5d779a,-2.0300,2026-07-29,2026-07-29,29354e42ef0c3a5dcfab2220f035fd1be5874df613426379bae1f33e112f560b,3225d938792095e42822872d66b7b9e7b79546a344da7ea98298d40463577392,"[""Tennis""]",1785307611.194101,KXITFWMATCH-26JUL29DESJAN-DES,Tennis,,KXITFWMATCH,81f61a76-c334-455a-ab59-aaab2f2b9045,KXITFWMATCH-26JUL29DESJAN,1785301882.0,quote,,1786510800.0,true,45.0000,42.0000,48.0000,452.00,10.00
6,53f42bc58d42435d82248ac83e5d779a,-2.0300,2026-07-29,2026-07-29,29354e42ef0c3a5dcfab2220f035fd1be5874df613426379bae1f33e112f560b,3225d938792095e42822872d66b7b9e7b79546a344da7ea98298d40463577392,"[""Tennis""]",1785307611.261405,KXITFMATCH-26JUL28CHAHEI-CHA,Tennis,,KXITFMATCH,5ba6a34a-c169-4b0b-b8fd-b835a2127855,KXITFMATCH-26JUL28CHAHEI,1785299809.0,quote,,1786505400.0,true,54.5000,54.0000,55.0000,2439.99,44941.41
6,53f42bc58d42435d82248ac83e5d779a,-2.0300,2026-07-29,2026-07-29,29354e42ef0c3a5dcfab2220f035fd1be5874df613426379bae1f33e112f560b,3225d938792095e42822872d66b7b9e7b79546a344da7ea98298d40463577392,"[""Tennis""]",1785307611.329417,KXITFWMATCH-26JUL29MALMAM-MAL,Tennis,,KXITFWMATCH,1465101e-caa8-45fd-812d-50d841d472da,KXITFWMATCH-26JUL29MALMAM,1785301775.0,quote,,1786510800.0,true,7.5000,7.0000,8.0000,11.00,1319.45
6,53f42bc58d42435d82248ac83e5d779a,-2.0300,2026-07-29,2026-07-29,29354e42ef0c3a5dcfab2220f035fd1be5874df613426379bae1f33e112f560b,3225d938792095e42822872d66b7b9e7b79546a344da7ea98298d40463577392,"[""Tennis""]",1785307611.4897761,KXITFWMATCH-26JUL29ARAROT-ARA,Tennis,,KXITFWMATCH,732f03cc-f3da-4b91-b7cc-f26188d27ba6,KXITFWMATCH-26JUL29ARAROT,1785301898.0,quote,,1786510800.0,true,88.0000,87.0000,89.0000,5915.51,6344.49
6,53f42bc58d42435d82248ac83e5d779a,-2.0300,2026-07-29,2026-07-29,29354e42ef0c3a5dcfab2220f035fd1be5874df613426379bae1f33e112f560b,3225d938792095e42822872d66b7b9e7b79546a344da7ea98298d40463577392,"[""Tennis""]",1785307613.063514,KXITFWMATCH-26JUL29MAKKUZ-MAK,Tennis,,KXITFWMATCH,efd4b316-d644-47a1-9c01-9150c694f3a5,KXITFWMATCH-26JUL29MAKKUZ,1785301924.0,quote,,1786510800.0,true,81.5000,81.0000,82.0000,16021.12,26116.51
6,53f42bc58d42435d82248ac83e5d779a,-2.0300,2026-07-29,2026-07-29,29354e42ef0c3a5dcfab2220f035fd1be5874df613426379bae1f33e112f560b,3225d938792095e42822872d66b7b9e7b79546a344da7ea98298d40463577392,"[""Tennis""]",1785307613.132268,KXITFWMATCH-26JUL29MAKKUZ-KUZ,Tennis,,KXITFWMATCH,efd4b316-d644-47a1-9c01-9150c694f3a5,KXITFWMATCH-26JUL29MAKKUZ,1785301924.0,quote,,1786510800.0,true,18.5000,18.0000,19.0000,13193.67,21812.39
6,53f42bc58d42435d82248ac83e5d779a,-2.0300,2026-07-29,2026-07-29,29354e42ef0c3a5dcfab2220f035fd1be5874df613426379bae1f33e112f560b,3225d938792095e42822872d66b7b9e7b79546a344da7ea98298d40463577392,"[""Tennis""]",1785307613.200889,KXITFWMATCH-26JUL29YOSKIM-YOS,Tennis,,KXITFWMATCH,9b9eecb5-c6a0-414a-bcf3-57262192676d,KXITFWMATCH-26JUL29YOSKIM,1785301851.0,quote,,1786510800.0,true,59.5000,59.0000,60.0000,6301.51,3303.72
6,53f42bc58d42435d82248ac83e5d779a,-2.0300,2026-07-29,2026-07-29,29354e42ef0c3a5dcfab2220f035fd1be5874df613426379bae1f33e112f560b,3225d938792095e42822872d66b7b9e7b79546a344da7ea98298d40463577392,"[""Tennis""]",1785307613.270826,KXITFWMATCH-26JUL29YOSKIM-KIM,Tennis,,KXITFWMATCH,9b9eecb5-c6a0-414a-bcf3-57262192676d,KXITFWMATCH-26JUL29YOSKIM,1785301851.0,quote,,1786510800.0,true,40.5000,40.0000,41.0000,1769.88,6570.46
6,53f42bc58d42435d82248ac83e5d779a,-2.0300,2026-07-29,2026-07-29,29354e42ef0c3a5dcfab2220f035fd1be5874df613426379bae1f33e112f560b,3225d938792095e42822872d66b7b9e7b79546a344da7ea98298d40463577392,"[""Tennis""]",1785307613.3402529,KXITFWMATCH-26JUL29DESJAN-JAN,Tennis,,KXITFWMATCH,81f61a76-c334-455a-ab59-aaab2f2b9045,KXITFWMATCH-26JUL29DESJAN,1785301882.0,quote,,1786510800.0,true,53.0000,50.0000,56.0000,11.00,7.00
6,53f42bc58d42435d82248ac83e5d779a,-2.0300,2026-07-29,2026-07-29,29354e42ef0c3a5dcfab2220f035fd1be5874df613426379bae1f33e112f560b,3225d938792095e42822872d66b7b9e7b79546a344da7ea98298d40463577392,"[""Tennis""]",1785307613.407597,KXITFMATCH-26JUL28CHAHEI-HEI,Tennis,,KXITFMATCH,5ba6a34a-c169-4b0b-b8fd-b835a2127855,KXITFMATCH-26JUL28CHAHEI,1785299809.0,quote,,1786505400.0,true,45.5000,45.0000,46.0000,14484.61,17743.02
6,53f42bc58d42435d82248ac83e5d779a,-2.0300,2026-07-29,2026-07-29,29354e42ef0c3a5dcfab2220f035fd1be5874df613426379bae1f33e112f560b,3225d938792095e42822872d66b7b9e7b79546a344da7ea98298d40463577392,"[""Tennis""]",1785307613.52804,KXITFWMATCH-26JUL29DESJAN-DES,Tennis,,KXITFWMATCH,81f61a76-c334-455a-ab59-aaab2f2b9045,KXITFWMATCH-26JUL29DESJAN,1785301882.0,quote,,1786510800.0,true,45.0000,42.0000,48.0000,452.00,10.00
6,53f42bc58d42435d82248ac83e5d779a,-2.0300,2026-07-29,2026-07-29,29354e42ef0c3a5dcfab2220f035fd1be5874df613426379bae1f33e112f560b,3225d938792095e42822872d66b7b9e7b79546a344da7ea98298d40463577392,"[""Tennis""]",1785307613.596692,KXITFMATCH-26JUL28CHAHEI-CHA,Tennis,,KXITFMATCH,5ba6a34a-c169-4b0b-b8fd-b835a2127855,KXITFMATCH-26JUL28CHAHEI,1785299809.0,quote,,1786505400.0,true,54.5000,54.0000,55.0000,2439.99,44941.41
6,53f42bc58d42435d82248ac83e5d779a,-2.0300,2026-07-29,2026-07-29,29354e42ef0c3a5dcfab2220f035fd1be5874df613426379bae1f33e112f560b,3225d938792095e42822872d66b7b9e7b79546a344da7ea98298d40463577392,"[""Tennis""]",1785307613.6654348,KXITFWMATCH-26JUL29MALMAM-MAL,Tennis,,KXITFWMATCH,1465101e-caa8-45fd-812d-50d841d472da,KXITFWMATCH-26JUL29MALMAM,1785301775.0,quote,,1786510800.0,true,7.5000,7.0000,8.0000,11.00,1319.45
6,53f42bc58d42435d82248ac83e5d779a,-2.0300,2026-07-29,2026-07-29,29354e42ef0c3a5dcfab2220f035fd1be5874df613426379bae1f33e112f560b,3225d938792095e42822872d66b7b9e7b79546a344da7ea98298d40463577392,"[""Tennis""]",1785307613.735403,KXITFWMATCH-26JUL29ARAROT-ARA,Tennis,,KXITFWMATCH,732f03cc-f3da-4b91-b7cc-f26188d27ba6,KXITFWMATCH-26JUL29ARAROT,1785301898.0,quote,,1786510800.0,true,88.0000,87.0000,89.0000,5915.51,6344.49
6,53f42bc58d42435d82248ac83e5d779a,-2.0300,2026-07-29,2026-07-29,29354e42ef0c3a5dcfab2220f035fd1be5874df613426379bae1f33e112f560b,3225d938792095e42822872d66b7b9e7b79546a344da7ea98298d40463577392,"[""Tennis""]",1785307615.31371,KXITFWMATCH-26JUL29MAKKUZ-MAK,Tennis,,KXITFWMATCH,efd4b316-d644-47a1-9c01-9150c694f3a5,KXITFWMATCH-26JUL29MAKKUZ,1785301924.0,quote,,1786510800.0,true,81.5000,81.0000,82.0000,16021.12,26116.51
6,53f42bc58d42435d82248ac83e5d779a,-2.0300,2026-07-29,2026-07-29,29354e42ef0c3a5dcfab2220f035fd1be5874df613426379bae1f33e112f560b,3225d938792095e42822872d66b7b9e7b79546a344da7ea98298d40463577392,"[""Tennis""]",1785307615.382015,KXITFWMATCH-26JUL29MAKKUZ-KUZ,Tennis,,KXITFWMATCH,efd4b316-d644-47a1-9c01-9150c694f3a5,KXITFWMATCH-26JUL29MAKKUZ,1785301924.0,quote,,1786510800.0,true,18.5000,18.0000,19.0000,13193.67,21812.39
6,53f42bc58d42435d82248ac83e5d779a,-2.0300,2026-07-29,2026-07-29,29354e42ef0c3a5dcfab2220f035fd1be5874df613426379bae1f33e112f560b,3225d938792095e42822872d66b7b9e7b79546a344da7ea98298d40463577392,"[""Tennis""]",1785307615.4551659,KXITFWMATCH-26JUL29YOSKIM-YOS,Tennis,,KXITFWMATCH,9b9eecb5-c6a0-414a-bcf3-57262192676d,KXITFWMATCH-26JUL29YOSKIM,1785301851.0,quote,,1786510800.0,true,59.5000,59.0000,60.0000,6301.51,3203.72
6,53f42bc58d42435d82248ac83e5d779a,-2.0300,2026-07-29,2026-07-29,29354e42ef0c3a5dcfab2220f035fd1be5874df613426379bae1f33e112f560b,3225d938792095e42822872d66b7b9e7b79546a344da7ea98298d40463577392,"[""Tennis""]",1785307615.525876,KXITFWMATCH-26JUL29YOSKIM-KIM,Tennis,,KXITFWMATCH,9b9eecb5-c6a0-414a-bcf3-57262192676d,KXITFWMATCH-26JUL29YOSKIM,1785301851.0,quote,,1786510800.0,true,40.5000,40.0000,41.0000,1769.88,6570.46
6,53f42bc58d42435d82248ac83e5d779a,-2.0300,2026-07-29,2026-07-29,29354e42ef0c3a5dcfab2220f035fd1be5874df613426379bae1f33e112f560b,3225d938792095e42822872d66b7b9e7b79546a344da7ea98298d40463577392,"[""Tennis""]",1785307615.685189,KXITFWMATCH-26JUL29DESJAN-JAN,Tennis,,KXITFWMATCH,81f61a76-c334-455a-ab59-aaab2f2b9045,KXITFWMATCH-26JUL29DESJAN,1785301882.0,quote,,1786510800.0,true,53.0000,50.0000,56.0000,11.00,7.00
6,53f42bc58d42435d82248ac83e5d779a,-2.0300,2026-07-29,2026-07-29,29354e42ef0c3a5dcfab2220f035fd1be5874df613426379bae1f33e112f560b,3225d938792095e42822872d66b7b9e7b79546a344da7ea98298d40463577392,"[""Tennis""]",1785307615.753025,KXITFMATCH-26JUL28CHAHEI-HEI,Tennis,,KXITFMATCH,5ba6a34a-c169-4b0b-b8fd-b835a2127855,KXITFMATCH-26JUL28CHAHEI,1785299809.0,quote,,1786505400.0,true,45.5000,45.0000,46.0000,14484.61,17743.02
6,53f42bc58d42435d82248ac83e5d779a,-2.0300,2026-07-29,2026-07-29,29354e42ef0c3a5dcfab2220f035fd1be5874df613426379bae1f33e112f560b,3225d938792095e42822872d66b7b9e7b79546a344da7ea98298d40463577392,"[""Tennis""]",1785307615.8199959,KXITFWMATCH-26JUL29DESJAN-DES,Tennis,,KXITFWMATCH,81f61a76-c334-455a-ab59-aaab2f2b9045,KXITFWMATCH-26JUL29DESJAN,1785301882.0,quote,,1786510800.0,true,45.0000,42.0000,48.0000,452.00,10.00
6,53f42bc58d42435d82248ac83e5d779a,-2.0300,2026-07-29,2026-07-29,29354e42ef0c3a5dcfab2220f035fd1be5874df613426379bae1f33e112f560b,3225d938792095e42822872d66b7b9e7b79546a344da7ea98298d40463577392,"[""Tennis""]",1785307615.8875651,KXITFMATCH-26JUL28CHAHEI-CHA,Tennis,,KXITFMATCH,5ba6a34a-c169-4b0b-b8fd-b835a2127855,KXITFMATCH-26JUL28CHAHEI,1785299809.0,quote,,1786505400.0,true,54.5000,54.0000,55.0000,2439.99,44941.41
6,53f42bc58d42435d82248ac83e5d779a,-2.0300,2026-07-29,2026-07-29,29354e42ef0c3a5dcfab2220f035fd1be5874df613426379bae1f33e112f560b,3225d938792095e42822872d66b7b9e7b79546a344da7ea98298d40463577392,"[""Tennis""]",1785307615.957131,KXITFWMATCH-26JUL29MALMAM-MAL,Tennis,,KXITFWMATCH,1465101e-caa8-45fd-812d-50d841d472da,KXITFWMATCH-26JUL29MALMAM,1785301775.0,quote,,1786510800.0,true,7.5000,7.0000,8.0000,1.00,9104.94
6,53f42bc58d42435d82248ac83e5d779a,-2.0300,2026-07-29,2026-07-29,29354e42ef0c3a5dcfab2220f035fd1be5874df613426379bae1f33e112f560b,3225d938792095e42822872d66b7b9e7b79546a344da7ea98298d40463577392,"[""Tennis""]",1785307616.025405,KXITFWMATCH-26JUL29ARAROT-ARA,Tennis,,KXITFWMATCH,732f03cc-f3da-4b91-b7cc-f26188d27ba6,KXITFWMATCH-26JUL29ARAROT,1785301898.0,quote,,1786510800.0,true,88.0000,87.0000,89.0000,5915.51,6344.49
6,53f42bc58d42435d82248ac83e5d779a,-2.0300,2026-07-29,2026-07-29,29354e42ef0c3a5dcfab2220f035fd1be5874df613426379bae1f33e112f560b,3225d938792095e42822872d66b7b9e7b79546a344da7ea98298d40463577392,"[""Tennis""]",1785307617.601177,KXITFWMATCH-26JUL29MAKKUZ-MAK,Tennis,,KXITFWMATCH,efd4b316-d644-47a1-9c01-9150c694f3a5,KXITFWMATCH-26JUL29MAKKUZ,1785301924.0,quote,,1786510800.0,true,81.5000,81.0000,82.0000,16021.12,26116.51
6,53f42bc58d42435d82248ac83e5d779a,-2.0300,2026-07-29,2026-07-29,29354e42ef0c3a5dcfab2220f035fd1be5874df613426379bae1f33e112f560b,3225d938792095e42822872d66b7b9e7b79546a344da7ea98298d40463577392,"[""Tennis""]",1785307617.721031,KXITFWMATCH-26JUL29MAKKUZ-KUZ,Tennis,,KXITFWMATCH,efd4b316-d644-47a1-9c01-9150c694f3a5,KXITFWMATCH-26JUL29MAKKUZ,1785301924.0,quote,,1786510800.0,true,18.5000,18.0000,19.0000,13193.67,21812.39
6,53f42bc58d42435d82248ac83e5d779a,-2.0300,2026-07-29,2026-07-29,29354e42ef0c3a5dcfab2220f035fd1be5874df613426379bae1f33e112f560b,3225d938792095e42822872d66b7b9e7b79546a344da7ea98298d40463577392,"[""Tennis""]",1785307617.791801,KXITFWMATCH-26JUL29YOSKIM-YOS,Tennis,,KXITFWMATCH,9b9eecb5-c6a0-414a-bcf3-57262192676d,KXITFWMATCH-26JUL29YOSKIM,1785301851.0,quote,,1786510800.0,true,59.5000,59.0000,60.0000,6301.51,3203.72
6,53f42bc58d42435d82248ac83e5d779a,-2.0300,2026-07-29,2026-07-29,29354e42ef0c3a5dcfab2220f035fd1be5874df613426379bae1f33e112f560b,3225d938792095e42822872d66b7b9e7b79546a344da7ea98298d40463577392,"[""Tennis""]",1785307617.8623,KXITFWMATCH-26JUL29YOSKIM-KIM,Tennis,,KXITFWMATCH,9b9eecb5-c6a0-414a-bcf3-57262192676d,KXITFWMATCH-26JUL29YOSKIM,1785301851.0,quote,,1786510800.0,true,40.5000,40.0000,41.0000,1769.88,6570.46
6,53f42bc58d42435d82248ac83e5d779a,-2.0300,2026-07-29,2026-07-29,29354e42ef0c3a5dcfab2220f035fd1be5874df613426379bae1f33e112f560b,3225d938792095e42822872d66b7b9e7b79546a344da7ea98298d40463577392,"[""Tennis""]",1785307617.931972,KXITFWMATCH-26JUL29DESJAN-JAN,Tennis,,KXITFWMATCH,81f61a76-c334-455a-ab59-aaab2f2b9045,KXITFWMATCH-26JUL29DESJAN,1785301882.0,quote,,1786510800.0,true,53.0000,50.0000,56.0000,11.00,7.00
6,53f42bc58d42435d82248ac83e5d779a,-2.0300,2026-07-29,2026-07-29,29354e42ef0c3a5dcfab2220f035fd1be5874df613426379bae1f33e112f560b,3225d938792095e42822872d66b7b9e7b79546a344da7ea98298d40463577392,"[""Tennis""]",1785307618.00222,KXITFMATCH-26JUL28CHAHEI-HEI,Tennis,,KXITFMATCH,5ba6a34a-c169-4b0b-b8fd-b835a2127855,KXITFMATCH-26JUL28CHAHEI,1785299809.0,quote,,1786505400.0,true,45.5000,45.0000,46.0000,14484.61,17743.02
6,53f42bc58d42435d82248ac83e5d779a,-2.0300,2026-07-29,2026-07-29,29354e42ef0c3a5dcfab2220f035fd1be5874df613426379bae1f33e112f560b,3225d938792095e42822872d66b7b9e7b79546a344da7ea98298d40463577392,"[""Tennis""]",1785307618.071866,KXITFWMATCH-26JUL29DESJAN-DES,Tennis,,KXITFWMATCH,81f61a76-c334-455a-ab59-aaab2f2b9045,KXITFWMATCH-26JUL29DESJAN,1785301882.0,quote,,1786510800.0,true,45.0000,42.0000,48.0000,452.00,10.00
6,53f42bc58d42435d82248ac83e5d779a,-2.0300,2026-07-29,2026-07-29,29354e42ef0c3a5dcfab2220f035fd1be5874df613426379bae1f33e112f560b,3225d938792095e42822872d66b7b9e7b79546a344da7ea98298d40463577392,"[""Tennis""]",1785307618.142407,KXITFMATCH-26JUL28CHAHEI-CHA,Tennis,,KXITFMATCH,5ba6a34a-c169-4b0b-b8fd-b835a2127855,KXITFMATCH-26JUL28CHAHEI,1785299809.0,quote,,1786505400.0,true,54.5000,54.0000,55.0000,2439.99,44941.41
6,53f42bc58d42435d82248ac83e5d779a,-2.0300,2026-07-29,2026-07-29,29354e42ef0c3a5dcfab2220f035fd1be5874df613426379bae1f33e112f560b,3225d938792095e42822872d66b7b9e7b79546a344da7ea98298d40463577392,"[""Tennis""]",1785307618.2463338,KXITFWMATCH-26JUL29MALMAM-MAL,Tennis,,KXITFWMATCH,1465101e-caa8-45fd-812d-50d841d472da,KXITFWMATCH-26JUL29MALMAM,1785301775.0,quote,,1786510800.0,true,7.5000,7.0000,8.0000,1.00,9104.94
6,53f42bc58d42435d82248ac83e5d779a,-2.0300,2026-07-29,2026-07-29,29354e42ef0c3a5dcfab2220f035fd1be5874df613426379bae1f33e112f560b,3225d938792095e42822872d66b7b9e7b79546a344da7ea98298d40463577392,"[""Tennis""]",1785307618.314218,KXITFWMATCH-26JUL29ARAROT-ARA,Tennis,,KXITFWMATCH,732f03cc-f3da-4b91-b7cc-f26188d27ba6,KXITFWMATCH-26JUL29ARAROT,1785301898.0,quote,,1786510800.0,true,88.0000,87.0000,89.0000,5915.51,6344.49
6,53f42bc58d42435d82248ac83e5d779a,-2.0300,2026-07-29,2026-07-29,29354e42ef0c3a5dcfab2220f035fd1be5874df613426379bae1f33e112f560b,3225d938792095e42822872d66b7b9e7b79546a344da7ea98298d40463577392,"[""Tennis""]",1785307619.890647,KXITFWMATCH-26JUL29MAKKUZ-MAK,Tennis,,KXITFWMATCH,efd4b316-d644-47a1-9c01-9150c694f3a5,KXITFWMATCH-26JUL29MAKKUZ,1785301924.0,quote,,1786510800.0,true,81.5000,81.0000,82.0000,15928.12,26068.34
6,53f42bc58d42435d82248ac83e5d779a,-2.0300,2026-07-29,2026-07-29,29354e42ef0c3a5dcfab2220f035fd1be5874df613426379bae1f33e112f560b,3225d938792095e42822872d66b7b9e7b79546a344da7ea98298d40463577392,"[""Tennis""]",1785307619.9588768,KXITFWMATCH-26JUL29MAKKUZ-KUZ,Tennis,,KXITFWMATCH,efd4b316-d644-47a1-9c01-9150c694f3a5,KXITFWMATCH-26JUL29MAKKUZ,1785301924.0,quote,,1786510800.0,true,18.5000,18.0000,19.0000,13193.67,21812.39
6,53f42bc58d42435d82248ac83e5d779a,-2.0300,2026-07-29,2026-07-29,29354e42ef0c3a5dcfab2220f035fd1be5874df613426379bae1f33e112f560b,3225d938792095e42822872d66b7b9e7b79546a344da7ea98298d40463577392,"[""Tennis""]",1785307620.028828,KXITFWMATCH-26JUL29YOSKIM-YOS,Tennis,,KXITFWMATCH,9b9eecb5-c6a0-414a-bcf3-57262192676d,KXITFWMATCH-26JUL29YOSKIM,1785301851.0,quote,,1786510800.0,true,59.5000,59.0000,60.0000,6301.51,3203.72
6,53f42bc58d42435d82248ac83e5d779a,-2.0300,2026-07-29,2026-07-29,29354e42ef0c3a5dcfab2220f035fd1be5874df613426379bae1f33e112f560b,3225d938792095e42822872d66b7b9e7b79546a344da7ea98298d40463577392,"[""Tennis""]",1785307620.102717,KXITFWMATCH-26JUL29YOSKIM-KIM,Tennis,,KXITFWMATCH,9b9eecb5-c6a0-414a-bcf3-57262192676d,KXITFWMATCH-26JUL29YOSKIM,1785301851.0,quote,,1786510800.0,true,40.5000,40.0000,41.0000,1769.88,6570.46
6,53f42bc58d42435d82248ac83e5d779a,-2.0300,2026-07-29,2026-07-29,29354e42ef0c3a5dcfab2220f035fd1be5874df613426379bae1f33e112f560b,3225d938792095e42822872d66b7b9e7b79546a344da7ea98298d40463577392,"[""Tennis""]",1785307620.1707351,KXITFWMATCH-26JUL29DESJAN-JAN,Tennis,,KXITFWMATCH,81f61a76-c334-455a-ab59-aaab2f2b9045,KXITFWMATCH-26JUL29DESJAN,1785301882.0,quote,,1786510800.0,true,53.0000,50.0000,56.0000,11.00,7.00
6,53f42bc58d42435d82248ac83e5d779a,-2.0300,2026-07-29,2026-07-29,29354e42ef0c3a5dcfab2220f035fd1be5874df613426379bae1f33e112f560b,3225d938792095e42822872d66b7b9e7b79546a344da7ea98298d40463577392,"[""Tennis""]",1785307620.238293,KXITFMATCH-26JUL28CHAHEI-HEI,Tennis,,KXITFMATCH,5ba6a34a-c169-4b0b-b8fd-b835a2127855,KXITFMATCH-26JUL28CHAHEI,1785299809.0,quote,,1786505400.0,true,36.0000,35.0000,37.0000,76.85,223.51
6,53f42bc58d42435d82248ac83e5d779a,-2.0300,2026-07-29,2026-07-29,29354e42ef0c3a5dcfab2220f035fd1be5874df613426379bae1f33e112f560b,3225d938792095e42822872d66b7b9e7b79546a344da7ea98298d40463577392,"[""Tennis""]",1785307620.3429608,KXITFWMATCH-26JUL29DESJAN-DES,Tennis,,KXITFWMATCH,81f61a76-c334-455a-ab59-aaab2f2b9045,KXITFWMATCH-26JUL29DESJAN,1785301882.0,quote,,1786510800.0,true,45.0000,42.0000,48.0000,447.00,5.72
6,53f42bc58d42435d82248ac83e5d779a,-2.0300,2026-07-29,2026-07-29,29354e42ef0c3a5dcfab2220f035fd1be5874df613426379bae1f33e112f560b,3225d938792095e42822872d66b7b9e7b79546a344da7ea98298d40463577392,"[""Tennis""]",1785307620.4115899,KXITFMATCH-26JUL28CHAHEI-CHA,Tennis,,KXITFMATCH,5ba6a34a-c169-4b0b-b8fd-b835a2127855,KXITFMATCH-26JUL28CHAHEI,1785299809.0,quote,,1786505400.0,true,62.5000,62.0000,63.0000,2366.00,32.00
6,53f42bc58d42435d82248ac83e5d779a,-2.0300,2026-07-29,2026-07-29,29354e42ef0c3a5dcfab2220f035fd1be5874df613426379bae1f33e112f560b,3225d938792095e42822872d66b7b9e7b79546a344da7ea98298d40463577392,"[""Tennis""]",1785307620.481612,KXITFWMATCH-26JUL29MALMAM-MAL,Tennis,,KXITFWMATCH,1465101e-caa8-45fd-812d-50d841d472da,KXITFWMATCH-26JUL29MALMAM,1785301775.0,quote,,1786510800.0,true,7.5000,7.0000,8.0000,1.00,9104.94
6,53f42bc58d42435d82248ac83e5d779a,-2.0300,2026-07-29,2026-07-29,29354e42ef0c3a5dcfab2220f035fd1be5874df613426379bae1f33e112f560b,3225d938792095e42822872d66b7b9e7b79546a344da7ea98298d40463577392,"[""Tennis""]",1785307620.554781,KXITFWMATCH-26JUL29ARAROT-ARA,Tennis,,KXITFWMATCH,732f03cc-f3da-4b91-b7cc-f26188d27ba6,KXITFWMATCH-26JUL29ARAROT,1785301898.0,quote,,1786510800.0,true,88.0000,87.0000,89.0000,5915.51,6344.49
6,53f42bc58d42435d82248ac83e5d779a,-2.0300,2026-07-29,2026-07-29,29354e42ef0c3a5dcfab2220f035fd1be5874df613426379bae1f33e112f560b,3225d938792095e42822872d66b7b9e7b79546a344da7ea98298d40463577392,"[""Tennis""]",1785307622.1314812,KXITFWMATCH-26JUL29MAKKUZ-MAK,Tennis,,KXITFWMATCH,efd4b316-d644-47a1-9c01-9150c694f3a5,KXITFWMATCH-26JUL29MAKKUZ,1785301924.0,quote,,1786510800.0,true,81.5000,81.0000,82.0000,15928.12,26068.34
6,53f42bc58d42435d82248ac83e5d779a,-2.0300,2026-07-29,2026-07-29,29354e42ef0c3a5dcfab2220f035fd1be5874df613426379bae1f33e112f560b,3225d938792095e42822872d66b7b9e7b79546a344da7ea98298d40463577392,"[""Tennis""]",1785307622.201778,KXITFWMATCH-26JUL29MAKKUZ-KUZ,Tennis,,KXITFWMATCH,efd4b316-d644-47a1-9c01-9150c694f3a5,KXITFWMATCH-26JUL29MAKKUZ,1785301924.0,quote,,1786510800.0,true,18.5000,18.0000,19.0000,13193.67,21812.39
6,53f42bc58d42435d82248ac83e5d779a,-2.0300,2026-07-29,2026-07-29,29354e42ef0c3a5dcfab2220f035fd1be5874df613426379bae1f33e112f560b,3225d938792095e42822872d66b7b9e7b79546a344da7ea98298d40463577392,"[""Tennis""]",1785307622.27264,KXITFWMATCH-26JUL29YOSKIM-YOS,Tennis,,KXITFWMATCH,9b9eecb5-c6a0-414a-bcf3-57262192676d,KXITFWMATCH-26JUL29YOSKIM,1785301851.0,quote,,1786510800.0,true,59.5000,59.0000,60.0000,6301.51,3203.72
6,53f42bc58d42435d82248ac83e5d779a,-2.0300,2026-07-29,2026-07-29,29354e42ef0c3a5dcfab2220f035fd1be5874df613426379bae1f33e112f560b,3225d938792095e42822872d66b7b9e7b79546a344da7ea98298d40463577392,"[""Tennis""]",1785307622.3410408,KXITFWMATCH-26JUL29YOSKIM-KIM,Tennis,,KXITFWMATCH,9b9eecb5-c6a0-414a-bcf3-57262192676d,KXITFWMATCH-26JUL29YOSKIM,1785301851.0,quote,,1786510800.0,true,40.5000,40.0000,41.0000,1769.88,6570.46
6,53f42bc58d42435d82248ac83e5d779a,-2.0300,2026-07-29,2026-07-29,29354e42ef0c3a5dcfab2220f035fd1be5874df613426379bae1f33e112f560b,3225d938792095e42822872d66b7b9e7b79546a344da7ea98298d40463577392,"[""Tennis""]",1785307622.500803,KXITFWMATCH-26JUL29DESJAN-JAN,Tennis,,KXITFWMATCH,81f61a76-c334-455a-ab59-aaab2f2b9045,KXITFWMATCH-26JUL29DESJAN,1785301882.0,quote,,1786510800.0,true,53.0000,50.0000,56.0000,11.00,7.00
6,53f42bc58d42435d82248ac83e5d779a,-2.0300,2026-07-29,2026-07-29,29354e42ef0c3a5dcfab2220f035fd1be5874df613426379bae1f33e112f560b,3225d938792095e42822872d66b7b9e7b79546a344da7ea98298d40463577392,"[""Tennis""]",1785307622.569557,KXITFMATCH-26JUL28CHAHEI-HEI,Tennis,,KXITFMATCH,5ba6a34a-c169-4b0b-b8fd-b835a2127855,KXITFMATCH-26JUL28CHAHEI,1785299809.0,quote,,1786505400.0,true,36.0000,35.0000,37.0000,76.85,223.51
6,53f42bc58d42435d82248ac83e5d779a,-2.0300,2026-07-29,2026-07-29,29354e42ef0c3a5dcfab2220f035fd1be5874df613426379bae1f33e112f560b,3225d938792095e42822872d66b7b9e7b79546a344da7ea98298d40463577392,"[""Tennis""]",1785307622.639963,KXITFWMATCH-26JUL29DESJAN-DES,Tennis,,KXITFWMATCH,81f61a76-c334-455a-ab59-aaab2f2b9045,KXITFWMATCH-26JUL29DESJAN,1785301882.0,quote,,1786510800.0,true,45.0000,42.0000,48.0000,447.00,5.72
6,53f42bc58d42435d82248ac83e5d779a,-2.0300,2026-07-29,2026-07-29,29354e42ef0c3a5dcfab2220f035fd1be5874df613426379bae1f33e112f560b,3225d938792095e42822872d66b7b9e7b79546a344da7ea98298d40463577392,"[""Tennis""]",1785307622.707743,KXITFMATCH-26JUL28CHAHEI-CHA,Tennis,,KXITFMATCH,5ba6a34a-c169-4b0b-b8fd-b835a2127855,KXITFMATCH-26JUL28CHAHEI,1785299809.0,quote,,1786505400.0,true,62.5000,62.0000,63.0000,2366.00,32.00
6,53f42bc58d42435d82248ac83e5d779a,-2.0300,2026-07-29,2026-07-29,29354e42ef0c3a5dcfab2220f035fd1be5874df613426379bae1f33e112f560b,3225d938792095e42822872d66b7b9e7b79546a344da7ea98298d40463577392,"[""Tennis""]",1785307622.785537,KXITFWMATCH-26JUL29MALMAM-MAL,Tennis,,KXITFWMATCH,1465101e-caa8-45fd-812d-50d841d472da,KXITFWMATCH-26JUL29MALMAM,1785301775.0,quote,,1786510800.0,true,7.5000,7.0000,8.0000,1.00,9104.94
6,53f42bc58d42435d82248ac83e5d779a,-2.0300,2026-07-29,2026-07-29,29354e42ef0c3a5dcfab2220f035fd1be5874df613426379bae1f33e112f560b,3225d938792095e42822872d66b7b9e7b79546a344da7ea98298d40463577392,"[""Tennis""]",1785307622.853151,KXITFWMATCH-26JUL29ARAROT-ARA,Tennis,,KXITFWMATCH,732f03cc-f3da-4b91-b7cc-f26188d27ba6,KXITFWMATCH-26JUL29ARAROT,1785301898.0,quote,,1786510800.0,true,88.0000,87.0000,89.0000,5915.51,6344.49
6,53f42bc58d42435d82248ac83e5d779a,-2.0300,2026-07-29,2026-07-29,29354e42ef0c3a5dcfab2220f035fd1be5874df613426379bae1f33e112f560b,3225d938792095e42822872d66b7b9e7b79546a344da7ea98298d40463577392,"[""Tennis""]",1785307624.428778,KXITFWMATCH-26JUL29MAKKUZ-MAK,Tennis,,KXITFWMATCH,efd4b316-d644-47a1-9c01-9150c694f3a5,KXITFWMATCH-26JUL29MAKKUZ,1785301924.0,quote,,1786510800.0,true,81.5000,81.0000,82.0000,15928.12,26068.34
6,53f42bc58d42435d82248ac83e5d779a,-2.0300,2026-07-29,2026-07-29,29354e42ef0c3a5dcfab2220f035fd1be5874df613426379bae1f33e112f560b,3225d938792095e42822872d66b7b9e7b79546a344da7ea98298d40463577392,"[""Tennis""]",1785307624.5355148,KXITFWMATCH-26JUL29MAKKUZ-KUZ,Tennis,,KXITFWMATCH,efd4b316-d644-47a1-9c01-9150c694f3a5,KXITFWMATCH-26JUL29MAKKUZ,1785301924.0,quote,,1786510800.0,true,18.5000,18.0000,19.0000,13092.16,22617.53
6,53f42bc58d42435d82248ac83e5d779a,-2.0300,2026-07-29,2026-07-29,29354e42ef0c3a5dcfab2220f035fd1be5874df613426379bae1f33e112f560b,3225d938792095e42822872d66b7b9e7b79546a344da7ea98298d40463577392,"[""Tennis""]",1785307624.604784,KXITFWMATCH-26JUL29YOSKIM-YOS,Tennis,,KXITFWMATCH,9b9eecb5-c6a0-414a-bcf3-57262192676d,KXITFWMATCH-26JUL29YOSKIM,1785301851.0,quote,,1786510800.0,true,59.5000,59.0000,60.0000,6301.51,3203.72
6,53f42bc58d42435d82248ac83e5d779a,-2.0300,2026-07-29,2026-07-29,29354e42ef0c3a5dcfab2220f035fd1be5874df613426379bae1f33e112f560b,3225d938792095e42822872d66b7b9e7b79546a344da7ea98298d40463577392,"[""Tennis""]",1785307624.671008,KXITFWMATCH-26JUL29YOSKIM-KIM,Tennis,,KXITFWMATCH,9b9eecb5-c6a0-414a-bcf3-57262192676d,KXITFWMATCH-26JUL29YOSKIM,1785301851.0,quote,,1786510800.0,true,40.5000,40.0000,41.0000,1769.88,6535.33
6,53f42bc58d42435d82248ac83e5d779a,-2.0300,2026-07-29,2026-07-29,29354e42ef0c3a5dcfab2220f035fd1be5874df613426379bae1f33e112f560b,3225d938792095e42822872d66b7b9e7b79546a344da7ea98298d40463577392,"[""Tennis""]",1785307624.738119,KXITFWMATCH-26JUL29DESJAN-JAN,Tennis,,KXITFWMATCH,81f61a76-c334-455a-ab59-aaab2f2b9045,KXITFWMATCH-26JUL29DESJAN,1785301882.0,quote,,1786510800.0,true,53.0000,50.0000,56.0000,6.72,7.00
6,53f42bc58d42435d82248ac83e5d779a,-2.0300,2026-07-29,2026-07-29,29354e42ef0c3a5dcfab2220f035fd1be5874df613426379bae1f33e112f560b,3225d938792095e42822872d66b7b9e7b79546a344da7ea98298d40463577392,"[""Tennis""]",1785307624.80623,KXITFMATCH-26JUL28CHAHEI-HEI,Tennis,,KXITFMATCH,5ba6a34a-c169-4b0b-b8fd-b835a2127855,KXITFMATCH-26JUL28CHAHEI,1785299809.0,quote,,1786505400.0,true,36.0000,35.0000,37.0000,76.85,223.51
6,53f42bc58d42435d82248ac83e5d779a,-2.0300,2026-07-29,2026-07-29,29354e42ef0c3a5dcfab2220f035fd1be5874df613426379bae1f33e112f560b,3225d938792095e42822872d66b7b9e7b79546a344da7ea98298d40463577392,"[""Tennis""]",1785307624.875626,KXITFWMATCH-26JUL29DESJAN-DES,Tennis,,KXITFWMATCH,81f61a76-c334-455a-ab59-aaab2f2b9045,KXITFWMATCH-26JUL29DESJAN,1785301882.0,quote,,1786510800.0,true,45.0000,42.0000,48.0000,447.00,5.72
6,53f42bc58d42435d82248ac83e5d779a,-2.0300,2026-07-29,2026-07-29,29354e42ef0c3a5dcfab2220f035fd1be5874df613426379bae1f33e112f560b,3225d938792095e42822872d66b7b9e7b79546a344da7ea98298d40463577392,"[""Tennis""]",1785307624.945477,KXITFMATCH-26JUL28CHAHEI-CHA,Tennis,,KXITFMATCH,5ba6a34a-c169-4b0b-b8fd-b835a2127855,KXITFMATCH-26JUL28CHAHEI,1785299809.0,quote,,1786505400.0,true,62.5000,62.0000,63.0000,2366.00,32.00
6,53f42bc58d42435d82248ac83e5d779a,-2.0300,2026-07-29,2026-07-29,29354e42ef0c3a5dcfab2220f035fd1be5874df613426379bae1f33e112f560b,3225d938792095e42822872d66b7b9e7b79546a344da7ea98298d40463577392,"[""Tennis""]",1785307625.06174,KXITFWMATCH-26JUL29MALMAM-MAL,Tennis,,KXITFWMATCH,1465101e-caa8-45fd-812d-50d841d472da,KXITFWMATCH-26JUL29MALMAM,1785301775.0,quote,,1786510800.0,true,7.5000,7.0000,8.0000,1.00,9104.94
6,53f42bc58d42435d82248ac83e5d779a,-2.0300,2026-07-29,2026-07-29,29354e42ef0c3a5dcfab2220f035fd1be5874df613426379bae1f33e112f560b,3225d938792095e42822872d66b7b9e7b79546a344da7ea98298d40463577392,"[""Tennis""]",1785307625.133363,KXITFWMATCH-26JUL29ARAROT-ARA,Tennis,,KXITFWMATCH,732f03cc-f3da-4b91-b7cc-f26188d27ba6,KXITFWMATCH-26JUL29ARAROT,1785301898.0,quote,,1786510800.0,true,88.0000,87.0000,89.0000,5915.51,6298.14
6,53f42bc58d42435d82248ac83e5d779a,-2.0300,2026-07-29,2026-07-29,29354e42ef0c3a5dcfab2220f035fd1be5874df613426379bae1f33e112f560b,3225d938792095e42822872d66b7b9e7b79546a344da7ea98298d40463577392,"[""Tennis""]",1785307626.715457,KXITFWMATCH-26JUL29MAKKUZ-MAK,Tennis,,KXITFWMATCH,efd4b316-d644-47a1-9c01-9150c694f3a5,KXITFWMATCH-26JUL29MAKKUZ,1785301924.0,quote,,1786510800.0,true,81.5000,81.0000,82.0000,15928.12,26068.34
6,53f42bc58d42435d82248ac83e5d779a,-2.0300,2026-07-29,2026-07-29,29354e42ef0c3a5dcfab2220f035fd1be5874df613426379bae1f33e112f560b,3225d938792095e42822872d66b7b9e7b79546a344da7ea98298d40463577392,"[""Tennis""]",1785307626.787553,KXITFWMATCH-26JUL29MAKKUZ-KUZ,Tennis,,KXITFWMATCH,efd4b316-d644-47a1-9c01-9150c694f3a5,KXITFWMATCH-26JUL29MAKKUZ,1785301924.0,quote,,1786510800.0,true,18.5000,18.0000,19.0000,13092.16,22617.53
6,53f42bc58d42435d82248ac83e5d779a,-2.0300,2026-07-29,2026-07-29,29354e42ef0c3a5dcfab2220f035fd1be5874df613426379bae1f33e112f560b,3225d938792095e42822872d66b7b9e7b79546a344da7ea98298d40463577392,"[""Tennis""]",1785307626.860466,KXITFWMATCH-26JUL29YOSKIM-YOS,Tennis,,KXITFWMATCH,9b9eecb5-c6a0-414a-bcf3-57262192676d,KXITFWMATCH-26JUL29YOSKIM,1785301851.0,quote,,1786510800.0,true,59.5000,59.0000,60.0000,6051.51,3182.65
6,53f42bc58d42435d82248ac83e5d779a,-2.0300,2026-07-29,2026-07-29,29354e42ef0c3a5dcfab2220f035fd1be5874df613426379bae1f33e112f560b,3225d938792095e42822872d66b7b9e7b79546a344da7ea98298d40463577392,"[""Tennis""]",1785307626.9311712,KXITFWMATCH-26JUL29YOSKIM-KIM,Tennis,,KXITFWMATCH,9b9eecb5-c6a0-414a-bcf3-57262192676d,KXITFWMATCH-26JUL29YOSKIM,1785301851.0,quote,,1786510800.0,true,40.5000,40.0000,41.0000,1769.88,6535.33
6,53f42bc58d42435d82248ac83e5d779a,-2.0300,2026-07-29,2026-07-29,29354e42ef0c3a5dcfab2220f035fd1be5874df613426379bae1f33e112f560b,3225d938792095e42822872d66b7b9e7b79546a344da7ea98298d40463577392,"[""Tennis""]",1785307627.001378,KXITFWMATCH-26JUL29DESJAN-JAN,Tennis,,KXITFWMATCH,81f61a76-c334-455a-ab59-aaab2f2b9045,KXITFWMATCH-26JUL29DESJAN,1785301882.0,quote,,1786510800.0,true,53.0000,50.0000,56.0000,6.72,7.00
6,53f42bc58d42435d82248ac83e5d779a,-2.0300,2026-07-29,2026-07-29,29354e42ef0c3a5dcfab2220f035fd1be5874df613426379bae1f33e112f560b,3225d938792095e42822872d66b7b9e7b79546a344da7ea98298d40463577392,"[""Tennis""]",1785307627.165248,KXITFMATCH-26JUL28CHAHEI-HEI,Tennis,,KXITFMATCH,5ba6a34a-c169-4b0b-b8fd-b835a2127855,KXITFMATCH-26JUL28CHAHEI,1785299809.0,quote,,1786505400.0,true,36.0000,35.0000,37.0000,76.85,223.51
6,53f42bc58d42435d82248ac83e5d779a,-2.0300,2026-07-29,2026-07-29,29354e42ef0c3a5dcfab2220f035fd1be5874df613426379bae1f33e112f560b,3225d938792095e42822872d66b7b9e7b79546a344da7ea98298d40463577392,"[""Tennis""]",1785307627.234506,KXITFWMATCH-26JUL29DESJAN-DES,Tennis,,KXITFWMATCH,81f61a76-c334-455a-ab59-aaab2f2b9045,KXITFWMATCH-26JUL29DESJAN,1785301882.0,quote,,1786510800.0,true,45.0000,42.0000,48.0000,447.00,5.72
6,53f42bc58d42435d82248ac83e5d779a,-2.0300,2026-07-29,2026-07-29,29354e42ef0c3a5dcfab2220f035fd1be5874df613426379bae1f33e112f560b,3225d938792095e42822872d66b7b9e7b79546a344da7ea98298d40463577392,"[""Tennis""]",1785307627.304887,KXITFMATCH-26JUL28CHAHEI-CHA,Tennis,,KXITFMATCH,5ba6a34a-c169-4b0b-b8fd-b835a2127855,KXITFMATCH-26JUL28CHAHEI,1785299809.0,quote,,1786505400.0,true,62.5000,62.0000,63.0000,2366.00,32.00
6,53f42bc58d42435d82248ac83e5d779a,-2.0300,2026-07-29,2026-07-29,29354e42ef0c3a5dcfab2220f035fd1be5874df613426379bae1f33e112f560b,3225d938792095e42822872d66b7b9e7b79546a344da7ea98298d40463577392,"[""Tennis""]",1785307627.375906,KXITFWMATCH-26JUL29MALMAM-MAL,Tennis,,KXITFWMATCH,1465101e-caa8-45fd-812d-50d841d472da,KXITFWMATCH-26JUL29MALMAM,1785301775.0,quote,,1786510800.0,true,7.0000,6.0000,8.0000,3282.26,8667.76
6,53f42bc58d42435d82248ac83e5d779a,-2.0300,2026-07-29,2026-07-29,29354e42ef0c3a5dcfab2220f035fd1be5874df613426379bae1f33e112f560b,3225d938792095e42822872d66b7b9e7b79546a344da7ea98298d40463577392,"[""Tennis""]",1785307627.44777,KXITFWMATCH-26JUL29ARAROT-ARA,Tennis,,KXITFWMATCH,732f03cc-f3da-4b91-b7cc-f26188d27ba6,KXITFWMATCH-26JUL29ARAROT,1785301898.0,quote,,1786510800.0,true,88.0000,87.0000,89.0000,5915.51,6298.14
6,53f42bc58d42435d82248ac83e5d779a,-2.0300,2026-07-29,2026-07-29,29354e42ef0c3a5dcfab2220f035fd1be5874df613426379bae1f33e112f560b,3225d938792095e42822872d66b7b9e7b79546a344da7ea98298d40463577392,"[""Tennis""]",1785307629.03338,KXITFWMATCH-26JUL29MAKKUZ-MAK,Tennis,,KXITFWMATCH,efd4b316-d644-47a1-9c01-9150c694f3a5,KXITFWMATCH-26JUL29MAKKUZ,1785301924.0,quote,,1786510800.0,true,81.5000,81.0000,82.0000,15928.12,26068.34
6,53f42bc58d42435d82248ac83e5d779a,-2.0300,2026-07-29,2026-07-29,29354e42ef0c3a5dcfab2220f035fd1be5874df613426379bae1f33e112f560b,3225d938792095e42822872d66b7b9e7b79546a344da7ea98298d40463577392,"[""Tennis""]",1785307629.105581,KXITFWMATCH-26JUL29MAKKUZ-KUZ,Tennis,,KXITFWMATCH,efd4b316-d644-47a1-9c01-9150c694f3a5,KXITFWMATCH-26JUL29MAKKUZ,1785301924.0,quote,,1786510800.0,true,18.5000,18.0000,19.0000,13092.16,22617.53
6,53f42bc58d42435d82248ac83e5d779a,-2.0300,2026-07-29,2026-07-29,29354e42ef0c3a5dcfab2220f035fd1be5874df613426379bae1f33e112f560b,3225d938792095e42822872d66b7b9e7b79546a344da7ea98298d40463577392,"[""Tennis""]",1785307629.255062,KXITFWMATCH-26JUL29YOSKIM-YOS,Tennis,,KXITFWMATCH,9b9eecb5-c6a0-414a-bcf3-57262192676d,KXITFWMATCH-26JUL29YOSKIM,1785301851.0,quote,,1786510800.0,true,59.5000,59.0000,60.0000,6051.51,3182.65
6,53f42bc58d42435d82248ac83e5d779a,-2.0300,2026-07-29,2026-07-29,29354e42ef0c3a5dcfab2220f035fd1be5874df613426379bae1f33e112f560b,3225d938792095e42822872d66b7b9e7b79546a344da7ea98298d40463577392,"[""Tennis""]",1785307629.323713,KXITFWMATCH-26JUL29YOSKIM-KIM,Tennis,,KXITFWMATCH,9b9eecb5-c6a0-414a-bcf3-57262192676d,KXITFWMATCH-26JUL29YOSKIM,1785301851.0,quote,,1786510800.0,true,40.5000,40.0000,41.0000,1769.88,6535.33
6,53f42bc58d42435d82248ac83e5d779a,-2.0300,2026-07-29,2026-07-29,29354e42ef0c3a5dcfab2220f035fd1be5874df613426379bae1f33e112f560b,3225d938792095e42822872d66b7b9e7b79546a344da7ea98298d40463577392,"[""Tennis""]",1785307629.3946009,KXITFWMATCH-26JUL29DESJAN-JAN,Tennis,,KXITFWMATCH,81f61a76-c334-455a-ab59-aaab2f2b9045,KXITFWMATCH-26JUL29DESJAN,1785301882.0,quote,,1786510800.0,true,53.0000,50.0000,56.0000,6.72,7.00
6,53f42bc58d42435d82248ac83e5d779a,-2.0300,2026-07-29,2026-07-29,29354e42ef0c3a5dcfab2220f035fd1be5874df613426379bae1f33e112f560b,3225d938792095e42822872d66b7b9e7b79546a344da7ea98298d40463577392,"[""Tennis""]",1785307629.465469,KXITFMATCH-26JUL28CHAHEI-HEI,Tennis,,KXITFMATCH,5ba6a34a-c169-4b0b-b8fd-b835a2127855,KXITFMATCH-26JUL28CHAHEI,1785299809.0,quote,,1786505400.0,true,36.0000,35.0000,37.0000,76.85,223.51
6,53f42bc58d42435d82248ac83e5d779a,-2.0300,2026-07-29,2026-07-29,29354e42ef0c3a5dcfab2220f035fd1be5874df613426379bae1f33e112f560b,3225d938792095e42822872d66b7b9e7b79546a344da7ea98298d40463577392,"[""Tennis""]",1785307629.536973,KXITFWMATCH-26JUL29DESJAN-DES,Tennis,,KXITFWMATCH,81f61a76-c334-455a-ab59-aaab2f2b9045,KXITFWMATCH-26JUL29DESJAN,1785301882.0,quote,,1786510800.0,true,45.0000,42.0000,48.0000,447.00,5.72
6,53f42bc58d42435d82248ac83e5d779a,-2.0300,2026-07-29,2026-07-29,29354e42ef0c3a5dcfab2220f035fd1be5874df613426379bae1f33e112f560b,3225d938792095e42822872d66b7b9e7b79546a344da7ea98298d40463577392,"[""Tennis""]",1785307629.6072729,KXITFMATCH-26JUL28CHAHEI-CHA,Tennis,,KXITFMATCH,5ba6a34a-c169-4b0b-b8fd-b835a2127855,KXITFMATCH-26JUL28CHAHEI,1785299809.0,quote,,1786505400.0,true,62.5000,62.0000,63.0000,2366.00,32.00
6,53f42bc58d42435d82248ac83e5d779a,-2.0300,2026-07-29,2026-07-29,29354e42ef0c3a5dcfab2220f035fd1be5874df613426379bae1f33e112f560b,3225d938792095e42822872d66b7b9e7b79546a344da7ea98298d40463577392,"[""Tennis""]",1785307629.6793149,KXITFWMATCH-26JUL29MALMAM-MAL,Tennis,,KXITFWMATCH,1465101e-caa8-45fd-812d-50d841d472da,KXITFWMATCH-26JUL29MALMAM,1785301775.0,quote,,1786510800.0,true,7.0000,6.0000,8.0000,3282.26,8667.76
6,53f42bc58d42435d82248ac83e5d779a,-2.0300,2026-07-29,2026-07-29,29354e42ef0c3a5dcfab2220f035fd1be5874df613426379bae1f33e112f560b,3225d938792095e42822872d66b7b9e7b79546a344da7ea98298d40463577392,"[""Tennis""]",1785307629.780608,KXITFWMATCH-26JUL29ARAROT-ARA,Tennis,,KXITFWMATCH,732f03cc-f3da-4b91-b7cc-f26188d27ba6,KXITFWMATCH-26JUL29ARAROT,1785301898.0,quote,,1786510800.0,true,88.0000,87.0000,89.0000,5915.51,6298.14
6,53f42bc58d42435d82248ac83e5d779a,-2.0300,2026-07-29,2026-07-29,29354e42ef0c3a5dcfab2220f035fd1be5874df613426379bae1f33e112f560b,3225d938792095e42822872d66b7b9e7b79546a344da7ea98298d40463577392,"[""Tennis""]",1785307631.408749,KXITFWMATCH-26JUL29MAKKUZ-MAK,Tennis,,KXITFWMATCH,efd4b316-d644-47a1-9c01-9150c694f3a5,KXITFWMATCH-26JUL29MAKKUZ,1785301924.0,quote,,1786510800.0,true,81.5000,81.0000,82.0000,15678.12,26068.34
6,53f42bc58d42435d82248ac83e5d779a,-2.0300,2026-07-29,2026-07-29,29354e42ef0c3a5dcfab2220f035fd1be5874df613426379bae1f33e112f560b,3225d938792095e42822872d66b7b9e7b79546a344da7ea98298d40463577392,"[""Tennis""]",1785307631.4761631,KXITFWMATCH-26JUL29MAKKUZ-KUZ,Tennis,,KXITFWMATCH,efd4b316-d644-47a1-9c01-9150c694f3a5,KXITFWMATCH-26JUL29MAKKUZ,1785301924.0,quote,,1786510800.0,true,18.5000,18.0000,19.0000,13092.16,22617.53
6,53f42bc58d42435d82248ac83e5d779a,-2.0300,2026-07-29,2026-07-29,29354e42ef0c3a5dcfab2220f035fd1be5874df613426379bae1f33e112f560b,3225d938792095e42822872d66b7b9e7b79546a344da7ea98298d40463577392,"[""Tennis""]",1785307631.5440729,KXITFWMATCH-26JUL29YOSKIM-YOS,Tennis,,KXITFWMATCH,9b9eecb5-c6a0-414a-bcf3-57262192676d,KXITFWMATCH-26JUL29YOSKIM,1785301851.0,quote,,1786510800.0,true,59.5000,59.0000,60.0000,6051.51,3182.65
6,53f42bc58d42435d82248ac83e5d779a,-2.0300,2026-07-29,2026-07-29,29354e42ef0c3a5dcfab2220f035fd1be5874df613426379bae1f33e112f560b,3225d938792095e42822872d66b7b9e7b79546a344da7ea98298d40463577392,"[""Tennis""]",1785307631.6151621,KXITFWMATCH-26JUL29YOSKIM-KIM,Tennis,,KXITFWMATCH,9b9eecb5-c6a0-414a-bcf3-57262192676d,KXITFWMATCH-26JUL29YOSKIM,1785301851.0,quote,,1786510800.0,true,40.5000,40.0000,41.0000,1769.88,6535.33
6,53f42bc58d42435d82248ac83e5d779a,-2.0300,2026-07-29,2026-07-29,29354e42ef0c3a5dcfab2220f035fd1be5874df613426379bae1f33e112f560b,3225d938792095e42822872d66b7b9e7b79546a344da7ea98298d40463577392,"[""Tennis""]",1785307631.6870148,KXITFWMATCH-26JUL29DESJAN-JAN,Tennis,,KXITFWMATCH,81f61a76-c334-455a-ab59-aaab2f2b9045,KXITFWMATCH-26JUL29DESJAN,1785301882.0,quote,,1786510800.0,true,53.0000,50.0000,56.0000,6.72,7.00
6,53f42bc58d42435d82248ac83e5d779a,-2.0300,2026-07-29,2026-07-29,29354e42ef0c3a5dcfab2220f035fd1be5874df613426379bae1f33e112f560b,3225d938792095e42822872d66b7b9e7b79546a344da7ea98298d40463577392,"[""Tennis""]",1785307631.75712,KXITFMATCH-26JUL28CHAHEI-HEI,Tennis,,KXITFMATCH,5ba6a34a-c169-4b0b-b8fd-b835a2127855,KXITFMATCH-26JUL28CHAHEI,1785299809.0,quote,,1786505400.0,true,36.5000,36.0000,37.0000,18801.03,46371.57
6,53f42bc58d42435d82248ac83e5d779a,-2.0300,2026-07-29,2026-07-29,29354e42ef0c3a5dcfab2220f035fd1be5874df613426379bae1f33e112f560b,3225d938792095e42822872d66b7b9e7b79546a344da7ea98298d40463577392,"[""Tennis""]",1785307631.877544,KXITFWMATCH-26JUL29DESJAN-DES,Tennis,,KXITFWMATCH,81f61a76-c334-455a-ab59-aaab2f2b9045,KXITFWMATCH-26JUL29DESJAN,1785301882.0,quote,,1786510800.0,true,45.5000,42.0000,49.0000,447.00,96.18
6,53f42bc58d42435d82248ac83e5d779a,-2.0300,2026-07-29,2026-07-29,29354e42ef0c3a5dcfab2220f035fd1be5874df613426379bae1f33e112f560b,3225d938792095e42822872d66b7b9e7b79546a344da7ea98298d40463577392,"[""Tennis""]",1785307631.944871,KXITFMATCH-26JUL28CHAHEI-CHA,Tennis,,KXITFMATCH,5ba6a34a-c169-4b0b-b8fd-b835a2127855,KXITFMATCH-26JUL28CHAHEI,1785299809.0,quote,,1786505400.0,true,63.5000,63.0000,64.0000,19020.22,40166.72
6,53f42bc58d42435d82248ac83e5d779a,-2.0300,2026-07-29,2026-07-29,29354e42ef0c3a5dcfab2220f035fd1be5874df613426379bae1f33e112f560b,3225d938792095e42822872d66b7b9e7b79546a344da7ea98298d40463577392,"[""Tennis""]",1785307632.012718,KXITFWMATCH-26JUL29MALMAM-MAL,Tennis,,KXITFWMATCH,1465101e-caa8-45fd-812d-50d841d472da,KXITFWMATCH-26JUL29MALMAM,1785301775.0,quote,,1786510800.0,true,7.0000,6.0000,8.0000,3282.26,8667.76
6,53f42bc58d42435d82248ac83e5d779a,-2.0300,2026-07-29,2026-07-29,29354e42ef0c3a5dcfab2220f035fd1be5874df613426379bae1f33e112f560b,3225d938792095e42822872d66b7b9e7b79546a344da7ea98298d40463577392,"[""Tennis""]",1785307632.0820742,KXITFWMATCH-26JUL29ARAROT-ARA,Tennis,,KXITFWMATCH,732f03cc-f3da-4b91-b7cc-f26188d27ba6,KXITFWMATCH-26JUL29ARAROT,1785301898.0,quote,,1786510800.0,true,88.0000,87.0000,89.0000,5915.51,6298.14
6,53f42bc58d42435d82248ac83e5d779a,-2.0300,2026-07-29,2026-07-29,29354e42ef0c3a5dcfab2220f035fd1be5874df613426379bae1f33e112f560b,3225d938792095e42822872d66b7b9e7b79546a344da7ea98298d40463577392,"[""Tennis""]",1785307633.663865,KXITFWMATCH-26JUL29MAKKUZ-MAK,Tennis,,KXITFWMATCH,efd4b316-d644-47a1-9c01-9150c694f3a5,KXITFWMATCH-26JUL29MAKKUZ,1785301924.0,quote,,1786510800.0,true,81.5000,81.0000,82.0000,15678.12,26068.34
6,53f42bc58d42435d82248ac83e5d779a,-2.0300,2026-07-29,2026-07-29,29354e42ef0c3a5dcfab2220f035fd1be5874df613426379bae1f33e112f560b,3225d938792095e42822872d66b7b9e7b79546a344da7ea98298d40463577392,"[""Tennis""]",1785307633.733723,KXITFWMATCH-26JUL29MAKKUZ-KUZ,Tennis,,KXITFWMATCH,efd4b316-d644-47a1-9c01-9150c694f3a5,KXITFWMATCH-26JUL29MAKKUZ,1785301924.0,quote,,1786510800.0,true,18.5000,18.0000,19.0000,13093.16,19538.90
6,53f42bc58d42435d82248ac83e5d779a,-2.0300,2026-07-29,2026-07-29,29354e42ef0c3a5dcfab2220f035fd1be5874df613426379bae1f33e112f560b,3225d938792095e42822872d66b7b9e7b79546a344da7ea98298d40463577392,"[""Tennis""]",1785307633.801068,KXITFWMATCH-26JUL29YOSKIM-YOS,Tennis,,KXITFWMATCH,9b9eecb5-c6a0-414a-bcf3-57262192676d,KXITFWMATCH-26JUL29YOSKIM,1785301851.0,quote,,1786510800.0,true,59.5000,59.0000,60.0000,6051.51,3182.65
6,53f42bc58d42435d82248ac83e5d779a,-2.0300,2026-07-29,2026-07-29,29354e42ef0c3a5dcfab2220f035fd1be5874df613426379bae1f33e112f560b,3225d938792095e42822872d66b7b9e7b79546a344da7ea98298d40463577392,"[""Tennis""]",1785307633.867672,KXITFWMATCH-26JUL29YOSKIM-KIM,Tennis,,KXITFWMATCH,9b9eecb5-c6a0-414a-bcf3-57262192676d,KXITFWMATCH-26JUL29YOSKIM,1785301851.0,quote,,1786510800.0,true,40.5000,40.0000,41.0000,1769.88,5933.58
6,53f42bc58d42435d82248ac83e5d779a,-2.0300,2026-07-29,2026-07-29,29354e42ef0c3a5dcfab2220f035fd1be5874df613426379bae1f33e112f560b,3225d938792095e42822872d66b7b9e7b79546a344da7ea98298d40463577392,"[""Tennis""]",1785307633.977281,KXITFWMATCH-26JUL29DESJAN-JAN,Tennis,,KXITFWMATCH,81f61a76-c334-455a-ab59-aaab2f2b9045,KXITFWMATCH-26JUL29DESJAN,1785301882.0,quote,,1786510800.0,true,53.0000,50.0000,56.0000,6.72,7.00
6,53f42bc58d42435d82248ac83e5d779a,-2.0300,2026-07-29,2026-07-29,29354e42ef0c3a5dcfab2220f035fd1be5874df613426379bae1f33e112f560b,3225d938792095e42822872d66b7b9e7b79546a344da7ea98298d40463577392,"[""Tennis""]",1785307634.046072,KXITFMATCH-26JUL28CHAHEI-HEI,Tennis,,KXITFMATCH,5ba6a34a-c169-4b0b-b8fd-b835a2127855,KXITFMATCH-26JUL28CHAHEI,1785299809.0,quote,,1786505400.0,true,36.5000,36.0000,37.0000,18801.03,46371.57
6,53f42bc58d42435d82248ac83e5d779a,-2.0300,2026-07-29,2026-07-29,29354e42ef0c3a5dcfab2220f035fd1be5874df613426379bae1f33e112f560b,3225d938792095e42822872d66b7b9e7b79546a344da7ea98298d40463577392,"[""Tennis""]",1785307634.114895,KXITFWMATCH-26JUL29DESJAN-DES,Tennis,,KXITFWMATCH,81f61a76-c334-455a-ab59-aaab2f2b9045,KXITFWMATCH-26JUL29DESJAN,1785301882.0,quote,,1786510800.0,true,45.5000,42.0000,49.0000,447.00,96.18
6,53f42bc58d42435d82248ac83e5d779a,-2.0300,2026-07-29,2026-07-29,29354e42ef0c3a5dcfab2220f035fd1be5874df613426379bae1f33e112f560b,3225d938792095e42822872d66b7b9e7b79546a344da7ea98298d40463577392,"[""Tennis""]",1785307634.1828449,KXITFMATCH-26JUL28CHAHEI-CHA,Tennis,,KXITFMATCH,5ba6a34a-c169-4b0b-b8fd-b835a2127855,KXITFMATCH-26JUL28CHAHEI,1785299809.0,quote,,1786505400.0,true,63.5000,63.0000,64.0000,19020.22,40166.72
6,53f42bc58d42435d82248ac83e5d779a,-2.0300,2026-07-29,2026-07-29,29354e42ef0c3a5dcfab2220f035fd1be5874df613426379bae1f33e112f560b,3225d938792095e42822872d66b7b9e7b79546a344da7ea98298d40463577392,"[""Tennis""]",1785307634.251168,KXITFWMATCH-26JUL29MALMAM-MAL,Tennis,,KXITFWMATCH,1465101e-caa8-45fd-812d-50d841d472da,KXITFWMATCH-26JUL29MALMAM,1785301775.0,quote,,1786510800.0,true,7.0000,6.0000,8.0000,3282.26,8667.76
6,53f42bc58d42435d82248ac83e5d779a,-2.0300,2026-07-29,2026-07-29,29354e42ef0c3a5dcfab2220f035fd1be5874df613426379bae1f33e112f560b,3225d938792095e42822872d66b7b9e7b79546a344da7ea98298d40463577392,"[""Tennis""]",1785307634.319173,KXITFWMATCH-26JUL29ARAROT-ARA,Tennis,,KXITFWMATCH,732f03cc-f3da-4b91-b7cc-f26188d27ba6,KXITFWMATCH-26JUL29ARAROT,1785301898.0,quote,,1786510800.0,true,88.0000,87.0000,89.0000,5915.51,6298.14
6,53f42bc58d42435d82248ac83e5d779a,-2.0300,2026-07-29,2026-07-29,29354e42ef0c3a5dcfab2220f035fd1be5874df613426379bae1f33e112f560b,3225d938792095e42822872d66b7b9e7b79546a344da7ea98298d40463577392,"[""Tennis""]",1785307635.8965602,KXITFWMATCH-26JUL29MAKKUZ-MAK,Tennis,,KXITFWMATCH,efd4b316-d644-47a1-9c01-9150c694f3a5,KXITFWMATCH-26JUL29MAKKUZ,1785301924.0,quote,,1786510800.0,true,81.5000,81.0000,82.0000,15678.12,26068.34
6,53f42bc58d42435d82248ac83e5d779a,-2.0300,2026-07-29,2026-07-29,29354e42ef0c3a5dcfab2220f035fd1be5874df613426379bae1f33e112f560b,3225d938792095e42822872d66b7b9e7b79546a344da7ea98298d40463577392,"[""Tennis""]",1785307635.970606,KXITFWMATCH-26JUL29MAKKUZ-KUZ,Tennis,,KXITFWMATCH,efd4b316-d644-47a1-9c01-9150c694f3a5,KXITFWMATCH-26JUL29MAKKUZ,1785301924.0,quote,,1786510800.0,true,18.5000,18.0000,19.0000,13093.16,19538.90
6,53f42bc58d42435d82248ac83e5d779a,-2.0300,2026-07-29,2026-07-29,29354e42ef0c3a5dcfab2220f035fd1be5874df613426379bae1f33e112f560b,3225d938792095e42822872d66b7b9e7b79546a344da7ea98298d40463577392,"[""Tennis""]",1785307636.071321,KXITFWMATCH-26JUL29YOSKIM-YOS,Tennis,,KXITFWMATCH,9b9eecb5-c6a0-414a-bcf3-57262192676d,KXITFWMATCH-26JUL29YOSKIM,1785301851.0,quote,,1786510800.0,true,59.5000,59.0000,60.0000,6051.51,3182.65
6,53f42bc58d42435d82248ac83e5d779a,-2.0300,2026-07-29,2026-07-29,29354e42ef0c3a5dcfab2220f035fd1be5874df613426379bae1f33e112f560b,3225d938792095e42822872d66b7b9e7b79546a344da7ea98298d40463577392,"[""Tennis""]",1785307636.1441479,KXITFWMATCH-26JUL29YOSKIM-KIM,Tennis,,KXITFWMATCH,9b9eecb5-c6a0-414a-bcf3-57262192676d,KXITFWMATCH-26JUL29YOSKIM,1785301851.0,quote,,1786510800.0,true,40.5000,40.0000,41.0000,1769.88,5933.58
6,53f42bc58d42435d82248ac83e5d779a,-2.0300,2026-07-29,2026-07-29,29354e42ef0c3a5dcfab2220f035fd1be5874df613426379bae1f33e112f560b,3225d938792095e42822872d66b7b9e7b79546a344da7ea98298d40463577392,"[""Tennis""]",1785307636.2126908,KXITFWMATCH-26JUL29DESJAN-JAN,Tennis,,KXITFWMATCH,81f61a76-c334-455a-ab59-aaab2f2b9045,KXITFWMATCH-26JUL29DESJAN,1785301882.0,quote,,1786510800.0,true,53.0000,50.0000,56.0000,1.00,7.00
6,53f42bc58d42435d82248ac83e5d779a,-2.0300,2026-07-29,2026-07-29,29354e42ef0c3a5dcfab2220f035fd1be5874df613426379bae1f33e112f560b,3225d938792095e42822872d66b7b9e7b79546a344da7ea98298d40463577392,"[""Tennis""]",1785307636.2811892,KXITFMATCH-26JUL28CHAHEI-HEI,Tennis,,KXITFMATCH,5ba6a34a-c169-4b0b-b8fd-b835a2127855,KXITFMATCH-26JUL28CHAHEI,1785299809.0,quote,,1786505400.0,true,36.5000,36.0000,37.0000,18801.03,46371.57
6,53f42bc58d42435d82248ac83e5d779a,-2.0300,2026-07-29,2026-07-29,29354e42ef0c3a5dcfab2220f035fd1be5874df613426379bae1f33e112f560b,3225d938792095e42822872d66b7b9e7b79546a344da7ea98298d40463577392,"[""Tennis""]",1785307636.348747,KXITFWMATCH-26JUL29DESJAN-DES,Tennis,,KXITFWMATCH,81f61a76-c334-455a-ab59-aaab2f2b9045,KXITFWMATCH-26JUL29DESJAN,1785301882.0,quote,,1786510800.0,true,45.5000,42.0000,49.0000,447.00,96.18
6,53f42bc58d42435d82248ac83e5d779a,-2.0300,2026-07-29,2026-07-29,29354e42ef0c3a5dcfab2220f035fd1be5874df613426379bae1f33e112f560b,3225d938792095e42822872d66b7b9e7b79546a344da7ea98298d40463577392,"[""Tennis""]",1785307636.4161658,KXITFMATCH-26JUL28CHAHEI-CHA,Tennis,,KXITFMATCH,5ba6a34a-c169-4b0b-b8fd-b835a2127855,KXITFMATCH-26JUL28CHAHEI,1785299809.0,quote,,1786505400.0,true,63.5000,63.0000,64.0000,19020.22,40166.72
6,53f42bc58d42435d82248ac83e5d779a,-2.0300,2026-07-29,2026-07-29,29354e42ef0c3a5dcfab2220f035fd1be5874df613426379bae1f33e112f560b,3225d938792095e42822872d66b7b9e7b79546a344da7ea98298d40463577392,"[""Tennis""]",1785307636.482728,KXITFWMATCH-26JUL29MALMAM-MAL,Tennis,,KXITFWMATCH,1465101e-caa8-45fd-812d-50d841d472da,KXITFWMATCH-26JUL29MALMAM,1785301775.0,quote,,1786510800.0,true,7.0000,6.0000,8.0000,3282.26,8667.76
6,53f42bc58d42435d82248ac83e5d779a,-2.0300,2026-07-29,2026-07-29,29354e42ef0c3a5dcfab2220f035fd1be5874df613426379bae1f33e112f560b,3225d938792095e42822872d66b7b9e7b79546a344da7ea98298d40463577392,"[""Tennis""]",1785307636.592926,KXITFWMATCH-26JUL29ARAROT-ARA,Tennis,,KXITFWMATCH,732f03cc-f3da-4b91-b7cc-f26188d27ba6,KXITFWMATCH-26JUL29ARAROT,1785301898.0,quote,,1786510800.0,true,88.0000,87.0000,89.0000,5915.51,6298.14
6,53f42bc58d42435d82248ac83e5d779a,-2.0300,2026-07-29,2026-07-29,29354e42ef0c3a5dcfab2220f035fd1be5874df613426379bae1f33e112f560b,3225d938792095e42822872d66b7b9e7b79546a344da7ea98298d40463577392,"[""Tennis""]",1785307638.235273,KXITFWMATCH-26JUL29MAKKUZ-MAK,Tennis,,KXITFWMATCH,efd4b316-d644-47a1-9c01-9150c694f3a5,KXITFWMATCH-26JUL29MAKKUZ,1785301924.0,quote,,1786510800.0,true,81.5000,81.0000,82.0000,15678.12,26068.34
6,53f42bc58d42435d82248ac83e5d779a,-2.0300,2026-07-29,2026-07-29,29354e42ef0c3a5dcfab2220f035fd1be5874df613426379bae1f33e112f560b,3225d938792095e42822872d66b7b9e7b79546a344da7ea98298d40463577392,"[""Tennis""]",1785307638.300372,KXITFWMATCH-26JUL29MAKKUZ-KUZ,Tennis,,KXITFWMATCH,efd4b316-d644-47a1-9c01-9150c694f3a5,KXITFWMATCH-26JUL29MAKKUZ,1785301924.0,quote,,1786510800.0,true,18.5000,18.0000,19.0000,13093.16,19538.90
6,53f42bc58d42435d82248ac83e5d779a,-2.0300,2026-07-29,2026-07-29,29354e42ef0c3a5dcfab2220f035fd1be5874df613426379bae1f33e112f560b,3225d938792095e42822872d66b7b9e7b79546a344da7ea98298d40463577392,"[""Tennis""]",1785307638.370543,KXITFWMATCH-26JUL29YOSKIM-YOS,Tennis,,KXITFWMATCH,9b9eecb5-c6a0-414a-bcf3-57262192676d,KXITFWMATCH-26JUL29YOSKIM,1785301851.0,quote,,1786510800.0,true,59.5000,59.0000,60.0000,5801.51,3082.65
6,53f42bc58d42435d82248ac83e5d779a,-2.0300,2026-07-29,2026-07-29,29354e42ef0c3a5dcfab2220f035fd1be5874df613426379bae1f33e112f560b,3225d938792095e42822872d66b7b9e7b79546a344da7ea98298d40463577392,"[""Tennis""]",1785307638.439499,KXITFWMATCH-26JUL29YOSKIM-KIM,Tennis,,KXITFWMATCH,9b9eecb5-c6a0-414a-bcf3-57262192676d,KXITFWMATCH-26JUL29YOSKIM,1785301851.0,quote,,1786510800.0,true,40.5000,40.0000,41.0000,1769.88,5933.58
6,53f42bc58d42435d82248ac83e5d779a,-2.0300,2026-07-29,2026-07-29,29354e42ef0c3a5dcfab2220f035fd1be5874df613426379bae1f33e112f560b,3225d938792095e42822872d66b7b9e7b79546a344da7ea98298d40463577392,"[""Tennis""]",1785307638.510459,KXITFWMATCH-26JUL29DESJAN-JAN,Tennis,,KXITFWMATCH,81f61a76-c334-455a-ab59-aaab2f2b9045,KXITFWMATCH-26JUL29DESJAN,1785301882.0,quote,,1786510800.0,true,53.0000,50.0000,56.0000,1.00,7.00
6,53f42bc58d42435d82248ac83e5d779a,-2.0300,2026-07-29,2026-07-29,29354e42ef0c3a5dcfab2220f035fd1be5874df613426379bae1f33e112f560b,3225d938792095e42822872d66b7b9e7b79546a344da7ea98298d40463577392,"[""Tennis""]",1785307638.57841,KXITFMATCH-26JUL28CHAHEI-HEI,Tennis,,KXITFMATCH,5ba6a34a-c169-4b0b-b8fd-b835a2127855,KXITFMATCH-26JUL28CHAHEI,1785299809.0,quote,,1786505400.0,true,36.5000,36.0000,37.0000,18801.03,46371.57
6,53f42bc58d42435d82248ac83e5d779a,-2.0300,2026-07-29,2026-07-29,29354e42ef0c3a5dcfab2220f035fd1be5874df613426379bae1f33e112f560b,3225d938792095e42822872d66b7b9e7b79546a344da7ea98298d40463577392,"[""Tennis""]",1785307638.693816,KXITFWMATCH-26JUL29DESJAN-DES,Tennis,,KXITFWMATCH,81f61a76-c334-455a-ab59-aaab2f2b9045,KXITFWMATCH-26JUL29DESJAN,1785301882.0,quote,,1786510800.0,true,45.5000,42.0000,49.0000,447.00,96.18
6,53f42bc58d42435d82248ac83e5d779a,-2.0300,2026-07-29,2026-07-29,29354e42ef0c3a5dcfab2220f035fd1be5874df613426379bae1f33e112f560b,3225d938792095e42822872d66b7b9e7b79546a344da7ea98298d40463577392,"[""Tennis""]",1785307638.762708,KXITFMATCH-26JUL28CHAHEI-CHA,Tennis,,KXITFMATCH,5ba6a34a-c169-4b0b-b8fd-b835a2127855,KXITFMATCH-26JUL28CHAHEI,1785299809.0,quote,,1786505400.0,true,63.5000,63.0000,64.0000,19020.22,40166.72
6,53f42bc58d42435d82248ac83e5d779a,-2.0300,2026-07-29,2026-07-29,29354e42ef0c3a5dcfab2220f035fd1be5874df613426379bae1f33e112f560b,3225d938792095e42822872d66b7b9e7b79546a344da7ea98298d40463577392,"[""Tennis""]",1785307638.8294349,KXITFWMATCH-26JUL29MALMAM-MAL,Tennis,,KXITFWMATCH,1465101e-caa8-45fd-812d-50d841d472da,KXITFWMATCH-26JUL29MALMAM,1785301775.0,quote,,1786510800.0,true,7.0000,5.0000,9.0000,712.00,2278.00
6,53f42bc58d42435d82248ac83e5d779a,-2.0300,2026-07-29,2026-07-29,29354e42ef0c3a5dcfab2220f035fd1be5874df613426379bae1f33e112f560b,3225d938792095e42822872d66b7b9e7b79546a344da7ea98298d40463577392,"[""Tennis""]",1785307638.895692,KXITFWMATCH-26JUL29ARAROT-ARA,Tennis,,KXITFWMATCH,732f03cc-f3da-4b91-b7cc-f26188d27ba6,KXITFWMATCH-26JUL29ARAROT,1785301898.0,quote,,1786510800.0,true,88.5000,87.0000,90.0000,62.00,1817.00
6,53f42bc58d42435d82248ac83e5d779a,-2.0300,2026-07-29,2026-07-29,29354e42ef0c3a5dcfab2220f035fd1be5874df613426379bae1f33e112f560b,3225d938792095e42822872d66b7b9e7b79546a344da7ea98298d40463577392,"[""Tennis""]",1785307640.4788978,KXITFWMATCH-26JUL29MAKKUZ-MAK,Tennis,,KXITFWMATCH,efd4b316-d644-47a1-9c01-9150c694f3a5,KXITFWMATCH-26JUL29MAKKUZ,1785301924.0,quote,,1786510800.0,true,81.5000,81.0000,82.0000,15678.12,26068.34
6,53f42bc58d42435d82248ac83e5d779a,-2.0300,2026-07-29,2026-07-29,29354e42ef0c3a5dcfab2220f035fd1be5874df613426379bae1f33e112f560b,3225d938792095e42822872d66b7b9e7b79546a344da7ea98298d40463577392,"[""Tennis""]",1785307640.546604,KXITFWMATCH-26JUL29MAKKUZ-KUZ,Tennis,,KXITFWMATCH,efd4b316-d644-47a1-9c01-9150c694f3a5,KXITFWMATCH-26JUL29MAKKUZ,1785301924.0,quote,,1786510800.0,true,18.5000,18.0000,19.0000,13093.16,19538.90
6,53f42bc58d42435d82248ac83e5d779a,-2.0300,2026-07-29,2026-07-29,29354e42ef0c3a5dcfab2220f035fd1be5874df613426379bae1f33e112f560b,3225d938792095e42822872d66b7b9e7b79546a344da7ea98298d40463577392,"[""Tennis""]",1785307640.6141381,KXITFWMATCH-26JUL29YOSKIM-YOS,Tennis,,KXITFWMATCH,9b9eecb5-c6a0-414a-bcf3-57262192676d,KXITFWMATCH-26JUL29YOSKIM,1785301851.0,quote,,1786510800.0,true,59.5000,59.0000,60.0000,5801.51,3082.65
6,53f42bc58d42435d82248ac83e5d779a,-2.0300,2026-07-29,2026-07-29,29354e42ef0c3a5dcfab2220f035fd1be5874df613426379bae1f33e112f560b,3225d938792095e42822872d66b7b9e7b79546a344da7ea98298d40463577392,"[""Tennis""]",1785307640.684762,KXITFWMATCH-26JUL29YOSKIM-KIM,Tennis,,KXITFWMATCH,9b9eecb5-c6a0-414a-bcf3-57262192676d,KXITFWMATCH-26JUL29YOSKIM,1785301851.0,quote,,1786510800.0,true,40.5000,40.0000,41.0000,1769.88,5933.58
6,53f42bc58d42435d82248ac83e5d779a,-2.0300,2026-07-29,2026-07-29,29354e42ef0c3a5dcfab2220f035fd1be5874df613426379bae1f33e112f560b,3225d938792095e42822872d66b7b9e7b79546a344da7ea98298d40463577392,"[""Tennis""]",1785307640.789561,KXITFWMATCH-26JUL29DESJAN-JAN,Tennis,,KXITFWMATCH,81f61a76-c334-455a-ab59-aaab2f2b9045,KXITFWMATCH-26JUL29DESJAN,1785301882.0,quote,,1786510800.0,true,53.0000,50.0000,56.0000,1.00,7.00
6,53f42bc58d42435d82248ac83e5d779a,-2.0300,2026-07-29,2026-07-29,29354e42ef0c3a5dcfab2220f035fd1be5874df613426379bae1f33e112f560b,3225d938792095e42822872d66b7b9e7b79546a344da7ea98298d40463577392,"[""Tennis""]",1785307640.861376,KXITFMATCH-26JUL28CHAHEI-HEI,Tennis,,KXITFMATCH,5ba6a34a-c169-4b0b-b8fd-b835a2127855,KXITFMATCH-26JUL28CHAHEI,1785299809.0,quote,,1786505400.0,true,36.5000,36.0000,37.0000,18801.03,46371.57
6,53f42bc58d42435d82248ac83e5d779a,-2.0300,2026-07-29,2026-07-29,29354e42ef0c3a5dcfab2220f035fd1be5874df613426379bae1f33e112f560b,3225d938792095e42822872d66b7b9e7b79546a344da7ea98298d40463577392,"[""Tennis""]",1785307640.930657,KXITFWMATCH-26JUL29DESJAN-DES,Tennis,,KXITFWMATCH,81f61a76-c334-455a-ab59-aaab2f2b9045,KXITFWMATCH-26JUL29DESJAN,1785301882.0,quote,,1786510800.0,true,47.0000,42.0000,52.0000,468.00,58.00
6,53f42bc58d42435d82248ac83e5d779a,-2.0300,2026-07-29,2026-07-29,29354e42ef0c3a5dcfab2220f035fd1be5874df613426379bae1f33e112f560b,3225d938792095e42822872d66b7b9e7b79546a344da7ea98298d40463577392,"[""Tennis""]",1785307641.000997,KXITFMATCH-26JUL28CHAHEI-CHA,Tennis,,KXITFMATCH,5ba6a34a-c169-4b0b-b8fd-b835a2127855,KXITFMATCH-26JUL28CHAHEI,1785299809.0,quote,,1786505400.0,true,63.5000,63.0000,64.0000,18780.20,39394.82
6,53f42bc58d42435d82248ac83e5d779a,-2.0300,2026-07-29,2026-07-29,29354e42ef0c3a5dcfab2220f035fd1be5874df613426379bae1f33e112f560b,3225d938792095e42822872d66b7b9e7b79546a344da7ea98298d40463577392,"[""Tennis""]",1785307641.07328,KXITFWMATCH-26JUL29MALMAM-MAL,Tennis,,KXITFWMATCH,1465101e-caa8-45fd-812d-50d841d472da,KXITFWMATCH-26JUL29MALMAM,1785301775.0,quote,,1786510800.0,true,7.0000,5.0000,9.0000,712.00,2278.00
6,53f42bc58d42435d82248ac83e5d779a,-2.0300,2026-07-29,2026-07-29,29354e42ef0c3a5dcfab2220f035fd1be5874df613426379bae1f33e112f560b,3225d938792095e42822872d66b7b9e7b79546a344da7ea98298d40463577392,"[""Tennis""]",1785307641.144018,KXITFWMATCH-26JUL29ARAROT-ARA,Tennis,,KXITFWMATCH,732f03cc-f3da-4b91-b7cc-f26188d27ba6,KXITFWMATCH-26JUL29ARAROT,1785301898.0,quote,,1786510800.0,true,88.5000,87.0000,90.0000,62.00,1817.00
6,53f42bc58d42435d82248ac83e5d779a,-2.0300,2026-07-29,2026-07-29,29354e42ef0c3a5dcfab2220f035fd1be5874df613426379bae1f33e112f560b,3225d938792095e42822872d66b7b9e7b79546a344da7ea98298d40463577392,"[""Tennis""]",1785307642.717261,KXITFWMATCH-26JUL29MAKKUZ-MAK,Tennis,,KXITFWMATCH,efd4b316-d644-47a1-9c01-9150c694f3a5,KXITFWMATCH-26JUL29MAKKUZ,1785301924.0,quote,,1786510800.0,true,83.5000,83.0000,84.0000,112.58,147.65
6,53f42bc58d42435d82248ac83e5d779a,-2.0300,2026-07-29,2026-07-29,29354e42ef0c3a5dcfab2220f035fd1be5874df613426379bae1f33e112f560b,3225d938792095e42822872d66b7b9e7b79546a344da7ea98298d40463577392,"[""Tennis""]",1785307642.783733,KXITFWMATCH-26JUL29MAKKUZ-KUZ,Tennis,,KXITFWMATCH,efd4b316-d644-47a1-9c01-9150c694f3a5,KXITFWMATCH-26JUL29MAKKUZ,1785301924.0,quote,,1786510800.0,true,18.5000,18.0000,19.0000,13093.16,19538.90
6,53f42bc58d42435d82248ac83e5d779a,-2.0300,2026-07-29,2026-07-29,29354e42ef0c3a5dcfab2220f035fd1be5874df613426379bae1f33e112f560b,3225d938792095e42822872d66b7b9e7b79546a344da7ea98298d40463577392,"[""Tennis""]",1785307642.887234,KXITFWMATCH-26JUL29YOSKIM-YOS,Tennis,,KXITFWMATCH,9b9eecb5-c6a0-414a-bcf3-57262192676d,KXITFWMATCH-26JUL29YOSKIM,1785301851.0,quote,,1786510800.0,true,59.5000,59.0000,60.0000,5801.51,3082.65
6,53f42bc58d42435d82248ac83e5d779a,-2.0300,2026-07-29,2026-07-29,29354e42ef0c3a5dcfab2220f035fd1be5874df613426379bae1f33e112f560b,3225d938792095e42822872d66b7b9e7b79546a344da7ea98298d40463577392,"[""Tennis""]",1785307642.9558988,KXITFWMATCH-26JUL29YOSKIM-KIM,Tennis,,KXITFWMATCH,9b9eecb5-c6a0-414a-bcf3-57262192676d,KXITFWMATCH-26JUL29YOSKIM,1785301851.0,quote,,1786510800.0,true,40.5000,40.0000,41.0000,1769.88,5933.58
6,53f42bc58d42435d82248ac83e5d779a,-2.0300,2026-07-29,2026-07-29,29354e42ef0c3a5dcfab2220f035fd1be5874df613426379bae1f33e112f560b,3225d938792095e42822872d66b7b9e7b79546a344da7ea98298d40463577392,"[""Tennis""]",1785307643.0249448,KXITFWMATCH-26JUL29DESJAN-JAN,Tennis,,KXITFWMATCH,81f61a76-c334-455a-ab59-aaab2f2b9045,KXITFWMATCH-26JUL29DESJAN,1785301882.0,quote,,1786510800.0,true,53.0000,50.0000,56.0000,1.00,7.00
6,53f42bc58d42435d82248ac83e5d779a,-2.0300,2026-07-29,2026-07-29,29354e42ef0c3a5dcfab2220f035fd1be5874df613426379bae1f33e112f560b,3225d938792095e42822872d66b7b9e7b79546a344da7ea98298d40463577392,"[""Tennis""]",1785307643.094976,KXITFMATCH-26JUL28CHAHEI-HEI,Tennis,,KXITFMATCH,5ba6a34a-c169-4b0b-b8fd-b835a2127855,KXITFMATCH-26JUL28CHAHEI,1785299809.0,quote,,1786505400.0,true,36.5000,36.0000,37.0000,14964.74,35683.34
6,53f42bc58d42435d82248ac83e5d779a,-2.0300,2026-07-29,2026-07-29,29354e42ef0c3a5dcfab2220f035fd1be5874df613426379bae1f33e112f560b,3225d938792095e42822872d66b7b9e7b79546a344da7ea98298d40463577392,"[""Tennis""]",1785307643.1627011,KXITFWMATCH-26JUL29DESJAN-DES,Tennis,,KXITFWMATCH,81f61a76-c334-455a-ab59-aaab2f2b9045,KXITFWMATCH-26JUL29DESJAN,1785301882.0,quote,,1786510800.0,true,47.0000,42.0000,52.0000,468.00,58.00
6,53f42bc58d42435d82248ac83e5d779a,-2.0300,2026-07-29,2026-07-29,29354e42ef0c3a5dcfab2220f035fd1be5874df613426379bae1f33e112f560b,3225d938792095e42822872d66b7b9e7b79546a344da7ea98298d40463577392,"[""Tennis""]",1785307643.2344341,KXITFMATCH-26JUL28CHAHEI-CHA,Tennis,,KXITFMATCH,5ba6a34a-c169-4b0b-b8fd-b835a2127855,KXITFMATCH-26JUL28CHAHEI,1785299809.0,quote,,1786505400.0,true,63.5000,63.0000,64.0000,18780.20,39394.82
6,53f42bc58d42435d82248ac83e5d779a,-2.0300,2026-07-29,2026-07-29,29354e42ef0c3a5dcfab2220f035fd1be5874df613426379bae1f33e112f560b,3225d938792095e42822872d66b7b9e7b79546a344da7ea98298d40463577392,"[""Tennis""]",1785307643.303481,KXITFWMATCH-26JUL29MALMAM-MAL,Tennis,,KXITFWMATCH,1465101e-caa8-45fd-812d-50d841d472da,KXITFWMATCH-26JUL29MALMAM,1785301775.0,quote,,1786510800.0,true,7.0000,5.0000,9.0000,712.00,2278.00
6,53f42bc58d42435d82248ac83e5d779a,-2.0300,2026-07-29,2026-07-29,29354e42ef0c3a5dcfab2220f035fd1be5874df613426379bae1f33e112f560b,3225d938792095e42822872d66b7b9e7b79546a344da7ea98298d40463577392,"[""Tennis""]",1785307643.413184,KXITFWMATCH-26JUL29ARAROT-ARA,Tennis,,KXITFWMATCH,732f03cc-f3da-4b91-b7cc-f26188d27ba6,KXITFWMATCH-26JUL29ARAROT,1785301898.0,quote,,1786510800.0,true,88.5000,87.0000,90.0000,62.00,1817.00
6,53f42bc58d42435d82248ac83e5d779a,-2.0300,2026-07-29,2026-07-29,29354e42ef0c3a5dcfab2220f035fd1be5874df613426379bae1f33e112f560b,3225d938792095e42822872d66b7b9e7b79546a344da7ea98298d40463577392,"[""Tennis""]",1785307645.0473611,KXITFWMATCH-26JUL29MAKKUZ-MAK,Tennis,,KXITFWMATCH,efd4b316-d644-47a1-9c01-9150c694f3a5,KXITFWMATCH-26JUL29MAKKUZ,1785301924.0,quote,,1786510800.0,true,83.5000,83.0000,84.0000,112.58,147.65
6,53f42bc58d42435d82248ac83e5d779a,-2.0300,2026-07-29,2026-07-29,29354e42ef0c3a5dcfab2220f035fd1be5874df613426379bae1f33e112f560b,3225d938792095e42822872d66b7b9e7b79546a344da7ea98298d40463577392,"[""Tennis""]",1785307645.120543,KXITFWMATCH-26JUL29MAKKUZ-KUZ,Tennis,,KXITFWMATCH,efd4b316-d644-47a1-9c01-9150c694f3a5,KXITFWMATCH-26JUL29MAKKUZ,1785301924.0,quote,,1786510800.0,true,18.5000,18.0000,19.0000,500.00,2586.66
6,53f42bc58d42435d82248ac83e5d779a,-2.0300,2026-07-29,2026-07-29,29354e42ef0c3a5dcfab2220f035fd1be5874df613426379bae1f33e112f560b,3225d938792095e42822872d66b7b9e7b79546a344da7ea98298d40463577392,"[""Tennis""]",1785307645.191968,KXITFWMATCH-26JUL29YOSKIM-YOS,Tennis,,KXITFWMATCH,9b9eecb5-c6a0-414a-bcf3-57262192676d,KXITFWMATCH-26JUL29YOSKIM,1785301851.0,quote,,1786510800.0,true,59.5000,59.0000,60.0000,5801.51,3082.65
6,53f42bc58d42435d82248ac83e5d779a,-2.0300,2026-07-29,2026-07-29,29354e42ef0c3a5dcfab2220f035fd1be5874df613426379bae1f33e112f560b,3225d938792095e42822872d66b7b9e7b79546a344da7ea98298d40463577392,"[""Tennis""]",1785307645.2624938,KXITFWMATCH-26JUL29YOSKIM-KIM,Tennis,,KXITFWMATCH,9b9eecb5-c6a0-414a-bcf3-57262192676d,KXITFWMATCH-26JUL29YOSKIM,1785301851.0,quote,,1786510800.0,true,40.5000,40.0000,41.0000,1671.36,5966.22
6,53f42bc58d42435d82248ac83e5d779a,-2.0300,2026-07-29,2026-07-29,29354e42ef0c3a5dcfab2220f035fd1be5874df613426379bae1f33e112f560b,3225d938792095e42822872d66b7b9e7b79546a344da7ea98298d40463577392,"[""Tennis""]",1785307645.3319218,KXITFWMATCH-26JUL29DESJAN-JAN,Tennis,,KXITFWMATCH,81f61a76-c334-455a-ab59-aaab2f2b9045,KXITFWMATCH-26JUL29DESJAN,1785301882.0,quote,,1786510800.0,true,53.0000,50.0000,56.0000,1.00,7.00
6,53f42bc58d42435d82248ac83e5d779a,-2.0300,2026-07-29,2026-07-29,29354e42ef0c3a5dcfab2220f035fd1be5874df613426379bae1f33e112f560b,3225d938792095e42822872d66b7b9e7b79546a344da7ea98298d40463577392,"[""Tennis""]",1785307645.404129,KXITFMATCH-26JUL28CHAHEI-HEI,Tennis,,KXITFMATCH,5ba6a34a-c169-4b0b-b8fd-b835a2127855,KXITFMATCH-26JUL28CHAHEI,1785299809.0,quote,,1786505400.0,true,36.5000,36.0000,37.0000,14964.74,35683.34
6,53f42bc58d42435d82248ac83e5d779a,-2.0300,2026-07-29,2026-07-29,29354e42ef0c3a5dcfab2220f035fd1be5874df613426379bae1f33e112f560b,3225d938792095e42822872d66b7b9e7b79546a344da7ea98298d40463577392,"[""Tennis""]",1785307645.50719,KXITFWMATCH-26JUL29DESJAN-DES,Tennis,,KXITFWMATCH,81f61a76-c334-455a-ab59-aaab2f2b9045,KXITFWMATCH-26JUL29DESJAN,1785301882.0,quote,,1786510800.0,true,47.0000,42.0000,52.0000,468.00,58.00
6,53f42bc58d42435d82248ac83e5d779a,-2.0300,2026-07-29,2026-07-29,29354e42ef0c3a5dcfab2220f035fd1be5874df613426379bae1f33e112f560b,3225d938792095e42822872d66b7b9e7b79546a344da7ea98298d40463577392,"[""Tennis""]",1785307645.576808,KXITFMATCH-26JUL28CHAHEI-CHA,Tennis,,KXITFMATCH,5ba6a34a-c169-4b0b-b8fd-b835a2127855,KXITFMATCH-26JUL28CHAHEI,1785299809.0,quote,,1786505400.0,true,63.5000,63.0000,64.0000,18780.20,39394.82
6,53f42bc58d42435d82248ac83e5d779a,-2.0300,2026-07-29,2026-07-29,29354e42ef0c3a5dcfab2220f035fd1be5874df613426379bae1f33e112f560b,3225d938792095e42822872d66b7b9e7b79546a344da7ea98298d40463577392,"[""Tennis""]",1785307645.645639,KXITFWMATCH-26JUL29MALMAM-MAL,Tennis,,KXITFWMATCH,1465101e-caa8-45fd-812d-50d841d472da,KXITFWMATCH-26JUL29MALMAM,1785301775.0,quote,,1786510800.0,true,7.0000,5.0000,9.0000,712.00,2278.00
6,53f42bc58d42435d82248ac83e5d779a,-2.0300,2026-07-29,2026-07-29,29354e42ef0c3a5dcfab2220f035fd1be5874df613426379bae1f33e112f560b,3225d938792095e42822872d66b7b9e7b79546a344da7ea98298d40463577392,"[""Tennis""]",1785307645.713065,KXITFWMATCH-26JUL29ARAROT-ARA,Tennis,,KXITFWMATCH,732f03cc-f3da-4b91-b7cc-f26188d27ba6,KXITFWMATCH-26JUL29ARAROT,1785301898.0,quote,,1786510800.0,true,88.5000,87.0000,90.0000,62.00,1817.00
6,53f42bc58d42435d82248ac83e5d779a,-2.0300,2026-07-29,2026-07-29,29354e42ef0c3a5dcfab2220f035fd1be5874df613426379bae1f33e112f560b,3225d938792095e42822872d66b7b9e7b79546a344da7ea98298d40463577392,"[""Tennis""]",1785307647.288842,KXITFWMATCH-26JUL29MAKKUZ-MAK,Tennis,,KXITFWMATCH,efd4b316-d644-47a1-9c01-9150c694f3a5,KXITFWMATCH-26JUL29MAKKUZ,1785301924.0,quote,,1786510800.0,true,83.5000,83.0000,84.0000,112.58,147.65
6,53f42bc58d42435d82248ac83e5d779a,-2.0300,2026-07-29,2026-07-29,29354e42ef0c3a5dcfab2220f035fd1be5874df613426379bae1f33e112f560b,3225d938792095e42822872d66b7b9e7b79546a344da7ea98298d40463577392,"[""Tennis""]",1785307647.35928,KXITFWMATCH-26JUL29MAKKUZ-KUZ,Tennis,,KXITFWMATCH,efd4b316-d644-47a1-9c01-9150c694f3a5,KXITFWMATCH-26JUL29MAKKUZ,1785301924.0,quote,,1786510800.0,true,18.5000,18.0000,19.0000,500.00,2586.66
6,53f42bc58d42435d82248ac83e5d779a,-2.0300,2026-07-29,2026-07-29,29354e42ef0c3a5dcfab2220f035fd1be5874df613426379bae1f33e112f560b,3225d938792095e42822872d66b7b9e7b79546a344da7ea98298d40463577392,"[""Tennis""]",1785307647.4325309,KXITFWMATCH-26JUL29YOSKIM-YOS,Tennis,,KXITFWMATCH,9b9eecb5-c6a0-414a-bcf3-57262192676d,KXITFWMATCH-26JUL29YOSKIM,1785301851.0,quote,,1786510800.0,true,59.5000,59.0000,60.0000,5801.51,3082.65
6,53f42bc58d42435d82248ac83e5d779a,-2.0300,2026-07-29,2026-07-29,29354e42ef0c3a5dcfab2220f035fd1be5874df613426379bae1f33e112f560b,3225d938792095e42822872d66b7b9e7b79546a344da7ea98298d40463577392,"[""Tennis""]",1785307647.5034292,KXITFWMATCH-26JUL29YOSKIM-KIM,Tennis,,KXITFWMATCH,9b9eecb5-c6a0-414a-bcf3-57262192676d,KXITFWMATCH-26JUL29YOSKIM,1785301851.0,quote,,1786510800.0,true,40.5000,40.0000,41.0000,1671.36,5966.22
6,53f42bc58d42435d82248ac83e5d779a,-2.0300,2026-07-29,2026-07-29,29354e42ef0c3a5dcfab2220f035fd1be5874df613426379bae1f33e112f560b,3225d938792095e42822872d66b7b9e7b79546a344da7ea98298d40463577392,"[""Tennis""]",1785307647.607108,KXITFWMATCH-26JUL29DESJAN-JAN,Tennis,,KXITFWMATCH,81f61a76-c334-455a-ab59-aaab2f2b9045,KXITFWMATCH-26JUL29DESJAN,1785301882.0,quote,,1786510800.0,true,47.5000,46.0000,49.0000,195.00,3083.92
6,53f42bc58d42435d82248ac83e5d779a,-2.0300,2026-07-29,2026-07-29,29354e42ef0c3a5dcfab2220f035fd1be5874df613426379bae1f33e112f560b,3225d938792095e42822872d66b7b9e7b79546a344da7ea98298d40463577392,"[""Tennis""]",1785307647.6766562,KXITFMATCH-26JUL28CHAHEI-HEI,Tennis,,KXITFMATCH,5ba6a34a-c169-4b0b-b8fd-b835a2127855,KXITFMATCH-26JUL28CHAHEI,1785299809.0,quote,,1786505400.0,true,36.5000,36.0000,37.0000,14964.74,35683.34
6,53f42bc58d42435d82248ac83e5d779a,-2.0300,2026-07-29,2026-07-29,29354e42ef0c3a5dcfab2220f035fd1be5874df613426379bae1f33e112f560b,3225d938792095e42822872d66b7b9e7b79546a344da7ea98298d40463577392,"[""Tennis""]",1785307647.744822,KXITFWMATCH-26JUL29DESJAN-DES,Tennis,,KXITFWMATCH,81f61a76-c334-455a-ab59-aaab2f2b9045,KXITFWMATCH-26JUL29DESJAN,1785301882.0,quote,,1786510800.0,true,47.0000,42.0000,52.0000,468.00,58.00
6,53f42bc58d42435d82248ac83e5d779a,-2.0300,2026-07-29,2026-07-29,29354e42ef0c3a5dcfab2220f035fd1be5874df613426379bae1f33e112f560b,3225d938792095e42822872d66b7b9e7b79546a344da7ea98298d40463577392,"[""Tennis""]",1785307647.812364,KXITFMATCH-26JUL28CHAHEI-CHA,Tennis,,KXITFMATCH,5ba6a34a-c169-4b0b-b8fd-b835a2127855,KXITFMATCH-26JUL28CHAHEI,1785299809.0,quote,,1786505400.0,true,63.5000,63.0000,64.0000,18780.20,39394.82
6,53f42bc58d42435d82248ac83e5d779a,-2.0300,2026-07-29,2026-07-29,29354e42ef0c3a5dcfab2220f035fd1be5874df613426379bae1f33e112f560b,3225d938792095e42822872d66b7b9e7b79546a344da7ea98298d40463577392,"[""Tennis""]",1785307647.880172,KXITFWMATCH-26JUL29MALMAM-MAL,Tennis,,KXITFWMATCH,1465101e-caa8-45fd-812d-50d841d472da,KXITFWMATCH-26JUL29MALMAM,1785301775.0,quote,,1786510800.0,true,6.0000,5.0000,7.0000,3340.22,7789.60
6,53f42bc58d42435d82248ac83e5d779a,-2.0300,2026-07-29,2026-07-29,29354e42ef0c3a5dcfab2220f035fd1be5874df613426379bae1f33e112f560b,3225d938792095e42822872d66b7b9e7b79546a344da7ea98298d40463577392,"[""Tennis""]",1785307647.94642,KXITFWMATCH-26JUL29ARAROT-ARA,Tennis,,KXITFWMATCH,732f03cc-f3da-4b91-b7cc-f26188d27ba6,KXITFWMATCH-26JUL29ARAROT,1785301898.0,quote,,1786510800.0,true,89.0000,88.0000,90.0000,3345.31,730.00
6,53f42bc58d42435d82248ac83e5d779a,-2.0300,2026-07-29,2026-07-29,29354e42ef0c3a5dcfab2220f035fd1be5874df613426379bae1f33e112f560b,3225d938792095e42822872d66b7b9e7b79546a344da7ea98298d40463577392,"[""Tennis""]",1785307649.524277,KXITFWMATCH-26JUL29MAKKUZ-MAK,Tennis,,KXITFWMATCH,efd4b316-d644-47a1-9c01-9150c694f3a5,KXITFWMATCH-26JUL29MAKKUZ,1785301924.0,quote,,1786510800.0,true,83.5000,83.0000,84.0000,112.58,147.65
6,53f42bc58d42435d82248ac83e5d779a,-2.0300,2026-07-29,2026-07-29,29354e42ef0c3a5dcfab2220f035fd1be5874df613426379bae1f33e112f560b,3225d938792095e42822872d66b7b9e7b79546a344da7ea98298d40463577392,"[""Tennis""]",1785307649.5928278,KXITFWMATCH-26JUL29MAKKUZ-KUZ,Tennis,,KXITFWMATCH,efd4b316-d644-47a1-9c01-9150c694f3a5,KXITFWMATCH-26JUL29MAKKUZ,1785301924.0,quote,,1786510800.0,true,18.5000,18.0000,19.0000,500.00,2586.66
6,53f42bc58d42435d82248ac83e5d779a,-2.0300,2026-07-29,2026-07-29,29354e42ef0c3a5dcfab2220f035fd1be5874df613426379bae1f33e112f560b,3225d938792095e42822872d66b7b9e7b79546a344da7ea98298d40463577392,"[""Tennis""]",1785307649.701205,KXITFWMATCH-26JUL29YOSKIM-YOS,Tennis,,KXITFWMATCH,9b9eecb5-c6a0-414a-bcf3-57262192676d,KXITFWMATCH-26JUL29YOSKIM,1785301851.0,quote,,1786510800.0,true,59.0000,57.0000,61.0000,1913.00,181.00
6,53f42bc58d42435d82248ac83e5d779a,-2.0300,2026-07-29,2026-07-29,29354e42ef0c3a5dcfab2220f035fd1be5874df613426379bae1f33e112f560b,3225d938792095e42822872d66b7b9e7b79546a344da7ea98298d40463577392,"[""Tennis""]",1785307649.7680519,KXITFWMATCH-26JUL29YOSKIM-KIM,Tennis,,KXITFWMATCH,9b9eecb5-c6a0-414a-bcf3-57262192676d,KXITFWMATCH-26JUL29YOSKIM,1785301851.0,quote,,1786510800.0,true,40.5000,40.0000,41.0000,1671.36,5966.22
6,53f42bc58d42435d82248ac83e5d779a,-2.0300,2026-07-29,2026-07-29,29354e42ef0c3a5dcfab2220f035fd1be5874df613426379bae1f33e112f560b,3225d938792095e42822872d66b7b9e7b79546a344da7ea98298d40463577392,"[""Tennis""]",1785307649.8357,KXITFWMATCH-26JUL29DESJAN-JAN,Tennis,,KXITFWMATCH,81f61a76-c334-455a-ab59-aaab2f2b9045,KXITFWMATCH-26JUL29DESJAN,1785301882.0,quote,,1786510800.0,true,47.5000,46.0000,49.0000,195.00,3083.92
6,53f42bc58d42435d82248ac83e5d779a,-2.0300,2026-07-29,2026-07-29,29354e42ef0c3a5dcfab2220f035fd1be5874df613426379bae1f33e112f560b,3225d938792095e42822872d66b7b9e7b79546a344da7ea98298d40463577392,"[""Tennis""]",1785307649.904751,KXITFMATCH-26JUL28CHAHEI-HEI,Tennis,,KXITFMATCH,5ba6a34a-c169-4b0b-b8fd-b835a2127855,KXITFMATCH-26JUL28CHAHEI,1785299809.0,quote,,1786505400.0,true,36.5000,36.0000,37.0000,14964.74,35683.34
6,53f42bc58d42435d82248ac83e5d779a,-2.0300,2026-07-29,2026-07-29,29354e42ef0c3a5dcfab2220f035fd1be5874df613426379bae1f33e112f560b,3225d938792095e42822872d66b7b9e7b79546a344da7ea98298d40463577392,"[""Tennis""]",1785307649.972391,KXITFWMATCH-26JUL29DESJAN-DES,Tennis,,KXITFWMATCH,81f61a76-c334-455a-ab59-aaab2f2b9045,KXITFWMATCH-26JUL29DESJAN,1785301882.0,quote,,1786510800.0,true,47.0000,42.0000,52.0000,468.00,58.00
6,53f42bc58d42435d82248ac83e5d779a,-2.0300,2026-07-29,2026-07-29,29354e42ef0c3a5dcfab2220f035fd1be5874df613426379bae1f33e112f560b,3225d938792095e42822872d66b7b9e7b79546a344da7ea98298d40463577392,"[""Tennis""]",1785307650.039922,KXITFMATCH-26JUL28CHAHEI-CHA,Tennis,,KXITFMATCH,5ba6a34a-c169-4b0b-b8fd-b835a2127855,KXITFMATCH-26JUL28CHAHEI,1785299809.0,quote,,1786505400.0,true,63.5000,63.0000,64.0000,18780.20,39394.82
6,53f42bc58d42435d82248ac83e5d779a,-2.0300,2026-07-29,2026-07-29,29354e42ef0c3a5dcfab2220f035fd1be5874df613426379bae1f33e112f560b,3225d938792095e42822872d66b7b9e7b79546a344da7ea98298d40463577392,"[""Tennis""]",1785307650.1098082,KXITFWMATCH-26JUL29MALMAM-MAL,Tennis,,KXITFWMATCH,1465101e-caa8-45fd-812d-50d841d472da,KXITFWMATCH-26JUL29MALMAM,1785301775.0,quote,,1786510800.0,true,6.0000,5.0000,7.0000,3340.22,7789.60
6,53f42bc58d42435d82248ac83e5d779a,-2.0300,2026-07-29,2026-07-29,29354e42ef0c3a5dcfab2220f035fd1be5874df613426379bae1f33e112f560b,3225d938792095e42822872d66b7b9e7b79546a344da7ea98298d40463577392,"[""Tennis""]",1785307650.2219079,KXITFWMATCH-26JUL29ARAROT-ARA,Tennis,,KXITFWMATCH,732f03cc-f3da-4b91-b7cc-f26188d27ba6,KXITFWMATCH-26JUL29ARAROT,1785301898.0,quote,,1786510800.0,true,89.0000,88.0000,90.0000,3345.31,730.00
