schema_version,session_id,starting_daily_pnl_usd,starting_utc_day,utc_day,config_fingerprint,code_fingerprint,selected_sports,ts,ticker,sport,league,series_ticker,milestone_id,event_ticker,scheduled_start_ts,event,detail,close_ts,can_close_early,mid,bid,ask,bid_qty,ask_qty
6,ed2086c87d52482699dee6d41678911f,0,2026-07-29,2026-07-29,29354e42ef0c3a5dcfab2220f035fd1be5874df613426379bae1f33e112f560b,996bed4920d57ac31c4fb24ea30428fd6f75ebf5eff9ad3e616c6bcf81f64d7c,"[""Tennis""]",1785303627.565422,KXITFMATCH-26JUL28PADSAT-PAD,Tennis,,KXITFMATCH,03e1243d-7dee-4056-a032-cb914b77515a,KXITFMATCH-26JUL28PADSAT,1785294636.0,quote,,1786501800.0,true,38.5000,38.0000,39.0000,22883.35,62785.64
6,ed2086c87d52482699dee6d41678911f,0,2026-07-29,2026-07-29,29354e42ef0c3a5dcfab2220f035fd1be5874df613426379bae1f33e112f560b,996bed4920d57ac31c4fb24ea30428fd6f75ebf5eff9ad3e616c6bcf81f64d7c,"[""Tennis""]",1785303627.688242,KXITFMATCH-26JUL28WENJON-JON,Tennis,,KXITFMATCH,5195be65-3a9b-423a-9e35-55f2f5840354,KXITFMATCH-26JUL28WENJON,1785299448.0,quote,,1786501800.0,true,72.5000,72.0000,73.0000,10993.34,19329.85
6,ed2086c87d52482699dee6d41678911f,0,2026-07-29,2026-07-29,29354e42ef0c3a5dcfab2220f035fd1be5874df613426379bae1f33e112f560b,996bed4920d57ac31c4fb24ea30428fd6f75ebf5eff9ad3e616c6bcf81f64d7c,"[""Tennis""]",1785303627.761312,KXITFMATCH-26JUL28WENJON-WEN,Tennis,,KXITFMATCH,5195be65-3a9b-423a-9e35-55f2f5840354,KXITFMATCH-26JUL28WENJON,1785299448.0,quote,,1786501800.0,true,27.5000,27.0000,28.0000,7785.11,19078.17
6,ed2086c87d52482699dee6d41678911f,0,2026-07-29,2026-07-29,29354e42ef0c3a5dcfab2220f035fd1be5874df613426379bae1f33e112f560b,996bed4920d57ac31c4fb24ea30428fd6f75ebf5eff9ad3e616c6bcf81f64d7c,"[""Tennis""]",1785303627.832319,KXITFMATCH-26JUL28CHAHEI-CHA,Tennis,,KXITFMATCH,5ba6a34a-c169-4b0b-b8fd-b835a2127855,KXITFMATCH-26JUL28CHAHEI,1785299809.0,quote,,1786505400.0,true,61.5000,61.0000,62.0000,5079.99,3961.37
6,ed2086c87d52482699dee6d41678911f,0,2026-07-29,2026-07-29,29354e42ef0c3a5dcfab2220f035fd1be5874df613426379bae1f33e112f560b,996bed4920d57ac31c4fb24ea30428fd6f75ebf5eff9ad3e616c6bcf81f64d7c,"[""Tennis""]",1785303627.903125,KXITFWMATCH-26JUL29SOZMIL-MIL,Tennis,,KXITFWMATCH,0ba82ca4-7c3d-4fe6-9763-af01f430c473,KXITFWMATCH-26JUL29SOZMIL,1785301725.0,quote,,1786510800.0,true,92.5000,92.0000,93.0000,3118.54,3666.72
6,ed2086c87d52482699dee6d41678911f,0,2026-07-29,2026-07-29,29354e42ef0c3a5dcfab2220f035fd1be5874df613426379bae1f33e112f560b,996bed4920d57ac31c4fb24ea30428fd6f75ebf5eff9ad3e616c6bcf81f64d7c,"[""Tennis""]",1785303627.9759722,KXITFWMATCH-26JUL29YOSKIM-KIM,Tennis,,KXITFWMATCH,9b9eecb5-c6a0-414a-bcf3-57262192676d,KXITFWMATCH-26JUL29YOSKIM,1785301851.0,quote,,1786510800.0,true,66.5000,66.0000,67.0000,2939.84,4896.33
6,ed2086c87d52482699dee6d41678911f,0,2026-07-29,2026-07-29,29354e42ef0c3a5dcfab2220f035fd1be5874df613426379bae1f33e112f560b,996bed4920d57ac31c4fb24ea30428fd6f75ebf5eff9ad3e616c6bcf81f64d7c,"[""Tennis""]",1785303628.047864,KXITFMATCH-26JUL28CHAHEI-HEI,Tennis,,KXITFMATCH,5ba6a34a-c169-4b0b-b8fd-b835a2127855,KXITFMATCH-26JUL28CHAHEI,1785299809.0,quote,,1786505400.0,true,38.5000,38.0000,39.0000,2829.86,5994.06
6,ed2086c87d52482699dee6d41678911f,0,2026-07-29,2026-07-29,29354e42ef0c3a5dcfab2220f035fd1be5874df613426379bae1f33e112f560b,996bed4920d57ac31c4fb24ea30428fd6f75ebf5eff9ad3e616c6bcf81f64d7c,"[""Tennis""]",1785303628.212516,KXITFWMATCH-26JUL29SOZMIL-SOZ,Tennis,,KXITFWMATCH,0ba82ca4-7c3d-4fe6-9763-af01f430c473,KXITFWMATCH-26JUL29SOZMIL,1785301725.0,quote,,1786510800.0,true,7.5000,7.0000,8.0000,2285.31,5754.98
6,ed2086c87d52482699dee6d41678911f,0,2026-07-29,2026-07-29,29354e42ef0c3a5dcfab2220f035fd1be5874df613426379bae1f33e112f560b,996bed4920d57ac31c4fb24ea30428fd6f75ebf5eff9ad3e616c6bcf81f64d7c,"[""Tennis""]",1785303628.283519,KXITFMATCH-26JUL29BRAPIE-PIE,Tennis,,KXITFMATCH,e7bed978-f0a4-4bc6-8904-d9b6730590e4,KXITFMATCH-26JUL29BRAPIE,1785305498.0,quote,,1786514400.0,true,85.5000,85.0000,86.0000,3461.00,1059.07
6,ed2086c87d52482699dee6d41678911f,0,2026-07-29,2026-07-29,29354e42ef0c3a5dcfab2220f035fd1be5874df613426379bae1f33e112f560b,996bed4920d57ac31c4fb24ea30428fd6f75ebf5eff9ad3e616c6bcf81f64d7c,"[""Tennis""]",1785303628.359395,KXITFWMATCH-26JUL29HOSDYU-DYU,Tennis,,KXITFWMATCH,eff22484-a537-4944-bd0e-5664e98b54bd,KXITFWMATCH-26JUL29HOSDYU,1785301687.0,quote,,1786510800.0,true,83.5000,83.0000,84.0000,458.66,520.02
6,ed2086c87d52482699dee6d41678911f,0,2026-07-29,2026-07-29,29354e42ef0c3a5dcfab2220f035fd1be5874df613426379bae1f33e112f560b,996bed4920d57ac31c4fb24ea30428fd6f75ebf5eff9ad3e616c6bcf81f64d7c,"[""Tennis""]",1785303629.9371462,KXITFMATCH-26JUL28PADSAT-PAD,Tennis,,KXITFMATCH,03e1243d-7dee-4056-a032-cb914b77515a,KXITFMATCH-26JUL28PADSAT,1785294636.0,quote,,1786501800.0,true,38.5000,38.0000,39.0000,22150.59,63245.14
6,ed2086c87d52482699dee6d41678911f,0,2026-07-29,2026-07-29,29354e42ef0c3a5dcfab2220f035fd1be5874df613426379bae1f33e112f560b,996bed4920d57ac31c4fb24ea30428fd6f75ebf5eff9ad3e616c6bcf81f64d7c,"[""Tennis""]",1785303630.00631,KXITFMATCH-26JUL28WENJON-JON,Tennis,,KXITFMATCH,5195be65-3a9b-423a-9e35-55f2f5840354,KXITFMATCH-26JUL28WENJON,1785299448.0,quote,,1786501800.0,true,72.5000,72.0000,73.0000,10993.34,19329.85
6,ed2086c87d52482699dee6d41678911f,0,2026-07-29,2026-07-29,29354e42ef0c3a5dcfab2220f035fd1be5874df613426379bae1f33e112f560b,996bed4920d57ac31c4fb24ea30428fd6f75ebf5eff9ad3e616c6bcf81f64d7c,"[""Tennis""]",1785303630.078043,KXITFMATCH-26JUL28WENJON-WEN,Tennis,,KXITFMATCH,5195be65-3a9b-423a-9e35-55f2f5840354,KXITFMATCH-26JUL28WENJON,1785299448.0,quote,,1786501800.0,true,27.5000,27.0000,28.0000,7785.11,19078.17
6,ed2086c87d52482699dee6d41678911f,0,2026-07-29,2026-07-29,29354e42ef0c3a5dcfab2220f035fd1be5874df613426379bae1f33e112f560b,996bed4920d57ac31c4fb24ea30428fd6f75ebf5eff9ad3e616c6bcf81f64d7c,"[""Tennis""]",1785303630.148754,KXITFMATCH-26JUL28CHAHEI-CHA,Tennis,,KXITFMATCH,5ba6a34a-c169-4b0b-b8fd-b835a2127855,KXITFMATCH-26JUL28CHAHEI,1785299809.0,quote,,1786505400.0,true,61.5000,61.0000,62.0000,5079.99,3961.37
6,ed2086c87d52482699dee6d41678911f,0,2026-07-29,2026-07-29,29354e42ef0c3a5dcfab2220f035fd1be5874df613426379bae1f33e112f560b,996bed4920d57ac31c4fb24ea30428fd6f75ebf5eff9ad3e616c6bcf81f64d7c,"[""Tennis""]",1785303630.309674,KXITFWMATCH-26JUL29SOZMIL-MIL,Tennis,,KXITFWMATCH,0ba82ca4-7c3d-4fe6-9763-af01f430c473,KXITFWMATCH-26JUL29SOZMIL,1785301725.0,quote,,1786510800.0,true,92.5000,92.0000,93.0000,3118.54,3666.72
6,ed2086c87d52482699dee6d41678911f,0,2026-07-29,2026-07-29,29354e42ef0c3a5dcfab2220f035fd1be5874df613426379bae1f33e112f560b,996bed4920d57ac31c4fb24ea30428fd6f75ebf5eff9ad3e616c6bcf81f64d7c,"[""Tennis""]",1785303630.378809,KXITFWMATCH-26JUL29YOSKIM-KIM,Tennis,,KXITFWMATCH,9b9eecb5-c6a0-414a-bcf3-57262192676d,KXITFWMATCH-26JUL29YOSKIM,1785301851.0,quote,,1786510800.0,true,66.5000,66.0000,67.0000,2939.84,4896.33
6,ed2086c87d52482699dee6d41678911f,0,2026-07-29,2026-07-29,29354e42ef0c3a5dcfab2220f035fd1be5874df613426379bae1f33e112f560b,996bed4920d57ac31c4fb24ea30428fd6f75ebf5eff9ad3e616c6bcf81f64d7c,"[""Tennis""]",1785303630.452394,KXITFMATCH-26JUL28CHAHEI-HEI,Tennis,,KXITFMATCH,5ba6a34a-c169-4b0b-b8fd-b835a2127855,KXITFMATCH-26JUL28CHAHEI,1785299809.0,quote,,1786505400.0,true,38.5000,38.0000,39.0000,2829.86,5994.06
6,ed2086c87d52482699dee6d41678911f,0,2026-07-29,2026-07-29,29354e42ef0c3a5dcfab2220f035fd1be5874df613426379bae1f33e112f560b,996bed4920d57ac31c4fb24ea30428fd6f75ebf5eff9ad3e616c6bcf81f64d7c,"[""Tennis""]",1785303630.523527,KXITFWMATCH-26JUL29SOZMIL-SOZ,Tennis,,KXITFWMATCH,0ba82ca4-7c3d-4fe6-9763-af01f430c473,KXITFWMATCH-26JUL29SOZMIL,1785301725.0,quote,,1786510800.0,true,7.5000,7.0000,8.0000,2285.31,5754.98
6,ed2086c87d52482699dee6d41678911f,0,2026-07-29,2026-07-29,29354e42ef0c3a5dcfab2220f035fd1be5874df613426379bae1f33e112f560b,996bed4920d57ac31c4fb24ea30428fd6f75ebf5eff9ad3e616c6bcf81f64d7c,"[""Tennis""]",1785303630.592696,KXITFMATCH-26JUL29BRAPIE-PIE,Tennis,,KXITFMATCH,e7bed978-f0a4-4bc6-8904-d9b6730590e4,KXITFMATCH-26JUL29BRAPIE,1785305498.0,quote,,1786514400.0,true,85.5000,85.0000,86.0000,3461.00,1059.07
6,ed2086c87d52482699dee6d41678911f,0,2026-07-29,2026-07-29,29354e42ef0c3a5dcfab2220f035fd1be5874df613426379bae1f33e112f560b,996bed4920d57ac31c4fb24ea30428fd6f75ebf5eff9ad3e616c6bcf81f64d7c,"[""Tennis""]",1785303630.664246,KXITFWMATCH-26JUL29HOSDYU-DYU,Tennis,,KXITFWMATCH,eff22484-a537-4944-bd0e-5664e98b54bd,KXITFWMATCH-26JUL29HOSDYU,1785301687.0,quote,,1786510800.0,true,83.5000,83.0000,84.0000,458.66,520.02
6,ed2086c87d52482699dee6d41678911f,0,2026-07-29,2026-07-29,29354e42ef0c3a5dcfab2220f035fd1be5874df613426379bae1f33e112f560b,996bed4920d57ac31c4fb24ea30428fd6f75ebf5eff9ad3e616c6bcf81f64d7c,"[""Tennis""]",1785303632.244447,KXITFMATCH-26JUL28PADSAT-PAD,Tennis,,KXITFMATCH,03e1243d-7dee-4056-a032-cb914b77515a,KXITFMATCH-26JUL28PADSAT,1785294636.0,quote,,1786501800.0,true,38.5000,38.0000,39.0000,22150.59,63245.14
6,ed2086c87d52482699dee6d41678911f,0,2026-07-29,2026-07-29,29354e42ef0c3a5dcfab2220f035fd1be5874df613426379bae1f33e112f560b,996bed4920d57ac31c4fb24ea30428fd6f75ebf5eff9ad3e616c6bcf81f64d7c,"[""Tennis""]",1785303632.4104252,KXITFMATCH-26JUL28WENJON-JON,Tennis,,KXITFMATCH,5195be65-3a9b-423a-9e35-55f2f5840354,KXITFMATCH-26JUL28WENJON,1785299448.0,quote,,1786501800.0,true,72.5000,72.0000,73.0000,10993.34,19329.85
6,ed2086c87d52482699dee6d41678911f,0,2026-07-29,2026-07-29,29354e42ef0c3a5dcfab2220f035fd1be5874df613426379bae1f33e112f560b,996bed4920d57ac31c4fb24ea30428fd6f75ebf5eff9ad3e616c6bcf81f64d7c,"[""Tennis""]",1785303632.4810638,KXITFMATCH-26JUL28WENJON-WEN,Tennis,,KXITFMATCH,5195be65-3a9b-423a-9e35-55f2f5840354,KXITFMATCH-26JUL28WENJON,1785299448.0,quote,,1786501800.0,true,27.5000,27.0000,28.0000,7785.11,19078.17
6,ed2086c87d52482699dee6d41678911f,0,2026-07-29,2026-07-29,29354e42ef0c3a5dcfab2220f035fd1be5874df613426379bae1f33e112f560b,996bed4920d57ac31c4fb24ea30428fd6f75ebf5eff9ad3e616c6bcf81f64d7c,"[""Tennis""]",1785303632.5561888,KXITFMATCH-26JUL28CHAHEI-CHA,Tennis,,KXITFMATCH,5ba6a34a-c169-4b0b-b8fd-b835a2127855,KXITFMATCH-26JUL28CHAHEI,1785299809.0,quote,,1786505400.0,true,61.5000,61.0000,62.0000,5079.99,3961.37
6,ed2086c87d52482699dee6d41678911f,0,2026-07-29,2026-07-29,29354e42ef0c3a5dcfab2220f035fd1be5874df613426379bae1f33e112f560b,996bed4920d57ac31c4fb24ea30428fd6f75ebf5eff9ad3e616c6bcf81f64d7c,"[""Tennis""]",1785303632.626107,KXITFWMATCH-26JUL29SOZMIL-MIL,Tennis,,KXITFWMATCH,0ba82ca4-7c3d-4fe6-9763-af01f430c473,KXITFWMATCH-26JUL29SOZMIL,1785301725.0,quote,,1786510800.0,true,92.5000,92.0000,93.0000,3118.54,3666.72
6,ed2086c87d52482699dee6d41678911f,0,2026-07-29,2026-07-29,29354e42ef0c3a5dcfab2220f035fd1be5874df613426379bae1f33e112f560b,996bed4920d57ac31c4fb24ea30428fd6f75ebf5eff9ad3e616c6bcf81f64d7c,"[""Tennis""]",1785303632.696162,KXITFWMATCH-26JUL29YOSKIM-KIM,Tennis,,KXITFWMATCH,9b9eecb5-c6a0-414a-bcf3-57262192676d,KXITFWMATCH-26JUL29YOSKIM,1785301851.0,quote,,1786510800.0,true,66.5000,66.0000,67.0000,2939.84,4896.33
6,ed2086c87d52482699dee6d41678911f,0,2026-07-29,2026-07-29,29354e42ef0c3a5dcfab2220f035fd1be5874df613426379bae1f33e112f560b,996bed4920d57ac31c4fb24ea30428fd6f75ebf5eff9ad3e616c6bcf81f64d7c,"[""Tennis""]",1785303632.768142,KXITFMATCH-26JUL28CHAHEI-HEI,Tennis,,KXITFMATCH,5ba6a34a-c169-4b0b-b8fd-b835a2127855,KXITFMATCH-26JUL28CHAHEI,1785299809.0,quote,,1786505400.0,true,38.5000,38.0000,39.0000,2829.86,5994.06
6,ed2086c87d52482699dee6d41678911f,0,2026-07-29,2026-07-29,29354e42ef0c3a5dcfab2220f035fd1be5874df613426379bae1f33e112f560b,996bed4920d57ac31c4fb24ea30428fd6f75ebf5eff9ad3e616c6bcf81f64d7c,"[""Tennis""]",1785303632.839099,KXITFWMATCH-26JUL29SOZMIL-SOZ,Tennis,,KXITFWMATCH,0ba82ca4-7c3d-4fe6-9763-af01f430c473,KXITFWMATCH-26JUL29SOZMIL,1785301725.0,quote,,1786510800.0,true,7.5000,7.0000,8.0000,2285.31,5754.98
6,ed2086c87d52482699dee6d41678911f,0,2026-07-29,2026-07-29,29354e42ef0c3a5dcfab2220f035fd1be5874df613426379bae1f33e112f560b,996bed4920d57ac31c4fb24ea30428fd6f75ebf5eff9ad3e616c6bcf81f64d7c,"[""Tennis""]",1785303632.995469,KXITFMATCH-26JUL29BRAPIE-PIE,Tennis,,KXITFMATCH,e7bed978-f0a4-4bc6-8904-d9b6730590e4,KXITFMATCH-26JUL29BRAPIE,1785305498.0,quote,,1786514400.0,true,85.5000,85.0000,86.0000,3461.00,1059.07
6,ed2086c87d52482699dee6d41678911f,0,2026-07-29,2026-07-29,29354e42ef0c3a5dcfab2220f035fd1be5874df613426379bae1f33e112f560b,996bed4920d57ac31c4fb24ea30428fd6f75ebf5eff9ad3e616c6bcf81f64d7c,"[""Tennis""]",1785303633.066238,KXITFWMATCH-26JUL29HOSDYU-DYU,Tennis,,KXITFWMATCH,eff22484-a537-4944-bd0e-5664e98b54bd,KXITFWMATCH-26JUL29HOSDYU,1785301687.0,quote,,1786510800.0,true,83.5000,83.0000,84.0000,458.66,520.02
6,ed2086c87d52482699dee6d41678911f,0,2026-07-29,2026-07-29,29354e42ef0c3a5dcfab2220f035fd1be5874df613426379bae1f33e112f560b,996bed4920d57ac31c4fb24ea30428fd6f75ebf5eff9ad3e616c6bcf81f64d7c,"[""Tennis""]",1785303634.6470962,KXITFMATCH-26JUL28PADSAT-PAD,Tennis,,KXITFMATCH,03e1243d-7dee-4056-a032-cb914b77515a,KXITFMATCH-26JUL28PADSAT,1785294636.0,quote,,1786501800.0,true,38.5000,38.0000,39.0000,22150.59,63245.14
6,ed2086c87d52482699dee6d41678911f,0,2026-07-29,2026-07-29,29354e42ef0c3a5dcfab2220f035fd1be5874df613426379bae1f33e112f560b,996bed4920d57ac31c4fb24ea30428fd6f75ebf5eff9ad3e616c6bcf81f64d7c,"[""Tennis""]",1785303634.722213,KXITFMATCH-26JUL28WENJON-JON,Tennis,,KXITFMATCH,5195be65-3a9b-423a-9e35-55f2f5840354,KXITFMATCH-26JUL28WENJON,1785299448.0,quote,,1786501800.0,true,72.5000,72.0000,73.0000,10993.34,19329.85
6,ed2086c87d52482699dee6d41678911f,0,2026-07-29,2026-07-29,29354e42ef0c3a5dcfab2220f035fd1be5874df613426379bae1f33e112f560b,996bed4920d57ac31c4fb24ea30428fd6f75ebf5eff9ad3e616c6bcf81f64d7c,"[""Tennis""]",1785303634.7943501,KXITFMATCH-26JUL28WENJON-WEN,Tennis,,KXITFMATCH,5195be65-3a9b-423a-9e35-55f2f5840354,KXITFMATCH-26JUL28WENJON,1785299448.0,quote,,1786501800.0,true,27.5000,27.0000,28.0000,7785.11,19078.17
6,ed2086c87d52482699dee6d41678911f,0,2026-07-29,2026-07-29,29354e42ef0c3a5dcfab2220f035fd1be5874df613426379bae1f33e112f560b,996bed4920d57ac31c4fb24ea30428fd6f75ebf5eff9ad3e616c6bcf81f64d7c,"[""Tennis""]",1785303634.865252,KXITFMATCH-26JUL28CHAHEI-CHA,Tennis,,KXITFMATCH,5ba6a34a-c169-4b0b-b8fd-b835a2127855,KXITFMATCH-26JUL28CHAHEI,1785299809.0,quote,,1786505400.0,true,61.5000,61.0000,62.0000,5079.99,3961.37
6,ed2086c87d52482699dee6d41678911f,0,2026-07-29,2026-07-29,29354e42ef0c3a5dcfab2220f035fd1be5874df613426379bae1f33e112f560b,996bed4920d57ac31c4fb24ea30428fd6f75ebf5eff9ad3e616c6bcf81f64d7c,"[""Tennis""]",1785303635.031122,KXITFWMATCH-26JUL29SOZMIL-MIL,Tennis,,KXITFWMATCH,0ba82ca4-7c3d-4fe6-9763-af01f430c473,KXITFWMATCH-26JUL29SOZMIL,1785301725.0,quote,,1786510800.0,true,93.0000,92.0000,94.0000,865.00,5515.91
6,ed2086c87d52482699dee6d41678911f,0,2026-07-29,2026-07-29,29354e42ef0c3a5dcfab2220f035fd1be5874df613426379bae1f33e112f560b,996bed4920d57ac31c4fb24ea30428fd6f75ebf5eff9ad3e616c6bcf81f64d7c,"[""Tennis""]",1785303635.102797,KXITFWMATCH-26JUL29YOSKIM-KIM,Tennis,,KXITFWMATCH,9b9eecb5-c6a0-414a-bcf3-57262192676d,KXITFWMATCH-26JUL29YOSKIM,1785301851.0,quote,,1786510800.0,true,66.5000,66.0000,67.0000,2939.84,4896.33
6,ed2086c87d52482699dee6d41678911f,0,2026-07-29,2026-07-29,29354e42ef0c3a5dcfab2220f035fd1be5874df613426379bae1f33e112f560b,996bed4920d57ac31c4fb24ea30428fd6f75ebf5eff9ad3e616c6bcf81f64d7c,"[""Tennis""]",1785303635.174272,KXITFMATCH-26JUL28CHAHEI-HEI,Tennis,,KXITFMATCH,5ba6a34a-c169-4b0b-b8fd-b835a2127855,KXITFMATCH-26JUL28CHAHEI,1785299809.0,quote,,1786505400.0,true,38.5000,38.0000,39.0000,2579.86,5889.30
6,ed2086c87d52482699dee6d41678911f,0,2026-07-29,2026-07-29,29354e42ef0c3a5dcfab2220f035fd1be5874df613426379bae1f33e112f560b,996bed4920d57ac31c4fb24ea30428fd6f75ebf5eff9ad3e616c6bcf81f64d7c,"[""Tennis""]",1785303635.245072,KXITFWMATCH-26JUL29SOZMIL-SOZ,Tennis,,KXITFWMATCH,0ba82ca4-7c3d-4fe6-9763-af01f430c473,KXITFWMATCH-26JUL29SOZMIL,1785301725.0,quote,,1786510800.0,true,7.5000,7.0000,8.0000,2285.31,5754.98
6,ed2086c87d52482699dee6d41678911f,0,2026-07-29,2026-07-29,29354e42ef0c3a5dcfab2220f035fd1be5874df613426379bae1f33e112f560b,996bed4920d57ac31c4fb24ea30428fd6f75ebf5eff9ad3e616c6bcf81f64d7c,"[""Tennis""]",1785303635.319079,KXITFMATCH-26JUL29BRAPIE-PIE,Tennis,,KXITFMATCH,e7bed978-f0a4-4bc6-8904-d9b6730590e4,KXITFMATCH-26JUL29BRAPIE,1785305498.0,quote,,1786514400.0,true,85.5000,85.0000,86.0000,3461.00,1059.07
6,ed2086c87d52482699dee6d41678911f,0,2026-07-29,2026-07-29,29354e42ef0c3a5dcfab2220f035fd1be5874df613426379bae1f33e112f560b,996bed4920d57ac31c4fb24ea30428fd6f75ebf5eff9ad3e616c6bcf81f64d7c,"[""Tennis""]",1785303635.390569,KXITFWMATCH-26JUL29HOSDYU-DYU,Tennis,,KXITFWMATCH,eff22484-a537-4944-bd0e-5664e98b54bd,KXITFWMATCH-26JUL29HOSDYU,1785301687.0,quote,,1786510800.0,true,83.5000,83.0000,84.0000,458.66,520.02
6,ed2086c87d52482699dee6d41678911f,0,2026-07-29,2026-07-29,29354e42ef0c3a5dcfab2220f035fd1be5874df613426379bae1f33e112f560b,996bed4920d57ac31c4fb24ea30428fd6f75ebf5eff9ad3e616c6bcf81f64d7c,"[""Tennis""]",1785303636.968648,KXITFMATCH-26JUL28PADSAT-PAD,Tennis,,KXITFMATCH,03e1243d-7dee-4056-a032-cb914b77515a,KXITFMATCH-26JUL28PADSAT,1785294636.0,quote,,1786501800.0,true,38.5000,38.0000,39.0000,22150.59,63245.14
6,ed2086c87d52482699dee6d41678911f,0,2026-07-29,2026-07-29,29354e42ef0c3a5dcfab2220f035fd1be5874df613426379bae1f33e112f560b,996bed4920d57ac31c4fb24ea30428fd6f75ebf5eff9ad3e616c6bcf81f64d7c,"[""Tennis""]",1785303637.126229,KXITFMATCH-26JUL28WENJON-JON,Tennis,,KXITFMATCH,5195be65-3a9b-423a-9e35-55f2f5840354,KXITFMATCH-26JUL28WENJON,1785299448.0,quote,,1786501800.0,true,72.5000,72.0000,73.0000,10993.34,19329.85
6,ed2086c87d52482699dee6d41678911f,0,2026-07-29,2026-07-29,29354e42ef0c3a5dcfab2220f035fd1be5874df613426379bae1f33e112f560b,996bed4920d57ac31c4fb24ea30428fd6f75ebf5eff9ad3e616c6bcf81f64d7c,"[""Tennis""]",1785303637.1989062,KXITFMATCH-26JUL28WENJON-WEN,Tennis,,KXITFMATCH,5195be65-3a9b-423a-9e35-55f2f5840354,KXITFMATCH-26JUL28WENJON,1785299448.0,quote,,1786501800.0,true,27.5000,27.0000,28.0000,7731.18,19025.14
6,ed2086c87d52482699dee6d41678911f,0,2026-07-29,2026-07-29,29354e42ef0c3a5dcfab2220f035fd1be5874df613426379bae1f33e112f560b,996bed4920d57ac31c4fb24ea30428fd6f75ebf5eff9ad3e616c6bcf81f64d7c,"[""Tennis""]",1785303637.271457,KXITFMATCH-26JUL28CHAHEI-CHA,Tennis,,KXITFMATCH,5ba6a34a-c169-4b0b-b8fd-b835a2127855,KXITFMATCH-26JUL28CHAHEI,1785299809.0,quote,,1786505400.0,true,61.5000,61.0000,62.0000,5091.20,1739.56
6,ed2086c87d52482699dee6d41678911f,0,2026-07-29,2026-07-29,29354e42ef0c3a5dcfab2220f035fd1be5874df613426379bae1f33e112f560b,996bed4920d57ac31c4fb24ea30428fd6f75ebf5eff9ad3e616c6bcf81f64d7c,"[""Tennis""]",1785303637.342762,KXITFWMATCH-26JUL29SOZMIL-MIL,Tennis,,KXITFWMATCH,0ba82ca4-7c3d-4fe6-9763-af01f430c473,KXITFWMATCH-26JUL29SOZMIL,1785301725.0,quote,,1786510800.0,true,93.0000,92.0000,94.0000,865.00,5515.91
6,ed2086c87d52482699dee6d41678911f,0,2026-07-29,2026-07-29,29354e42ef0c3a5dcfab2220f035fd1be5874df613426379bae1f33e112f560b,996bed4920d57ac31c4fb24ea30428fd6f75ebf5eff9ad3e616c6bcf81f64d7c,"[""Tennis""]",1785303637.4145348,KXITFWMATCH-26JUL29YOSKIM-KIM,Tennis,,KXITFWMATCH,9b9eecb5-c6a0-414a-bcf3-57262192676d,KXITFWMATCH-26JUL29YOSKIM,1785301851.0,quote,,1786510800.0,true,66.5000,66.0000,67.0000,2939.84,4896.33
6,ed2086c87d52482699dee6d41678911f,0,2026-07-29,2026-07-29,29354e42ef0c3a5dcfab2220f035fd1be5874df613426379bae1f33e112f560b,996bed4920d57ac31c4fb24ea30428fd6f75ebf5eff9ad3e616c6bcf81f64d7c,"[""Tennis""]",1785303637.487422,KXITFMATCH-26JUL28CHAHEI-HEI,Tennis,,KXITFMATCH,5ba6a34a-c169-4b0b-b8fd-b835a2127855,KXITFMATCH-26JUL28CHAHEI,1785299809.0,quote,,1786505400.0,true,38.5000,38.0000,39.0000,2579.86,5889.30
6,ed2086c87d52482699dee6d41678911f,0,2026-07-29,2026-07-29,29354e42ef0c3a5dcfab2220f035fd1be5874df613426379bae1f33e112f560b,996bed4920d57ac31c4fb24ea30428fd6f75ebf5eff9ad3e616c6bcf81f64d7c,"[""Tennis""]",1785303637.6504052,KXITFWMATCH-26JUL29SOZMIL-SOZ,Tennis,,KXITFWMATCH,0ba82ca4-7c3d-4fe6-9763-af01f430c473,KXITFWMATCH-26JUL29SOZMIL,1785301725.0,quote,,1786510800.0,true,7.5000,7.0000,8.0000,2285.31,5754.98
6,ed2086c87d52482699dee6d41678911f,0,2026-07-29,2026-07-29,29354e42ef0c3a5dcfab2220f035fd1be5874df613426379bae1f33e112f560b,996bed4920d57ac31c4fb24ea30428fd6f75ebf5eff9ad3e616c6bcf81f64d7c,"[""Tennis""]",1785303637.7214332,KXITFMATCH-26JUL29BRAPIE-PIE,Tennis,,KXITFMATCH,e7bed978-f0a4-4bc6-8904-d9b6730590e4,KXITFMATCH-26JUL29BRAPIE,1785305498.0,quote,,1786514400.0,true,85.5000,85.0000,86.0000,3461.00,1059.07
6,ed2086c87d52482699dee6d41678911f,0,2026-07-29,2026-07-29,29354e42ef0c3a5dcfab2220f035fd1be5874df613426379bae1f33e112f560b,996bed4920d57ac31c4fb24ea30428fd6f75ebf5eff9ad3e616c6bcf81f64d7c,"[""Tennis""]",1785303637.7912629,KXITFWMATCH-26JUL29HOSDYU-DYU,Tennis,,KXITFWMATCH,eff22484-a537-4944-bd0e-5664e98b54bd,KXITFWMATCH-26JUL29HOSDYU,1785301687.0,quote,,1786510800.0,true,83.5000,83.0000,84.0000,458.66,520.02
6,ed2086c87d52482699dee6d41678911f,0,2026-07-29,2026-07-29,29354e42ef0c3a5dcfab2220f035fd1be5874df613426379bae1f33e112f560b,996bed4920d57ac31c4fb24ea30428fd6f75ebf5eff9ad3e616c6bcf81f64d7c,"[""Tennis""]",1785303639.3782358,KXITFMATCH-26JUL28PADSAT-PAD,Tennis,,KXITFMATCH,03e1243d-7dee-4056-a032-cb914b77515a,KXITFMATCH-26JUL28PADSAT,1785294636.0,quote,,1786501800.0,true,38.5000,38.0000,39.0000,22150.59,63245.14
6,ed2086c87d52482699dee6d41678911f,0,2026-07-29,2026-07-29,29354e42ef0c3a5dcfab2220f035fd1be5874df613426379bae1f33e112f560b,996bed4920d57ac31c4fb24ea30428fd6f75ebf5eff9ad3e616c6bcf81f64d7c,"[""Tennis""]",1785303639.448852,KXITFMATCH-26JUL28WENJON-JON,Tennis,,KXITFMATCH,5195be65-3a9b-423a-9e35-55f2f5840354,KXITFMATCH-26JUL28WENJON,1785299448.0,quote,,1786501800.0,true,72.5000,72.0000,73.0000,10993.34,19329.85
6,ed2086c87d52482699dee6d41678911f,0,2026-07-29,2026-07-29,29354e42ef0c3a5dcfab2220f035fd1be5874df613426379bae1f33e112f560b,996bed4920d57ac31c4fb24ea30428fd6f75ebf5eff9ad3e616c6bcf81f64d7c,"[""Tennis""]",1785303639.519595,KXITFMATCH-26JUL28WENJON-WEN,Tennis,,KXITFMATCH,5195be65-3a9b-423a-9e35-55f2f5840354,KXITFMATCH-26JUL28WENJON,1785299448.0,quote,,1786501800.0,true,27.5000,27.0000,28.0000,7731.18,19025.14
6,ed2086c87d52482699dee6d41678911f,0,2026-07-29,2026-07-29,29354e42ef0c3a5dcfab2220f035fd1be5874df613426379bae1f33e112f560b,996bed4920d57ac31c4fb24ea30428fd6f75ebf5eff9ad3e616c6bcf81f64d7c,"[""Tennis""]",1785303639.590822,KXITFMATCH-26JUL28CHAHEI-CHA,Tennis,,KXITFMATCH,5ba6a34a-c169-4b0b-b8fd-b835a2127855,KXITFMATCH-26JUL28CHAHEI,1785299809.0,quote,,1786505400.0,true,61.5000,61.0000,62.0000,5091.20,1739.56
6,ed2086c87d52482699dee6d41678911f,0,2026-07-29,2026-07-29,29354e42ef0c3a5dcfab2220f035fd1be5874df613426379bae1f33e112f560b,996bed4920d57ac31c4fb24ea30428fd6f75ebf5eff9ad3e616c6bcf81f64d7c,"[""Tennis""]",1785303639.747008,KXITFWMATCH-26JUL29SOZMIL-MIL,Tennis,,KXITFWMATCH,0ba82ca4-7c3d-4fe6-9763-af01f430c473,KXITFWMATCH-26JUL29SOZMIL,1785301725.0,quote,,1786510800.0,true,93.0000,92.0000,94.0000,865.00,5515.91
6,ed2086c87d52482699dee6d41678911f,0,2026-07-29,2026-07-29,29354e42ef0c3a5dcfab2220f035fd1be5874df613426379bae1f33e112f560b,996bed4920d57ac31c4fb24ea30428fd6f75ebf5eff9ad3e616c6bcf81f64d7c,"[""Tennis""]",1785303639.8163872,KXITFWMATCH-26JUL29YOSKIM-KIM,Tennis,,KXITFWMATCH,9b9eecb5-c6a0-414a-bcf3-57262192676d,KXITFWMATCH-26JUL29YOSKIM,1785301851.0,quote,,1786510800.0,true,67.0000,66.0000,68.0000,838.61,3722.00
6,ed2086c87d52482699dee6d41678911f,0,2026-07-29,2026-07-29,29354e42ef0c3a5dcfab2220f035fd1be5874df613426379bae1f33e112f560b,996bed4920d57ac31c4fb24ea30428fd6f75ebf5eff9ad3e616c6bcf81f64d7c,"[""Tennis""]",1785303639.885891,KXITFMATCH-26JUL28CHAHEI-HEI,Tennis,,KXITFMATCH,5ba6a34a-c169-4b0b-b8fd-b835a2127855,KXITFMATCH-26JUL28CHAHEI,1785299809.0,quote,,1786505400.0,true,38.5000,38.0000,39.0000,2579.86,5889.30
6,ed2086c87d52482699dee6d41678911f,0,2026-07-29,2026-07-29,29354e42ef0c3a5dcfab2220f035fd1be5874df613426379bae1f33e112f560b,996bed4920d57ac31c4fb24ea30428fd6f75ebf5eff9ad3e616c6bcf81f64d7c,"[""Tennis""]",1785303639.956974,KXITFWMATCH-26JUL29SOZMIL-SOZ,Tennis,,KXITFWMATCH,0ba82ca4-7c3d-4fe6-9763-af01f430c473,KXITFWMATCH-26JUL29SOZMIL,1785301725.0,quote,,1786510800.0,true,7.5000,7.0000,8.0000,1368.37,5833.91
6,ed2086c87d52482699dee6d41678911f,0,2026-07-29,2026-07-29,29354e42ef0c3a5dcfab2220f035fd1be5874df613426379bae1f33e112f560b,996bed4920d57ac31c4fb24ea30428fd6f75ebf5eff9ad3e616c6bcf81f64d7c,"[""Tennis""]",1785303640.032377,KXITFMATCH-26JUL29BRAPIE-PIE,Tennis,,KXITFMATCH,e7bed978-f0a4-4bc6-8904-d9b6730590e4,KXITFMATCH-26JUL29BRAPIE,1785305498.0,quote,,1786514400.0,true,85.5000,85.0000,86.0000,3461.00,1059.07
6,ed2086c87d52482699dee6d41678911f,0,2026-07-29,2026-07-29,29354e42ef0c3a5dcfab2220f035fd1be5874df613426379bae1f33e112f560b,996bed4920d57ac31c4fb24ea30428fd6f75ebf5eff9ad3e616c6bcf81f64d7c,"[""Tennis""]",1785303640.1027808,KXITFWMATCH-26JUL29HOSDYU-DYU,Tennis,,KXITFWMATCH,eff22484-a537-4944-bd0e-5664e98b54bd,KXITFWMATCH-26JUL29HOSDYU,1785301687.0,quote,,1786510800.0,true,83.5000,83.0000,84.0000,557.13,157.13
6,ed2086c87d52482699dee6d41678911f,0,2026-07-29,2026-07-29,29354e42ef0c3a5dcfab2220f035fd1be5874df613426379bae1f33e112f560b,996bed4920d57ac31c4fb24ea30428fd6f75ebf5eff9ad3e616c6bcf81f64d7c,"[""Tennis""]",1785303641.673834,KXITFMATCH-26JUL28PADSAT-PAD,Tennis,,KXITFMATCH,03e1243d-7dee-4056-a032-cb914b77515a,KXITFMATCH-26JUL28PADSAT,1785294636.0,quote,,1786501800.0,true,38.5000,38.0000,39.0000,20.00,997.11
6,ed2086c87d52482699dee6d41678911f,0,2026-07-29,2026-07-29,29354e42ef0c3a5dcfab2220f035fd1be5874df613426379bae1f33e112f560b,996bed4920d57ac31c4fb24ea30428fd6f75ebf5eff9ad3e616c6bcf81f64d7c,"[""Tennis""]",1785303641.743233,KXITFMATCH-26JUL28WENJON-JON,Tennis,,KXITFMATCH,5195be65-3a9b-423a-9e35-55f2f5840354,KXITFMATCH-26JUL28WENJON,1785299448.0,quote,,1786501800.0,true,72.5000,72.0000,73.0000,10993.34,19329.85
6,ed2086c87d52482699dee6d41678911f,0,2026-07-29,2026-07-29,29354e42ef0c3a5dcfab2220f035fd1be5874df613426379bae1f33e112f560b,996bed4920d57ac31c4fb24ea30428fd6f75ebf5eff9ad3e616c6bcf81f64d7c,"[""Tennis""]",1785303641.843968,KXITFMATCH-26JUL28WENJON-WEN,Tennis,,KXITFMATCH,5195be65-3a9b-423a-9e35-55f2f5840354,KXITFMATCH-26JUL28WENJON,1785299448.0,quote,,1786501800.0,true,27.5000,27.0000,28.0000,7731.18,19025.14
6,ed2086c87d52482699dee6d41678911f,0,2026-07-29,2026-07-29,29354e42ef0c3a5dcfab2220f035fd1be5874df613426379bae1f33e112f560b,996bed4920d57ac31c4fb24ea30428fd6f75ebf5eff9ad3e616c6bcf81f64d7c,"[""Tennis""]",1785303641.914643,KXITFMATCH-26JUL28CHAHEI-CHA,Tennis,,KXITFMATCH,5ba6a34a-c169-4b0b-b8fd-b835a2127855,KXITFMATCH-26JUL28CHAHEI,1785299809.0,quote,,1786505400.0,true,61.5000,61.0000,62.0000,5091.20,1739.56
6,ed2086c87d52482699dee6d41678911f,0,2026-07-29,2026-07-29,29354e42ef0c3a5dcfab2220f035fd1be5874df613426379bae1f33e112f560b,996bed4920d57ac31c4fb24ea30428fd6f75ebf5eff9ad3e616c6bcf81f64d7c,"[""Tennis""]",1785303641.9858382,KXITFWMATCH-26JUL29SOZMIL-MIL,Tennis,,KXITFWMATCH,0ba82ca4-7c3d-4fe6-9763-af01f430c473,KXITFWMATCH-26JUL29SOZMIL,1785301725.0,quote,,1786510800.0,true,93.0000,92.0000,94.0000,865.00,5515.91
6,ed2086c87d52482699dee6d41678911f,0,2026-07-29,2026-07-29,29354e42ef0c3a5dcfab2220f035fd1be5874df613426379bae1f33e112f560b,996bed4920d57ac31c4fb24ea30428fd6f75ebf5eff9ad3e616c6bcf81f64d7c,"[""Tennis""]",1785303642.0564091,KXITFWMATCH-26JUL29YOSKIM-KIM,Tennis,,KXITFWMATCH,9b9eecb5-c6a0-414a-bcf3-57262192676d,KXITFWMATCH-26JUL29YOSKIM,1785301851.0,quote,,1786510800.0,true,67.0000,66.0000,68.0000,838.61,3722.00
6,ed2086c87d52482699dee6d41678911f,0,2026-07-29,2026-07-29,29354e42ef0c3a5dcfab2220f035fd1be5874df613426379bae1f33e112f560b,996bed4920d57ac31c4fb24ea30428fd6f75ebf5eff9ad3e616c6bcf81f64d7c,"[""Tennis""]",1785303642.128125,KXITFMATCH-26JUL28CHAHEI-HEI,Tennis,,KXITFMATCH,5ba6a34a-c169-4b0b-b8fd-b835a2127855,KXITFMATCH-26JUL28CHAHEI,1785299809.0,quote,,1786505400.0,true,38.5000,38.0000,39.0000,2579.86,5889.30
6,ed2086c87d52482699dee6d41678911f,0,2026-07-29,2026-07-29,29354e42ef0c3a5dcfab2220f035fd1be5874df613426379bae1f33e112f560b,996bed4920d57ac31c4fb24ea30428fd6f75ebf5eff9ad3e616c6bcf81f64d7c,"[""Tennis""]",1785303642.201795,KXITFWMATCH-26JUL29SOZMIL-SOZ,Tennis,,KXITFWMATCH,0ba82ca4-7c3d-4fe6-9763-af01f430c473,KXITFWMATCH-26JUL29SOZMIL,1785301725.0,quote,,1786510800.0,true,7.5000,7.0000,8.0000,1368.37,5833.91
6,ed2086c87d52482699dee6d41678911f,0,2026-07-29,2026-07-29,29354e42ef0c3a5dcfab2220f035fd1be5874df613426379bae1f33e112f560b,996bed4920d57ac31c4fb24ea30428fd6f75ebf5eff9ad3e616c6bcf81f64d7c,"[""Tennis""]",1785303642.271542,KXITFMATCH-26JUL29BRAPIE-PIE,Tennis,,KXITFMATCH,e7bed978-f0a4-4bc6-8904-d9b6730590e4,KXITFMATCH-26JUL29BRAPIE,1785305498.0,quote,,1786514400.0,true,85.5000,85.0000,86.0000,3461.00,1059.07
6,ed2086c87d52482699dee6d41678911f,0,2026-07-29,2026-07-29,29354e42ef0c3a5dcfab2220f035fd1be5874df613426379bae1f33e112f560b,996bed4920d57ac31c4fb24ea30428fd6f75ebf5eff9ad3e616c6bcf81f64d7c,"[""Tennis""]",1785303642.4283898,KXITFWMATCH-26JUL29HOSDYU-DYU,Tennis,,KXITFWMATCH,eff22484-a537-4944-bd0e-5664e98b54bd,KXITFWMATCH-26JUL29HOSDYU,1785301687.0,quote,,1786510800.0,true,83.5000,83.0000,84.0000,557.13,157.13
6,ed2086c87d52482699dee6d41678911f,0,2026-07-29,2026-07-29,29354e42ef0c3a5dcfab2220f035fd1be5874df613426379bae1f33e112f560b,996bed4920d57ac31c4fb24ea30428fd6f75ebf5eff9ad3e616c6bcf81f64d7c,"[""Tennis""]",1785303644.0103831,KXITFMATCH-26JUL28PADSAT-PAD,Tennis,,KXITFMATCH,03e1243d-7dee-4056-a032-cb914b77515a,KXITFMATCH-26JUL28PADSAT,1785294636.0,quote,,1786501800.0,true,38.5000,38.0000,39.0000,20.00,997.11
6,ed2086c87d52482699dee6d41678911f,0,2026-07-29,2026-07-29,29354e42ef0c3a5dcfab2220f035fd1be5874df613426379bae1f33e112f560b,996bed4920d57ac31c4fb24ea30428fd6f75ebf5eff9ad3e616c6bcf81f64d7c,"[""Tennis""]",1785303644.0857139,KXITFMATCH-26JUL28WENJON-JON,Tennis,,KXITFMATCH,5195be65-3a9b-423a-9e35-55f2f5840354,KXITFMATCH-26JUL28WENJON,1785299448.0,quote,,1786501800.0,true,73.5000,73.0000,74.0000,1995.00,1.00
6,ed2086c87d52482699dee6d41678911f,0,2026-07-29,2026-07-29,29354e42ef0c3a5dcfab2220f035fd1be5874df613426379bae1f33e112f560b,996bed4920d57ac31c4fb24ea30428fd6f75ebf5eff9ad3e616c6bcf81f64d7c,"[""Tennis""]",1785303644.158955,KXITFMATCH-26JUL28WENJON-WEN,Tennis,,KXITFMATCH,5195be65-3a9b-423a-9e35-55f2f5840354,KXITFMATCH-26JUL28WENJON,1785299448.0,quote,,1786501800.0,true,27.5000,27.0000,28.0000,7731.18,19025.14
6,ed2086c87d52482699dee6d41678911f,0,2026-07-29,2026-07-29,29354e42ef0c3a5dcfab2220f035fd1be5874df613426379bae1f33e112f560b,996bed4920d57ac31c4fb24ea30428fd6f75ebf5eff9ad3e616c6bcf81f64d7c,"[""Tennis""]",1785303644.233566,KXITFMATCH-26JUL28CHAHEI-CHA,Tennis,,KXITFMATCH,5ba6a34a-c169-4b0b-b8fd-b835a2127855,KXITFMATCH-26JUL28CHAHEI,1785299809.0,quote,,1786505400.0,true,61.5000,61.0000,62.0000,5091.20,1739.56
6,ed2086c87d52482699dee6d41678911f,0,2026-07-29,2026-07-29,29354e42ef0c3a5dcfab2220f035fd1be5874df613426379bae1f33e112f560b,996bed4920d57ac31c4fb24ea30428fd6f75ebf5eff9ad3e616c6bcf81f64d7c,"[""Tennis""]",1785303644.3073,KXITFWMATCH-26JUL29SOZMIL-MIL,Tennis,,KXITFWMATCH,0ba82ca4-7c3d-4fe6-9763-af01f430c473,KXITFWMATCH-26JUL29SOZMIL,1785301725.0,quote,,1786510800.0,true,92.5000,92.0000,93.0000,3198.92,1367.50
6,ed2086c87d52482699dee6d41678911f,0,2026-07-29,2026-07-29,29354e42ef0c3a5dcfab2220f035fd1be5874df613426379bae1f33e112f560b,996bed4920d57ac31c4fb24ea30428fd6f75ebf5eff9ad3e616c6bcf81f64d7c,"[""Tennis""]",1785303644.464857,KXITFWMATCH-26JUL29YOSKIM-KIM,Tennis,,KXITFWMATCH,9b9eecb5-c6a0-414a-bcf3-57262192676d,KXITFWMATCH-26JUL29YOSKIM,1785301851.0,quote,,1786510800.0,true,67.0000,66.0000,68.0000,838.61,3722.00
6,ed2086c87d52482699dee6d41678911f,0,2026-07-29,2026-07-29,29354e42ef0c3a5dcfab2220f035fd1be5874df613426379bae1f33e112f560b,996bed4920d57ac31c4fb24ea30428fd6f75ebf5eff9ad3e616c6bcf81f64d7c,"[""Tennis""]",1785303644.538574,KXITFMATCH-26JUL28CHAHEI-HEI,Tennis,,KXITFMATCH,5ba6a34a-c169-4b0b-b8fd-b835a2127855,KXITFMATCH-26JUL28CHAHEI,1785299809.0,quote,,1786505400.0,true,36.0000,35.0000,37.0000,19.00,168.24
6,ed2086c87d52482699dee6d41678911f,0,2026-07-29,2026-07-29,29354e42ef0c3a5dcfab2220f035fd1be5874df613426379bae1f33e112f560b,996bed4920d57ac31c4fb24ea30428fd6f75ebf5eff9ad3e616c6bcf81f64d7c,"[""Tennis""]",1785303644.6135302,KXITFWMATCH-26JUL29SOZMIL-SOZ,Tennis,,KXITFWMATCH,0ba82ca4-7c3d-4fe6-9763-af01f430c473,KXITFWMATCH-26JUL29SOZMIL,1785301725.0,quote,,1786510800.0,true,7.5000,7.0000,8.0000,1368.37,5833.91
6,ed2086c87d52482699dee6d41678911f,0,2026-07-29,2026-07-29,29354e42ef0c3a5dcfab2220f035fd1be5874df613426379bae1f33e112f560b,996bed4920d57ac31c4fb24ea30428fd6f75ebf5eff9ad3e616c6bcf81f64d7c,"[""Tennis""]",1785303644.688587,KXITFMATCH-26JUL29BRAPIE-PIE,Tennis,,KXITFMATCH,e7bed978-f0a4-4bc6-8904-d9b6730590e4,KXITFMATCH-26JUL29BRAPIE,1785305498.0,quote,,1786514400.0,true,85.5000,85.0000,86.0000,3461.00,1059.07
6,ed2086c87d52482699dee6d41678911f,0,2026-07-29,2026-07-29,29354e42ef0c3a5dcfab2220f035fd1be5874df613426379bae1f33e112f560b,996bed4920d57ac31c4fb24ea30428fd6f75ebf5eff9ad3e616c6bcf81f64d7c,"[""Tennis""]",1785303644.75937,KXITFWMATCH-26JUL29HOSDYU-DYU,Tennis,,KXITFWMATCH,eff22484-a537-4944-bd0e-5664e98b54bd,KXITFWMATCH-26JUL29HOSDYU,1785301687.0,quote,,1786510800.0,true,83.5000,83.0000,84.0000,557.13,157.13
6,ed2086c87d52482699dee6d41678911f,0,2026-07-29,2026-07-29,29354e42ef0c3a5dcfab2220f035fd1be5874df613426379bae1f33e112f560b,996bed4920d57ac31c4fb24ea30428fd6f75ebf5eff9ad3e616c6bcf81f64d7c,"[""Tennis""]",1785303646.3401248,KXITFMATCH-26JUL28PADSAT-PAD,Tennis,,KXITFMATCH,03e1243d-7dee-4056-a032-cb914b77515a,KXITFMATCH-26JUL28PADSAT,1785294636.0,quote,,1786501800.0,true,38.5000,38.0000,39.0000,20.00,997.11
6,ed2086c87d52482699dee6d41678911f,0,2026-07-29,2026-07-29,29354e42ef0c3a5dcfab2220f035fd1be5874df613426379bae1f33e112f560b,996bed4920d57ac31c4fb24ea30428fd6f75ebf5eff9ad3e616c6bcf81f64d7c,"[""Tennis""]",1785303646.410553,KXITFMATCH-26JUL28WENJON-JON,Tennis,,KXITFMATCH,5195be65-3a9b-423a-9e35-55f2f5840354,KXITFMATCH-26JUL28WENJON,1785299448.0,quote,,1786501800.0,true,73.5000,73.0000,74.0000,1995.00,1.00
6,ed2086c87d52482699dee6d41678911f,0,2026-07-29,2026-07-29,29354e42ef0c3a5dcfab2220f035fd1be5874df613426379bae1f33e112f560b,996bed4920d57ac31c4fb24ea30428fd6f75ebf5eff9ad3e616c6bcf81f64d7c,"[""Tennis""]",1785303646.5628211,KXITFMATCH-26JUL28WENJON-WEN,Tennis,,KXITFMATCH,5195be65-3a9b-423a-9e35-55f2f5840354,KXITFMATCH-26JUL28WENJON,1785299448.0,quote,,1786501800.0,true,27.5000,27.0000,28.0000,7731.18,19025.14
6,ed2086c87d52482699dee6d41678911f,0,2026-07-29,2026-07-29,29354e42ef0c3a5dcfab2220f035fd1be5874df613426379bae1f33e112f560b,996bed4920d57ac31c4fb24ea30428fd6f75ebf5eff9ad3e616c6bcf81f64d7c,"[""Tennis""]",1785303646.63401,KXITFMATCH-26JUL28CHAHEI-CHA,Tennis,,KXITFMATCH,5ba6a34a-c169-4b0b-b8fd-b835a2127855,KXITFMATCH-26JUL28CHAHEI,1785299809.0,quote,,1786505400.0,true,61.5000,61.0000,62.0000,5091.20,1739.56
6,ed2086c87d52482699dee6d41678911f,0,2026-07-29,2026-07-29,29354e42ef0c3a5dcfab2220f035fd1be5874df613426379bae1f33e112f560b,996bed4920d57ac31c4fb24ea30428fd6f75ebf5eff9ad3e616c6bcf81f64d7c,"[""Tennis""]",1785303646.7050729,KXITFWMATCH-26JUL29SOZMIL-MIL,Tennis,,KXITFWMATCH,0ba82ca4-7c3d-4fe6-9763-af01f430c473,KXITFWMATCH-26JUL29SOZMIL,1785301725.0,quote,,1786510800.0,true,92.5000,92.0000,93.0000,3198.92,1367.50
6,ed2086c87d52482699dee6d41678911f,0,2026-07-29,2026-07-29,29354e42ef0c3a5dcfab2220f035fd1be5874df613426379bae1f33e112f560b,996bed4920d57ac31c4fb24ea30428fd6f75ebf5eff9ad3e616c6bcf81f64d7c,"[""Tennis""]",1785303646.781854,KXITFWMATCH-26JUL29YOSKIM-KIM,Tennis,,KXITFWMATCH,9b9eecb5-c6a0-414a-bcf3-57262192676d,KXITFWMATCH-26JUL29YOSKIM,1785301851.0,quote,,1786510800.0,true,67.0000,66.0000,68.0000,838.61,3722.00
6,ed2086c87d52482699dee6d41678911f,0,2026-07-29,2026-07-29,29354e42ef0c3a5dcfab2220f035fd1be5874df613426379bae1f33e112f560b,996bed4920d57ac31c4fb24ea30428fd6f75ebf5eff9ad3e616c6bcf81f64d7c,"[""Tennis""]",1785303646.851837,KXITFMATCH-26JUL28CHAHEI-HEI,Tennis,,KXITFMATCH,5ba6a34a-c169-4b0b-b8fd-b835a2127855,KXITFMATCH-26JUL28CHAHEI,1785299809.0,quote,,1786505400.0,true,36.0000,35.0000,37.0000,19.00,168.24
6,ed2086c87d52482699dee6d41678911f,0,2026-07-29,2026-07-29,29354e42ef0c3a5dcfab2220f035fd1be5874df613426379bae1f33e112f560b,996bed4920d57ac31c4fb24ea30428fd6f75ebf5eff9ad3e616c6bcf81f64d7c,"[""Tennis""]",1785303646.9258702,KXITFWMATCH-26JUL29SOZMIL-SOZ,Tennis,,KXITFWMATCH,0ba82ca4-7c3d-4fe6-9763-af01f430c473,KXITFWMATCH-26JUL29SOZMIL,1785301725.0,quote,,1786510800.0,true,7.5000,7.0000,8.0000,1368.37,5833.91
6,ed2086c87d52482699dee6d41678911f,0,2026-07-29,2026-07-29,29354e42ef0c3a5dcfab2220f035fd1be5874df613426379bae1f33e112f560b,996bed4920d57ac31c4fb24ea30428fd6f75ebf5eff9ad3e616c6bcf81f64d7c,"[""Tennis""]",1785303647.082758,KXITFMATCH-26JUL29BRAPIE-PIE,Tennis,,KXITFMATCH,e7bed978-f0a4-4bc6-8904-d9b6730590e4,KXITFMATCH-26JUL29BRAPIE,1785305498.0,quote,,1786514400.0,true,85.5000,85.0000,86.0000,3461.00,1059.07
6,ed2086c87d52482699dee6d41678911f,0,2026-07-29,2026-07-29,29354e42ef0c3a5dcfab2220f035fd1be5874df613426379bae1f33e112f560b,996bed4920d57ac31c4fb24ea30428fd6f75ebf5eff9ad3e616c6bcf81f64d7c,"[""Tennis""]",1785303647.158602,KXITFWMATCH-26JUL29HOSDYU-DYU,Tennis,,KXITFWMATCH,eff22484-a537-4944-bd0e-5664e98b54bd,KXITFWMATCH-26JUL29HOSDYU,1785301687.0,quote,,1786510800.0,true,83.5000,83.0000,84.0000,557.13,157.13
6,ed2086c87d52482699dee6d41678911f,0,2026-07-29,2026-07-29,29354e42ef0c3a5dcfab2220f035fd1be5874df613426379bae1f33e112f560b,996bed4920d57ac31c4fb24ea30428fd6f75ebf5eff9ad3e616c6bcf81f64d7c,"[""Tennis""]",1785303648.742687,KXITFMATCH-26JUL28PADSAT-PAD,Tennis,,KXITFMATCH,03e1243d-7dee-4056-a032-cb914b77515a,KXITFMATCH-26JUL28PADSAT,1785294636.0,quote,,1786501800.0,true,38.5000,38.0000,39.0000,20.00,997.11
6,ed2086c87d52482699dee6d41678911f,0,2026-07-29,2026-07-29,29354e42ef0c3a5dcfab2220f035fd1be5874df613426379bae1f33e112f560b,996bed4920d57ac31c4fb24ea30428fd6f75ebf5eff9ad3e616c6bcf81f64d7c,"[""Tennis""]",1785303648.8133838,KXITFMATCH-26JUL28WENJON-JON,Tennis,,KXITFMATCH,5195be65-3a9b-423a-9e35-55f2f5840354,KXITFMATCH-26JUL28WENJON,1785299448.0,quote,,1786501800.0,true,73.5000,73.0000,74.0000,1995.00,1.00
6,ed2086c87d52482699dee6d41678911f,0,2026-07-29,2026-07-29,29354e42ef0c3a5dcfab2220f035fd1be5874df613426379bae1f33e112f560b,996bed4920d57ac31c4fb24ea30428fd6f75ebf5eff9ad3e616c6bcf81f64d7c,"[""Tennis""]",1785303648.884556,KXITFMATCH-26JUL28WENJON-WEN,Tennis,,KXITFMATCH,5195be65-3a9b-423a-9e35-55f2f5840354,KXITFMATCH-26JUL28WENJON,1785299448.0,quote,,1786501800.0,true,27.5000,27.0000,28.0000,1.00,38.10
6,ed2086c87d52482699dee6d41678911f,0,2026-07-29,2026-07-29,29354e42ef0c3a5dcfab2220f035fd1be5874df613426379bae1f33e112f560b,996bed4920d57ac31c4fb24ea30428fd6f75ebf5eff9ad3e616c6bcf81f64d7c,"[""Tennis""]",1785303648.953296,KXITFMATCH-26JUL28CHAHEI-CHA,Tennis,,KXITFMATCH,5ba6a34a-c169-4b0b-b8fd-b835a2127855,KXITFMATCH-26JUL28CHAHEI,1785299809.0,quote,,1786505400.0,true,62.0000,61.0000,63.0000,1953.85,150.00
6,ed2086c87d52482699dee6d41678911f,0,2026-07-29,2026-07-29,29354e42ef0c3a5dcfab2220f035fd1be5874df613426379bae1f33e112f560b,996bed4920d57ac31c4fb24ea30428fd6f75ebf5eff9ad3e616c6bcf81f64d7c,"[""Tennis""]",1785303649.025888,KXITFWMATCH-26JUL29SOZMIL-MIL,Tennis,,KXITFWMATCH,0ba82ca4-7c3d-4fe6-9763-af01f430c473,KXITFWMATCH-26JUL29SOZMIL,1785301725.0,quote,,1786510800.0,true,92.5000,92.0000,93.0000,3198.92,1367.50
6,ed2086c87d52482699dee6d41678911f,0,2026-07-29,2026-07-29,29354e42ef0c3a5dcfab2220f035fd1be5874df613426379bae1f33e112f560b,996bed4920d57ac31c4fb24ea30428fd6f75ebf5eff9ad3e616c6bcf81f64d7c,"[""Tennis""]",1785303649.184526,KXITFWMATCH-26JUL29YOSKIM-KIM,Tennis,,KXITFWMATCH,9b9eecb5-c6a0-414a-bcf3-57262192676d,KXITFWMATCH-26JUL29YOSKIM,1785301851.0,quote,,1786510800.0,true,67.0000,66.0000,68.0000,838.61,3722.00
6,ed2086c87d52482699dee6d41678911f,0,2026-07-29,2026-07-29,29354e42ef0c3a5dcfab2220f035fd1be5874df613426379bae1f33e112f560b,996bed4920d57ac31c4fb24ea30428fd6f75ebf5eff9ad3e616c6bcf81f64d7c,"[""Tennis""]",1785303649.25666,KXITFMATCH-26JUL28CHAHEI-HEI,Tennis,,KXITFMATCH,5ba6a34a-c169-4b0b-b8fd-b835a2127855,KXITFMATCH-26JUL28CHAHEI,1785299809.0,quote,,1786505400.0,true,36.0000,35.0000,37.0000,19.00,168.24
6,ed2086c87d52482699dee6d41678911f,0,2026-07-29,2026-07-29,29354e42ef0c3a5dcfab2220f035fd1be5874df613426379bae1f33e112f560b,996bed4920d57ac31c4fb24ea30428fd6f75ebf5eff9ad3e616c6bcf81f64d7c,"[""Tennis""]",1785303649.32582,KXITFWMATCH-26JUL29SOZMIL-SOZ,Tennis,,KXITFWMATCH,0ba82ca4-7c3d-4fe6-9763-af01f430c473,KXITFWMATCH-26JUL29SOZMIL,1785301725.0,quote,,1786510800.0,true,7.5000,7.0000,8.0000,1368.37,5833.91
6,ed2086c87d52482699dee6d41678911f,0,2026-07-29,2026-07-29,29354e42ef0c3a5dcfab2220f035fd1be5874df613426379bae1f33e112f560b,996bed4920d57ac31c4fb24ea30428fd6f75ebf5eff9ad3e616c6bcf81f64d7c,"[""Tennis""]",1785303649.397515,KXITFMATCH-26JUL29BRAPIE-PIE,Tennis,,KXITFMATCH,e7bed978-f0a4-4bc6-8904-d9b6730590e4,KXITFMATCH-26JUL29BRAPIE,1785305498.0,quote,,1786514400.0,true,85.5000,85.0000,86.0000,3461.00,1059.07
6,ed2086c87d52482699dee6d41678911f,0,2026-07-29,2026-07-29,29354e42ef0c3a5dcfab2220f035fd1be5874df613426379bae1f33e112f560b,996bed4920d57ac31c4fb24ea30428fd6f75ebf5eff9ad3e616c6bcf81f64d7c,"[""Tennis""]",1785303649.474058,KXITFWMATCH-26JUL29HOSDYU-DYU,Tennis,,KXITFWMATCH,eff22484-a537-4944-bd0e-5664e98b54bd,KXITFWMATCH-26JUL29HOSDYU,1785301687.0,quote,,1786510800.0,true,83.5000,82.0000,85.0000,8.36,181.69
6,ed2086c87d52482699dee6d41678911f,0,2026-07-29,2026-07-29,29354e42ef0c3a5dcfab2220f035fd1be5874df613426379bae1f33e112f560b,996bed4920d57ac31c4fb24ea30428fd6f75ebf5eff9ad3e616c6bcf81f64d7c,"[""Tennis""]",1785303651.05146,KXITFMATCH-26JUL28PADSAT-PAD,Tennis,,KXITFMATCH,03e1243d-7dee-4056-a032-cb914b77515a,KXITFMATCH-26JUL28PADSAT,1785294636.0,quote,,1786501800.0,true,41.5000,41.0000,42.0000,20457.29,25580.07
6,ed2086c87d52482699dee6d41678911f,0,2026-07-29,2026-07-29,29354e42ef0c3a5dcfab2220f035fd1be5874df613426379bae1f33e112f560b,996bed4920d57ac31c4fb24ea30428fd6f75ebf5eff9ad3e616c6bcf81f64d7c,"[""Tennis""]",1785303651.125767,KXITFMATCH-26JUL28WENJON-JON,Tennis,,KXITFMATCH,5195be65-3a9b-423a-9e35-55f2f5840354,KXITFMATCH-26JUL28WENJON,1785299448.0,quote,,1786501800.0,true,73.5000,73.0000,74.0000,1995.00,1.00
6,ed2086c87d52482699dee6d41678911f,0,2026-07-29,2026-07-29,29354e42ef0c3a5dcfab2220f035fd1be5874df613426379bae1f33e112f560b,996bed4920d57ac31c4fb24ea30428fd6f75ebf5eff9ad3e616c6bcf81f64d7c,"[""Tennis""]",1785303651.280761,KXITFMATCH-26JUL28WENJON-WEN,Tennis,,KXITFMATCH,5195be65-3a9b-423a-9e35-55f2f5840354,KXITFMATCH-26JUL28WENJON,1785299448.0,quote,,1786501800.0,true,27.5000,27.0000,28.0000,1.00,38.10
6,ed2086c87d52482699dee6d41678911f,0,2026-07-29,2026-07-29,29354e42ef0c3a5dcfab2220f035fd1be5874df613426379bae1f33e112f560b,996bed4920d57ac31c4fb24ea30428fd6f75ebf5eff9ad3e616c6bcf81f64d7c,"[""Tennis""]",1785303651.352372,KXITFMATCH-26JUL28CHAHEI-CHA,Tennis,,KXITFMATCH,5ba6a34a-c169-4b0b-b8fd-b835a2127855,KXITFMATCH-26JUL28CHAHEI,1785299809.0,quote,,1786505400.0,true,62.0000,61.0000,63.0000,1953.85,150.00
6,ed2086c87d52482699dee6d41678911f,0,2026-07-29,2026-07-29,29354e42ef0c3a5dcfab2220f035fd1be5874df613426379bae1f33e112f560b,996bed4920d57ac31c4fb24ea30428fd6f75ebf5eff9ad3e616c6bcf81f64d7c,"[""Tennis""]",1785303651.4245172,KXITFWMATCH-26JUL29SOZMIL-MIL,Tennis,,KXITFWMATCH,0ba82ca4-7c3d-4fe6-9763-af01f430c473,KXITFWMATCH-26JUL29SOZMIL,1785301725.0,quote,,1786510800.0,true,92.5000,92.0000,93.0000,3198.92,1367.50
6,ed2086c87d52482699dee6d41678911f,0,2026-07-29,2026-07-29,29354e42ef0c3a5dcfab2220f035fd1be5874df613426379bae1f33e112f560b,996bed4920d57ac31c4fb24ea30428fd6f75ebf5eff9ad3e616c6bcf81f64d7c,"[""Tennis""]",1785303651.4996212,KXITFWMATCH-26JUL29YOSKIM-KIM,Tennis,,KXITFWMATCH,9b9eecb5-c6a0-414a-bcf3-57262192676d,KXITFWMATCH-26JUL29YOSKIM,1785301851.0,quote,,1786510800.0,true,66.5000,65.0000,68.0000,1269.96,5196.15
6,ed2086c87d52482699dee6d41678911f,0,2026-07-29,2026-07-29,29354e42ef0c3a5dcfab2220f035fd1be5874df613426379bae1f33e112f560b,996bed4920d57ac31c4fb24ea30428fd6f75ebf5eff9ad3e616c6bcf81f64d7c,"[""Tennis""]",1785303651.572269,KXITFMATCH-26JUL28CHAHEI-HEI,Tennis,,KXITFMATCH,5ba6a34a-c169-4b0b-b8fd-b835a2127855,KXITFMATCH-26JUL28CHAHEI,1785299809.0,quote,,1786505400.0,true,36.0000,35.0000,37.0000,19.00,168.24
6,ed2086c87d52482699dee6d41678911f,0,2026-07-29,2026-07-29,29354e42ef0c3a5dcfab2220f035fd1be5874df613426379bae1f33e112f560b,996bed4920d57ac31c4fb24ea30428fd6f75ebf5eff9ad3e616c6bcf81f64d7c,"[""Tennis""]",1785303651.806321,KXITFWMATCH-26JUL29SOZMIL-SOZ,Tennis,,KXITFWMATCH,0ba82ca4-7c3d-4fe6-9763-af01f430c473,KXITFWMATCH-26JUL29SOZMIL,1785301725.0,quote,,1786510800.0,true,7.0000,6.0000,8.0000,4993.76,2536.32
6,ed2086c87d52482699dee6d41678911f,0,2026-07-29,2026-07-29,29354e42ef0c3a5dcfab2220f035fd1be5874df613426379bae1f33e112f560b,996bed4920d57ac31c4fb24ea30428fd6f75ebf5eff9ad3e616c6bcf81f64d7c,"[""Tennis""]",1785303651.879715,KXITFMATCH-26JUL29BRAPIE-PIE,Tennis,,KXITFMATCH,e7bed978-f0a4-4bc6-8904-d9b6730590e4,KXITFMATCH-26JUL29BRAPIE,1785305498.0,quote,,1786514400.0,true,85.5000,85.0000,86.0000,3461.00,1059.07
6,ed2086c87d52482699dee6d41678911f,0,2026-07-29,2026-07-29,29354e42ef0c3a5dcfab2220f035fd1be5874df613426379bae1f33e112f560b,996bed4920d57ac31c4fb24ea30428fd6f75ebf5eff9ad3e616c6bcf81f64d7c,"[""Tennis""]",1785303651.970882,KXITFWMATCH-26JUL29HOSDYU-DYU,Tennis,,KXITFWMATCH,eff22484-a537-4944-bd0e-5664e98b54bd,KXITFWMATCH-26JUL29HOSDYU,1785301687.0,quote,,1786510800.0,true,83.5000,82.0000,85.0000,8.36,181.69
6,ed2086c87d52482699dee6d41678911f,0,2026-07-29,2026-07-29,29354e42ef0c3a5dcfab2220f035fd1be5874df613426379bae1f33e112f560b,996bed4920d57ac31c4fb24ea30428fd6f75ebf5eff9ad3e616c6bcf81f64d7c,"[""Tennis""]",1785303653.555743,KXITFMATCH-26JUL28PADSAT-PAD,Tennis,,KXITFMATCH,03e1243d-7dee-4056-a032-cb914b77515a,KXITFMATCH-26JUL28PADSAT,1785294636.0,quote,,1786501800.0,true,41.5000,41.0000,42.0000,20457.29,25580.07
6,ed2086c87d52482699dee6d41678911f,0,2026-07-29,2026-07-29,29354e42ef0c3a5dcfab2220f035fd1be5874df613426379bae1f33e112f560b,996bed4920d57ac31c4fb24ea30428fd6f75ebf5eff9ad3e616c6bcf81f64d7c,"[""Tennis""]",1785303653.6553862,KXITFMATCH-26JUL28WENJON-JON,Tennis,,KXITFMATCH,5195be65-3a9b-423a-9e35-55f2f5840354,KXITFMATCH-26JUL28WENJON,1785299448.0,quote,,1786501800.0,true,73.5000,73.0000,74.0000,1995.00,1.00
6,ed2086c87d52482699dee6d41678911f,0,2026-07-29,2026-07-29,29354e42ef0c3a5dcfab2220f035fd1be5874df613426379bae1f33e112f560b,996bed4920d57ac31c4fb24ea30428fd6f75ebf5eff9ad3e616c6bcf81f64d7c,"[""Tennis""]",1785303653.907074,KXITFMATCH-26JUL28WENJON-WEN,Tennis,,KXITFMATCH,5195be65-3a9b-423a-9e35-55f2f5840354,KXITFMATCH-26JUL28WENJON,1785299448.0,quote,,1786501800.0,true,27.5000,27.0000,28.0000,1.00,38.10
6,ed2086c87d52482699dee6d41678911f,0,2026-07-29,2026-07-29,29354e42ef0c3a5dcfab2220f035fd1be5874df613426379bae1f33e112f560b,996bed4920d57ac31c4fb24ea30428fd6f75ebf5eff9ad3e616c6bcf81f64d7c,"[""Tennis""]",1785303653.993552,KXITFMATCH-26JUL28CHAHEI-CHA,Tennis,,KXITFMATCH,5ba6a34a-c169-4b0b-b8fd-b835a2127855,KXITFMATCH-26JUL28CHAHEI,1785299809.0,quote,,1786505400.0,true,62.0000,61.0000,63.0000,1953.85,150.00
6,ed2086c87d52482699dee6d41678911f,0,2026-07-29,2026-07-29,29354e42ef0c3a5dcfab2220f035fd1be5874df613426379bae1f33e112f560b,996bed4920d57ac31c4fb24ea30428fd6f75ebf5eff9ad3e616c6bcf81f64d7c,"[""Tennis""]",1785303654.06691,KXITFWMATCH-26JUL29SOZMIL-MIL,Tennis,,KXITFWMATCH,0ba82ca4-7c3d-4fe6-9763-af01f430c473,KXITFWMATCH-26JUL29SOZMIL,1785301725.0,quote,,1786510800.0,true,92.5000,92.0000,93.0000,3198.92,1367.50
6,ed2086c87d52482699dee6d41678911f,0,2026-07-29,2026-07-29,29354e42ef0c3a5dcfab2220f035fd1be5874df613426379bae1f33e112f560b,996bed4920d57ac31c4fb24ea30428fd6f75ebf5eff9ad3e616c6bcf81f64d7c,"[""Tennis""]",1785303654.1664808,KXITFWMATCH-26JUL29YOSKIM-KIM,Tennis,,KXITFWMATCH,9b9eecb5-c6a0-414a-bcf3-57262192676d,KXITFWMATCH-26JUL29YOSKIM,1785301851.0,quote,,1786510800.0,true,66.5000,65.0000,68.0000,1269.96,5196.15
6,ed2086c87d52482699dee6d41678911f,0,2026-07-29,2026-07-29,29354e42ef0c3a5dcfab2220f035fd1be5874df613426379bae1f33e112f560b,996bed4920d57ac31c4fb24ea30428fd6f75ebf5eff9ad3e616c6bcf81f64d7c,"[""Tennis""]",1785303654.241386,KXITFMATCH-26JUL28CHAHEI-HEI,Tennis,,KXITFMATCH,5ba6a34a-c169-4b0b-b8fd-b835a2127855,KXITFMATCH-26JUL28CHAHEI,1785299809.0,quote,,1786505400.0,true,36.0000,35.0000,37.0000,19.00,168.24
6,ed2086c87d52482699dee6d41678911f,0,2026-07-29,2026-07-29,29354e42ef0c3a5dcfab2220f035fd1be5874df613426379bae1f33e112f560b,996bed4920d57ac31c4fb24ea30428fd6f75ebf5eff9ad3e616c6bcf81f64d7c,"[""Tennis""]",1785303654.431773,KXITFWMATCH-26JUL29SOZMIL-SOZ,Tennis,,KXITFWMATCH,0ba82ca4-7c3d-4fe6-9763-af01f430c473,KXITFWMATCH-26JUL29SOZMIL,1785301725.0,quote,,1786510800.0,true,7.0000,6.0000,8.0000,4993.76,2536.32
6,ed2086c87d52482699dee6d41678911f,0,2026-07-29,2026-07-29,29354e42ef0c3a5dcfab2220f035fd1be5874df613426379bae1f33e112f560b,996bed4920d57ac31c4fb24ea30428fd6f75ebf5eff9ad3e616c6bcf81f64d7c,"[""Tennis""]",1785303654.5030038,KXITFMATCH-26JUL29BRAPIE-PIE,Tennis,,KXITFMATCH,e7bed978-f0a4-4bc6-8904-d9b6730590e4,KXITFMATCH-26JUL29BRAPIE,1785305498.0,quote,,1786514400.0,true,85.5000,85.0000,86.0000,3461.00,1059.07
6,ed2086c87d52482699dee6d41678911f,0,2026-07-29,2026-07-29,29354e42ef0c3a5dcfab2220f035fd1be5874df613426379bae1f33e112f560b,996bed4920d57ac31c4fb24ea30428fd6f75ebf5eff9ad3e616c6bcf81f64d7c,"[""Tennis""]",1785303654.5809479,KXITFWMATCH-26JUL29HOSDYU-DYU,Tennis,,KXITFWMATCH,eff22484-a537-4944-bd0e-5664e98b54bd,KXITFWMATCH-26JUL29HOSDYU,1785301687.0,quote,,1786510800.0,true,83.5000,82.0000,85.0000,8.36,181.69
6,ed2086c87d52482699dee6d41678911f,0,2026-07-29,2026-07-29,29354e42ef0c3a5dcfab2220f035fd1be5874df613426379bae1f33e112f560b,996bed4920d57ac31c4fb24ea30428fd6f75ebf5eff9ad3e616c6bcf81f64d7c,"[""Tennis""]",1785303656.1609979,KXITFMATCH-26JUL28PADSAT-PAD,Tennis,,KXITFMATCH,03e1243d-7dee-4056-a032-cb914b77515a,KXITFMATCH-26JUL28PADSAT,1785294636.0,quote,,1786501800.0,true,41.5000,41.0000,42.0000,20457.29,25580.07
6,ed2086c87d52482699dee6d41678911f,0,2026-07-29,2026-07-29,29354e42ef0c3a5dcfab2220f035fd1be5874df613426379bae1f33e112f560b,996bed4920d57ac31c4fb24ea30428fd6f75ebf5eff9ad3e616c6bcf81f64d7c,"[""Tennis""]",1785303656.255759,KXITFMATCH-26JUL28WENJON-JON,Tennis,,KXITFMATCH,5195be65-3a9b-423a-9e35-55f2f5840354,KXITFMATCH-26JUL28WENJON,1785299448.0,quote,,1786501800.0,true,73.5000,73.0000,74.0000,1995.00,1.00
6,ed2086c87d52482699dee6d41678911f,0,2026-07-29,2026-07-29,29354e42ef0c3a5dcfab2220f035fd1be5874df613426379bae1f33e112f560b,996bed4920d57ac31c4fb24ea30428fd6f75ebf5eff9ad3e616c6bcf81f64d7c,"[""Tennis""]",1785303656.331529,KXITFMATCH-26JUL28WENJON-WEN,Tennis,,KXITFMATCH,5195be65-3a9b-423a-9e35-55f2f5840354,KXITFMATCH-26JUL28WENJON,1785299448.0,quote,,1786501800.0,true,27.5000,27.0000,28.0000,1.00,38.10
6,ed2086c87d52482699dee6d41678911f,0,2026-07-29,2026-07-29,29354e42ef0c3a5dcfab2220f035fd1be5874df613426379bae1f33e112f560b,996bed4920d57ac31c4fb24ea30428fd6f75ebf5eff9ad3e616c6bcf81f64d7c,"[""Tennis""]",1785303656.5278232,KXITFMATCH-26JUL28CHAHEI-CHA,Tennis,,KXITFMATCH,5ba6a34a-c169-4b0b-b8fd-b835a2127855,KXITFMATCH-26JUL28CHAHEI,1785299809.0,quote,,1786505400.0,true,62.0000,61.0000,63.0000,1953.85,150.00
6,ed2086c87d52482699dee6d41678911f,0,2026-07-29,2026-07-29,29354e42ef0c3a5dcfab2220f035fd1be5874df613426379bae1f33e112f560b,996bed4920d57ac31c4fb24ea30428fd6f75ebf5eff9ad3e616c6bcf81f64d7c,"[""Tennis""]",1785303656.598337,KXITFWMATCH-26JUL29SOZMIL-MIL,Tennis,,KXITFWMATCH,0ba82ca4-7c3d-4fe6-9763-af01f430c473,KXITFWMATCH-26JUL29SOZMIL,1785301725.0,quote,,1786510800.0,true,92.5000,92.0000,93.0000,3302.46,1344.16
6,ed2086c87d52482699dee6d41678911f,0,2026-07-29,2026-07-29,29354e42ef0c3a5dcfab2220f035fd1be5874df613426379bae1f33e112f560b,996bed4920d57ac31c4fb24ea30428fd6f75ebf5eff9ad3e616c6bcf81f64d7c,"[""Tennis""]",1785303656.669332,KXITFWMATCH-26JUL29YOSKIM-KIM,Tennis,,KXITFWMATCH,9b9eecb5-c6a0-414a-bcf3-57262192676d,KXITFWMATCH-26JUL29YOSKIM,1785301851.0,quote,,1786510800.0,true,66.5000,65.0000,68.0000,1269.96,5196.15
6,ed2086c87d52482699dee6d41678911f,0,2026-07-29,2026-07-29,29354e42ef0c3a5dcfab2220f035fd1be5874df613426379bae1f33e112f560b,996bed4920d57ac31c4fb24ea30428fd6f75ebf5eff9ad3e616c6bcf81f64d7c,"[""Tennis""]",1785303656.765792,KXITFMATCH-26JUL28CHAHEI-HEI,Tennis,,KXITFMATCH,5ba6a34a-c169-4b0b-b8fd-b835a2127855,KXITFMATCH-26JUL28CHAHEI,1785299809.0,quote,,1786505400.0,true,37.0000,36.0000,38.0000,14.00,153.32
6,ed2086c87d52482699dee6d41678911f,0,2026-07-29,2026-07-29,29354e42ef0c3a5dcfab2220f035fd1be5874df613426379bae1f33e112f560b,996bed4920d57ac31c4fb24ea30428fd6f75ebf5eff9ad3e616c6bcf81f64d7c,"[""Tennis""]",1785303657.05506,KXITFWMATCH-26JUL29SOZMIL-SOZ,Tennis,,KXITFWMATCH,0ba82ca4-7c3d-4fe6-9763-af01f430c473,KXITFWMATCH-26JUL29SOZMIL,1785301725.0,quote,,1786510800.0,true,7.0000,6.0000,8.0000,4993.76,2536.32
6,ed2086c87d52482699dee6d41678911f,0,2026-07-29,2026-07-29,29354e42ef0c3a5dcfab2220f035fd1be5874df613426379bae1f33e112f560b,996bed4920d57ac31c4fb24ea30428fd6f75ebf5eff9ad3e616c6bcf81f64d7c,"[""Tennis""]",1785303657.1527429,KXITFMATCH-26JUL29BRAPIE-PIE,Tennis,,KXITFMATCH,e7bed978-f0a4-4bc6-8904-d9b6730590e4,KXITFMATCH-26JUL29BRAPIE,1785305498.0,quote,,1786514400.0,true,85.5000,85.0000,86.0000,3461.00,1059.07
6,ed2086c87d52482699dee6d41678911f,0,2026-07-29,2026-07-29,29354e42ef0c3a5dcfab2220f035fd1be5874df613426379bae1f33e112f560b,996bed4920d57ac31c4fb24ea30428fd6f75ebf5eff9ad3e616c6bcf81f64d7c,"[""Tennis""]",1785303657.224633,KXITFWMATCH-26JUL29HOSDYU-DYU,Tennis,,KXITFWMATCH,eff22484-a537-4944-bd0e-5664e98b54bd,KXITFWMATCH-26JUL29HOSDYU,1785301687.0,quote,,1786510800.0,true,83.5000,82.0000,85.0000,8.36,181.69
6,ed2086c87d52482699dee6d41678911f,0,2026-07-29,2026-07-29,29354e42ef0c3a5dcfab2220f035fd1be5874df613426379bae1f33e112f560b,996bed4920d57ac31c4fb24ea30428fd6f75ebf5eff9ad3e616c6bcf81f64d7c,"[""Tennis""]",1785303658.801898,KXITFMATCH-26JUL28PADSAT-PAD,Tennis,,KXITFMATCH,03e1243d-7dee-4056-a032-cb914b77515a,KXITFMATCH-26JUL28PADSAT,1785294636.0,quote,,1786501800.0,true,41.5000,41.0000,42.0000,20457.29,25580.07
6,ed2086c87d52482699dee6d41678911f,0,2026-07-29,2026-07-29,29354e42ef0c3a5dcfab2220f035fd1be5874df613426379bae1f33e112f560b,996bed4920d57ac31c4fb24ea30428fd6f75ebf5eff9ad3e616c6bcf81f64d7c,"[""Tennis""]",1785303658.873109,KXITFMATCH-26JUL28WENJON-JON,Tennis,,KXITFMATCH,5195be65-3a9b-423a-9e35-55f2f5840354,KXITFMATCH-26JUL28WENJON,1785299448.0,quote,,1786501800.0,true,73.5000,73.0000,74.0000,1995.00,1.00
6,ed2086c87d52482699dee6d41678911f,0,2026-07-29,2026-07-29,29354e42ef0c3a5dcfab2220f035fd1be5874df613426379bae1f33e112f560b,996bed4920d57ac31c4fb24ea30428fd6f75ebf5eff9ad3e616c6bcf81f64d7c,"[""Tennis""]",1785303658.944851,KXITFMATCH-26JUL28WENJON-WEN,Tennis,,KXITFMATCH,5195be65-3a9b-423a-9e35-55f2f5840354,KXITFMATCH-26JUL28WENJON,1785299448.0,quote,,1786501800.0,true,27.5000,27.0000,28.0000,1.00,38.10
6,ed2086c87d52482699dee6d41678911f,0,2026-07-29,2026-07-29,29354e42ef0c3a5dcfab2220f035fd1be5874df613426379bae1f33e112f560b,996bed4920d57ac31c4fb24ea30428fd6f75ebf5eff9ad3e616c6bcf81f64d7c,"[""Tennis""]",1785303659.0275142,KXITFMATCH-26JUL28CHAHEI-CHA,Tennis,,KXITFMATCH,5ba6a34a-c169-4b0b-b8fd-b835a2127855,KXITFMATCH-26JUL28CHAHEI,1785299809.0,quote,,1786505400.0,true,62.0000,61.0000,63.0000,1953.85,150.00
6,ed2086c87d52482699dee6d41678911f,0,2026-07-29,2026-07-29,29354e42ef0c3a5dcfab2220f035fd1be5874df613426379bae1f33e112f560b,996bed4920d57ac31c4fb24ea30428fd6f75ebf5eff9ad3e616c6bcf81f64d7c,"[""Tennis""]",1785303659.150156,KXITFWMATCH-26JUL29SOZMIL-MIL,Tennis,,KXITFWMATCH,0ba82ca4-7c3d-4fe6-9763-af01f430c473,KXITFWMATCH-26JUL29SOZMIL,1785301725.0,quote,,1786510800.0,true,92.5000,92.0000,93.0000,3302.46,1344.16
6,ed2086c87d52482699dee6d41678911f,0,2026-07-29,2026-07-29,29354e42ef0c3a5dcfab2220f035fd1be5874df613426379bae1f33e112f560b,996bed4920d57ac31c4fb24ea30428fd6f75ebf5eff9ad3e616c6bcf81f64d7c,"[""Tennis""]",1785303659.250106,KXITFWMATCH-26JUL29YOSKIM-KIM,Tennis,,KXITFWMATCH,9b9eecb5-c6a0-414a-bcf3-57262192676d,KXITFWMATCH-26JUL29YOSKIM,1785301851.0,quote,,1786510800.0,true,66.5000,65.0000,68.0000,1269.96,5196.15
6,ed2086c87d52482699dee6d41678911f,0,2026-07-29,2026-07-29,29354e42ef0c3a5dcfab2220f035fd1be5874df613426379bae1f33e112f560b,996bed4920d57ac31c4fb24ea30428fd6f75ebf5eff9ad3e616c6bcf81f64d7c,"[""Tennis""]",1785303659.32187,KXITFMATCH-26JUL28CHAHEI-HEI,Tennis,,KXITFMATCH,5ba6a34a-c169-4b0b-b8fd-b835a2127855,KXITFMATCH-26JUL28CHAHEI,1785299809.0,quote,,1786505400.0,true,37.0000,36.0000,38.0000,14.00,153.32
6,ed2086c87d52482699dee6d41678911f,0,2026-07-29,2026-07-29,29354e42ef0c3a5dcfab2220f035fd1be5874df613426379bae1f33e112f560b,996bed4920d57ac31c4fb24ea30428fd6f75ebf5eff9ad3e616c6bcf81f64d7c,"[""Tennis""]",1785303659.4110441,KXITFWMATCH-26JUL29SOZMIL-SOZ,Tennis,,KXITFWMATCH,0ba82ca4-7c3d-4fe6-9763-af01f430c473,KXITFWMATCH-26JUL29SOZMIL,1785301725.0,quote,,1786510800.0,true,7.0000,6.0000,8.0000,4993.76,2536.32
6,ed2086c87d52482699dee6d41678911f,0,2026-07-29,2026-07-29,29354e42ef0c3a5dcfab2220f035fd1be5874df613426379bae1f33e112f560b,996bed4920d57ac31c4fb24ea30428fd6f75ebf5eff9ad3e616c6bcf81f64d7c,"[""Tennis""]",1785303659.4818292,KXITFMATCH-26JUL29BRAPIE-PIE,Tennis,,KXITFMATCH,e7bed978-f0a4-4bc6-8904-d9b6730590e4,KXITFMATCH-26JUL29BRAPIE,1785305498.0,quote,,1786514400.0,true,85.5000,85.0000,86.0000,3461.00,1059.07
6,ed2086c87d52482699dee6d41678911f,0,2026-07-29,2026-07-29,29354e42ef0c3a5dcfab2220f035fd1be5874df613426379bae1f33e112f560b,996bed4920d57ac31c4fb24ea30428fd6f75ebf5eff9ad3e616c6bcf81f64d7c,"[""Tennis""]",1785303659.55197,KXITFWMATCH-26JUL29HOSDYU-DYU,Tennis,,KXITFWMATCH,eff22484-a537-4944-bd0e-5664e98b54bd,KXITFWMATCH-26JUL29HOSDYU,1785301687.0,quote,,1786510800.0,true,83.5000,82.0000,85.0000,8.36,181.69
6,ed2086c87d52482699dee6d41678911f,0,2026-07-29,2026-07-29,29354e42ef0c3a5dcfab2220f035fd1be5874df613426379bae1f33e112f560b,996bed4920d57ac31c4fb24ea30428fd6f75ebf5eff9ad3e616c6bcf81f64d7c,"[""Tennis""]",1785303661.1346219,KXITFMATCH-26JUL28PADSAT-PAD,Tennis,,KXITFMATCH,03e1243d-7dee-4056-a032-cb914b77515a,KXITFMATCH-26JUL28PADSAT,1785294636.0,quote,,1786501800.0,true,41.5000,41.0000,42.0000,20457.29,25580.07
6,ed2086c87d52482699dee6d41678911f,0,2026-07-29,2026-07-29,29354e42ef0c3a5dcfab2220f035fd1be5874df613426379bae1f33e112f560b,996bed4920d57ac31c4fb24ea30428fd6f75ebf5eff9ad3e616c6bcf81f64d7c,"[""Tennis""]",1785303661.24577,KXITFMATCH-26JUL28WENJON-JON,Tennis,,KXITFMATCH,5195be65-3a9b-423a-9e35-55f2f5840354,KXITFMATCH-26JUL28WENJON,1785299448.0,quote,,1786501800.0,true,73.5000,73.0000,74.0000,1995.00,1.00
6,ed2086c87d52482699dee6d41678911f,0,2026-07-29,2026-07-29,29354e42ef0c3a5dcfab2220f035fd1be5874df613426379bae1f33e112f560b,996bed4920d57ac31c4fb24ea30428fd6f75ebf5eff9ad3e616c6bcf81f64d7c,"[""Tennis""]",1785303661.337168,KXITFMATCH-26JUL28WENJON-WEN,Tennis,,KXITFMATCH,5195be65-3a9b-423a-9e35-55f2f5840354,KXITFMATCH-26JUL28WENJON,1785299448.0,quote,,1786501800.0,true,27.5000,27.0000,28.0000,1.00,49.87
6,ed2086c87d52482699dee6d41678911f,0,2026-07-29,2026-07-29,29354e42ef0c3a5dcfab2220f035fd1be5874df613426379bae1f33e112f560b,996bed4920d57ac31c4fb24ea30428fd6f75ebf5eff9ad3e616c6bcf81f64d7c,"[""Tennis""]",1785303661.433444,KXITFMATCH-26JUL28CHAHEI-CHA,Tennis,,KXITFMATCH,5ba6a34a-c169-4b0b-b8fd-b835a2127855,KXITFMATCH-26JUL28CHAHEI,1785299809.0,quote,,1786505400.0,true,62.0000,61.0000,63.0000,224.00,10.00
6,ed2086c87d52482699dee6d41678911f,0,2026-07-29,2026-07-29,29354e42ef0c3a5dcfab2220f035fd1be5874df613426379bae1f33e112f560b,996bed4920d57ac31c4fb24ea30428fd6f75ebf5eff9ad3e616c6bcf81f64d7c,"[""Tennis""]",1785303661.505019,KXITFWMATCH-26JUL29SOZMIL-MIL,Tennis,,KXITFWMATCH,0ba82ca4-7c3d-4fe6-9763-af01f430c473,KXITFWMATCH-26JUL29SOZMIL,1785301725.0,quote,,1786510800.0,true,92.5000,92.0000,93.0000,3302.46,1344.16
6,ed2086c87d52482699dee6d41678911f,0,2026-07-29,2026-07-29,29354e42ef0c3a5dcfab2220f035fd1be5874df613426379bae1f33e112f560b,996bed4920d57ac31c4fb24ea30428fd6f75ebf5eff9ad3e616c6bcf81f64d7c,"[""Tennis""]",1785303661.6067982,KXITFWMATCH-26JUL29YOSKIM-KIM,Tennis,,KXITFWMATCH,9b9eecb5-c6a0-414a-bcf3-57262192676d,KXITFWMATCH-26JUL29YOSKIM,1785301851.0,quote,,1786510800.0,true,65.5000,65.0000,66.0000,2615.33,1.00
6,ed2086c87d52482699dee6d41678911f,0,2026-07-29,2026-07-29,29354e42ef0c3a5dcfab2220f035fd1be5874df613426379bae1f33e112f560b,996bed4920d57ac31c4fb24ea30428fd6f75ebf5eff9ad3e616c6bcf81f64d7c,"[""Tennis""]",1785303661.771022,KXITFMATCH-26JUL28CHAHEI-HEI,Tennis,,KXITFMATCH,5ba6a34a-c169-4b0b-b8fd-b835a2127855,KXITFMATCH-26JUL28CHAHEI,1785299809.0,quote,,1786505400.0,true,37.0000,36.0000,38.0000,14.00,153.32
6,ed2086c87d52482699dee6d41678911f,0,2026-07-29,2026-07-29,29354e42ef0c3a5dcfab2220f035fd1be5874df613426379bae1f33e112f560b,996bed4920d57ac31c4fb24ea30428fd6f75ebf5eff9ad3e616c6bcf81f64d7c,"[""Tennis""]",1785303661.841846,KXITFWMATCH-26JUL29SOZMIL-SOZ,Tennis,,KXITFWMATCH,0ba82ca4-7c3d-4fe6-9763-af01f430c473,KXITFWMATCH-26JUL29SOZMIL,1785301725.0,quote,,1786510800.0,true,7.5000,7.0000,8.0000,1334.76,5893.42
6,ed2086c87d52482699dee6d41678911f,0,2026-07-29,2026-07-29,29354e42ef0c3a5dcfab2220f035fd1be5874df613426379bae1f33e112f560b,996bed4920d57ac31c4fb24ea30428fd6f75ebf5eff9ad3e616c6bcf81f64d7c,"[""Tennis""]",1785303661.9169831,KXITFMATCH-26JUL29BRAPIE-PIE,Tennis,,KXITFMATCH,e7bed978-f0a4-4bc6-8904-d9b6730590e4,KXITFMATCH-26JUL29BRAPIE,1785305498.0,quote,,1786514400.0,true,85.5000,85.0000,86.0000,3461.00,1059.07
6,ed2086c87d52482699dee6d41678911f,0,2026-07-29,2026-07-29,29354e42ef0c3a5dcfab2220f035fd1be5874df613426379bae1f33e112f560b,996bed4920d57ac31c4fb24ea30428fd6f75ebf5eff9ad3e616c6bcf81f64d7c,"[""Tennis""]",1785303662.018201,KXITFWMATCH-26JUL29HOSDYU-DYU,Tennis,,KXITFWMATCH,eff22484-a537-4944-bd0e-5664e98b54bd,KXITFWMATCH-26JUL29HOSDYU,1785301687.0,quote,,1786510800.0,true,83.5000,82.0000,85.0000,8.36,210.00
6,ed2086c87d52482699dee6d41678911f,0,2026-07-29,2026-07-29,29354e42ef0c3a5dcfab2220f035fd1be5874df613426379bae1f33e112f560b,996bed4920d57ac31c4fb24ea30428fd6f75ebf5eff9ad3e616c6bcf81f64d7c,"[""Tennis""]",1785303663.602199,KXITFMATCH-26JUL28PADSAT-PAD,Tennis,,KXITFMATCH,03e1243d-7dee-4056-a032-cb914b77515a,KXITFMATCH-26JUL28PADSAT,1785294636.0,quote,,1786501800.0,true,41.5000,41.0000,42.0000,20457.29,46850.42
6,ed2086c87d52482699dee6d41678911f,0,2026-07-29,2026-07-29,29354e42ef0c3a5dcfab2220f035fd1be5874df613426379bae1f33e112f560b,996bed4920d57ac31c4fb24ea30428fd6f75ebf5eff9ad3e616c6bcf81f64d7c,"[""Tennis""]",1785303663.673461,KXITFMATCH-26JUL28WENJON-JON,Tennis,,KXITFMATCH,5195be65-3a9b-423a-9e35-55f2f5840354,KXITFMATCH-26JUL28WENJON,1785299448.0,quote,,1786501800.0,true,73.5000,73.0000,74.0000,1995.00,1.00
6,ed2086c87d52482699dee6d41678911f,0,2026-07-29,2026-07-29,29354e42ef0c3a5dcfab2220f035fd1be5874df613426379bae1f33e112f560b,996bed4920d57ac31c4fb24ea30428fd6f75ebf5eff9ad3e616c6bcf81f64d7c,"[""Tennis""]",1785303663.743784,KXITFMATCH-26JUL28WENJON-WEN,Tennis,,KXITFMATCH,5195be65-3a9b-423a-9e35-55f2f5840354,KXITFMATCH-26JUL28WENJON,1785299448.0,quote,,1786501800.0,true,27.5000,27.0000,28.0000,1.00,49.87
6,ed2086c87d52482699dee6d41678911f,0,2026-07-29,2026-07-29,29354e42ef0c3a5dcfab2220f035fd1be5874df613426379bae1f33e112f560b,996bed4920d57ac31c4fb24ea30428fd6f75ebf5eff9ad3e616c6bcf81f64d7c,"[""Tennis""]",1785303663.867445,KXITFMATCH-26JUL28CHAHEI-CHA,Tennis,,KXITFMATCH,5ba6a34a-c169-4b0b-b8fd-b835a2127855,KXITFMATCH-26JUL28CHAHEI,1785299809.0,quote,,1786505400.0,true,62.0000,61.0000,63.0000,224.00,10.00
6,ed2086c87d52482699dee6d41678911f,0,2026-07-29,2026-07-29,29354e42ef0c3a5dcfab2220f035fd1be5874df613426379bae1f33e112f560b,996bed4920d57ac31c4fb24ea30428fd6f75ebf5eff9ad3e616c6bcf81f64d7c,"[""Tennis""]",1785303663.936377,KXITFWMATCH-26JUL29SOZMIL-MIL,Tennis,,KXITFWMATCH,0ba82ca4-7c3d-4fe6-9763-af01f430c473,KXITFWMATCH-26JUL29SOZMIL,1785301725.0,quote,,1786510800.0,true,92.5000,92.0000,93.0000,3302.46,1344.16
6,ed2086c87d52482699dee6d41678911f,0,2026-07-29,2026-07-29,29354e42ef0c3a5dcfab2220f035fd1be5874df613426379bae1f33e112f560b,996bed4920d57ac31c4fb24ea30428fd6f75ebf5eff9ad3e616c6bcf81f64d7c,"[""Tennis""]",1785303664.00773,KXITFWMATCH-26JUL29YOSKIM-KIM,Tennis,,KXITFWMATCH,9b9eecb5-c6a0-414a-bcf3-57262192676d,KXITFWMATCH-26JUL29YOSKIM,1785301851.0,quote,,1786510800.0,true,65.5000,65.0000,66.0000,2615.33,1.00
6,ed2086c87d52482699dee6d41678911f,0,2026-07-29,2026-07-29,29354e42ef0c3a5dcfab2220f035fd1be5874df613426379bae1f33e112f560b,996bed4920d57ac31c4fb24ea30428fd6f75ebf5eff9ad3e616c6bcf81f64d7c,"[""Tennis""]",1785303664.079335,KXITFMATCH-26JUL28CHAHEI-HEI,Tennis,,KXITFMATCH,5ba6a34a-c169-4b0b-b8fd-b835a2127855,KXITFMATCH-26JUL28CHAHEI,1785299809.0,quote,,1786505400.0,true,37.0000,36.0000,38.0000,14.00,153.32
6,ed2086c87d52482699dee6d41678911f,0,2026-07-29,2026-07-29,29354e42ef0c3a5dcfab2220f035fd1be5874df613426379bae1f33e112f560b,996bed4920d57ac31c4fb24ea30428fd6f75ebf5eff9ad3e616c6bcf81f64d7c,"[""Tennis""]",1785303664.1507149,KXITFWMATCH-26JUL29SOZMIL-SOZ,Tennis,,KXITFWMATCH,0ba82ca4-7c3d-4fe6-9763-af01f430c473,KXITFWMATCH-26JUL29SOZMIL,1785301725.0,quote,,1786510800.0,true,7.5000,7.0000,8.0000,1334.76,5893.42
6,ed2086c87d52482699dee6d41678911f,0,2026-07-29,2026-07-29,29354e42ef0c3a5dcfab2220f035fd1be5874df613426379bae1f33e112f560b,996bed4920d57ac31c4fb24ea30428fd6f75ebf5eff9ad3e616c6bcf81f64d7c,"[""Tennis""]",1785303664.222188,KXITFMATCH-26JUL29BRAPIE-PIE,Tennis,,KXITFMATCH,e7bed978-f0a4-4bc6-8904-d9b6730590e4,KXITFMATCH-26JUL29BRAPIE,1785305498.0,quote,,1786514400.0,true,85.5000,85.0000,86.0000,3461.00,1059.07
6,ed2086c87d52482699dee6d41678911f,0,2026-07-29,2026-07-29,29354e42ef0c3a5dcfab2220f035fd1be5874df613426379bae1f33e112f560b,996bed4920d57ac31c4fb24ea30428fd6f75ebf5eff9ad3e616c6bcf81f64d7c,"[""Tennis""]",1785303664.2942421,KXITFWMATCH-26JUL29HOSDYU-DYU,Tennis,,KXITFWMATCH,eff22484-a537-4944-bd0e-5664e98b54bd,KXITFWMATCH-26JUL29HOSDYU,1785301687.0,quote,,1786510800.0,true,83.5000,82.0000,85.0000,8.36,210.00
6,ed2086c87d52482699dee6d41678911f,0,2026-07-29,2026-07-29,29354e42ef0c3a5dcfab2220f035fd1be5874df613426379bae1f33e112f560b,996bed4920d57ac31c4fb24ea30428fd6f75ebf5eff9ad3e616c6bcf81f64d7c,"[""Tennis""]",1785303665.870568,KXITFMATCH-26JUL28PADSAT-PAD,Tennis,,KXITFMATCH,03e1243d-7dee-4056-a032-cb914b77515a,KXITFMATCH-26JUL28PADSAT,1785294636.0,quote,,1786501800.0,true,41.5000,41.0000,42.0000,20457.29,46850.42
6,ed2086c87d52482699dee6d41678911f,0,2026-07-29,2026-07-29,29354e42ef0c3a5dcfab2220f035fd1be5874df613426379bae1f33e112f560b,996bed4920d57ac31c4fb24ea30428fd6f75ebf5eff9ad3e616c6bcf81f64d7c,"[""Tennis""]",1785303666.022183,KXITFMATCH-26JUL28WENJON-JON,Tennis,,KXITFMATCH,5195be65-3a9b-423a-9e35-55f2f5840354,KXITFMATCH-26JUL28WENJON,1785299448.0,quote,,1786501800.0,true,76.5000,76.0000,77.0000,6726.56,13256.89
6,ed2086c87d52482699dee6d41678911f,0,2026-07-29,2026-07-29,29354e42ef0c3a5dcfab2220f035fd1be5874df613426379bae1f33e112f560b,996bed4920d57ac31c4fb24ea30428fd6f75ebf5eff9ad3e616c6bcf81f64d7c,"[""Tennis""]",1785303666.0949361,KXITFMATCH-26JUL28WENJON-WEN,Tennis,,KXITFMATCH,5195be65-3a9b-423a-9e35-55f2f5840354,KXITFMATCH-26JUL28WENJON,1785299448.0,quote,,1786501800.0,true,27.5000,27.0000,28.0000,1.00,49.87
6,ed2086c87d52482699dee6d41678911f,0,2026-07-29,2026-07-29,29354e42ef0c3a5dcfab2220f035fd1be5874df613426379bae1f33e112f560b,996bed4920d57ac31c4fb24ea30428fd6f75ebf5eff9ad3e616c6bcf81f64d7c,"[""Tennis""]",1785303666.16501,KXITFMATCH-26JUL28CHAHEI-CHA,Tennis,,KXITFMATCH,5ba6a34a-c169-4b0b-b8fd-b835a2127855,KXITFMATCH-26JUL28CHAHEI,1785299809.0,quote,,1786505400.0,true,62.0000,61.0000,63.0000,224.00,10.00
6,ed2086c87d52482699dee6d41678911f,0,2026-07-29,2026-07-29,29354e42ef0c3a5dcfab2220f035fd1be5874df613426379bae1f33e112f560b,996bed4920d57ac31c4fb24ea30428fd6f75ebf5eff9ad3e616c6bcf81f64d7c,"[""Tennis""]",1785303666.236219,KXITFWMATCH-26JUL29SOZMIL-MIL,Tennis,,KXITFWMATCH,0ba82ca4-7c3d-4fe6-9763-af01f430c473,KXITFWMATCH-26JUL29SOZMIL,1785301725.0,quote,,1786510800.0,true,93.0000,92.0000,94.0000,822.00,5349.65
6,ed2086c87d52482699dee6d41678911f,0,2026-07-29,2026-07-29,29354e42ef0c3a5dcfab2220f035fd1be5874df613426379bae1f33e112f560b,996bed4920d57ac31c4fb24ea30428fd6f75ebf5eff9ad3e616c6bcf81f64d7c,"[""Tennis""]",1785303666.3069508,KXITFWMATCH-26JUL29YOSKIM-KIM,Tennis,,KXITFWMATCH,9b9eecb5-c6a0-414a-bcf3-57262192676d,KXITFWMATCH-26JUL29YOSKIM,1785301851.0,quote,,1786510800.0,true,65.5000,65.0000,66.0000,2615.33,1.00
6,ed2086c87d52482699dee6d41678911f,0,2026-07-29,2026-07-29,29354e42ef0c3a5dcfab2220f035fd1be5874df613426379bae1f33e112f560b,996bed4920d57ac31c4fb24ea30428fd6f75ebf5eff9ad3e616c6bcf81f64d7c,"[""Tennis""]",1785303666.386871,KXITFMATCH-26JUL28CHAHEI-HEI,Tennis,,KXITFMATCH,5ba6a34a-c169-4b0b-b8fd-b835a2127855,KXITFMATCH-26JUL28CHAHEI,1785299809.0,quote,,1786505400.0,true,38.5000,38.0000,39.0000,6287.74,10.00
6,ed2086c87d52482699dee6d41678911f,0,2026-07-29,2026-07-29,29354e42ef0c3a5dcfab2220f035fd1be5874df613426379bae1f33e112f560b,996bed4920d57ac31c4fb24ea30428fd6f75ebf5eff9ad3e616c6bcf81f64d7c,"[""Tennis""]",1785303666.489011,KXITFWMATCH-26JUL29SOZMIL-SOZ,Tennis,,KXITFWMATCH,0ba82ca4-7c3d-4fe6-9763-af01f430c473,KXITFWMATCH-26JUL29SOZMIL,1785301725.0,quote,,1786510800.0,true,7.5000,7.0000,8.0000,1334.76,5893.42
6,ed2086c87d52482699dee6d41678911f,0,2026-07-29,2026-07-29,29354e42ef0c3a5dcfab2220f035fd1be5874df613426379bae1f33e112f560b,996bed4920d57ac31c4fb24ea30428fd6f75ebf5eff9ad3e616c6bcf81f64d7c,"[""Tennis""]",1785303666.56052,KXITFMATCH-26JUL29BRAPIE-PIE,Tennis,,KXITFMATCH,e7bed978-f0a4-4bc6-8904-d9b6730590e4,KXITFMATCH-26JUL29BRAPIE,1785305498.0,quote,,1786514400.0,true,85.5000,85.0000,86.0000,3461.00,1059.07
6,ed2086c87d52482699dee6d41678911f,0,2026-07-29,2026-07-29,29354e42ef0c3a5dcfab2220f035fd1be5874df613426379bae1f33e112f560b,996bed4920d57ac31c4fb24ea30428fd6f75ebf5eff9ad3e616c6bcf81f64d7c,"[""Tennis""]",1785303666.631354,KXITFWMATCH-26JUL29HOSDYU-DYU,Tennis,,KXITFWMATCH,eff22484-a537-4944-bd0e-5664e98b54bd,KXITFWMATCH-26JUL29HOSDYU,1785301687.0,quote,,1786510800.0,true,83.5000,82.0000,85.0000,8.36,210.00
6,ed2086c87d52482699dee6d41678911f,0,2026-07-29,2026-07-29,29354e42ef0c3a5dcfab2220f035fd1be5874df613426379bae1f33e112f560b,996bed4920d57ac31c4fb24ea30428fd6f75ebf5eff9ad3e616c6bcf81f64d7c,"[""Tennis""]",1785303668.219284,KXITFMATCH-26JUL28PADSAT-PAD,Tennis,,KXITFMATCH,03e1243d-7dee-4056-a032-cb914b77515a,KXITFMATCH-26JUL28PADSAT,1785294636.0,quote,,1786501800.0,true,41.5000,41.0000,42.0000,20457.29,46850.42
6,ed2086c87d52482699dee6d41678911f,0,2026-07-29,2026-07-29,29354e42ef0c3a5dcfab2220f035fd1be5874df613426379bae1f33e112f560b,996bed4920d57ac31c4fb24ea30428fd6f75ebf5eff9ad3e616c6bcf81f64d7c,"[""Tennis""]",1785303668.297065,KXITFMATCH-26JUL28WENJON-JON,Tennis,,KXITFMATCH,5195be65-3a9b-423a-9e35-55f2f5840354,KXITFMATCH-26JUL28WENJON,1785299448.0,quote,,1786501800.0,true,76.5000,76.0000,77.0000,6726.56,13256.89
6,ed2086c87d52482699dee6d41678911f,0,2026-07-29,2026-07-29,29354e42ef0c3a5dcfab2220f035fd1be5874df613426379bae1f33e112f560b,996bed4920d57ac31c4fb24ea30428fd6f75ebf5eff9ad3e616c6bcf81f64d7c,"[""Tennis""]",1785303668.3720078,KXITFMATCH-26JUL28WENJON-WEN,Tennis,,KXITFMATCH,5195be65-3a9b-423a-9e35-55f2f5840354,KXITFMATCH-26JUL28WENJON,1785299448.0,quote,,1786501800.0,true,27.5000,27.0000,28.0000,1.00,49.87
6,ed2086c87d52482699dee6d41678911f,0,2026-07-29,2026-07-29,29354e42ef0c3a5dcfab2220f035fd1be5874df613426379bae1f33e112f560b,996bed4920d57ac31c4fb24ea30428fd6f75ebf5eff9ad3e616c6bcf81f64d7c,"[""Tennis""]",1785303668.443991,KXITFMATCH-26JUL28CHAHEI-CHA,Tennis,,KXITFMATCH,5ba6a34a-c169-4b0b-b8fd-b835a2127855,KXITFMATCH-26JUL28CHAHEI,1785299809.0,quote,,1786505400.0,true,62.0000,61.0000,63.0000,224.00,10.00
6,ed2086c87d52482699dee6d41678911f,0,2026-07-29,2026-07-29,29354e42ef0c3a5dcfab2220f035fd1be5874df613426379bae1f33e112f560b,996bed4920d57ac31c4fb24ea30428fd6f75ebf5eff9ad3e616c6bcf81f64d7c,"[""Tennis""]",1785303668.585057,KXITFWMATCH-26JUL29SOZMIL-MIL,Tennis,,KXITFWMATCH,0ba82ca4-7c3d-4fe6-9763-af01f430c473,KXITFWMATCH-26JUL29SOZMIL,1785301725.0,quote,,1786510800.0,true,93.0000,92.0000,94.0000,822.00,5349.65
6,ed2086c87d52482699dee6d41678911f,0,2026-07-29,2026-07-29,29354e42ef0c3a5dcfab2220f035fd1be5874df613426379bae1f33e112f560b,996bed4920d57ac31c4fb24ea30428fd6f75ebf5eff9ad3e616c6bcf81f64d7c,"[""Tennis""]",1785303668.6590269,KXITFWMATCH-26JUL29YOSKIM-KIM,Tennis,,KXITFWMATCH,9b9eecb5-c6a0-414a-bcf3-57262192676d,KXITFWMATCH-26JUL29YOSKIM,1785301851.0,quote,,1786510800.0,true,65.5000,65.0000,66.0000,2615.33,1.00
6,ed2086c87d52482699dee6d41678911f,0,2026-07-29,2026-07-29,29354e42ef0c3a5dcfab2220f035fd1be5874df613426379bae1f33e112f560b,996bed4920d57ac31c4fb24ea30428fd6f75ebf5eff9ad3e616c6bcf81f64d7c,"[""Tennis""]",1785303668.731571,KXITFMATCH-26JUL28CHAHEI-HEI,Tennis,,KXITFMATCH,5ba6a34a-c169-4b0b-b8fd-b835a2127855,KXITFMATCH-26JUL28CHAHEI,1785299809.0,quote,,1786505400.0,true,38.5000,38.0000,39.0000,6287.74,10.00
6,ed2086c87d52482699dee6d41678911f,0,2026-07-29,2026-07-29,29354e42ef0c3a5dcfab2220f035fd1be5874df613426379bae1f33e112f560b,996bed4920d57ac31c4fb24ea30428fd6f75ebf5eff9ad3e616c6bcf81f64d7c,"[""Tennis""]",1785303668.806025,KXITFWMATCH-26JUL29SOZMIL-SOZ,Tennis,,KXITFWMATCH,0ba82ca4-7c3d-4fe6-9763-af01f430c473,KXITFWMATCH-26JUL29SOZMIL,1785301725.0,quote,,1786510800.0,true,7.5000,7.0000,8.0000,1334.76,5893.42
6,ed2086c87d52482699dee6d41678911f,0,2026-07-29,2026-07-29,29354e42ef0c3a5dcfab2220f035fd1be5874df613426379bae1f33e112f560b,996bed4920d57ac31c4fb24ea30428fd6f75ebf5eff9ad3e616c6bcf81f64d7c,"[""Tennis""]",1785303668.878753,KXITFMATCH-26JUL29BRAPIE-PIE,Tennis,,KXITFMATCH,e7bed978-f0a4-4bc6-8904-d9b6730590e4,KXITFMATCH-26JUL29BRAPIE,1785305498.0,quote,,1786514400.0,true,85.5000,85.0000,86.0000,3461.00,1059.07
6,ed2086c87d52482699dee6d41678911f,0,2026-07-29,2026-07-29,29354e42ef0c3a5dcfab2220f035fd1be5874df613426379bae1f33e112f560b,996bed4920d57ac31c4fb24ea30428fd6f75ebf5eff9ad3e616c6bcf81f64d7c,"[""Tennis""]",1785303668.9517388,KXITFWMATCH-26JUL29HOSDYU-DYU,Tennis,,KXITFWMATCH,eff22484-a537-4944-bd0e-5664e98b54bd,KXITFWMATCH-26JUL29HOSDYU,1785301687.0,quote,,1786510800.0,true,83.5000,82.0000,85.0000,8.36,210.00
6,ed2086c87d52482699dee6d41678911f,0,2026-07-29,2026-07-29,29354e42ef0c3a5dcfab2220f035fd1be5874df613426379bae1f33e112f560b,996bed4920d57ac31c4fb24ea30428fd6f75ebf5eff9ad3e616c6bcf81f64d7c,"[""Tennis""]",1785303670.532297,KXITFMATCH-26JUL28PADSAT-PAD,Tennis,,KXITFMATCH,03e1243d-7dee-4056-a032-cb914b77515a,KXITFMATCH-26JUL28PADSAT,1785294636.0,quote,,1786501800.0,true,41.5000,41.0000,42.0000,20457.29,46850.42
6,ed2086c87d52482699dee6d41678911f,0,2026-07-29,2026-07-29,29354e42ef0c3a5dcfab2220f035fd1be5874df613426379bae1f33e112f560b,996bed4920d57ac31c4fb24ea30428fd6f75ebf5eff9ad3e616c6bcf81f64d7c,"[""Tennis""]",1785303670.68144,KXITFMATCH-26JUL28WENJON-JON,Tennis,,KXITFMATCH,5195be65-3a9b-423a-9e35-55f2f5840354,KXITFMATCH-26JUL28WENJON,1785299448.0,quote,,1786501800.0,true,76.5000,76.0000,77.0000,6726.56,13256.89
6,ed2086c87d52482699dee6d41678911f,0,2026-07-29,2026-07-29,29354e42ef0c3a5dcfab2220f035fd1be5874df613426379bae1f33e112f560b,996bed4920d57ac31c4fb24ea30428fd6f75ebf5eff9ad3e616c6bcf81f64d7c,"[""Tennis""]",1785303670.755293,KXITFMATCH-26JUL28WENJON-WEN,Tennis,,KXITFMATCH,5195be65-3a9b-423a-9e35-55f2f5840354,KXITFMATCH-26JUL28WENJON,1785299448.0,quote,,1786501800.0,true,23.5000,23.0000,24.0000,9426.62,19794.92
6,ed2086c87d52482699dee6d41678911f,0,2026-07-29,2026-07-29,29354e42ef0c3a5dcfab2220f035fd1be5874df613426379bae1f33e112f560b,996bed4920d57ac31c4fb24ea30428fd6f75ebf5eff9ad3e616c6bcf81f64d7c,"[""Tennis""]",1785303670.827443,KXITFMATCH-26JUL28CHAHEI-CHA,Tennis,,KXITFMATCH,5ba6a34a-c169-4b0b-b8fd-b835a2127855,KXITFMATCH-26JUL28CHAHEI,1785299809.0,quote,,1786505400.0,true,62.0000,61.0000,63.0000,224.00,10.00
6,ed2086c87d52482699dee6d41678911f,0,2026-07-29,2026-07-29,29354e42ef0c3a5dcfab2220f035fd1be5874df613426379bae1f33e112f560b,996bed4920d57ac31c4fb24ea30428fd6f75ebf5eff9ad3e616c6bcf81f64d7c,"[""Tennis""]",1785303670.90005,KXITFWMATCH-26JUL29SOZMIL-MIL,Tennis,,KXITFWMATCH,0ba82ca4-7c3d-4fe6-9763-af01f430c473,KXITFWMATCH-26JUL29SOZMIL,1785301725.0,quote,,1786510800.0,true,93.0000,92.0000,94.0000,822.00,5349.65
6,ed2086c87d52482699dee6d41678911f,0,2026-07-29,2026-07-29,29354e42ef0c3a5dcfab2220f035fd1be5874df613426379bae1f33e112f560b,996bed4920d57ac31c4fb24ea30428fd6f75ebf5eff9ad3e616c6bcf81f64d7c,"[""Tennis""]",1785303670.971107,KXITFWMATCH-26JUL29YOSKIM-KIM,Tennis,,KXITFWMATCH,9b9eecb5-c6a0-414a-bcf3-57262192676d,KXITFWMATCH-26JUL29YOSKIM,1785301851.0,quote,,1786510800.0,true,65.5000,65.0000,66.0000,2615.33,1.00
6,ed2086c87d52482699dee6d41678911f,0,2026-07-29,2026-07-29,29354e42ef0c3a5dcfab2220f035fd1be5874df613426379bae1f33e112f560b,996bed4920d57ac31c4fb24ea30428fd6f75ebf5eff9ad3e616c6bcf81f64d7c,"[""Tennis""]",1785303671.042743,KXITFMATCH-26JUL28CHAHEI-HEI,Tennis,,KXITFMATCH,5ba6a34a-c169-4b0b-b8fd-b835a2127855,KXITFMATCH-26JUL28CHAHEI,1785299809.0,quote,,1786505400.0,true,38.5000,38.0000,39.0000,6287.74,10.00
6,ed2086c87d52482699dee6d41678911f,0,2026-07-29,2026-07-29,29354e42ef0c3a5dcfab2220f035fd1be5874df613426379bae1f33e112f560b,996bed4920d57ac31c4fb24ea30428fd6f75ebf5eff9ad3e616c6bcf81f64d7c,"[""Tennis""]",1785303671.113305,KXITFWMATCH-26JUL29SOZMIL-SOZ,Tennis,,KXITFWMATCH,0ba82ca4-7c3d-4fe6-9763-af01f430c473,KXITFWMATCH-26JUL29SOZMIL,1785301725.0,quote,,1786510800.0,true,7.5000,7.0000,8.0000,1334.76,5893.42
6,ed2086c87d52482699dee6d41678911f,0,2026-07-29,2026-07-29,29354e42ef0c3a5dcfab2220f035fd1be5874df613426379bae1f33e112f560b,996bed4920d57ac31c4fb24ea30428fd6f75ebf5eff9ad3e616c6bcf81f64d7c,"[""Tennis""]",1785303671.269192,KXITFMATCH-26JUL29BRAPIE-PIE,Tennis,,KXITFMATCH,e7bed978-f0a4-4bc6-8904-d9b6730590e4,KXITFMATCH-26JUL29BRAPIE,1785305498.0,quote,,1786514400.0,true,85.5000,85.0000,86.0000,3461.00,1059.07
6,ed2086c87d52482699dee6d41678911f,0,2026-07-29,2026-07-29,29354e42ef0c3a5dcfab2220f035fd1be5874df613426379bae1f33e112f560b,996bed4920d57ac31c4fb24ea30428fd6f75ebf5eff9ad3e616c6bcf81f64d7c,"[""Tennis""]",1785303671.340897,KXITFWMATCH-26JUL29HOSDYU-DYU,Tennis,,KXITFWMATCH,eff22484-a537-4944-bd0e-5664e98b54bd,KXITFWMATCH-26JUL29HOSDYU,1785301687.0,quote,,1786510800.0,true,83.5000,82.0000,85.0000,8.36,210.00
6,ed2086c87d52482699dee6d41678911f,0,2026-07-29,2026-07-29,29354e42ef0c3a5dcfab2220f035fd1be5874df613426379bae1f33e112f560b,996bed4920d57ac31c4fb24ea30428fd6f75ebf5eff9ad3e616c6bcf81f64d7c,"[""Tennis""]",1785303672.928573,KXITFMATCH-26JUL28PADSAT-PAD,Tennis,,KXITFMATCH,03e1243d-7dee-4056-a032-cb914b77515a,KXITFMATCH-26JUL28PADSAT,1785294636.0,quote,,1786501800.0,true,41.5000,41.0000,42.0000,16691.36,46795.52
6,ed2086c87d52482699dee6d41678911f,0,2026-07-29,2026-07-29,29354e42ef0c3a5dcfab2220f035fd1be5874df613426379bae1f33e112f560b,996bed4920d57ac31c4fb24ea30428fd6f75ebf5eff9ad3e616c6bcf81f64d7c,"[""Tennis""]",1785303673.003687,KXITFMATCH-26JUL28WENJON-JON,Tennis,,KXITFMATCH,5195be65-3a9b-423a-9e35-55f2f5840354,KXITFMATCH-26JUL28WENJON,1785299448.0,quote,,1786501800.0,true,76.5000,76.0000,77.0000,6726.56,13256.89
6,ed2086c87d52482699dee6d41678911f,0,2026-07-29,2026-07-29,29354e42ef0c3a5dcfab2220f035fd1be5874df613426379bae1f33e112f560b,996bed4920d57ac31c4fb24ea30428fd6f75ebf5eff9ad3e616c6bcf81f64d7c,"[""Tennis""]",1785303673.0775318,KXITFMATCH-26JUL28WENJON-WEN,Tennis,,KXITFMATCH,5195be65-3a9b-423a-9e35-55f2f5840354,KXITFMATCH-26JUL28WENJON,1785299448.0,quote,,1786501800.0,true,23.5000,23.0000,24.0000,9426.62,19794.92
6,ed2086c87d52482699dee6d41678911f,0,2026-07-29,2026-07-29,29354e42ef0c3a5dcfab2220f035fd1be5874df613426379bae1f33e112f560b,996bed4920d57ac31c4fb24ea30428fd6f75ebf5eff9ad3e616c6bcf81f64d7c,"[""Tennis""]",1785303673.151119,KXITFMATCH-26JUL28CHAHEI-CHA,Tennis,,KXITFMATCH,5ba6a34a-c169-4b0b-b8fd-b835a2127855,KXITFMATCH-26JUL28CHAHEI,1785299809.0,quote,,1786505400.0,true,59.5000,59.0000,60.0000,3864.51,3524.14
6,ed2086c87d52482699dee6d41678911f,0,2026-07-29,2026-07-29,29354e42ef0c3a5dcfab2220f035fd1be5874df613426379bae1f33e112f560b,996bed4920d57ac31c4fb24ea30428fd6f75ebf5eff9ad3e616c6bcf81f64d7c,"[""Tennis""]",1785303673.30251,KXITFWMATCH-26JUL29SOZMIL-MIL,Tennis,,KXITFWMATCH,0ba82ca4-7c3d-4fe6-9763-af01f430c473,KXITFWMATCH-26JUL29SOZMIL,1785301725.0,quote,,1786510800.0,true,93.0000,92.0000,94.0000,822.00,5349.65
6,ed2086c87d52482699dee6d41678911f,0,2026-07-29,2026-07-29,29354e42ef0c3a5dcfab2220f035fd1be5874df613426379bae1f33e112f560b,996bed4920d57ac31c4fb24ea30428fd6f75ebf5eff9ad3e616c6bcf81f64d7c,"[""Tennis""]",1785303673.377055,KXITFWMATCH-26JUL29YOSKIM-KIM,Tennis,,KXITFWMATCH,9b9eecb5-c6a0-414a-bcf3-57262192676d,KXITFWMATCH-26JUL29YOSKIM,1785301851.0,quote,,1786510800.0,true,65.0000,64.0000,66.0000,5524.41,7361.02
6,ed2086c87d52482699dee6d41678911f,0,2026-07-29,2026-07-29,29354e42ef0c3a5dcfab2220f035fd1be5874df613426379bae1f33e112f560b,996bed4920d57ac31c4fb24ea30428fd6f75ebf5eff9ad3e616c6bcf81f64d7c,"[""Tennis""]",1785303673.4551418,KXITFMATCH-26JUL28CHAHEI-HEI,Tennis,,KXITFMATCH,5ba6a34a-c169-4b0b-b8fd-b835a2127855,KXITFMATCH-26JUL28CHAHEI,1785299809.0,quote,,1786505400.0,true,38.5000,38.0000,39.0000,6287.74,10.00
6,ed2086c87d52482699dee6d41678911f,0,2026-07-29,2026-07-29,29354e42ef0c3a5dcfab2220f035fd1be5874df613426379bae1f33e112f560b,996bed4920d57ac31c4fb24ea30428fd6f75ebf5eff9ad3e616c6bcf81f64d7c,"[""Tennis""]",1785303673.527607,KXITFWMATCH-26JUL29SOZMIL-SOZ,Tennis,,KXITFWMATCH,0ba82ca4-7c3d-4fe6-9763-af01f430c473,KXITFWMATCH-26JUL29SOZMIL,1785301725.0,quote,,1786510800.0,true,7.5000,7.0000,8.0000,1334.76,5893.42
6,ed2086c87d52482699dee6d41678911f,0,2026-07-29,2026-07-29,29354e42ef0c3a5dcfab2220f035fd1be5874df613426379bae1f33e112f560b,996bed4920d57ac31c4fb24ea30428fd6f75ebf5eff9ad3e616c6bcf81f64d7c,"[""Tennis""]",1785303673.598716,KXITFMATCH-26JUL29BRAPIE-PIE,Tennis,,KXITFMATCH,e7bed978-f0a4-4bc6-8904-d9b6730590e4,KXITFMATCH-26JUL29BRAPIE,1785305498.0,quote,,1786514400.0,true,85.5000,85.0000,86.0000,3461.00,1059.07
6,ed2086c87d52482699dee6d41678911f,0,2026-07-29,2026-07-29,29354e42ef0c3a5dcfab2220f035fd1be5874df613426379bae1f33e112f560b,996bed4920d57ac31c4fb24ea30428fd6f75ebf5eff9ad3e616c6bcf81f64d7c,"[""Tennis""]",1785303673.670141,KXITFWMATCH-26JUL29HOSDYU-DYU,Tennis,,KXITFWMATCH,eff22484-a537-4944-bd0e-5664e98b54bd,KXITFWMATCH-26JUL29HOSDYU,1785301687.0,quote,,1786510800.0,true,84.5000,84.0000,85.0000,778.26,3327.95
6,ed2086c87d52482699dee6d41678911f,0,2026-07-29,2026-07-29,29354e42ef0c3a5dcfab2220f035fd1be5874df613426379bae1f33e112f560b,996bed4920d57ac31c4fb24ea30428fd6f75ebf5eff9ad3e616c6bcf81f64d7c,"[""Tennis""]",1785303675.2469609,KXITFMATCH-26JUL28PADSAT-PAD,Tennis,,KXITFMATCH,03e1243d-7dee-4056-a032-cb914b77515a,KXITFMATCH-26JUL28PADSAT,1785294636.0,quote,,1786501800.0,true,41.5000,41.0000,42.0000,16691.36,46795.52
6,ed2086c87d52482699dee6d41678911f,0,2026-07-29,2026-07-29,29354e42ef0c3a5dcfab2220f035fd1be5874df613426379bae1f33e112f560b,996bed4920d57ac31c4fb24ea30428fd6f75ebf5eff9ad3e616c6bcf81f64d7c,"[""Tennis""]",1785303675.402347,KXITFMATCH-26JUL28WENJON-JON,Tennis,,KXITFMATCH,5195be65-3a9b-423a-9e35-55f2f5840354,KXITFMATCH-26JUL28WENJON,1785299448.0,quote,,1786501800.0,true,76.5000,76.0000,77.0000,6726.56,13256.89
6,ed2086c87d52482699dee6d41678911f,0,2026-07-29,2026-07-29,29354e42ef0c3a5dcfab2220f035fd1be5874df613426379bae1f33e112f560b,996bed4920d57ac31c4fb24ea30428fd6f75ebf5eff9ad3e616c6bcf81f64d7c,"[""Tennis""]",1785303675.474387,KXITFMATCH-26JUL28WENJON-WEN,Tennis,,KXITFMATCH,5195be65-3a9b-423a-9e35-55f2f5840354,KXITFMATCH-26JUL28WENJON,1785299448.0,quote,,1786501800.0,true,23.5000,23.0000,24.0000,9426.62,19794.92
6,ed2086c87d52482699dee6d41678911f,0,2026-07-29,2026-07-29,29354e42ef0c3a5dcfab2220f035fd1be5874df613426379bae1f33e112f560b,996bed4920d57ac31c4fb24ea30428fd6f75ebf5eff9ad3e616c6bcf81f64d7c,"[""Tennis""]",1785303675.545721,KXITFMATCH-26JUL28CHAHEI-CHA,Tennis,,KXITFMATCH,5ba6a34a-c169-4b0b-b8fd-b835a2127855,KXITFMATCH-26JUL28CHAHEI,1785299809.0,quote,,1786505400.0,true,59.5000,59.0000,60.0000,3864.51,3524.14
6,ed2086c87d52482699dee6d41678911f,0,2026-07-29,2026-07-29,29354e42ef0c3a5dcfab2220f035fd1be5874df613426379bae1f33e112f560b,996bed4920d57ac31c4fb24ea30428fd6f75ebf5eff9ad3e616c6bcf81f64d7c,"[""Tennis""]",1785303675.617599,KXITFWMATCH-26JUL29SOZMIL-MIL,Tennis,,KXITFWMATCH,0ba82ca4-7c3d-4fe6-9763-af01f430c473,KXITFWMATCH-26JUL29SOZMIL,1785301725.0,quote,,1786510800.0,true,93.0000,92.0000,94.0000,822.00,5349.65
6,ed2086c87d52482699dee6d41678911f,0,2026-07-29,2026-07-29,29354e42ef0c3a5dcfab2220f035fd1be5874df613426379bae1f33e112f560b,996bed4920d57ac31c4fb24ea30428fd6f75ebf5eff9ad3e616c6bcf81f64d7c,"[""Tennis""]",1785303675.689451,KXITFWMATCH-26JUL29YOSKIM-KIM,Tennis,,KXITFWMATCH,9b9eecb5-c6a0-414a-bcf3-57262192676d,KXITFWMATCH-26JUL29YOSKIM,1785301851.0,quote,,1786510800.0,true,65.0000,64.0000,66.0000,5524.41,7361.02
6,ed2086c87d52482699dee6d41678911f,0,2026-07-29,2026-07-29,29354e42ef0c3a5dcfab2220f035fd1be5874df613426379bae1f33e112f560b,996bed4920d57ac31c4fb24ea30428fd6f75ebf5eff9ad3e616c6bcf81f64d7c,"[""Tennis""]",1785303675.7610722,KXITFMATCH-26JUL28CHAHEI-HEI,Tennis,,KXITFMATCH,5ba6a34a-c169-4b0b-b8fd-b835a2127855,KXITFMATCH-26JUL28CHAHEI,1785299809.0,quote,,1786505400.0,true,38.5000,38.0000,39.0000,6287.74,10.00
6,ed2086c87d52482699dee6d41678911f,0,2026-07-29,2026-07-29,29354e42ef0c3a5dcfab2220f035fd1be5874df613426379bae1f33e112f560b,996bed4920d57ac31c4fb24ea30428fd6f75ebf5eff9ad3e616c6bcf81f64d7c,"[""Tennis""]",1785303675.831737,KXITFWMATCH-26JUL29SOZMIL-SOZ,Tennis,,KXITFWMATCH,0ba82ca4-7c3d-4fe6-9763-af01f430c473,KXITFWMATCH-26JUL29SOZMIL,1785301725.0,quote,,1786510800.0,true,7.0000,6.0000,8.0000,4743.76,2636.32
6,ed2086c87d52482699dee6d41678911f,0,2026-07-29,2026-07-29,29354e42ef0c3a5dcfab2220f035fd1be5874df613426379bae1f33e112f560b,996bed4920d57ac31c4fb24ea30428fd6f75ebf5eff9ad3e616c6bcf81f64d7c,"[""Tennis""]",1785303675.988353,KXITFMATCH-26JUL29BRAPIE-PIE,Tennis,,KXITFMATCH,e7bed978-f0a4-4bc6-8904-d9b6730590e4,KXITFMATCH-26JUL29BRAPIE,1785305498.0,quote,,1786514400.0,true,85.5000,85.0000,86.0000,3461.00,1059.07
6,ed2086c87d52482699dee6d41678911f,0,2026-07-29,2026-07-29,29354e42ef0c3a5dcfab2220f035fd1be5874df613426379bae1f33e112f560b,996bed4920d57ac31c4fb24ea30428fd6f75ebf5eff9ad3e616c6bcf81f64d7c,"[""Tennis""]",1785303676.062541,KXITFWMATCH-26JUL29HOSDYU-DYU,Tennis,,KXITFWMATCH,eff22484-a537-4944-bd0e-5664e98b54bd,KXITFWMATCH-26JUL29HOSDYU,1785301687.0,quote,,1786510800.0,true,84.5000,84.0000,85.0000,778.26,3327.95
6,ed2086c87d52482699dee6d41678911f,0,2026-07-29,2026-07-29,29354e42ef0c3a5dcfab2220f035fd1be5874df613426379bae1f33e112f560b,996bed4920d57ac31c4fb24ea30428fd6f75ebf5eff9ad3e616c6bcf81f64d7c,"[""Tennis""]",1785303677.647043,KXITFMATCH-26JUL28PADSAT-PAD,Tennis,,KXITFMATCH,03e1243d-7dee-4056-a032-cb914b77515a,KXITFMATCH-26JUL28PADSAT,1785294636.0,quote,,1786501800.0,true,41.5000,41.0000,42.0000,16691.36,46795.52
6,ed2086c87d52482699dee6d41678911f,0,2026-07-29,2026-07-29,29354e42ef0c3a5dcfab2220f035fd1be5874df613426379bae1f33e112f560b,996bed4920d57ac31c4fb24ea30428fd6f75ebf5eff9ad3e616c6bcf81f64d7c,"[""Tennis""]",1785303677.717899,KXITFMATCH-26JUL28WENJON-JON,Tennis,,KXITFMATCH,5195be65-3a9b-423a-9e35-55f2f5840354,KXITFMATCH-26JUL28WENJON,1785299448.0,quote,,1786501800.0,true,76.5000,76.0000,77.0000,10588.56,16150.89
6,ed2086c87d52482699dee6d41678911f,0,2026-07-29,2026-07-29,29354e42ef0c3a5dcfab2220f035fd1be5874df613426379bae1f33e112f560b,996bed4920d57ac31c4fb24ea30428fd6f75ebf5eff9ad3e616c6bcf81f64d7c,"[""Tennis""]",1785303677.7974179,KXITFMATCH-26JUL28WENJON-WEN,Tennis,,KXITFMATCH,5195be65-3a9b-423a-9e35-55f2f5840354,KXITFMATCH-26JUL28WENJON,1785299448.0,quote,,1786501800.0,true,23.5000,23.0000,24.0000,9426.62,19794.92
6,ed2086c87d52482699dee6d41678911f,0,2026-07-29,2026-07-29,29354e42ef0c3a5dcfab2220f035fd1be5874df613426379bae1f33e112f560b,996bed4920d57ac31c4fb24ea30428fd6f75ebf5eff9ad3e616c6bcf81f64d7c,"[""Tennis""]",1785303677.86733,KXITFMATCH-26JUL28CHAHEI-CHA,Tennis,,KXITFMATCH,5ba6a34a-c169-4b0b-b8fd-b835a2127855,KXITFMATCH-26JUL28CHAHEI,1785299809.0,quote,,1786505400.0,true,59.5000,59.0000,60.0000,3864.51,3524.14
6,ed2086c87d52482699dee6d41678911f,0,2026-07-29,2026-07-29,29354e42ef0c3a5dcfab2220f035fd1be5874df613426379bae1f33e112f560b,996bed4920d57ac31c4fb24ea30428fd6f75ebf5eff9ad3e616c6bcf81f64d7c,"[""Tennis""]",1785303678.023015,KXITFWMATCH-26JUL29SOZMIL-MIL,Tennis,,KXITFWMATCH,0ba82ca4-7c3d-4fe6-9763-af01f430c473,KXITFWMATCH-26JUL29SOZMIL,1785301725.0,quote,,1786510800.0,true,93.0000,92.0000,94.0000,1022.00,5749.65
6,ed2086c87d52482699dee6d41678911f,0,2026-07-29,2026-07-29,29354e42ef0c3a5dcfab2220f035fd1be5874df613426379bae1f33e112f560b,996bed4920d57ac31c4fb24ea30428fd6f75ebf5eff9ad3e616c6bcf81f64d7c,"[""Tennis""]",1785303678.093465,KXITFWMATCH-26JUL29YOSKIM-KIM,Tennis,,KXITFWMATCH,9b9eecb5-c6a0-414a-bcf3-57262192676d,KXITFWMATCH-26JUL29YOSKIM,1785301851.0,quote,,1786510800.0,true,65.0000,64.0000,66.0000,5524.41,7361.02
6,ed2086c87d52482699dee6d41678911f,0,2026-07-29,2026-07-29,29354e42ef0c3a5dcfab2220f035fd1be5874df613426379bae1f33e112f560b,996bed4920d57ac31c4fb24ea30428fd6f75ebf5eff9ad3e616c6bcf81f64d7c,"[""Tennis""]",1785303678.167347,KXITFMATCH-26JUL28CHAHEI-HEI,Tennis,,KXITFMATCH,5ba6a34a-c169-4b0b-b8fd-b835a2127855,KXITFMATCH-26JUL28CHAHEI,1785299809.0,quote,,1786505400.0,true,40.5000,40.0000,41.0000,4871.14,4069.95
6,ed2086c87d52482699dee6d41678911f,0,2026-07-29,2026-07-29,29354e42ef0c3a5dcfab2220f035fd1be5874df613426379bae1f33e112f560b,996bed4920d57ac31c4fb24ea30428fd6f75ebf5eff9ad3e616c6bcf81f64d7c,"[""Tennis""]",1785303678.23716,KXITFWMATCH-26JUL29SOZMIL-SOZ,Tennis,,KXITFWMATCH,0ba82ca4-7c3d-4fe6-9763-af01f430c473,KXITFWMATCH-26JUL29SOZMIL,1785301725.0,quote,,1786510800.0,true,7.0000,6.0000,8.0000,4743.76,2636.32
6,ed2086c87d52482699dee6d41678911f,0,2026-07-29,2026-07-29,29354e42ef0c3a5dcfab2220f035fd1be5874df613426379bae1f33e112f560b,996bed4920d57ac31c4fb24ea30428fd6f75ebf5eff9ad3e616c6bcf81f64d7c,"[""Tennis""]",1785303678.30862,KXITFMATCH-26JUL29BRAPIE-PIE,Tennis,,KXITFMATCH,e7bed978-f0a4-4bc6-8904-d9b6730590e4,KXITFMATCH-26JUL29BRAPIE,1785305498.0,quote,,1786514400.0,true,85.5000,85.0000,86.0000,3461.00,1059.07
6,ed2086c87d52482699dee6d41678911f,0,2026-07-29,2026-07-29,29354e42ef0c3a5dcfab2220f035fd1be5874df613426379bae1f33e112f560b,996bed4920d57ac31c4fb24ea30428fd6f75ebf5eff9ad3e616c6bcf81f64d7c,"[""Tennis""]",1785303678.378506,KXITFWMATCH-26JUL29HOSDYU-DYU,Tennis,,KXITFWMATCH,eff22484-a537-4944-bd0e-5664e98b54bd,KXITFWMATCH-26JUL29HOSDYU,1785301687.0,quote,,1786510800.0,true,84.5000,84.0000,85.0000,778.26,3327.95
6,ed2086c87d52482699dee6d41678911f,0,2026-07-29,2026-07-29,29354e42ef0c3a5dcfab2220f035fd1be5874df613426379bae1f33e112f560b,996bed4920d57ac31c4fb24ea30428fd6f75ebf5eff9ad3e616c6bcf81f64d7c,"[""Tennis""]",1785303679.9552739,KXITFMATCH-26JUL28PADSAT-PAD,Tennis,,KXITFMATCH,03e1243d-7dee-4056-a032-cb914b77515a,KXITFMATCH-26JUL28PADSAT,1785294636.0,quote,,1786501800.0,true,41.5000,41.0000,42.0000,16691.36,46795.52
6,ed2086c87d52482699dee6d41678911f,0,2026-07-29,2026-07-29,29354e42ef0c3a5dcfab2220f035fd1be5874df613426379bae1f33e112f560b,996bed4920d57ac31c4fb24ea30428fd6f75ebf5eff9ad3e616c6bcf81f64d7c,"[""Tennis""]",1785303680.026416,KXITFMATCH-26JUL28WENJON-JON,Tennis,,KXITFMATCH,5195be65-3a9b-423a-9e35-55f2f5840354,KXITFMATCH-26JUL28WENJON,1785299448.0,quote,,1786501800.0,true,76.5000,76.0000,77.0000,10588.56,16150.89
6,ed2086c87d52482699dee6d41678911f,0,2026-07-29,2026-07-29,29354e42ef0c3a5dcfab2220f035fd1be5874df613426379bae1f33e112f560b,996bed4920d57ac31c4fb24ea30428fd6f75ebf5eff9ad3e616c6bcf81f64d7c,"[""Tennis""]",1785303680.182047,KXITFMATCH-26JUL28WENJON-WEN,Tennis,,KXITFMATCH,5195be65-3a9b-423a-9e35-55f2f5840354,KXITFMATCH-26JUL28WENJON,1785299448.0,quote,,1786501800.0,true,23.5000,23.0000,24.0000,9426.62,19794.92
6,ed2086c87d52482699dee6d41678911f,0,2026-07-29,2026-07-29,29354e42ef0c3a5dcfab2220f035fd1be5874df613426379bae1f33e112f560b,996bed4920d57ac31c4fb24ea30428fd6f75ebf5eff9ad3e616c6bcf81f64d7c,"[""Tennis""]",1785303680.254747,KXITFMATCH-26JUL28CHAHEI-CHA,Tennis,,KXITFMATCH,5ba6a34a-c169-4b0b-b8fd-b835a2127855,KXITFMATCH-26JUL28CHAHEI,1785299809.0,quote,,1786505400.0,true,59.5000,59.0000,60.0000,3864.51,3524.14
6,ed2086c87d52482699dee6d41678911f,0,2026-07-29,2026-07-29,29354e42ef0c3a5dcfab2220f035fd1be5874df613426379bae1f33e112f560b,996bed4920d57ac31c4fb24ea30428fd6f75ebf5eff9ad3e616c6bcf81f64d7c,"[""Tennis""]",1785303680.325724,KXITFWMATCH-26JUL29SOZMIL-MIL,Tennis,,KXITFWMATCH,0ba82ca4-7c3d-4fe6-9763-af01f430c473,KXITFWMATCH-26JUL29SOZMIL,1785301725.0,quote,,1786510800.0,true,93.0000,92.0000,94.0000,1022.00,5749.65
6,ed2086c87d52482699dee6d41678911f,0,2026-07-29,2026-07-29,29354e42ef0c3a5dcfab2220f035fd1be5874df613426379bae1f33e112f560b,996bed4920d57ac31c4fb24ea30428fd6f75ebf5eff9ad3e616c6bcf81f64d7c,"[""Tennis""]",1785303680.3959858,KXITFWMATCH-26JUL29YOSKIM-KIM,Tennis,,KXITFWMATCH,9b9eecb5-c6a0-414a-bcf3-57262192676d,KXITFWMATCH-26JUL29YOSKIM,1785301851.0,quote,,1786510800.0,true,65.0000,64.0000,66.0000,5524.41,7361.02
6,ed2086c87d52482699dee6d41678911f,0,2026-07-29,2026-07-29,29354e42ef0c3a5dcfab2220f035fd1be5874df613426379bae1f33e112f560b,996bed4920d57ac31c4fb24ea30428fd6f75ebf5eff9ad3e616c6bcf81f64d7c,"[""Tennis""]",1785303680.4668689,KXITFMATCH-26JUL28CHAHEI-HEI,Tennis,,KXITFMATCH,5ba6a34a-c169-4b0b-b8fd-b835a2127855,KXITFMATCH-26JUL28CHAHEI,1785299809.0,quote,,1786505400.0,true,40.5000,40.0000,41.0000,4871.14,4069.95
6,ed2086c87d52482699dee6d41678911f,0,2026-07-29,2026-07-29,29354e42ef0c3a5dcfab2220f035fd1be5874df613426379bae1f33e112f560b,996bed4920d57ac31c4fb24ea30428fd6f75ebf5eff9ad3e616c6bcf81f64d7c,"[""Tennis""]",1785303680.5390909,KXITFWMATCH-26JUL29SOZMIL-SOZ,Tennis,,KXITFWMATCH,0ba82ca4-7c3d-4fe6-9763-af01f430c473,KXITFWMATCH-26JUL29SOZMIL,1785301725.0,quote,,1786510800.0,true,7.0000,6.0000,8.0000,4743.76,2636.32
6,ed2086c87d52482699dee6d41678911f,0,2026-07-29,2026-07-29,29354e42ef0c3a5dcfab2220f035fd1be5874df613426379bae1f33e112f560b,996bed4920d57ac31c4fb24ea30428fd6f75ebf5eff9ad3e616c6bcf81f64d7c,"[""Tennis""]",1785303680.642307,KXITFMATCH-26JUL29BRAPIE-PIE,Tennis,,KXITFMATCH,e7bed978-f0a4-4bc6-8904-d9b6730590e4,KXITFMATCH-26JUL29BRAPIE,1785305498.0,quote,,1786514400.0,true,85.5000,85.0000,86.0000,3461.00,1059.07
6,ed2086c87d52482699dee6d41678911f,0,2026-07-29,2026-07-29,29354e42ef0c3a5dcfab2220f035fd1be5874df613426379bae1f33e112f560b,996bed4920d57ac31c4fb24ea30428fd6f75ebf5eff9ad3e616c6bcf81f64d7c,"[""Tennis""]",1785303680.713182,KXITFWMATCH-26JUL29HOSDYU-DYU,Tennis,,KXITFWMATCH,eff22484-a537-4944-bd0e-5664e98b54bd,KXITFWMATCH-26JUL29HOSDYU,1785301687.0,quote,,1786510800.0,true,84.5000,84.0000,85.0000,778.26,3327.95
6,ed2086c87d52482699dee6d41678911f,0,2026-07-29,2026-07-29,29354e42ef0c3a5dcfab2220f035fd1be5874df613426379bae1f33e112f560b,996bed4920d57ac31c4fb24ea30428fd6f75ebf5eff9ad3e616c6bcf81f64d7c,"[""Tennis""]",1785303682.2952719,KXITFMATCH-26JUL28PADSAT-PAD,Tennis,,KXITFMATCH,03e1243d-7dee-4056-a032-cb914b77515a,KXITFMATCH-26JUL28PADSAT,1785294636.0,quote,,1786501800.0,true,41.5000,41.0000,42.0000,16691.36,46795.52
6,ed2086c87d52482699dee6d41678911f,0,2026-07-29,2026-07-29,29354e42ef0c3a5dcfab2220f035fd1be5874df613426379bae1f33e112f560b,996bed4920d57ac31c4fb24ea30428fd6f75ebf5eff9ad3e616c6bcf81f64d7c,"[""Tennis""]",1785303682.3671758,KXITFMATCH-26JUL28WENJON-JON,Tennis,,KXITFMATCH,5195be65-3a9b-423a-9e35-55f2f5840354,KXITFMATCH-26JUL28WENJON,1785299448.0,quote,,1786501800.0,true,76.5000,76.0000,77.0000,10588.56,16150.89
6,ed2086c87d52482699dee6d41678911f,0,2026-07-29,2026-07-29,29354e42ef0c3a5dcfab2220f035fd1be5874df613426379bae1f33e112f560b,996bed4920d57ac31c4fb24ea30428fd6f75ebf5eff9ad3e616c6bcf81f64d7c,"[""Tennis""]",1785303682.439747,KXITFMATCH-26JUL28WENJON-WEN,Tennis,,KXITFMATCH,5195be65-3a9b-423a-9e35-55f2f5840354,KXITFMATCH-26JUL28WENJON,1785299448.0,quote,,1786501800.0,true,23.5000,23.0000,24.0000,7005.65,20599.78
6,ed2086c87d52482699dee6d41678911f,0,2026-07-29,2026-07-29,29354e42ef0c3a5dcfab2220f035fd1be5874df613426379bae1f33e112f560b,996bed4920d57ac31c4fb24ea30428fd6f75ebf5eff9ad3e616c6bcf81f64d7c,"[""Tennis""]",1785303682.5116181,KXITFMATCH-26JUL28CHAHEI-CHA,Tennis,,KXITFMATCH,5ba6a34a-c169-4b0b-b8fd-b835a2127855,KXITFMATCH-26JUL28CHAHEI,1785299809.0,quote,,1786505400.0,true,58.5000,58.0000,59.0000,6104.11,1459.70
6,ed2086c87d52482699dee6d41678911f,0,2026-07-29,2026-07-29,29354e42ef0c3a5dcfab2220f035fd1be5874df613426379bae1f33e112f560b,996bed4920d57ac31c4fb24ea30428fd6f75ebf5eff9ad3e616c6bcf81f64d7c,"[""Tennis""]",1785303682.581196,KXITFWMATCH-26JUL29SOZMIL-MIL,Tennis,,KXITFWMATCH,0ba82ca4-7c3d-4fe6-9763-af01f430c473,KXITFWMATCH-26JUL29SOZMIL,1785301725.0,quote,,1786510800.0,true,93.0000,92.0000,94.0000,1022.00,5749.65
6,ed2086c87d52482699dee6d41678911f,0,2026-07-29,2026-07-29,29354e42ef0c3a5dcfab2220f035fd1be5874df613426379bae1f33e112f560b,996bed4920d57ac31c4fb24ea30428fd6f75ebf5eff9ad3e616c6bcf81f64d7c,"[""Tennis""]",1785303682.742382,KXITFWMATCH-26JUL29YOSKIM-KIM,Tennis,,KXITFWMATCH,9b9eecb5-c6a0-414a-bcf3-57262192676d,KXITFWMATCH-26JUL29YOSKIM,1785301851.0,quote,,1786510800.0,true,65.0000,64.0000,66.0000,5524.41,7361.02
6,ed2086c87d52482699dee6d41678911f,0,2026-07-29,2026-07-29,29354e42ef0c3a5dcfab2220f035fd1be5874df613426379bae1f33e112f560b,996bed4920d57ac31c4fb24ea30428fd6f75ebf5eff9ad3e616c6bcf81f64d7c,"[""Tennis""]",1785303682.813314,KXITFMATCH-26JUL28CHAHEI-HEI,Tennis,,KXITFMATCH,5ba6a34a-c169-4b0b-b8fd-b835a2127855,KXITFMATCH-26JUL28CHAHEI,1785299809.0,quote,,1786505400.0,true,40.5000,40.0000,41.0000,4871.14,4069.95
6,ed2086c87d52482699dee6d41678911f,0,2026-07-29,2026-07-29,29354e42ef0c3a5dcfab2220f035fd1be5874df613426379bae1f33e112f560b,996bed4920d57ac31c4fb24ea30428fd6f75ebf5eff9ad3e616c6bcf81f64d7c,"[""Tennis""]",1785303682.8838248,KXITFWMATCH-26JUL29SOZMIL-SOZ,Tennis,,KXITFWMATCH,0ba82ca4-7c3d-4fe6-9763-af01f430c473,KXITFWMATCH-26JUL29SOZMIL,1785301725.0,quote,,1786510800.0,true,7.0000,6.0000,8.0000,4743.76,2636.32
6,ed2086c87d52482699dee6d41678911f,0,2026-07-29,2026-07-29,29354e42ef0c3a5dcfab2220f035fd1be5874df613426379bae1f33e112f560b,996bed4920d57ac31c4fb24ea30428fd6f75ebf5eff9ad3e616c6bcf81f64d7c,"[""Tennis""]",1785303682.954696,KXITFMATCH-26JUL29BRAPIE-PIE,Tennis,,KXITFMATCH,e7bed978-f0a4-4bc6-8904-d9b6730590e4,KXITFMATCH-26JUL29BRAPIE,1785305498.0,quote,,1786514400.0,true,85.5000,85.0000,86.0000,3461.00,1059.07
6,ed2086c87d52482699dee6d41678911f,0,2026-07-29,2026-07-29,29354e42ef0c3a5dcfab2220f035fd1be5874df613426379bae1f33e112f560b,996bed4920d57ac31c4fb24ea30428fd6f75ebf5eff9ad3e616c6bcf81f64d7c,"[""Tennis""]",1785303683.0260448,KXITFWMATCH-26JUL29HOSDYU-DYU,Tennis,,KXITFWMATCH,eff22484-a537-4944-bd0e-5664e98b54bd,KXITFWMATCH-26JUL29HOSDYU,1785301687.0,quote,,1786510800.0,true,84.5000,84.0000,85.0000,778.26,3327.95
6,ed2086c87d52482699dee6d41678911f,0,2026-07-29,2026-07-29,29354e42ef0c3a5dcfab2220f035fd1be5874df613426379bae1f33e112f560b,996bed4920d57ac31c4fb24ea30428fd6f75ebf5eff9ad3e616c6bcf81f64d7c,"[""Tennis""]",1785303684.610046,KXITFMATCH-26JUL28PADSAT-PAD,Tennis,,KXITFMATCH,03e1243d-7dee-4056-a032-cb914b77515a,KXITFMATCH-26JUL28PADSAT,1785294636.0,quote,,1786501800.0,true,38.5000,38.0000,39.0000,20.00,26975.45
6,ed2086c87d52482699dee6d41678911f,0,2026-07-29,2026-07-29,29354e42ef0c3a5dcfab2220f035fd1be5874df613426379bae1f33e112f560b,996bed4920d57ac31c4fb24ea30428fd6f75ebf5eff9ad3e616c6bcf81f64d7c,"[""Tennis""]",1785303684.680539,KXITFMATCH-26JUL28WENJON-JON,Tennis,,KXITFMATCH,5195be65-3a9b-423a-9e35-55f2f5840354,KXITFMATCH-26JUL28WENJON,1785299448.0,quote,,1786501800.0,true,76.5000,76.0000,77.0000,10588.56,16150.89
6,ed2086c87d52482699dee6d41678911f,0,2026-07-29,2026-07-29,29354e42ef0c3a5dcfab2220f035fd1be5874df613426379bae1f33e112f560b,996bed4920d57ac31c4fb24ea30428fd6f75ebf5eff9ad3e616c6bcf81f64d7c,"[""Tennis""]",1785303684.840299,KXITFMATCH-26JUL28WENJON-WEN,Tennis,,KXITFMATCH,5195be65-3a9b-423a-9e35-55f2f5840354,KXITFMATCH-26JUL28WENJON,1785299448.0,quote,,1786501800.0,true,23.5000,23.0000,24.0000,7005.65,20599.78
6,ed2086c87d52482699dee6d41678911f,0,2026-07-29,2026-07-29,29354e42ef0c3a5dcfab2220f035fd1be5874df613426379bae1f33e112f560b,996bed4920d57ac31c4fb24ea30428fd6f75ebf5eff9ad3e616c6bcf81f64d7c,"[""Tennis""]",1785303684.910429,KXITFMATCH-26JUL28CHAHEI-CHA,Tennis,,KXITFMATCH,5ba6a34a-c169-4b0b-b8fd-b835a2127855,KXITFMATCH-26JUL28CHAHEI,1785299809.0,quote,,1786505400.0,true,58.5000,58.0000,59.0000,6104.11,1459.70
6,ed2086c87d52482699dee6d41678911f,0,2026-07-29,2026-07-29,29354e42ef0c3a5dcfab2220f035fd1be5874df613426379bae1f33e112f560b,996bed4920d57ac31c4fb24ea30428fd6f75ebf5eff9ad3e616c6bcf81f64d7c,"[""Tennis""]",1785303684.9808571,KXITFWMATCH-26JUL29SOZMIL-MIL,Tennis,,KXITFWMATCH,0ba82ca4-7c3d-4fe6-9763-af01f430c473,KXITFWMATCH-26JUL29SOZMIL,1785301725.0,quote,,1786510800.0,true,93.0000,92.0000,94.0000,1022.00,5749.65
6,ed2086c87d52482699dee6d41678911f,0,2026-07-29,2026-07-29,29354e42ef0c3a5dcfab2220f035fd1be5874df613426379bae1f33e112f560b,996bed4920d57ac31c4fb24ea30428fd6f75ebf5eff9ad3e616c6bcf81f64d7c,"[""Tennis""]",1785303685.052038,KXITFWMATCH-26JUL29YOSKIM-KIM,Tennis,,KXITFWMATCH,9b9eecb5-c6a0-414a-bcf3-57262192676d,KXITFWMATCH-26JUL29YOSKIM,1785301851.0,quote,,1786510800.0,true,64.5000,64.0000,65.0000,2872.54,5006.45
6,ed2086c87d52482699dee6d41678911f,0,2026-07-29,2026-07-29,29354e42ef0c3a5dcfab2220f035fd1be5874df613426379bae1f33e112f560b,996bed4920d57ac31c4fb24ea30428fd6f75ebf5eff9ad3e616c6bcf81f64d7c,"[""Tennis""]",1785303685.122056,KXITFMATCH-26JUL28CHAHEI-HEI,Tennis,,KXITFMATCH,5ba6a34a-c169-4b0b-b8fd-b835a2127855,KXITFMATCH-26JUL28CHAHEI,1785299809.0,quote,,1786505400.0,true,40.5000,40.0000,41.0000,4871.14,4069.95
6,ed2086c87d52482699dee6d41678911f,0,2026-07-29,2026-07-29,29354e42ef0c3a5dcfab2220f035fd1be5874df613426379bae1f33e112f560b,996bed4920d57ac31c4fb24ea30428fd6f75ebf5eff9ad3e616c6bcf81f64d7c,"[""Tennis""]",1785303685.1922922,KXITFWMATCH-26JUL29SOZMIL-SOZ,Tennis,,KXITFWMATCH,0ba82ca4-7c3d-4fe6-9763-af01f430c473,KXITFWMATCH-26JUL29SOZMIL,1785301725.0,quote,,1786510800.0,true,7.0000,6.0000,8.0000,4743.76,2636.32
6,ed2086c87d52482699dee6d41678911f,0,2026-07-29,2026-07-29,29354e42ef0c3a5dcfab2220f035fd1be5874df613426379bae1f33e112f560b,996bed4920d57ac31c4fb24ea30428fd6f75ebf5eff9ad3e616c6bcf81f64d7c,"[""Tennis""]",1785303685.2624362,KXITFMATCH-26JUL29BRAPIE-PIE,Tennis,,KXITFMATCH,e7bed978-f0a4-4bc6-8904-d9b6730590e4,KXITFMATCH-26JUL29BRAPIE,1785305498.0,quote,,1786514400.0,true,85.5000,85.0000,86.0000,3461.00,1059.07
6,ed2086c87d52482699dee6d41678911f,0,2026-07-29,2026-07-29,29354e42ef0c3a5dcfab2220f035fd1be5874df613426379bae1f33e112f560b,996bed4920d57ac31c4fb24ea30428fd6f75ebf5eff9ad3e616c6bcf81f64d7c,"[""Tennis""]",1785303685.364741,KXITFWMATCH-26JUL29HOSDYU-DYU,Tennis,,KXITFWMATCH,eff22484-a537-4944-bd0e-5664e98b54bd,KXITFWMATCH-26JUL29HOSDYU,1785301687.0,quote,,1786510800.0,true,85.0000,84.0000,86.0000,373.00,327.91
6,ed2086c87d52482699dee6d41678911f,0,2026-07-29,2026-07-29,29354e42ef0c3a5dcfab2220f035fd1be5874df613426379bae1f33e112f560b,996bed4920d57ac31c4fb24ea30428fd6f75ebf5eff9ad3e616c6bcf81f64d7c,"[""Tennis""]",1785303686.994674,KXITFMATCH-26JUL28PADSAT-PAD,Tennis,,KXITFMATCH,03e1243d-7dee-4056-a032-cb914b77515a,KXITFMATCH-26JUL28PADSAT,1785294636.0,quote,,1786501800.0,true,38.5000,38.0000,39.0000,20.00,26975.45
6,ed2086c87d52482699dee6d41678911f,0,2026-07-29,2026-07-29,29354e42ef0c3a5dcfab2220f035fd1be5874df613426379bae1f33e112f560b,996bed4920d57ac31c4fb24ea30428fd6f75ebf5eff9ad3e616c6bcf81f64d7c,"[""Tennis""]",1785303687.070959,KXITFMATCH-26JUL28WENJON-JON,Tennis,,KXITFMATCH,5195be65-3a9b-423a-9e35-55f2f5840354,KXITFMATCH-26JUL28WENJON,1785299448.0,quote,,1786501800.0,true,76.5000,76.0000,77.0000,10588.56,16150.89
6,ed2086c87d52482699dee6d41678911f,0,2026-07-29,2026-07-29,29354e42ef0c3a5dcfab2220f035fd1be5874df613426379bae1f33e112f560b,996bed4920d57ac31c4fb24ea30428fd6f75ebf5eff9ad3e616c6bcf81f64d7c,"[""Tennis""]",1785303687.145619,KXITFMATCH-26JUL28WENJON-WEN,Tennis,,KXITFMATCH,5195be65-3a9b-423a-9e35-55f2f5840354,KXITFMATCH-26JUL28WENJON,1785299448.0,quote,,1786501800.0,true,23.5000,23.0000,24.0000,7005.65,20599.78
6,ed2086c87d52482699dee6d41678911f,0,2026-07-29,2026-07-29,29354e42ef0c3a5dcfab2220f035fd1be5874df613426379bae1f33e112f560b,996bed4920d57ac31c4fb24ea30428fd6f75ebf5eff9ad3e616c6bcf81f64d7c,"[""Tennis""]",1785303687.219041,KXITFMATCH-26JUL28CHAHEI-CHA,Tennis,,KXITFMATCH,5ba6a34a-c169-4b0b-b8fd-b835a2127855,KXITFMATCH-26JUL28CHAHEI,1785299809.0,quote,,1786505400.0,true,58.5000,58.0000,59.0000,6104.11,1459.70
6,ed2086c87d52482699dee6d41678911f,0,2026-07-29,2026-07-29,29354e42ef0c3a5dcfab2220f035fd1be5874df613426379bae1f33e112f560b,996bed4920d57ac31c4fb24ea30428fd6f75ebf5eff9ad3e616c6bcf81f64d7c,"[""Tennis""]",1785303687.29148,KXITFWMATCH-26JUL29SOZMIL-MIL,Tennis,,KXITFWMATCH,0ba82ca4-7c3d-4fe6-9763-af01f430c473,KXITFWMATCH-26JUL29SOZMIL,1785301725.0,quote,,1786510800.0,true,93.0000,92.0000,94.0000,1022.00,5749.65
6,ed2086c87d52482699dee6d41678911f,0,2026-07-29,2026-07-29,29354e42ef0c3a5dcfab2220f035fd1be5874df613426379bae1f33e112f560b,996bed4920d57ac31c4fb24ea30428fd6f75ebf5eff9ad3e616c6bcf81f64d7c,"[""Tennis""]",1785303687.365922,KXITFWMATCH-26JUL29YOSKIM-KIM,Tennis,,KXITFWMATCH,9b9eecb5-c6a0-414a-bcf3-57262192676d,KXITFWMATCH-26JUL29YOSKIM,1785301851.0,quote,,1786510800.0,true,64.5000,64.0000,65.0000,2872.54,5006.45
6,ed2086c87d52482699dee6d41678911f,0,2026-07-29,2026-07-29,29354e42ef0c3a5dcfab2220f035fd1be5874df613426379bae1f33e112f560b,996bed4920d57ac31c4fb24ea30428fd6f75ebf5eff9ad3e616c6bcf81f64d7c,"[""Tennis""]",1785303687.528749,KXITFMATCH-26JUL28CHAHEI-HEI,Tennis,,KXITFMATCH,5ba6a34a-c169-4b0b-b8fd-b835a2127855,KXITFMATCH-26JUL28CHAHEI,1785299809.0,quote,,1786505400.0,true,40.5000,40.0000,41.0000,4871.14,4069.95
6,ed2086c87d52482699dee6d41678911f,0,2026-07-29,2026-07-29,29354e42ef0c3a5dcfab2220f035fd1be5874df613426379bae1f33e112f560b,996bed4920d57ac31c4fb24ea30428fd6f75ebf5eff9ad3e616c6bcf81f64d7c,"[""Tennis""]",1785303687.6024792,KXITFWMATCH-26JUL29SOZMIL-SOZ,Tennis,,KXITFWMATCH,0ba82ca4-7c3d-4fe6-9763-af01f430c473,KXITFWMATCH-26JUL29SOZMIL,1785301725.0,quote,,1786510800.0,true,6.5000,6.0000,7.0000,2145.68,4905.21
6,ed2086c87d52482699dee6d41678911f,0,2026-07-29,2026-07-29,29354e42ef0c3a5dcfab2220f035fd1be5874df613426379bae1f33e112f560b,996bed4920d57ac31c4fb24ea30428fd6f75ebf5eff9ad3e616c6bcf81f64d7c,"[""Tennis""]",1785303687.676039,KXITFMATCH-26JUL29BRAPIE-PIE,Tennis,,KXITFMATCH,e7bed978-f0a4-4bc6-8904-d9b6730590e4,KXITFMATCH-26JUL29BRAPIE,1785305498.0,quote,,1786514400.0,true,85.5000,85.0000,86.0000,3461.00,1059.07
6,ed2086c87d52482699dee6d41678911f,0,2026-07-29,2026-07-29,29354e42ef0c3a5dcfab2220f035fd1be5874df613426379bae1f33e112f560b,996bed4920d57ac31c4fb24ea30428fd6f75ebf5eff9ad3e616c6bcf81f64d7c,"[""Tennis""]",1785303687.750628,KXITFWMATCH-26JUL29HOSDYU-DYU,Tennis,,KXITFWMATCH,eff22484-a537-4944-bd0e-5664e98b54bd,KXITFWMATCH-26JUL29HOSDYU,1785301687.0,quote,,1786510800.0,true,85.0000,84.0000,86.0000,373.00,327.91
6,ed2086c87d52482699dee6d41678911f,0,2026-07-29,2026-07-29,29354e42ef0c3a5dcfab2220f035fd1be5874df613426379bae1f33e112f560b,996bed4920d57ac31c4fb24ea30428fd6f75ebf5eff9ad3e616c6bcf81f64d7c,"[""Tennis""]",1785303689.326615,KXITFMATCH-26JUL28PADSAT-PAD,Tennis,,KXITFMATCH,03e1243d-7dee-4056-a032-cb914b77515a,KXITFMATCH-26JUL28PADSAT,1785294636.0,quote,,1786501800.0,true,38.5000,38.0000,39.0000,20.00,26975.45
6,ed2086c87d52482699dee6d41678911f,0,2026-07-29,2026-07-29,29354e42ef0c3a5dcfab2220f035fd1be5874df613426379bae1f33e112f560b,996bed4920d57ac31c4fb24ea30428fd6f75ebf5eff9ad3e616c6bcf81f64d7c,"[""Tennis""]",1785303689.401205,KXITFMATCH-26JUL28WENJON-JON,Tennis,,KXITFMATCH,5195be65-3a9b-423a-9e35-55f2f5840354,KXITFMATCH-26JUL28WENJON,1785299448.0,quote,,1786501800.0,true,76.5000,76.0000,77.0000,10588.56,16100.89
6,ed2086c87d52482699dee6d41678911f,0,2026-07-29,2026-07-29,29354e42ef0c3a5dcfab2220f035fd1be5874df613426379bae1f33e112f560b,996bed4920d57ac31c4fb24ea30428fd6f75ebf5eff9ad3e616c6bcf81f64d7c,"[""Tennis""]",1785303689.556284,KXITFMATCH-26JUL28WENJON-WEN,Tennis,,KXITFMATCH,5195be65-3a9b-423a-9e35-55f2f5840354,KXITFMATCH-26JUL28WENJON,1785299448.0,quote,,1786501800.0,true,23.5000,23.0000,24.0000,7005.65,20599.78
6,ed2086c87d52482699dee6d41678911f,0,2026-07-29,2026-07-29,29354e42ef0c3a5dcfab2220f035fd1be5874df613426379bae1f33e112f560b,996bed4920d57ac31c4fb24ea30428fd6f75ebf5eff9ad3e616c6bcf81f64d7c,"[""Tennis""]",1785303689.628191,KXITFMATCH-26JUL28CHAHEI-CHA,Tennis,,KXITFMATCH,5ba6a34a-c169-4b0b-b8fd-b835a2127855,KXITFMATCH-26JUL28CHAHEI,1785299809.0,quote,,1786505400.0,true,58.5000,58.0000,59.0000,6104.11,1459.70
6,ed2086c87d52482699dee6d41678911f,0,2026-07-29,2026-07-29,29354e42ef0c3a5dcfab2220f035fd1be5874df613426379bae1f33e112f560b,996bed4920d57ac31c4fb24ea30428fd6f75ebf5eff9ad3e616c6bcf81f64d7c,"[""Tennis""]",1785303689.702763,KXITFWMATCH-26JUL29SOZMIL-MIL,Tennis,,KXITFWMATCH,0ba82ca4-7c3d-4fe6-9763-af01f430c473,KXITFWMATCH-26JUL29SOZMIL,1785301725.0,quote,,1786510800.0,true,93.5000,93.0000,94.0000,2779.23,7575.73
6,ed2086c87d52482699dee6d41678911f,0,2026-07-29,2026-07-29,29354e42ef0c3a5dcfab2220f035fd1be5874df613426379bae1f33e112f560b,996bed4920d57ac31c4fb24ea30428fd6f75ebf5eff9ad3e616c6bcf81f64d7c,"[""Tennis""]",1785303689.772714,KXITFWMATCH-26JUL29YOSKIM-KIM,Tennis,,KXITFWMATCH,9b9eecb5-c6a0-414a-bcf3-57262192676d,KXITFWMATCH-26JUL29YOSKIM,1785301851.0,quote,,1786510800.0,true,64.5000,64.0000,65.0000,2872.54,5006.45
6,ed2086c87d52482699dee6d41678911f,0,2026-07-29,2026-07-29,29354e42ef0c3a5dcfab2220f035fd1be5874df613426379bae1f33e112f560b,996bed4920d57ac31c4fb24ea30428fd6f75ebf5eff9ad3e616c6bcf81f64d7c,"[""Tennis""]",1785303690.198804,KXITFMATCH-26JUL28CHAHEI-HEI,Tennis,,KXITFMATCH,5ba6a34a-c169-4b0b-b8fd-b835a2127855,KXITFMATCH-26JUL28CHAHEI,1785299809.0,quote,,1786505400.0,true,40.5000,40.0000,41.0000,4871.14,4069.95
6,ed2086c87d52482699dee6d41678911f,0,2026-07-29,2026-07-29,29354e42ef0c3a5dcfab2220f035fd1be5874df613426379bae1f33e112f560b,996bed4920d57ac31c4fb24ea30428fd6f75ebf5eff9ad3e616c6bcf81f64d7c,"[""Tennis""]",1785303690.270438,KXITFWMATCH-26JUL29SOZMIL-SOZ,Tennis,,KXITFWMATCH,0ba82ca4-7c3d-4fe6-9763-af01f430c473,KXITFWMATCH-26JUL29SOZMIL,1785301725.0,quote,,1786510800.0,true,6.5000,6.0000,7.0000,2145.68,4905.21
6,ed2086c87d52482699dee6d41678911f,0,2026-07-29,2026-07-29,29354e42ef0c3a5dcfab2220f035fd1be5874df613426379bae1f33e112f560b,996bed4920d57ac31c4fb24ea30428fd6f75ebf5eff9ad3e616c6bcf81f64d7c,"[""Tennis""]",1785303690.34397,KXITFMATCH-26JUL29BRAPIE-PIE,Tennis,,KXITFMATCH,e7bed978-f0a4-4bc6-8904-d9b6730590e4,KXITFMATCH-26JUL29BRAPIE,1785305498.0,quote,,1786514400.0,true,85.5000,85.0000,86.0000,3461.00,1059.07
6,ed2086c87d52482699dee6d41678911f,0,2026-07-29,2026-07-29,29354e42ef0c3a5dcfab2220f035fd1be5874df613426379bae1f33e112f560b,996bed4920d57ac31c4fb24ea30428fd6f75ebf5eff9ad3e616c6bcf81f64d7c,"[""Tennis""]",1785303690.415851,KXITFWMATCH-26JUL29HOSDYU-DYU,Tennis,,KXITFWMATCH,eff22484-a537-4944-bd0e-5664e98b54bd,KXITFWMATCH-26JUL29HOSDYU,1785301687.0,quote,,1786510800.0,true,85.0000,84.0000,86.0000,373.00,327.91
6,ed2086c87d52482699dee6d41678911f,0,2026-07-29,2026-07-29,29354e42ef0c3a5dcfab2220f035fd1be5874df613426379bae1f33e112f560b,996bed4920d57ac31c4fb24ea30428fd6f75ebf5eff9ad3e616c6bcf81f64d7c,"[""Tennis""]",1785303691.9918761,KXITFMATCH-26JUL28PADSAT-PAD,Tennis,,KXITFMATCH,03e1243d-7dee-4056-a032-cb914b77515a,KXITFMATCH-26JUL28PADSAT,1785294636.0,quote,,1786501800.0,true,38.5000,38.0000,39.0000,20.00,26975.45
6,ed2086c87d52482699dee6d41678911f,0,2026-07-29,2026-07-29,29354e42ef0c3a5dcfab2220f035fd1be5874df613426379bae1f33e112f560b,996bed4920d57ac31c4fb24ea30428fd6f75ebf5eff9ad3e616c6bcf81f64d7c,"[""Tennis""]",1785303692.244318,KXITFMATCH-26JUL28WENJON-JON,Tennis,,KXITFMATCH,5195be65-3a9b-423a-9e35-55f2f5840354,KXITFMATCH-26JUL28WENJON,1785299448.0,quote,,1786501800.0,true,76.5000,76.0000,77.0000,10588.56,16100.89
6,ed2086c87d52482699dee6d41678911f,0,2026-07-29,2026-07-29,29354e42ef0c3a5dcfab2220f035fd1be5874df613426379bae1f33e112f560b,996bed4920d57ac31c4fb24ea30428fd6f75ebf5eff9ad3e616c6bcf81f64d7c,"[""Tennis""]",1785303692.3152409,KXITFMATCH-26JUL28WENJON-WEN,Tennis,,KXITFMATCH,5195be65-3a9b-423a-9e35-55f2f5840354,KXITFMATCH-26JUL28WENJON,1785299448.0,quote,,1786501800.0,true,23.5000,23.0000,24.0000,7005.65,20599.78
6,ed2086c87d52482699dee6d41678911f,0,2026-07-29,2026-07-29,29354e42ef0c3a5dcfab2220f035fd1be5874df613426379bae1f33e112f560b,996bed4920d57ac31c4fb24ea30428fd6f75ebf5eff9ad3e616c6bcf81f64d7c,"[""Tennis""]",1785303692.385348,KXITFMATCH-26JUL28CHAHEI-CHA,Tennis,,KXITFMATCH,5ba6a34a-c169-4b0b-b8fd-b835a2127855,KXITFMATCH-26JUL28CHAHEI,1785299809.0,quote,,1786505400.0,true,58.5000,58.0000,59.0000,6104.11,1459.70
6,ed2086c87d52482699dee6d41678911f,0,2026-07-29,2026-07-29,29354e42ef0c3a5dcfab2220f035fd1be5874df613426379bae1f33e112f560b,996bed4920d57ac31c4fb24ea30428fd6f75ebf5eff9ad3e616c6bcf81f64d7c,"[""Tennis""]",1785303692.454656,KXITFWMATCH-26JUL29SOZMIL-MIL,Tennis,,KXITFWMATCH,0ba82ca4-7c3d-4fe6-9763-af01f430c473,KXITFWMATCH-26JUL29SOZMIL,1785301725.0,quote,,1786510800.0,true,93.5000,93.0000,94.0000,2779.23,7575.73
6,ed2086c87d52482699dee6d41678911f,0,2026-07-29,2026-07-29,29354e42ef0c3a5dcfab2220f035fd1be5874df613426379bae1f33e112f560b,996bed4920d57ac31c4fb24ea30428fd6f75ebf5eff9ad3e616c6bcf81f64d7c,"[""Tennis""]",1785303692.7681742,KXITFWMATCH-26JUL29YOSKIM-KIM,Tennis,,KXITFWMATCH,9b9eecb5-c6a0-414a-bcf3-57262192676d,KXITFWMATCH-26JUL29YOSKIM,1785301851.0,quote,,1786510800.0,true,64.5000,64.0000,65.0000,2872.54,5006.45
6,ed2086c87d52482699dee6d41678911f,0,2026-07-29,2026-07-29,29354e42ef0c3a5dcfab2220f035fd1be5874df613426379bae1f33e112f560b,996bed4920d57ac31c4fb24ea30428fd6f75ebf5eff9ad3e616c6bcf81f64d7c,"[""Tennis""]",1785303692.839127,KXITFMATCH-26JUL28CHAHEI-HEI,Tennis,,KXITFMATCH,5ba6a34a-c169-4b0b-b8fd-b835a2127855,KXITFMATCH-26JUL28CHAHEI,1785299809.0,quote,,1786505400.0,true,41.0000,40.0000,42.0000,1927.41,704.11
6,ed2086c87d52482699dee6d41678911f,0,2026-07-29,2026-07-29,29354e42ef0c3a5dcfab2220f035fd1be5874df613426379bae1f33e112f560b,996bed4920d57ac31c4fb24ea30428fd6f75ebf5eff9ad3e616c6bcf81f64d7c,"[""Tennis""]",1785303692.910227,KXITFWMATCH-26JUL29SOZMIL-SOZ,Tennis,,KXITFWMATCH,0ba82ca4-7c3d-4fe6-9763-af01f430c473,KXITFWMATCH-26JUL29SOZMIL,1785301725.0,quote,,1786510800.0,true,6.5000,6.0000,7.0000,2145.68,4905.21
6,ed2086c87d52482699dee6d41678911f,0,2026-07-29,2026-07-29,29354e42ef0c3a5dcfab2220f035fd1be5874df613426379bae1f33e112f560b,996bed4920d57ac31c4fb24ea30428fd6f75ebf5eff9ad3e616c6bcf81f64d7c,"[""Tennis""]",1785303692.9815931,KXITFMATCH-26JUL29BRAPIE-PIE,Tennis,,KXITFMATCH,e7bed978-f0a4-4bc6-8904-d9b6730590e4,KXITFMATCH-26JUL29BRAPIE,1785305498.0,quote,,1786514400.0,true,85.5000,85.0000,86.0000,3461.00,1059.07
6,ed2086c87d52482699dee6d41678911f,0,2026-07-29,2026-07-29,29354e42ef0c3a5dcfab2220f035fd1be5874df613426379bae1f33e112f560b,996bed4920d57ac31c4fb24ea30428fd6f75ebf5eff9ad3e616c6bcf81f64d7c,"[""Tennis""]",1785303693.053238,KXITFWMATCH-26JUL29HOSDYU-DYU,Tennis,,KXITFWMATCH,eff22484-a537-4944-bd0e-5664e98b54bd,KXITFWMATCH-26JUL29HOSDYU,1785301687.0,quote,,1786510800.0,true,85.0000,84.0000,86.0000,373.00,327.91
6,ed2086c87d52482699dee6d41678911f,0,2026-07-29,2026-07-29,29354e42ef0c3a5dcfab2220f035fd1be5874df613426379bae1f33e112f560b,996bed4920d57ac31c4fb24ea30428fd6f75ebf5eff9ad3e616c6bcf81f64d7c,"[""Tennis""]",1785303694.8028119,KXITFMATCH-26JUL28PADSAT-PAD,Tennis,,KXITFMATCH,03e1243d-7dee-4056-a032-cb914b77515a,KXITFMATCH-26JUL28PADSAT,1785294636.0,quote,,1786501800.0,true,37.5000,37.0000,38.0000,9030.00,49185.49
6,ed2086c87d52482699dee6d41678911f,0,2026-07-29,2026-07-29,29354e42ef0c3a5dcfab2220f035fd1be5874df613426379bae1f33e112f560b,996bed4920d57ac31c4fb24ea30428fd6f75ebf5eff9ad3e616c6bcf81f64d7c,"[""Tennis""]",1785303694.87357,KXITFMATCH-26JUL28WENJON-JON,Tennis,,KXITFMATCH,5195be65-3a9b-423a-9e35-55f2f5840354,KXITFMATCH-26JUL28WENJON,1785299448.0,quote,,1786501800.0,true,76.5000,76.0000,77.0000,10588.56,16100.89
6,ed2086c87d52482699dee6d41678911f,0,2026-07-29,2026-07-29,29354e42ef0c3a5dcfab2220f035fd1be5874df613426379bae1f33e112f560b,996bed4920d57ac31c4fb24ea30428fd6f75ebf5eff9ad3e616c6bcf81f64d7c,"[""Tennis""]",1785303694.972663,KXITFMATCH-26JUL28WENJON-WEN,Tennis,,KXITFMATCH,5195be65-3a9b-423a-9e35-55f2f5840354,KXITFMATCH-26JUL28WENJON,1785299448.0,quote,,1786501800.0,true,23.5000,23.0000,24.0000,5808.52,19446.52
6,ed2086c87d52482699dee6d41678911f,0,2026-07-29,2026-07-29,29354e42ef0c3a5dcfab2220f035fd1be5874df613426379bae1f33e112f560b,996bed4920d57ac31c4fb24ea30428fd6f75ebf5eff9ad3e616c6bcf81f64d7c,"[""Tennis""]",1785303695.043242,KXITFMATCH-26JUL28CHAHEI-CHA,Tennis,,KXITFMATCH,5ba6a34a-c169-4b0b-b8fd-b835a2127855,KXITFMATCH-26JUL28CHAHEI,1785299809.0,quote,,1786505400.0,true,59.0000,58.0000,60.0000,800.53,1755.41
6,ed2086c87d52482699dee6d41678911f,0,2026-07-29,2026-07-29,29354e42ef0c3a5dcfab2220f035fd1be5874df613426379bae1f33e112f560b,996bed4920d57ac31c4fb24ea30428fd6f75ebf5eff9ad3e616c6bcf81f64d7c,"[""Tennis""]",1785303695.1125162,KXITFWMATCH-26JUL29SOZMIL-MIL,Tennis,,KXITFWMATCH,0ba82ca4-7c3d-4fe6-9763-af01f430c473,KXITFWMATCH-26JUL29SOZMIL,1785301725.0,quote,,1786510800.0,true,93.5000,93.0000,94.0000,2779.23,7575.73
6,ed2086c87d52482699dee6d41678911f,0,2026-07-29,2026-07-29,29354e42ef0c3a5dcfab2220f035fd1be5874df613426379bae1f33e112f560b,996bed4920d57ac31c4fb24ea30428fd6f75ebf5eff9ad3e616c6bcf81f64d7c,"[""Tennis""]",1785303695.3282418,KXITFWMATCH-26JUL29YOSKIM-KIM,Tennis,,KXITFWMATCH,9b9eecb5-c6a0-414a-bcf3-57262192676d,KXITFWMATCH-26JUL29YOSKIM,1785301851.0,quote,,1786510800.0,true,64.5000,64.0000,65.0000,2872.54,5006.45
6,ed2086c87d52482699dee6d41678911f,0,2026-07-29,2026-07-29,29354e42ef0c3a5dcfab2220f035fd1be5874df613426379bae1f33e112f560b,996bed4920d57ac31c4fb24ea30428fd6f75ebf5eff9ad3e616c6bcf81f64d7c,"[""Tennis""]",1785303695.422209,KXITFMATCH-26JUL28CHAHEI-HEI,Tennis,,KXITFMATCH,5ba6a34a-c169-4b0b-b8fd-b835a2127855,KXITFMATCH-26JUL28CHAHEI,1785299809.0,quote,,1786505400.0,true,41.0000,40.0000,42.0000,1927.41,704.11
6,ed2086c87d52482699dee6d41678911f,0,2026-07-29,2026-07-29,29354e42ef0c3a5dcfab2220f035fd1be5874df613426379bae1f33e112f560b,996bed4920d57ac31c4fb24ea30428fd6f75ebf5eff9ad3e616c6bcf81f64d7c,"[""Tennis""]",1785303695.4940438,KXITFWMATCH-26JUL29SOZMIL-SOZ,Tennis,,KXITFWMATCH,0ba82ca4-7c3d-4fe6-9763-af01f430c473,KXITFWMATCH-26JUL29SOZMIL,1785301725.0,quote,,1786510800.0,true,6.5000,6.0000,7.0000,2145.68,4905.21
6,ed2086c87d52482699dee6d41678911f,0,2026-07-29,2026-07-29,29354e42ef0c3a5dcfab2220f035fd1be5874df613426379bae1f33e112f560b,996bed4920d57ac31c4fb24ea30428fd6f75ebf5eff9ad3e616c6bcf81f64d7c,"[""Tennis""]",1785303695.564499,KXITFMATCH-26JUL29BRAPIE-PIE,Tennis,,KXITFMATCH,e7bed978-f0a4-4bc6-8904-d9b6730590e4,KXITFMATCH-26JUL29BRAPIE,1785305498.0,quote,,1786514400.0,true,85.5000,85.0000,86.0000,3461.00,1059.07
6,ed2086c87d52482699dee6d41678911f,0,2026-07-29,2026-07-29,29354e42ef0c3a5dcfab2220f035fd1be5874df613426379bae1f33e112f560b,996bed4920d57ac31c4fb24ea30428fd6f75ebf5eff9ad3e616c6bcf81f64d7c,"[""Tennis""]",1785303695.9149172,KXITFWMATCH-26JUL29HOSDYU-DYU,Tennis,,KXITFWMATCH,eff22484-a537-4944-bd0e-5664e98b54bd,KXITFWMATCH-26JUL29HOSDYU,1785301687.0,quote,,1786510800.0,true,82.5000,82.0000,83.0000,4152.86,3801.85
6,ed2086c87d52482699dee6d41678911f,0,2026-07-29,2026-07-29,29354e42ef0c3a5dcfab2220f035fd1be5874df613426379bae1f33e112f560b,996bed4920d57ac31c4fb24ea30428fd6f75ebf5eff9ad3e616c6bcf81f64d7c,"[""Tennis""]",1785303697.5175629,KXITFMATCH-26JUL28PADSAT-PAD,Tennis,,KXITFMATCH,03e1243d-7dee-4056-a032-cb914b77515a,KXITFMATCH-26JUL28PADSAT,1785294636.0,quote,,1786501800.0,true,37.5000,37.0000,38.0000,9030.00,49185.49
6,ed2086c87d52482699dee6d41678911f,0,2026-07-29,2026-07-29,29354e42ef0c3a5dcfab2220f035fd1be5874df613426379bae1f33e112f560b,996bed4920d57ac31c4fb24ea30428fd6f75ebf5eff9ad3e616c6bcf81f64d7c,"[""Tennis""]",1785303697.5922828,KXITFMATCH-26JUL28WENJON-JON,Tennis,,KXITFMATCH,5195be65-3a9b-423a-9e35-55f2f5840354,KXITFMATCH-26JUL28WENJON,1785299448.0,quote,,1786501800.0,true,76.5000,76.0000,77.0000,10588.56,16100.89
6,ed2086c87d52482699dee6d41678911f,0,2026-07-29,2026-07-29,29354e42ef0c3a5dcfab2220f035fd1be5874df613426379bae1f33e112f560b,996bed4920d57ac31c4fb24ea30428fd6f75ebf5eff9ad3e616c6bcf81f64d7c,"[""Tennis""]",1785303697.668967,KXITFMATCH-26JUL28WENJON-WEN,Tennis,,KXITFMATCH,5195be65-3a9b-423a-9e35-55f2f5840354,KXITFMATCH-26JUL28WENJON,1785299448.0,quote,,1786501800.0,true,23.5000,23.0000,24.0000,5808.52,19446.52
6,ed2086c87d52482699dee6d41678911f,0,2026-07-29,2026-07-29,29354e42ef0c3a5dcfab2220f035fd1be5874df613426379bae1f33e112f560b,996bed4920d57ac31c4fb24ea30428fd6f75ebf5eff9ad3e616c6bcf81f64d7c,"[""Tennis""]",1785303697.94976,KXITFMATCH-26JUL28CHAHEI-CHA,Tennis,,KXITFMATCH,5ba6a34a-c169-4b0b-b8fd-b835a2127855,KXITFMATCH-26JUL28CHAHEI,1785299809.0,quote,,1786505400.0,true,59.0000,58.0000,60.0000,800.53,1755.41
6,ed2086c87d52482699dee6d41678911f,0,2026-07-29,2026-07-29,29354e42ef0c3a5dcfab2220f035fd1be5874df613426379bae1f33e112f560b,996bed4920d57ac31c4fb24ea30428fd6f75ebf5eff9ad3e616c6bcf81f64d7c,"[""Tennis""]",1785303698.020927,KXITFWMATCH-26JUL29SOZMIL-MIL,Tennis,,KXITFWMATCH,0ba82ca4-7c3d-4fe6-9763-af01f430c473,KXITFWMATCH-26JUL29SOZMIL,1785301725.0,quote,,1786510800.0,true,93.5000,93.0000,94.0000,2779.23,7575.73
6,ed2086c87d52482699dee6d41678911f,0,2026-07-29,2026-07-29,29354e42ef0c3a5dcfab2220f035fd1be5874df613426379bae1f33e112f560b,996bed4920d57ac31c4fb24ea30428fd6f75ebf5eff9ad3e616c6bcf81f64d7c,"[""Tennis""]",1785303698.122008,KXITFWMATCH-26JUL29YOSKIM-KIM,Tennis,,KXITFWMATCH,9b9eecb5-c6a0-414a-bcf3-57262192676d,KXITFWMATCH-26JUL29YOSKIM,1785301851.0,quote,,1786510800.0,true,65.0000,64.0000,66.0000,151.76,486.00
6,ed2086c87d52482699dee6d41678911f,0,2026-07-29,2026-07-29,29354e42ef0c3a5dcfab2220f035fd1be5874df613426379bae1f33e112f560b,996bed4920d57ac31c4fb24ea30428fd6f75ebf5eff9ad3e616c6bcf81f64d7c,"[""Tennis""]",1785303698.1930828,KXITFMATCH-26JUL28CHAHEI-HEI,Tennis,,KXITFMATCH,5ba6a34a-c169-4b0b-b8fd-b835a2127855,KXITFMATCH-26JUL28CHAHEI,1785299809.0,quote,,1786505400.0,true,41.0000,40.0000,42.0000,1927.41,704.11
6,ed2086c87d52482699dee6d41678911f,0,2026-07-29,2026-07-29,29354e42ef0c3a5dcfab2220f035fd1be5874df613426379bae1f33e112f560b,996bed4920d57ac31c4fb24ea30428fd6f75ebf5eff9ad3e616c6bcf81f64d7c,"[""Tennis""]",1785303698.265339,KXITFWMATCH-26JUL29SOZMIL-SOZ,Tennis,,KXITFWMATCH,0ba82ca4-7c3d-4fe6-9763-af01f430c473,KXITFWMATCH-26JUL29SOZMIL,1785301725.0,quote,,1786510800.0,true,6.5000,6.0000,7.0000,5744.81,4962.80
6,ed2086c87d52482699dee6d41678911f,0,2026-07-29,2026-07-29,29354e42ef0c3a5dcfab2220f035fd1be5874df613426379bae1f33e112f560b,996bed4920d57ac31c4fb24ea30428fd6f75ebf5eff9ad3e616c6bcf81f64d7c,"[""Tennis""]",1785303698.474463,KXITFMATCH-26JUL29BRAPIE-PIE,Tennis,,KXITFMATCH,e7bed978-f0a4-4bc6-8904-d9b6730590e4,KXITFMATCH-26JUL29BRAPIE,1785305498.0,quote,,1786514400.0,true,85.5000,85.0000,86.0000,3461.00,1059.07
6,ed2086c87d52482699dee6d41678911f,0,2026-07-29,2026-07-29,29354e42ef0c3a5dcfab2220f035fd1be5874df613426379bae1f33e112f560b,996bed4920d57ac31c4fb24ea30428fd6f75ebf5eff9ad3e616c6bcf81f64d7c,"[""Tennis""]",1785303698.545543,KXITFWMATCH-26JUL29HOSDYU-DYU,Tennis,,KXITFWMATCH,eff22484-a537-4944-bd0e-5664e98b54bd,KXITFWMATCH-26JUL29HOSDYU,1785301687.0,quote,,1786510800.0,true,82.5000,82.0000,83.0000,4152.86,3801.85
6,ed2086c87d52482699dee6d41678911f,0,2026-07-29,2026-07-29,29354e42ef0c3a5dcfab2220f035fd1be5874df613426379bae1f33e112f560b,996bed4920d57ac31c4fb24ea30428fd6f75ebf5eff9ad3e616c6bcf81f64d7c,"[""Tennis""]",1785303700.1397629,KXITFMATCH-26JUL28PADSAT-PAD,Tennis,,KXITFMATCH,03e1243d-7dee-4056-a032-cb914b77515a,KXITFMATCH-26JUL28PADSAT,1785294636.0,quote,,1786501800.0,true,37.5000,37.0000,38.0000,9030.00,49185.49
6,ed2086c87d52482699dee6d41678911f,0,2026-07-29,2026-07-29,29354e42ef0c3a5dcfab2220f035fd1be5874df613426379bae1f33e112f560b,996bed4920d57ac31c4fb24ea30428fd6f75ebf5eff9ad3e616c6bcf81f64d7c,"[""Tennis""]",1785303700.214367,KXITFMATCH-26JUL28WENJON-JON,Tennis,,KXITFMATCH,5195be65-3a9b-423a-9e35-55f2f5840354,KXITFMATCH-26JUL28WENJON,1785299448.0,quote,,1786501800.0,true,77.5000,76.0000,79.0000,1058.00,10.00
6,ed2086c87d52482699dee6d41678911f,0,2026-07-29,2026-07-29,29354e42ef0c3a5dcfab2220f035fd1be5874df613426379bae1f33e112f560b,996bed4920d57ac31c4fb24ea30428fd6f75ebf5eff9ad3e616c6bcf81f64d7c,"[""Tennis""]",1785303700.314604,KXITFMATCH-26JUL28WENJON-WEN,Tennis,,KXITFMATCH,5195be65-3a9b-423a-9e35-55f2f5840354,KXITFMATCH-26JUL28WENJON,1785299448.0,quote,,1786501800.0,true,23.5000,23.0000,24.0000,5808.52,19446.52
6,ed2086c87d52482699dee6d41678911f,0,2026-07-29,2026-07-29,29354e42ef0c3a5dcfab2220f035fd1be5874df613426379bae1f33e112f560b,996bed4920d57ac31c4fb24ea30428fd6f75ebf5eff9ad3e616c6bcf81f64d7c,"[""Tennis""]",1785303700.388376,KXITFMATCH-26JUL28CHAHEI-CHA,Tennis,,KXITFMATCH,5ba6a34a-c169-4b0b-b8fd-b835a2127855,KXITFMATCH-26JUL28CHAHEI,1785299809.0,quote,,1786505400.0,true,59.0000,58.0000,60.0000,800.53,1755.41
6,ed2086c87d52482699dee6d41678911f,0,2026-07-29,2026-07-29,29354e42ef0c3a5dcfab2220f035fd1be5874df613426379bae1f33e112f560b,996bed4920d57ac31c4fb24ea30428fd6f75ebf5eff9ad3e616c6bcf81f64d7c,"[""Tennis""]",1785303700.6032598,KXITFWMATCH-26JUL29SOZMIL-MIL,Tennis,,KXITFWMATCH,0ba82ca4-7c3d-4fe6-9763-af01f430c473,KXITFWMATCH-26JUL29SOZMIL,1785301725.0,quote,,1786510800.0,true,93.5000,93.0000,94.0000,2779.23,7496.70
6,ed2086c87d52482699dee6d41678911f,0,2026-07-29,2026-07-29,29354e42ef0c3a5dcfab2220f035fd1be5874df613426379bae1f33e112f560b,996bed4920d57ac31c4fb24ea30428fd6f75ebf5eff9ad3e616c6bcf81f64d7c,"[""Tennis""]",1785303700.701559,KXITFWMATCH-26JUL29YOSKIM-KIM,Tennis,,KXITFWMATCH,9b9eecb5-c6a0-414a-bcf3-57262192676d,KXITFWMATCH-26JUL29YOSKIM,1785301851.0,quote,,1786510800.0,true,65.0000,64.0000,66.0000,151.76,486.00
6,ed2086c87d52482699dee6d41678911f,0,2026-07-29,2026-07-29,29354e42ef0c3a5dcfab2220f035fd1be5874df613426379bae1f33e112f560b,996bed4920d57ac31c4fb24ea30428fd6f75ebf5eff9ad3e616c6bcf81f64d7c,"[""Tennis""]",1785303700.777291,KXITFMATCH-26JUL28CHAHEI-HEI,Tennis,,KXITFMATCH,5ba6a34a-c169-4b0b-b8fd-b835a2127855,KXITFMATCH-26JUL28CHAHEI,1785299809.0,quote,,1786505400.0,true,41.0000,40.0000,42.0000,1927.41,704.11
6,ed2086c87d52482699dee6d41678911f,0,2026-07-29,2026-07-29,29354e42ef0c3a5dcfab2220f035fd1be5874df613426379bae1f33e112f560b,996bed4920d57ac31c4fb24ea30428fd6f75ebf5eff9ad3e616c6bcf81f64d7c,"[""Tennis""]",1785303700.9084952,KXITFWMATCH-26JUL29SOZMIL-SOZ,Tennis,,KXITFWMATCH,0ba82ca4-7c3d-4fe6-9763-af01f430c473,KXITFWMATCH-26JUL29SOZMIL,1785301725.0,quote,,1786510800.0,true,6.5000,6.0000,7.0000,5744.81,4962.80
6,ed2086c87d52482699dee6d41678911f,0,2026-07-29,2026-07-29,29354e42ef0c3a5dcfab2220f035fd1be5874df613426379bae1f33e112f560b,996bed4920d57ac31c4fb24ea30428fd6f75ebf5eff9ad3e616c6bcf81f64d7c,"[""Tennis""]",1785303700.98149,KXITFMATCH-26JUL29BRAPIE-PIE,Tennis,,KXITFMATCH,e7bed978-f0a4-4bc6-8904-d9b6730590e4,KXITFMATCH-26JUL29BRAPIE,1785305498.0,quote,,1786514400.0,true,85.5000,85.0000,86.0000,3461.00,1059.07
6,ed2086c87d52482699dee6d41678911f,0,2026-07-29,2026-07-29,29354e42ef0c3a5dcfab2220f035fd1be5874df613426379bae1f33e112f560b,996bed4920d57ac31c4fb24ea30428fd6f75ebf5eff9ad3e616c6bcf81f64d7c,"[""Tennis""]",1785303701.09632,KXITFWMATCH-26JUL29HOSDYU-DYU,Tennis,,KXITFWMATCH,eff22484-a537-4944-bd0e-5664e98b54bd,KXITFWMATCH-26JUL29HOSDYU,1785301687.0,quote,,1786510800.0,true,82.5000,82.0000,83.0000,4152.86,3801.85
6,ed2086c87d52482699dee6d41678911f,0,2026-07-29,2026-07-29,29354e42ef0c3a5dcfab2220f035fd1be5874df613426379bae1f33e112f560b,996bed4920d57ac31c4fb24ea30428fd6f75ebf5eff9ad3e616c6bcf81f64d7c,"[""Tennis""]",1785303702.729168,KXITFMATCH-26JUL28PADSAT-PAD,Tennis,,KXITFMATCH,03e1243d-7dee-4056-a032-cb914b77515a,KXITFMATCH-26JUL28PADSAT,1785294636.0,quote,,1786501800.0,true,37.5000,37.0000,38.0000,9030.00,49185.49
6,ed2086c87d52482699dee6d41678911f,0,2026-07-29,2026-07-29,29354e42ef0c3a5dcfab2220f035fd1be5874df613426379bae1f33e112f560b,996bed4920d57ac31c4fb24ea30428fd6f75ebf5eff9ad3e616c6bcf81f64d7c,"[""Tennis""]",1785303702.800961,KXITFMATCH-26JUL28WENJON-JON,Tennis,,KXITFMATCH,5195be65-3a9b-423a-9e35-55f2f5840354,KXITFMATCH-26JUL28WENJON,1785299448.0,quote,,1786501800.0,true,77.5000,76.0000,79.0000,1058.00,10.00
6,ed2086c87d52482699dee6d41678911f,0,2026-07-29,2026-07-29,29354e42ef0c3a5dcfab2220f035fd1be5874df613426379bae1f33e112f560b,996bed4920d57ac31c4fb24ea30428fd6f75ebf5eff9ad3e616c6bcf81f64d7c,"[""Tennis""]",1785303702.8731341,KXITFMATCH-26JUL28WENJON-WEN,Tennis,,KXITFMATCH,5195be65-3a9b-423a-9e35-55f2f5840354,KXITFMATCH-26JUL28WENJON,1785299448.0,quote,,1786501800.0,true,23.5000,23.0000,24.0000,5808.52,19446.52
6,ed2086c87d52482699dee6d41678911f,0,2026-07-29,2026-07-29,29354e42ef0c3a5dcfab2220f035fd1be5874df613426379bae1f33e112f560b,996bed4920d57ac31c4fb24ea30428fd6f75ebf5eff9ad3e616c6bcf81f64d7c,"[""Tennis""]",1785303702.943538,KXITFMATCH-26JUL28CHAHEI-CHA,Tennis,,KXITFMATCH,5ba6a34a-c169-4b0b-b8fd-b835a2127855,KXITFMATCH-26JUL28CHAHEI,1785299809.0,quote,,1786505400.0,true,59.0000,58.0000,60.0000,800.53,1755.41
6,ed2086c87d52482699dee6d41678911f,0,2026-07-29,2026-07-29,29354e42ef0c3a5dcfab2220f035fd1be5874df613426379bae1f33e112f560b,996bed4920d57ac31c4fb24ea30428fd6f75ebf5eff9ad3e616c6bcf81f64d7c,"[""Tennis""]",1785303703.014833,KXITFWMATCH-26JUL29SOZMIL-MIL,Tennis,,KXITFWMATCH,0ba82ca4-7c3d-4fe6-9763-af01f430c473,KXITFWMATCH-26JUL29SOZMIL,1785301725.0,quote,,1786510800.0,true,93.5000,93.0000,94.0000,2779.23,7496.70
6,ed2086c87d52482699dee6d41678911f,0,2026-07-29,2026-07-29,29354e42ef0c3a5dcfab2220f035fd1be5874df613426379bae1f33e112f560b,996bed4920d57ac31c4fb24ea30428fd6f75ebf5eff9ad3e616c6bcf81f64d7c,"[""Tennis""]",1785303703.086255,KXITFWMATCH-26JUL29YOSKIM-KIM,Tennis,,KXITFWMATCH,9b9eecb5-c6a0-414a-bcf3-57262192676d,KXITFWMATCH-26JUL29YOSKIM,1785301851.0,quote,,1786510800.0,true,65.0000,64.0000,66.0000,151.76,486.00
6,ed2086c87d52482699dee6d41678911f,0,2026-07-29,2026-07-29,29354e42ef0c3a5dcfab2220f035fd1be5874df613426379bae1f33e112f560b,996bed4920d57ac31c4fb24ea30428fd6f75ebf5eff9ad3e616c6bcf81f64d7c,"[""Tennis""]",1785303703.192249,KXITFMATCH-26JUL28CHAHEI-HEI,Tennis,,KXITFMATCH,5ba6a34a-c169-4b0b-b8fd-b835a2127855,KXITFMATCH-26JUL28CHAHEI,1785299809.0,quote,,1786505400.0,true,40.5000,39.0000,42.0000,63.85,698.42
6,ed2086c87d52482699dee6d41678911f,0,2026-07-29,2026-07-29,29354e42ef0c3a5dcfab2220f035fd1be5874df613426379bae1f33e112f560b,996bed4920d57ac31c4fb24ea30428fd6f75ebf5eff9ad3e616c6bcf81f64d7c,"[""Tennis""]",1785303703.262604,KXITFWMATCH-26JUL29SOZMIL-SOZ,Tennis,,KXITFWMATCH,0ba82ca4-7c3d-4fe6-9763-af01f430c473,KXITFWMATCH-26JUL29SOZMIL,1785301725.0,quote,,1786510800.0,true,6.5000,6.0000,7.0000,5744.81,4962.80
6,ed2086c87d52482699dee6d41678911f,0,2026-07-29,2026-07-29,29354e42ef0c3a5dcfab2220f035fd1be5874df613426379bae1f33e112f560b,996bed4920d57ac31c4fb24ea30428fd6f75ebf5eff9ad3e616c6bcf81f64d7c,"[""Tennis""]",1785303703.33356,KXITFMATCH-26JUL29BRAPIE-PIE,Tennis,,KXITFMATCH,e7bed978-f0a4-4bc6-8904-d9b6730590e4,KXITFMATCH-26JUL29BRAPIE,1785305498.0,quote,,1786514400.0,true,85.5000,85.0000,86.0000,3461.00,1059.07
6,ed2086c87d52482699dee6d41678911f,0,2026-07-29,2026-07-29,29354e42ef0c3a5dcfab2220f035fd1be5874df613426379bae1f33e112f560b,996bed4920d57ac31c4fb24ea30428fd6f75ebf5eff9ad3e616c6bcf81f64d7c,"[""Tennis""]",1785303703.404474,KXITFWMATCH-26JUL29HOSDYU-DYU,Tennis,,KXITFWMATCH,eff22484-a537-4944-bd0e-5664e98b54bd,KXITFWMATCH-26JUL29HOSDYU,1785301687.0,quote,,1786510800.0,true,82.5000,82.0000,83.0000,4152.86,3801.85
6,ed2086c87d52482699dee6d41678911f,0,2026-07-29,2026-07-29,29354e42ef0c3a5dcfab2220f035fd1be5874df613426379bae1f33e112f560b,996bed4920d57ac31c4fb24ea30428fd6f75ebf5eff9ad3e616c6bcf81f64d7c,"[""Tennis""]",1785303704.980683,KXITFMATCH-26JUL28PADSAT-PAD,Tennis,,KXITFMATCH,03e1243d-7dee-4056-a032-cb914b77515a,KXITFMATCH-26JUL28PADSAT,1785294636.0,quote,,1786501800.0,true,37.5000,37.0000,38.0000,7518.56,35770.00
6,ed2086c87d52482699dee6d41678911f,0,2026-07-29,2026-07-29,29354e42ef0c3a5dcfab2220f035fd1be5874df613426379bae1f33e112f560b,996bed4920d57ac31c4fb24ea30428fd6f75ebf5eff9ad3e616c6bcf81f64d7c,"[""Tennis""]",1785303705.0513659,KXITFMATCH-26JUL28WENJON-JON,Tennis,,KXITFMATCH,5195be65-3a9b-423a-9e35-55f2f5840354,KXITFMATCH-26JUL28WENJON,1785299448.0,quote,,1786501800.0,true,77.5000,76.0000,79.0000,1058.00,10.00
6,ed2086c87d52482699dee6d41678911f,0,2026-07-29,2026-07-29,29354e42ef0c3a5dcfab2220f035fd1be5874df613426379bae1f33e112f560b,996bed4920d57ac31c4fb24ea30428fd6f75ebf5eff9ad3e616c6bcf81f64d7c,"[""Tennis""]",1785303705.1222668,KXITFMATCH-26JUL28WENJON-WEN,Tennis,,KXITFMATCH,5195be65-3a9b-423a-9e35-55f2f5840354,KXITFMATCH-26JUL28WENJON,1785299448.0,quote,,1786501800.0,true,21.5000,21.0000,22.0000,1.00,23.85
6,ed2086c87d52482699dee6d41678911f,0,2026-07-29,2026-07-29,29354e42ef0c3a5dcfab2220f035fd1be5874df613426379bae1f33e112f560b,996bed4920d57ac31c4fb24ea30428fd6f75ebf5eff9ad3e616c6bcf81f64d7c,"[""Tennis""]",1785303705.195221,KXITFMATCH-26JUL28CHAHEI-CHA,Tennis,,KXITFMATCH,5ba6a34a-c169-4b0b-b8fd-b835a2127855,KXITFMATCH-26JUL28CHAHEI,1785299809.0,quote,,1786505400.0,true,61.5000,61.0000,62.0000,2437.00,2118.09
6,ed2086c87d52482699dee6d41678911f,0,2026-07-29,2026-07-29,29354e42ef0c3a5dcfab2220f035fd1be5874df613426379bae1f33e112f560b,996bed4920d57ac31c4fb24ea30428fd6f75ebf5eff9ad3e616c6bcf81f64d7c,"[""Tennis""]",1785303705.35236,KXITFWMATCH-26JUL29SOZMIL-MIL,Tennis,,KXITFWMATCH,0ba82ca4-7c3d-4fe6-9763-af01f430c473,KXITFWMATCH-26JUL29SOZMIL,1785301725.0,quote,,1786510800.0,true,93.5000,93.0000,94.0000,2779.23,7496.70
6,ed2086c87d52482699dee6d41678911f,0,2026-07-29,2026-07-29,29354e42ef0c3a5dcfab2220f035fd1be5874df613426379bae1f33e112f560b,996bed4920d57ac31c4fb24ea30428fd6f75ebf5eff9ad3e616c6bcf81f64d7c,"[""Tennis""]",1785303705.424185,KXITFWMATCH-26JUL29YOSKIM-KIM,Tennis,,KXITFWMATCH,9b9eecb5-c6a0-414a-bcf3-57262192676d,KXITFWMATCH-26JUL29YOSKIM,1785301851.0,quote,,1786510800.0,true,65.0000,64.0000,66.0000,151.76,486.00
6,ed2086c87d52482699dee6d41678911f,0,2026-07-29,2026-07-29,29354e42ef0c3a5dcfab2220f035fd1be5874df613426379bae1f33e112f560b,996bed4920d57ac31c4fb24ea30428fd6f75ebf5eff9ad3e616c6bcf81f64d7c,"[""Tennis""]",1785303705.495745,KXITFMATCH-26JUL28CHAHEI-HEI,Tennis,,KXITFMATCH,5ba6a34a-c169-4b0b-b8fd-b835a2127855,KXITFMATCH-26JUL28CHAHEI,1785299809.0,quote,,1786505400.0,true,40.5000,39.0000,42.0000,63.85,698.42
6,ed2086c87d52482699dee6d41678911f,0,2026-07-29,2026-07-29,29354e42ef0c3a5dcfab2220f035fd1be5874df613426379bae1f33e112f560b,996bed4920d57ac31c4fb24ea30428fd6f75ebf5eff9ad3e616c6bcf81f64d7c,"[""Tennis""]",1785303705.566377,KXITFWMATCH-26JUL29SOZMIL-SOZ,Tennis,,KXITFWMATCH,0ba82ca4-7c3d-4fe6-9763-af01f430c473,KXITFWMATCH-26JUL29SOZMIL,1785301725.0,quote,,1786510800.0,true,6.5000,6.0000,7.0000,5744.81,4962.80
6,ed2086c87d52482699dee6d41678911f,0,2026-07-29,2026-07-29,29354e42ef0c3a5dcfab2220f035fd1be5874df613426379bae1f33e112f560b,996bed4920d57ac31c4fb24ea30428fd6f75ebf5eff9ad3e616c6bcf81f64d7c,"[""Tennis""]",1785303705.639477,KXITFMATCH-26JUL29BRAPIE-PIE,Tennis,,KXITFMATCH,e7bed978-f0a4-4bc6-8904-d9b6730590e4,KXITFMATCH-26JUL29BRAPIE,1785305498.0,quote,,1786514400.0,true,85.5000,85.0000,86.0000,3461.00,1059.07
6,ed2086c87d52482699dee6d41678911f,0,2026-07-29,2026-07-29,29354e42ef0c3a5dcfab2220f035fd1be5874df613426379bae1f33e112f560b,996bed4920d57ac31c4fb24ea30428fd6f75ebf5eff9ad3e616c6bcf81f64d7c,"[""Tennis""]",1785303705.7106528,KXITFWMATCH-26JUL29HOSDYU-DYU,Tennis,,KXITFWMATCH,eff22484-a537-4944-bd0e-5664e98b54bd,KXITFWMATCH-26JUL29HOSDYU,1785301687.0,quote,,1786510800.0,true,81.5000,81.0000,82.0000,1227.66,1471.14
6,ed2086c87d52482699dee6d41678911f,0,2026-07-29,2026-07-29,29354e42ef0c3a5dcfab2220f035fd1be5874df613426379bae1f33e112f560b,996bed4920d57ac31c4fb24ea30428fd6f75ebf5eff9ad3e616c6bcf81f64d7c,"[""Tennis""]",1785303707.454628,KXITFMATCH-26JUL28PADSAT-PAD,Tennis,,KXITFMATCH,03e1243d-7dee-4056-a032-cb914b77515a,KXITFMATCH-26JUL28PADSAT,1785294636.0,quote,,1786501800.0,true,37.5000,37.0000,38.0000,7518.56,35770.00
6,ed2086c87d52482699dee6d41678911f,0,2026-07-29,2026-07-29,29354e42ef0c3a5dcfab2220f035fd1be5874df613426379bae1f33e112f560b,996bed4920d57ac31c4fb24ea30428fd6f75ebf5eff9ad3e616c6bcf81f64d7c,"[""Tennis""]",1785303707.547255,KXITFMATCH-26JUL28WENJON-JON,Tennis,,KXITFMATCH,5195be65-3a9b-423a-9e35-55f2f5840354,KXITFMATCH-26JUL28WENJON,1785299448.0,quote,,1786501800.0,true,77.5000,76.0000,79.0000,1058.00,10.00
6,ed2086c87d52482699dee6d41678911f,0,2026-07-29,2026-07-29,29354e42ef0c3a5dcfab2220f035fd1be5874df613426379bae1f33e112f560b,996bed4920d57ac31c4fb24ea30428fd6f75ebf5eff9ad3e616c6bcf81f64d7c,"[""Tennis""]",1785303707.625691,KXITFMATCH-26JUL28WENJON-WEN,Tennis,,KXITFMATCH,5195be65-3a9b-423a-9e35-55f2f5840354,KXITFMATCH-26JUL28WENJON,1785299448.0,quote,,1786501800.0,true,21.5000,21.0000,22.0000,1.00,23.85
6,ed2086c87d52482699dee6d41678911f,0,2026-07-29,2026-07-29,29354e42ef0c3a5dcfab2220f035fd1be5874df613426379bae1f33e112f560b,996bed4920d57ac31c4fb24ea30428fd6f75ebf5eff9ad3e616c6bcf81f64d7c,"[""Tennis""]",1785303707.706889,KXITFMATCH-26JUL28CHAHEI-CHA,Tennis,,KXITFMATCH,5ba6a34a-c169-4b0b-b8fd-b835a2127855,KXITFMATCH-26JUL28CHAHEI,1785299809.0,quote,,1786505400.0,true,61.5000,61.0000,62.0000,2437.00,2118.09
6,ed2086c87d52482699dee6d41678911f,0,2026-07-29,2026-07-29,29354e42ef0c3a5dcfab2220f035fd1be5874df613426379bae1f33e112f560b,996bed4920d57ac31c4fb24ea30428fd6f75ebf5eff9ad3e616c6bcf81f64d7c,"[""Tennis""]",1785303707.9100852,KXITFWMATCH-26JUL29SOZMIL-MIL,Tennis,,KXITFWMATCH,0ba82ca4-7c3d-4fe6-9763-af01f430c473,KXITFWMATCH-26JUL29SOZMIL,1785301725.0,quote,,1786510800.0,true,93.5000,93.0000,94.0000,2779.23,7496.70
6,ed2086c87d52482699dee6d41678911f,0,2026-07-29,2026-07-29,29354e42ef0c3a5dcfab2220f035fd1be5874df613426379bae1f33e112f560b,996bed4920d57ac31c4fb24ea30428fd6f75ebf5eff9ad3e616c6bcf81f64d7c,"[""Tennis""]",1785303708.002808,KXITFWMATCH-26JUL29YOSKIM-KIM,Tennis,,KXITFWMATCH,9b9eecb5-c6a0-414a-bcf3-57262192676d,KXITFWMATCH-26JUL29YOSKIM,1785301851.0,quote,,1786510800.0,true,64.0000,63.0000,65.0000,514.83,1323.94
6,ed2086c87d52482699dee6d41678911f,0,2026-07-29,2026-07-29,29354e42ef0c3a5dcfab2220f035fd1be5874df613426379bae1f33e112f560b,996bed4920d57ac31c4fb24ea30428fd6f75ebf5eff9ad3e616c6bcf81f64d7c,"[""Tennis""]",1785303708.073591,KXITFMATCH-26JUL28CHAHEI-HEI,Tennis,,KXITFMATCH,5ba6a34a-c169-4b0b-b8fd-b835a2127855,KXITFMATCH-26JUL28CHAHEI,1785299809.0,quote,,1786505400.0,true,40.5000,39.0000,42.0000,63.85,698.42
6,ed2086c87d52482699dee6d41678911f,0,2026-07-29,2026-07-29,29354e42ef0c3a5dcfab2220f035fd1be5874df613426379bae1f33e112f560b,996bed4920d57ac31c4fb24ea30428fd6f75ebf5eff9ad3e616c6bcf81f64d7c,"[""Tennis""]",1785303708.1597419,KXITFWMATCH-26JUL29SOZMIL-SOZ,Tennis,,KXITFWMATCH,0ba82ca4-7c3d-4fe6-9763-af01f430c473,KXITFWMATCH-26JUL29SOZMIL,1785301725.0,quote,,1786510800.0,true,6.5000,6.0000,7.0000,5736.01,3265.92
6,ed2086c87d52482699dee6d41678911f,0,2026-07-29,2026-07-29,29354e42ef0c3a5dcfab2220f035fd1be5874df613426379bae1f33e112f560b,996bed4920d57ac31c4fb24ea30428fd6f75ebf5eff9ad3e616c6bcf81f64d7c,"[""Tennis""]",1785303708.4365811,KXITFMATCH-26JUL29BRAPIE-PIE,Tennis,,KXITFMATCH,e7bed978-f0a4-4bc6-8904-d9b6730590e4,KXITFMATCH-26JUL29BRAPIE,1785305498.0,quote,,1786514400.0,true,85.5000,85.0000,86.0000,3461.00,1059.07
6,ed2086c87d52482699dee6d41678911f,0,2026-07-29,2026-07-29,29354e42ef0c3a5dcfab2220f035fd1be5874df613426379bae1f33e112f560b,996bed4920d57ac31c4fb24ea30428fd6f75ebf5eff9ad3e616c6bcf81f64d7c,"[""Tennis""]",1785303708.5084338,KXITFWMATCH-26JUL29HOSDYU-DYU,Tennis,,KXITFWMATCH,eff22484-a537-4944-bd0e-5664e98b54bd,KXITFWMATCH-26JUL29HOSDYU,1785301687.0,quote,,1786510800.0,true,81.5000,81.0000,82.0000,1227.66,1471.14
6,ed2086c87d52482699dee6d41678911f,0,2026-07-29,2026-07-29,29354e42ef0c3a5dcfab2220f035fd1be5874df613426379bae1f33e112f560b,996bed4920d57ac31c4fb24ea30428fd6f75ebf5eff9ad3e616c6bcf81f64d7c,"[""Tennis""]",1785303710.0840828,KXITFMATCH-26JUL28PADSAT-PAD,Tennis,,KXITFMATCH,03e1243d-7dee-4056-a032-cb914b77515a,KXITFMATCH-26JUL28PADSAT,1785294636.0,quote,,1786501800.0,true,37.5000,37.0000,38.0000,7518.56,35770.00
6,ed2086c87d52482699dee6d41678911f,0,2026-07-29,2026-07-29,29354e42ef0c3a5dcfab2220f035fd1be5874df613426379bae1f33e112f560b,996bed4920d57ac31c4fb24ea30428fd6f75ebf5eff9ad3e616c6bcf81f64d7c,"[""Tennis""]",1785303710.1798148,KXITFMATCH-26JUL28WENJON-JON,Tennis,,KXITFMATCH,5195be65-3a9b-423a-9e35-55f2f5840354,KXITFMATCH-26JUL28WENJON,1785299448.0,quote,,1786501800.0,true,77.5000,76.0000,79.0000,1058.00,10.00
6,ed2086c87d52482699dee6d41678911f,0,2026-07-29,2026-07-29,29354e42ef0c3a5dcfab2220f035fd1be5874df613426379bae1f33e112f560b,996bed4920d57ac31c4fb24ea30428fd6f75ebf5eff9ad3e616c6bcf81f64d7c,"[""Tennis""]",1785303710.24966,KXITFMATCH-26JUL28WENJON-WEN,Tennis,,KXITFMATCH,5195be65-3a9b-423a-9e35-55f2f5840354,KXITFMATCH-26JUL28WENJON,1785299448.0,quote,,1786501800.0,true,21.5000,21.0000,22.0000,1.00,23.85
6,ed2086c87d52482699dee6d41678911f,0,2026-07-29,2026-07-29,29354e42ef0c3a5dcfab2220f035fd1be5874df613426379bae1f33e112f560b,996bed4920d57ac31c4fb24ea30428fd6f75ebf5eff9ad3e616c6bcf81f64d7c,"[""Tennis""]",1785303710.5340889,KXITFMATCH-26JUL28CHAHEI-CHA,Tennis,,KXITFMATCH,5ba6a34a-c169-4b0b-b8fd-b835a2127855,KXITFMATCH-26JUL28CHAHEI,1785299809.0,quote,,1786505400.0,true,61.5000,61.0000,62.0000,2437.00,2118.09
6,ed2086c87d52482699dee6d41678911f,0,2026-07-29,2026-07-29,29354e42ef0c3a5dcfab2220f035fd1be5874df613426379bae1f33e112f560b,996bed4920d57ac31c4fb24ea30428fd6f75ebf5eff9ad3e616c6bcf81f64d7c,"[""Tennis""]",1785303710.605087,KXITFWMATCH-26JUL29SOZMIL-MIL,Tennis,,KXITFWMATCH,0ba82ca4-7c3d-4fe6-9763-af01f430c473,KXITFWMATCH-26JUL29SOZMIL,1785301725.0,quote,,1786510800.0,true,93.5000,93.0000,94.0000,2779.23,7496.70
6,ed2086c87d52482699dee6d41678911f,0,2026-07-29,2026-07-29,29354e42ef0c3a5dcfab2220f035fd1be5874df613426379bae1f33e112f560b,996bed4920d57ac31c4fb24ea30428fd6f75ebf5eff9ad3e616c6bcf81f64d7c,"[""Tennis""]",1785303710.699855,KXITFWMATCH-26JUL29YOSKIM-KIM,Tennis,,KXITFWMATCH,9b9eecb5-c6a0-414a-bcf3-57262192676d,KXITFWMATCH-26JUL29YOSKIM,1785301851.0,quote,,1786510800.0,true,64.0000,63.0000,65.0000,514.83,1323.94
6,ed2086c87d52482699dee6d41678911f,0,2026-07-29,2026-07-29,29354e42ef0c3a5dcfab2220f035fd1be5874df613426379bae1f33e112f560b,996bed4920d57ac31c4fb24ea30428fd6f75ebf5eff9ad3e616c6bcf81f64d7c,"[""Tennis""]",1785303710.769536,KXITFMATCH-26JUL28CHAHEI-HEI,Tennis,,KXITFMATCH,5ba6a34a-c169-4b0b-b8fd-b835a2127855,KXITFMATCH-26JUL28CHAHEI,1785299809.0,quote,,1786505400.0,true,40.5000,39.0000,42.0000,63.85,698.42
6,ed2086c87d52482699dee6d41678911f,0,2026-07-29,2026-07-29,29354e42ef0c3a5dcfab2220f035fd1be5874df613426379bae1f33e112f560b,996bed4920d57ac31c4fb24ea30428fd6f75ebf5eff9ad3e616c6bcf81f64d7c,"[""Tennis""]",1785303710.8520498,KXITFWMATCH-26JUL29SOZMIL-SOZ,Tennis,,KXITFWMATCH,0ba82ca4-7c3d-4fe6-9763-af01f430c473,KXITFWMATCH-26JUL29SOZMIL,1785301725.0,quote,,1786510800.0,true,6.5000,6.0000,7.0000,5736.01,3265.92
6,ed2086c87d52482699dee6d41678911f,0,2026-07-29,2026-07-29,29354e42ef0c3a5dcfab2220f035fd1be5874df613426379bae1f33e112f560b,996bed4920d57ac31c4fb24ea30428fd6f75ebf5eff9ad3e616c6bcf81f64d7c,"[""Tennis""]",1785303711.0559309,KXITFMATCH-26JUL29BRAPIE-PIE,Tennis,,KXITFMATCH,e7bed978-f0a4-4bc6-8904-d9b6730590e4,KXITFMATCH-26JUL29BRAPIE,1785305498.0,quote,,1786514400.0,true,85.5000,85.0000,86.0000,3461.00,1059.07
6,ed2086c87d52482699dee6d41678911f,0,2026-07-29,2026-07-29,29354e42ef0c3a5dcfab2220f035fd1be5874df613426379bae1f33e112f560b,996bed4920d57ac31c4fb24ea30428fd6f75ebf5eff9ad3e616c6bcf81f64d7c,"[""Tennis""]",1785303711.127537,KXITFWMATCH-26JUL29HOSDYU-DYU,Tennis,,KXITFWMATCH,eff22484-a537-4944-bd0e-5664e98b54bd,KXITFWMATCH-26JUL29HOSDYU,1785301687.0,quote,,1786510800.0,true,81.5000,81.0000,82.0000,1227.66,1471.14
6,ed2086c87d52482699dee6d41678911f,0,2026-07-29,2026-07-29,29354e42ef0c3a5dcfab2220f035fd1be5874df613426379bae1f33e112f560b,996bed4920d57ac31c4fb24ea30428fd6f75ebf5eff9ad3e616c6bcf81f64d7c,"[""Tennis""]",1785303712.734556,KXITFMATCH-26JUL28PADSAT-PAD,Tennis,,KXITFMATCH,03e1243d-7dee-4056-a032-cb914b77515a,KXITFMATCH-26JUL28PADSAT,1785294636.0,quote,,1786501800.0,true,37.5000,37.0000,38.0000,7518.56,35770.00
6,ed2086c87d52482699dee6d41678911f,0,2026-07-29,2026-07-29,29354e42ef0c3a5dcfab2220f035fd1be5874df613426379bae1f33e112f560b,996bed4920d57ac31c4fb24ea30428fd6f75ebf5eff9ad3e616c6bcf81f64d7c,"[""Tennis""]",1785303712.805254,KXITFMATCH-26JUL28WENJON-JON,Tennis,,KXITFMATCH,5195be65-3a9b-423a-9e35-55f2f5840354,KXITFMATCH-26JUL28WENJON,1785299448.0,quote,,1786501800.0,true,78.5000,76.0000,81.0000,1075.63,2.00
6,ed2086c87d52482699dee6d41678911f,0,2026-07-29,2026-07-29,29354e42ef0c3a5dcfab2220f035fd1be5874df613426379bae1f33e112f560b,996bed4920d57ac31c4fb24ea30428fd6f75ebf5eff9ad3e616c6bcf81f64d7c,"[""Tennis""]",1785303712.88019,KXITFMATCH-26JUL28WENJON-WEN,Tennis,,KXITFMATCH,5195be65-3a9b-423a-9e35-55f2f5840354,KXITFMATCH-26JUL28WENJON,1785299448.0,quote,,1786501800.0,true,21.5000,21.0000,22.0000,1.00,23.85
6,ed2086c87d52482699dee6d41678911f,0,2026-07-29,2026-07-29,29354e42ef0c3a5dcfab2220f035fd1be5874df613426379bae1f33e112f560b,996bed4920d57ac31c4fb24ea30428fd6f75ebf5eff9ad3e616c6bcf81f64d7c,"[""Tennis""]",1785303712.950819,KXITFMATCH-26JUL28CHAHEI-CHA,Tennis,,KXITFMATCH,5ba6a34a-c169-4b0b-b8fd-b835a2127855,KXITFMATCH-26JUL28CHAHEI,1785299809.0,quote,,1786505400.0,true,61.5000,61.0000,62.0000,2437.00,2118.09
6,ed2086c87d52482699dee6d41678911f,0,2026-07-29,2026-07-29,29354e42ef0c3a5dcfab2220f035fd1be5874df613426379bae1f33e112f560b,996bed4920d57ac31c4fb24ea30428fd6f75ebf5eff9ad3e616c6bcf81f64d7c,"[""Tennis""]",1785303713.027541,KXITFWMATCH-26JUL29SOZMIL-MIL,Tennis,,KXITFWMATCH,0ba82ca4-7c3d-4fe6-9763-af01f430c473,KXITFWMATCH-26JUL29SOZMIL,1785301725.0,quote,,1786510800.0,true,93.5000,93.0000,94.0000,510.00,7521.70
6,ed2086c87d52482699dee6d41678911f,0,2026-07-29,2026-07-29,29354e42ef0c3a5dcfab2220f035fd1be5874df613426379bae1f33e112f560b,996bed4920d57ac31c4fb24ea30428fd6f75ebf5eff9ad3e616c6bcf81f64d7c,"[""Tennis""]",1785303713.154769,KXITFWMATCH-26JUL29YOSKIM-KIM,Tennis,,KXITFWMATCH,9b9eecb5-c6a0-414a-bcf3-57262192676d,KXITFWMATCH-26JUL29YOSKIM,1785301851.0,quote,,1786510800.0,true,64.0000,63.0000,65.0000,514.83,1323.94
6,ed2086c87d52482699dee6d41678911f,0,2026-07-29,2026-07-29,29354e42ef0c3a5dcfab2220f035fd1be5874df613426379bae1f33e112f560b,996bed4920d57ac31c4fb24ea30428fd6f75ebf5eff9ad3e616c6bcf81f64d7c,"[""Tennis""]",1785303713.226455,KXITFMATCH-26JUL28CHAHEI-HEI,Tennis,,KXITFMATCH,5ba6a34a-c169-4b0b-b8fd-b835a2127855,KXITFMATCH-26JUL28CHAHEI,1785299809.0,quote,,1786505400.0,true,38.5000,38.0000,39.0000,4528.09,20936.00
6,ed2086c87d52482699dee6d41678911f,0,2026-07-29,2026-07-29,29354e42ef0c3a5dcfab2220f035fd1be5874df613426379bae1f33e112f560b,996bed4920d57ac31c4fb24ea30428fd6f75ebf5eff9ad3e616c6bcf81f64d7c,"[""Tennis""]",1785303713.298484,KXITFWMATCH-26JUL29SOZMIL-SOZ,Tennis,,KXITFWMATCH,0ba82ca4-7c3d-4fe6-9763-af01f430c473,KXITFWMATCH-26JUL29SOZMIL,1785301725.0,quote,,1786510800.0,true,6.5000,6.0000,7.0000,5736.01,3265.92
6,ed2086c87d52482699dee6d41678911f,0,2026-07-29,2026-07-29,29354e42ef0c3a5dcfab2220f035fd1be5874df613426379bae1f33e112f560b,996bed4920d57ac31c4fb24ea30428fd6f75ebf5eff9ad3e616c6bcf81f64d7c,"[""Tennis""]",1785303713.3695,KXITFMATCH-26JUL29BRAPIE-PIE,Tennis,,KXITFMATCH,e7bed978-f0a4-4bc6-8904-d9b6730590e4,KXITFMATCH-26JUL29BRAPIE,1785305498.0,quote,,1786514400.0,true,85.5000,85.0000,86.0000,3461.00,1059.07
6,ed2086c87d52482699dee6d41678911f,0,2026-07-29,2026-07-29,29354e42ef0c3a5dcfab2220f035fd1be5874df613426379bae1f33e112f560b,996bed4920d57ac31c4fb24ea30428fd6f75ebf5eff9ad3e616c6bcf81f64d7c,"[""Tennis""]",1785303713.439211,KXITFWMATCH-26JUL29HOSDYU-DYU,Tennis,,KXITFWMATCH,eff22484-a537-4944-bd0e-5664e98b54bd,KXITFWMATCH-26JUL29HOSDYU,1785301687.0,quote,,1786510800.0,true,81.5000,81.0000,82.0000,1227.66,1471.14
6,ed2086c87d52482699dee6d41678911f,0,2026-07-29,2026-07-29,29354e42ef0c3a5dcfab2220f035fd1be5874df613426379bae1f33e112f560b,996bed4920d57ac31c4fb24ea30428fd6f75ebf5eff9ad3e616c6bcf81f64d7c,"[""Tennis""]",1785303715.031341,KXITFMATCH-26JUL28PADSAT-PAD,Tennis,,KXITFMATCH,03e1243d-7dee-4056-a032-cb914b77515a,KXITFMATCH-26JUL28PADSAT,1785294636.0,quote,,1786501800.0,true,37.5000,37.0000,38.0000,7518.56,35770.00
6,ed2086c87d52482699dee6d41678911f,0,2026-07-29,2026-07-29,29354e42ef0c3a5dcfab2220f035fd1be5874df613426379bae1f33e112f560b,996bed4920d57ac31c4fb24ea30428fd6f75ebf5eff9ad3e616c6bcf81f64d7c,"[""Tennis""]",1785303715.101846,KXITFMATCH-26JUL28WENJON-JON,Tennis,,KXITFMATCH,5195be65-3a9b-423a-9e35-55f2f5840354,KXITFMATCH-26JUL28WENJON,1785299448.0,quote,,1786501800.0,true,78.5000,76.0000,81.0000,1075.63,2.00
6,ed2086c87d52482699dee6d41678911f,0,2026-07-29,2026-07-29,29354e42ef0c3a5dcfab2220f035fd1be5874df613426379bae1f33e112f560b,996bed4920d57ac31c4fb24ea30428fd6f75ebf5eff9ad3e616c6bcf81f64d7c,"[""Tennis""]",1785303715.251766,KXITFMATCH-26JUL28WENJON-WEN,Tennis,,KXITFMATCH,5195be65-3a9b-423a-9e35-55f2f5840354,KXITFMATCH-26JUL28WENJON,1785299448.0,quote,,1786501800.0,true,19.5000,17.0000,22.0000,629.30,140.28
6,ed2086c87d52482699dee6d41678911f,0,2026-07-29,2026-07-29,29354e42ef0c3a5dcfab2220f035fd1be5874df613426379bae1f33e112f560b,996bed4920d57ac31c4fb24ea30428fd6f75ebf5eff9ad3e616c6bcf81f64d7c,"[""Tennis""]",1785303715.3235352,KXITFMATCH-26JUL28CHAHEI-CHA,Tennis,,KXITFMATCH,5ba6a34a-c169-4b0b-b8fd-b835a2127855,KXITFMATCH-26JUL28CHAHEI,1785299809.0,quote,,1786505400.0,true,61.5000,61.0000,62.0000,2355.00,6313.89
6,ed2086c87d52482699dee6d41678911f,0,2026-07-29,2026-07-29,29354e42ef0c3a5dcfab2220f035fd1be5874df613426379bae1f33e112f560b,996bed4920d57ac31c4fb24ea30428fd6f75ebf5eff9ad3e616c6bcf81f64d7c,"[""Tennis""]",1785303715.394677,KXITFWMATCH-26JUL29SOZMIL-MIL,Tennis,,KXITFWMATCH,0ba82ca4-7c3d-4fe6-9763-af01f430c473,KXITFWMATCH-26JUL29SOZMIL,1785301725.0,quote,,1786510800.0,true,93.5000,93.0000,94.0000,510.00,7521.70
6,ed2086c87d52482699dee6d41678911f,0,2026-07-29,2026-07-29,29354e42ef0c3a5dcfab2220f035fd1be5874df613426379bae1f33e112f560b,996bed4920d57ac31c4fb24ea30428fd6f75ebf5eff9ad3e616c6bcf81f64d7c,"[""Tennis""]",1785303715.466756,KXITFWMATCH-26JUL29YOSKIM-KIM,Tennis,,KXITFWMATCH,9b9eecb5-c6a0-414a-bcf3-57262192676d,KXITFWMATCH-26JUL29YOSKIM,1785301851.0,quote,,1786510800.0,true,64.0000,63.0000,65.0000,514.83,1323.94
6,ed2086c87d52482699dee6d41678911f,0,2026-07-29,2026-07-29,29354e42ef0c3a5dcfab2220f035fd1be5874df613426379bae1f33e112f560b,996bed4920d57ac31c4fb24ea30428fd6f75ebf5eff9ad3e616c6bcf81f64d7c,"[""Tennis""]",1785303715.5385768,KXITFMATCH-26JUL28CHAHEI-HEI,Tennis,,KXITFMATCH,5ba6a34a-c169-4b0b-b8fd-b835a2127855,KXITFMATCH-26JUL28CHAHEI,1785299809.0,quote,,1786505400.0,true,38.5000,38.0000,39.0000,4528.09,20936.00
6,ed2086c87d52482699dee6d41678911f,0,2026-07-29,2026-07-29,29354e42ef0c3a5dcfab2220f035fd1be5874df613426379bae1f33e112f560b,996bed4920d57ac31c4fb24ea30428fd6f75ebf5eff9ad3e616c6bcf81f64d7c,"[""Tennis""]",1785303715.610184,KXITFWMATCH-26JUL29SOZMIL-SOZ,Tennis,,KXITFWMATCH,0ba82ca4-7c3d-4fe6-9763-af01f430c473,KXITFWMATCH-26JUL29SOZMIL,1785301725.0,quote,,1786510800.0,true,6.5000,6.0000,7.0000,5736.01,3265.92
6,ed2086c87d52482699dee6d41678911f,0,2026-07-29,2026-07-29,29354e42ef0c3a5dcfab2220f035fd1be5874df613426379bae1f33e112f560b,996bed4920d57ac31c4fb24ea30428fd6f75ebf5eff9ad3e616c6bcf81f64d7c,"[""Tennis""]",1785303715.679754,KXITFMATCH-26JUL29BRAPIE-PIE,Tennis,,KXITFMATCH,e7bed978-f0a4-4bc6-8904-d9b6730590e4,KXITFMATCH-26JUL29BRAPIE,1785305498.0,quote,,1786514400.0,true,85.5000,85.0000,86.0000,3461.00,1059.07
6,ed2086c87d52482699dee6d41678911f,0,2026-07-29,2026-07-29,29354e42ef0c3a5dcfab2220f035fd1be5874df613426379bae1f33e112f560b,996bed4920d57ac31c4fb24ea30428fd6f75ebf5eff9ad3e616c6bcf81f64d7c,"[""Tennis""]",1785303715.8366349,KXITFWMATCH-26JUL29HOSDYU-DYU,Tennis,,KXITFWMATCH,eff22484-a537-4944-bd0e-5664e98b54bd,KXITFWMATCH-26JUL29HOSDYU,1785301687.0,quote,,1786510800.0,true,81.0000,80.0000,82.0000,4775.78,5072.30
6,ed2086c87d52482699dee6d41678911f,0,2026-07-29,2026-07-29,29354e42ef0c3a5dcfab2220f035fd1be5874df613426379bae1f33e112f560b,996bed4920d57ac31c4fb24ea30428fd6f75ebf5eff9ad3e616c6bcf81f64d7c,"[""Tennis""]",1785303717.421673,KXITFMATCH-26JUL28PADSAT-PAD,Tennis,,KXITFMATCH,03e1243d-7dee-4056-a032-cb914b77515a,KXITFMATCH-26JUL28PADSAT,1785294636.0,quote,,1786501800.0,true,34.5000,33.0000,36.0000,28.35,148.00
6,ed2086c87d52482699dee6d41678911f,0,2026-07-29,2026-07-29,29354e42ef0c3a5dcfab2220f035fd1be5874df613426379bae1f33e112f560b,996bed4920d57ac31c4fb24ea30428fd6f75ebf5eff9ad3e616c6bcf81f64d7c,"[""Tennis""]",1785303717.514509,KXITFMATCH-26JUL28WENJON-JON,Tennis,,KXITFMATCH,5195be65-3a9b-423a-9e35-55f2f5840354,KXITFMATCH-26JUL28WENJON,1785299448.0,quote,,1786501800.0,true,78.5000,76.0000,81.0000,1075.63,2.00
6,ed2086c87d52482699dee6d41678911f,0,2026-07-29,2026-07-29,29354e42ef0c3a5dcfab2220f035fd1be5874df613426379bae1f33e112f560b,996bed4920d57ac31c4fb24ea30428fd6f75ebf5eff9ad3e616c6bcf81f64d7c,"[""Tennis""]",1785303717.58493,KXITFMATCH-26JUL28WENJON-WEN,Tennis,,KXITFMATCH,5195be65-3a9b-423a-9e35-55f2f5840354,KXITFMATCH-26JUL28WENJON,1785299448.0,quote,,1786501800.0,true,19.5000,17.0000,22.0000,629.30,140.28
6,ed2086c87d52482699dee6d41678911f,0,2026-07-29,2026-07-29,29354e42ef0c3a5dcfab2220f035fd1be5874df613426379bae1f33e112f560b,996bed4920d57ac31c4fb24ea30428fd6f75ebf5eff9ad3e616c6bcf81f64d7c,"[""Tennis""]",1785303717.873867,KXITFMATCH-26JUL28CHAHEI-CHA,Tennis,,KXITFMATCH,5ba6a34a-c169-4b0b-b8fd-b835a2127855,KXITFMATCH-26JUL28CHAHEI,1785299809.0,quote,,1786505400.0,true,61.5000,61.0000,62.0000,2355.00,6313.89
6,ed2086c87d52482699dee6d41678911f,0,2026-07-29,2026-07-29,29354e42ef0c3a5dcfab2220f035fd1be5874df613426379bae1f33e112f560b,996bed4920d57ac31c4fb24ea30428fd6f75ebf5eff9ad3e616c6bcf81f64d7c,"[""Tennis""]",1785303717.9672801,KXITFWMATCH-26JUL29SOZMIL-MIL,Tennis,,KXITFWMATCH,0ba82ca4-7c3d-4fe6-9763-af01f430c473,KXITFWMATCH-26JUL29SOZMIL,1785301725.0,quote,,1786510800.0,true,93.5000,93.0000,94.0000,510.00,7521.70
6,ed2086c87d52482699dee6d41678911f,0,2026-07-29,2026-07-29,29354e42ef0c3a5dcfab2220f035fd1be5874df613426379bae1f33e112f560b,996bed4920d57ac31c4fb24ea30428fd6f75ebf5eff9ad3e616c6bcf81f64d7c,"[""Tennis""]",1785303718.039026,KXITFWMATCH-26JUL29YOSKIM-KIM,Tennis,,KXITFWMATCH,9b9eecb5-c6a0-414a-bcf3-57262192676d,KXITFWMATCH-26JUL29YOSKIM,1785301851.0,quote,,1786510800.0,true,64.5000,63.0000,66.0000,474.83,5340.78
6,ed2086c87d52482699dee6d41678911f,0,2026-07-29,2026-07-29,29354e42ef0c3a5dcfab2220f035fd1be5874df613426379bae1f33e112f560b,996bed4920d57ac31c4fb24ea30428fd6f75ebf5eff9ad3e616c6bcf81f64d7c,"[""Tennis""]",1785303718.13986,KXITFMATCH-26JUL28CHAHEI-HEI,Tennis,,KXITFMATCH,5ba6a34a-c169-4b0b-b8fd-b835a2127855,KXITFMATCH-26JUL28CHAHEI,1785299809.0,quote,,1786505400.0,true,38.5000,38.0000,39.0000,4528.09,20936.00
6,ed2086c87d52482699dee6d41678911f,0,2026-07-29,2026-07-29,29354e42ef0c3a5dcfab2220f035fd1be5874df613426379bae1f33e112f560b,996bed4920d57ac31c4fb24ea30428fd6f75ebf5eff9ad3e616c6bcf81f64d7c,"[""Tennis""]",1785303718.2122838,KXITFWMATCH-26JUL29SOZMIL-SOZ,Tennis,,KXITFWMATCH,0ba82ca4-7c3d-4fe6-9763-af01f430c473,KXITFWMATCH-26JUL29SOZMIL,1785301725.0,quote,,1786510800.0,true,6.5000,6.0000,7.0000,5405.00,3265.92
6,ed2086c87d52482699dee6d41678911f,0,2026-07-29,2026-07-29,29354e42ef0c3a5dcfab2220f035fd1be5874df613426379bae1f33e112f560b,996bed4920d57ac31c4fb24ea30428fd6f75ebf5eff9ad3e616c6bcf81f64d7c,"[""Tennis""]",1785303718.3988469,KXITFMATCH-26JUL29BRAPIE-PIE,Tennis,,KXITFMATCH,e7bed978-f0a4-4bc6-8904-d9b6730590e4,KXITFMATCH-26JUL29BRAPIE,1785305498.0,quote,,1786514400.0,true,85.5000,85.0000,86.0000,3461.00,1059.07
6,ed2086c87d52482699dee6d41678911f,0,2026-07-29,2026-07-29,29354e42ef0c3a5dcfab2220f035fd1be5874df613426379bae1f33e112f560b,996bed4920d57ac31c4fb24ea30428fd6f75ebf5eff9ad3e616c6bcf81f64d7c,"[""Tennis""]",1785303718.468256,KXITFWMATCH-26JUL29HOSDYU-DYU,Tennis,,KXITFWMATCH,eff22484-a537-4944-bd0e-5664e98b54bd,KXITFWMATCH-26JUL29HOSDYU,1785301687.0,quote,,1786510800.0,true,81.0000,80.0000,82.0000,4775.78,5072.30
6,ed2086c87d52482699dee6d41678911f,0,2026-07-29,2026-07-29,29354e42ef0c3a5dcfab2220f035fd1be5874df613426379bae1f33e112f560b,996bed4920d57ac31c4fb24ea30428fd6f75ebf5eff9ad3e616c6bcf81f64d7c,"[""Tennis""]",1785303720.0619678,KXITFMATCH-26JUL28PADSAT-PAD,Tennis,,KXITFMATCH,03e1243d-7dee-4056-a032-cb914b77515a,KXITFMATCH-26JUL28PADSAT,1785294636.0,quote,,1786501800.0,true,34.5000,33.0000,36.0000,28.35,148.00
6,ed2086c87d52482699dee6d41678911f,0,2026-07-29,2026-07-29,29354e42ef0c3a5dcfab2220f035fd1be5874df613426379bae1f33e112f560b,996bed4920d57ac31c4fb24ea30428fd6f75ebf5eff9ad3e616c6bcf81f64d7c,"[""Tennis""]",1785303720.135871,KXITFMATCH-26JUL28WENJON-JON,Tennis,,KXITFMATCH,5195be65-3a9b-423a-9e35-55f2f5840354,KXITFMATCH-26JUL28WENJON,1785299448.0,quote,,1786501800.0,true,78.5000,76.0000,81.0000,1075.63,2.00
6,ed2086c87d52482699dee6d41678911f,0,2026-07-29,2026-07-29,29354e42ef0c3a5dcfab2220f035fd1be5874df613426379bae1f33e112f560b,996bed4920d57ac31c4fb24ea30428fd6f75ebf5eff9ad3e616c6bcf81f64d7c,"[""Tennis""]",1785303720.213226,KXITFMATCH-26JUL28WENJON-WEN,Tennis,,KXITFMATCH,5195be65-3a9b-423a-9e35-55f2f5840354,KXITFMATCH-26JUL28WENJON,1785299448.0,quote,,1786501800.0,true,19.5000,17.0000,22.0000,629.30,140.28
6,ed2086c87d52482699dee6d41678911f,0,2026-07-29,2026-07-29,29354e42ef0c3a5dcfab2220f035fd1be5874df613426379bae1f33e112f560b,996bed4920d57ac31c4fb24ea30428fd6f75ebf5eff9ad3e616c6bcf81f64d7c,"[""Tennis""]",1785303720.285263,KXITFMATCH-26JUL28CHAHEI-CHA,Tennis,,KXITFMATCH,5ba6a34a-c169-4b0b-b8fd-b835a2127855,KXITFMATCH-26JUL28CHAHEI,1785299809.0,quote,,1786505400.0,true,61.5000,61.0000,62.0000,2355.00,6313.89
6,ed2086c87d52482699dee6d41678911f,0,2026-07-29,2026-07-29,29354e42ef0c3a5dcfab2220f035fd1be5874df613426379bae1f33e112f560b,996bed4920d57ac31c4fb24ea30428fd6f75ebf5eff9ad3e616c6bcf81f64d7c,"[""Tennis""]",1785303720.4960582,KXITFWMATCH-26JUL29SOZMIL-MIL,Tennis,,KXITFWMATCH,0ba82ca4-7c3d-4fe6-9763-af01f430c473,KXITFWMATCH-26JUL29SOZMIL,1785301725.0,quote,,1786510800.0,true,93.5000,93.0000,94.0000,510.00,7521.70
6,ed2086c87d52482699dee6d41678911f,0,2026-07-29,2026-07-29,29354e42ef0c3a5dcfab2220f035fd1be5874df613426379bae1f33e112f560b,996bed4920d57ac31c4fb24ea30428fd6f75ebf5eff9ad3e616c6bcf81f64d7c,"[""Tennis""]",1785303720.567314,KXITFWMATCH-26JUL29YOSKIM-KIM,Tennis,,KXITFWMATCH,9b9eecb5-c6a0-414a-bcf3-57262192676d,KXITFWMATCH-26JUL29YOSKIM,1785301851.0,quote,,1786510800.0,true,64.5000,63.0000,66.0000,474.83,5340.78
6,ed2086c87d52482699dee6d41678911f,0,2026-07-29,2026-07-29,29354e42ef0c3a5dcfab2220f035fd1be5874df613426379bae1f33e112f560b,996bed4920d57ac31c4fb24ea30428fd6f75ebf5eff9ad3e616c6bcf81f64d7c,"[""Tennis""]",1785303720.664172,KXITFMATCH-26JUL28CHAHEI-HEI,Tennis,,KXITFMATCH,5ba6a34a-c169-4b0b-b8fd-b835a2127855,KXITFMATCH-26JUL28CHAHEI,1785299809.0,quote,,1786505400.0,true,38.5000,38.0000,39.0000,4528.09,20936.00
6,ed2086c87d52482699dee6d41678911f,0,2026-07-29,2026-07-29,29354e42ef0c3a5dcfab2220f035fd1be5874df613426379bae1f33e112f560b,996bed4920d57ac31c4fb24ea30428fd6f75ebf5eff9ad3e616c6bcf81f64d7c,"[""Tennis""]",1785303720.735233,KXITFWMATCH-26JUL29SOZMIL-SOZ,Tennis,,KXITFWMATCH,0ba82ca4-7c3d-4fe6-9763-af01f430c473,KXITFWMATCH-26JUL29SOZMIL,1785301725.0,quote,,1786510800.0,true,6.5000,6.0000,7.0000,5405.00,3265.92
6,ed2086c87d52482699dee6d41678911f,0,2026-07-29,2026-07-29,29354e42ef0c3a5dcfab2220f035fd1be5874df613426379bae1f33e112f560b,996bed4920d57ac31c4fb24ea30428fd6f75ebf5eff9ad3e616c6bcf81f64d7c,"[""Tennis""]",1785303721.0179992,KXITFMATCH-26JUL29BRAPIE-PIE,Tennis,,KXITFMATCH,e7bed978-f0a4-4bc6-8904-d9b6730590e4,KXITFMATCH-26JUL29BRAPIE,1785305498.0,quote,,1786514400.0,true,85.5000,85.0000,86.0000,3461.00,1059.07
6,ed2086c87d52482699dee6d41678911f,0,2026-07-29,2026-07-29,29354e42ef0c3a5dcfab2220f035fd1be5874df613426379bae1f33e112f560b,996bed4920d57ac31c4fb24ea30428fd6f75ebf5eff9ad3e616c6bcf81f64d7c,"[""Tennis""]",1785303721.1110551,KXITFWMATCH-26JUL29HOSDYU-DYU,Tennis,,KXITFWMATCH,eff22484-a537-4944-bd0e-5664e98b54bd,KXITFWMATCH-26JUL29HOSDYU,1785301687.0,quote,,1786510800.0,true,81.0000,80.0000,82.0000,4775.78,5072.30
6,ed2086c87d52482699dee6d41678911f,0,2026-07-29,2026-07-29,29354e42ef0c3a5dcfab2220f035fd1be5874df613426379bae1f33e112f560b,996bed4920d57ac31c4fb24ea30428fd6f75ebf5eff9ad3e616c6bcf81f64d7c,"[""Tennis""]",1785303722.690309,KXITFMATCH-26JUL28PADSAT-PAD,Tennis,,KXITFMATCH,03e1243d-7dee-4056-a032-cb914b77515a,KXITFMATCH-26JUL28PADSAT,1785294636.0,quote,,1786501800.0,true,34.5000,33.0000,36.0000,28.35,148.00
6,ed2086c87d52482699dee6d41678911f,0,2026-07-29,2026-07-29,29354e42ef0c3a5dcfab2220f035fd1be5874df613426379bae1f33e112f560b,996bed4920d57ac31c4fb24ea30428fd6f75ebf5eff9ad3e616c6bcf81f64d7c,"[""Tennis""]",1785303722.761885,KXITFMATCH-26JUL28WENJON-JON,Tennis,,KXITFMATCH,5195be65-3a9b-423a-9e35-55f2f5840354,KXITFMATCH-26JUL28WENJON,1785299448.0,quote,,1786501800.0,true,78.5000,76.0000,81.0000,1075.63,2.00
6,ed2086c87d52482699dee6d41678911f,0,2026-07-29,2026-07-29,29354e42ef0c3a5dcfab2220f035fd1be5874df613426379bae1f33e112f560b,996bed4920d57ac31c4fb24ea30428fd6f75ebf5eff9ad3e616c6bcf81f64d7c,"[""Tennis""]",1785303722.833786,KXITFMATCH-26JUL28WENJON-WEN,Tennis,,KXITFMATCH,5195be65-3a9b-423a-9e35-55f2f5840354,KXITFMATCH-26JUL28WENJON,1785299448.0,quote,,1786501800.0,true,19.5000,17.0000,22.0000,629.30,140.28
6,ed2086c87d52482699dee6d41678911f,0,2026-07-29,2026-07-29,29354e42ef0c3a5dcfab2220f035fd1be5874df613426379bae1f33e112f560b,996bed4920d57ac31c4fb24ea30428fd6f75ebf5eff9ad3e616c6bcf81f64d7c,"[""Tennis""]",1785303723.017505,KXITFMATCH-26JUL28CHAHEI-CHA,Tennis,,KXITFMATCH,5ba6a34a-c169-4b0b-b8fd-b835a2127855,KXITFMATCH-26JUL28CHAHEI,1785299809.0,quote,,1786505400.0,true,61.5000,61.0000,62.0000,2355.00,6313.89
6,ed2086c87d52482699dee6d41678911f,0,2026-07-29,2026-07-29,29354e42ef0c3a5dcfab2220f035fd1be5874df613426379bae1f33e112f560b,996bed4920d57ac31c4fb24ea30428fd6f75ebf5eff9ad3e616c6bcf81f64d7c,"[""Tennis""]",1785303723.179287,KXITFWMATCH-26JUL29SOZMIL-MIL,Tennis,,KXITFWMATCH,0ba82ca4-7c3d-4fe6-9763-af01f430c473,KXITFWMATCH-26JUL29SOZMIL,1785301725.0,quote,,1786510800.0,true,93.5000,93.0000,94.0000,510.00,7470.97
6,ed2086c87d52482699dee6d41678911f,0,2026-07-29,2026-07-29,29354e42ef0c3a5dcfab2220f035fd1be5874df613426379bae1f33e112f560b,996bed4920d57ac31c4fb24ea30428fd6f75ebf5eff9ad3e616c6bcf81f64d7c,"[""Tennis""]",1785303723.254294,KXITFWMATCH-26JUL29YOSKIM-KIM,Tennis,,KXITFWMATCH,9b9eecb5-c6a0-414a-bcf3-57262192676d,KXITFWMATCH-26JUL29YOSKIM,1785301851.0,quote,,1786510800.0,true,64.5000,63.0000,66.0000,474.83,5340.78
6,ed2086c87d52482699dee6d41678911f,0,2026-07-29,2026-07-29,29354e42ef0c3a5dcfab2220f035fd1be5874df613426379bae1f33e112f560b,996bed4920d57ac31c4fb24ea30428fd6f75ebf5eff9ad3e616c6bcf81f64d7c,"[""Tennis""]",1785303723.3258681,KXITFMATCH-26JUL28CHAHEI-HEI,Tennis,,KXITFMATCH,5ba6a34a-c169-4b0b-b8fd-b835a2127855,KXITFMATCH-26JUL28CHAHEI,1785299809.0,quote,,1786505400.0,true,38.5000,38.0000,39.0000,4528.09,20936.00
6,ed2086c87d52482699dee6d41678911f,0,2026-07-29,2026-07-29,29354e42ef0c3a5dcfab2220f035fd1be5874df613426379bae1f33e112f560b,996bed4920d57ac31c4fb24ea30428fd6f75ebf5eff9ad3e616c6bcf81f64d7c,"[""Tennis""]",1785303723.396281,KXITFWMATCH-26JUL29SOZMIL-SOZ,Tennis,,KXITFWMATCH,0ba82ca4-7c3d-4fe6-9763-af01f430c473,KXITFWMATCH-26JUL29SOZMIL,1785301725.0,quote,,1786510800.0,true,6.5000,6.0000,7.0000,5405.00,3265.92
6,ed2086c87d52482699dee6d41678911f,0,2026-07-29,2026-07-29,29354e42ef0c3a5dcfab2220f035fd1be5874df613426379bae1f33e112f560b,996bed4920d57ac31c4fb24ea30428fd6f75ebf5eff9ad3e616c6bcf81f64d7c,"[""Tennis""]",1785303723.47544,KXITFMATCH-26JUL29BRAPIE-PIE,Tennis,,KXITFMATCH,e7bed978-f0a4-4bc6-8904-d9b6730590e4,KXITFMATCH-26JUL29BRAPIE,1785305498.0,quote,,1786514400.0,true,85.5000,85.0000,86.0000,3461.00,1059.07
6,ed2086c87d52482699dee6d41678911f,0,2026-07-29,2026-07-29,29354e42ef0c3a5dcfab2220f035fd1be5874df613426379bae1f33e112f560b,996bed4920d57ac31c4fb24ea30428fd6f75ebf5eff9ad3e616c6bcf81f64d7c,"[""Tennis""]",1785303723.6405509,KXITFWMATCH-26JUL29HOSDYU-DYU,Tennis,,KXITFWMATCH,eff22484-a537-4944-bd0e-5664e98b54bd,KXITFWMATCH-26JUL29HOSDYU,1785301687.0,quote,,1786510800.0,true,81.0000,80.0000,82.0000,4775.78,5072.30
6,ed2086c87d52482699dee6d41678911f,0,2026-07-29,2026-07-29,29354e42ef0c3a5dcfab2220f035fd1be5874df613426379bae1f33e112f560b,996bed4920d57ac31c4fb24ea30428fd6f75ebf5eff9ad3e616c6bcf81f64d7c,"[""Tennis""]",1785303725.28934,KXITFMATCH-26JUL28PADSAT-PAD,Tennis,,KXITFMATCH,03e1243d-7dee-4056-a032-cb914b77515a,KXITFMATCH-26JUL28PADSAT,1785294636.0,quote,,1786501800.0,true,34.5000,33.0000,36.0000,28.35,148.00
6,ed2086c87d52482699dee6d41678911f,0,2026-07-29,2026-07-29,29354e42ef0c3a5dcfab2220f035fd1be5874df613426379bae1f33e112f560b,996bed4920d57ac31c4fb24ea30428fd6f75ebf5eff9ad3e616c6bcf81f64d7c,"[""Tennis""]",1785303725.361751,KXITFMATCH-26JUL28WENJON-JON,Tennis,,KXITFMATCH,5195be65-3a9b-423a-9e35-55f2f5840354,KXITFMATCH-26JUL28WENJON,1785299448.0,quote,,1786501800.0,true,80.5000,80.0000,81.0000,9981.95,4609.90
6,ed2086c87d52482699dee6d41678911f,0,2026-07-29,2026-07-29,29354e42ef0c3a5dcfab2220f035fd1be5874df613426379bae1f33e112f560b,996bed4920d57ac31c4fb24ea30428fd6f75ebf5eff9ad3e616c6bcf81f64d7c,"[""Tennis""]",1785303725.461365,KXITFMATCH-26JUL28WENJON-WEN,Tennis,,KXITFMATCH,5195be65-3a9b-423a-9e35-55f2f5840354,KXITFMATCH-26JUL28WENJON,1785299448.0,quote,,1786501800.0,true,19.5000,17.0000,22.0000,629.30,140.28
6,ed2086c87d52482699dee6d41678911f,0,2026-07-29,2026-07-29,29354e42ef0c3a5dcfab2220f035fd1be5874df613426379bae1f33e112f560b,996bed4920d57ac31c4fb24ea30428fd6f75ebf5eff9ad3e616c6bcf81f64d7c,"[""Tennis""]",1785303725.531594,KXITFMATCH-26JUL28CHAHEI-CHA,Tennis,,KXITFMATCH,5ba6a34a-c169-4b0b-b8fd-b835a2127855,KXITFMATCH-26JUL28CHAHEI,1785299809.0,quote,,1786505400.0,true,61.5000,61.0000,62.0000,2355.00,6313.89
6,ed2086c87d52482699dee6d41678911f,0,2026-07-29,2026-07-29,29354e42ef0c3a5dcfab2220f035fd1be5874df613426379bae1f33e112f560b,996bed4920d57ac31c4fb24ea30428fd6f75ebf5eff9ad3e616c6bcf81f64d7c,"[""Tennis""]",1785303725.6025112,KXITFWMATCH-26JUL29SOZMIL-MIL,Tennis,,KXITFWMATCH,0ba82ca4-7c3d-4fe6-9763-af01f430c473,KXITFWMATCH-26JUL29SOZMIL,1785301725.0,quote,,1786510800.0,true,93.5000,93.0000,94.0000,510.00,7470.97
6,ed2086c87d52482699dee6d41678911f,0,2026-07-29,2026-07-29,29354e42ef0c3a5dcfab2220f035fd1be5874df613426379bae1f33e112f560b,996bed4920d57ac31c4fb24ea30428fd6f75ebf5eff9ad3e616c6bcf81f64d7c,"[""Tennis""]",1785303725.73485,KXITFWMATCH-26JUL29YOSKIM-KIM,Tennis,,KXITFWMATCH,9b9eecb5-c6a0-414a-bcf3-57262192676d,KXITFWMATCH-26JUL29YOSKIM,1785301851.0,quote,,1786510800.0,true,64.5000,63.0000,66.0000,474.83,5340.78
6,ed2086c87d52482699dee6d41678911f,0,2026-07-29,2026-07-29,29354e42ef0c3a5dcfab2220f035fd1be5874df613426379bae1f33e112f560b,996bed4920d57ac31c4fb24ea30428fd6f75ebf5eff9ad3e616c6bcf81f64d7c,"[""Tennis""]",1785303725.807086,KXITFMATCH-26JUL28CHAHEI-HEI,Tennis,,KXITFMATCH,5ba6a34a-c169-4b0b-b8fd-b835a2127855,KXITFMATCH-26JUL28CHAHEI,1785299809.0,quote,,1786505400.0,true,38.5000,38.0000,39.0000,4335.09,29886.50
6,ed2086c87d52482699dee6d41678911f,0,2026-07-29,2026-07-29,29354e42ef0c3a5dcfab2220f035fd1be5874df613426379bae1f33e112f560b,996bed4920d57ac31c4fb24ea30428fd6f75ebf5eff9ad3e616c6bcf81f64d7c,"[""Tennis""]",1785303725.878156,KXITFWMATCH-26JUL29SOZMIL-SOZ,Tennis,,KXITFWMATCH,0ba82ca4-7c3d-4fe6-9763-af01f430c473,KXITFWMATCH-26JUL29SOZMIL,1785301725.0,quote,,1786510800.0,true,6.5000,6.0000,7.0000,5405.00,3265.92
6,ed2086c87d52482699dee6d41678911f,0,2026-07-29,2026-07-29,29354e42ef0c3a5dcfab2220f035fd1be5874df613426379bae1f33e112f560b,996bed4920d57ac31c4fb24ea30428fd6f75ebf5eff9ad3e616c6bcf81f64d7c,"[""Tennis""]",1785303725.9611719,KXITFMATCH-26JUL29BRAPIE-PIE,Tennis,,KXITFMATCH,e7bed978-f0a4-4bc6-8904-d9b6730590e4,KXITFMATCH-26JUL29BRAPIE,1785305498.0,quote,,1786514400.0,true,85.5000,85.0000,86.0000,3461.00,1059.07
6,ed2086c87d52482699dee6d41678911f,0,2026-07-29,2026-07-29,29354e42ef0c3a5dcfab2220f035fd1be5874df613426379bae1f33e112f560b,996bed4920d57ac31c4fb24ea30428fd6f75ebf5eff9ad3e616c6bcf81f64d7c,"[""Tennis""]",1785303726.032576,KXITFWMATCH-26JUL29HOSDYU-DYU,Tennis,,KXITFWMATCH,eff22484-a537-4944-bd0e-5664e98b54bd,KXITFWMATCH-26JUL29HOSDYU,1785301687.0,quote,,1786510800.0,true,81.0000,80.0000,82.0000,4775.78,5072.30
6,ed2086c87d52482699dee6d41678911f,0,2026-07-29,2026-07-29,29354e42ef0c3a5dcfab2220f035fd1be5874df613426379bae1f33e112f560b,996bed4920d57ac31c4fb24ea30428fd6f75ebf5eff9ad3e616c6bcf81f64d7c,"[""Tennis""]",1785303727.61109,KXITFMATCH-26JUL28PADSAT-PAD,Tennis,,KXITFMATCH,03e1243d-7dee-4056-a032-cb914b77515a,KXITFMATCH-26JUL28PADSAT,1785294636.0,quote,,1786501800.0,true,40.5000,40.0000,41.0000,18111.35,20560.12
6,ed2086c87d52482699dee6d41678911f,0,2026-07-29,2026-07-29,29354e42ef0c3a5dcfab2220f035fd1be5874df613426379bae1f33e112f560b,996bed4920d57ac31c4fb24ea30428fd6f75ebf5eff9ad3e616c6bcf81f64d7c,"[""Tennis""]",1785303727.7084339,KXITFMATCH-26JUL28WENJON-JON,Tennis,,KXITFMATCH,5195be65-3a9b-423a-9e35-55f2f5840354,KXITFMATCH-26JUL28WENJON,1785299448.0,quote,,1786501800.0,true,80.5000,80.0000,81.0000,9981.95,4609.90
6,ed2086c87d52482699dee6d41678911f,0,2026-07-29,2026-07-29,29354e42ef0c3a5dcfab2220f035fd1be5874df613426379bae1f33e112f560b,996bed4920d57ac31c4fb24ea30428fd6f75ebf5eff9ad3e616c6bcf81f64d7c,"[""Tennis""]",1785303727.835409,KXITFMATCH-26JUL28WENJON-WEN,Tennis,,KXITFMATCH,5195be65-3a9b-423a-9e35-55f2f5840354,KXITFMATCH-26JUL28WENJON,1785299448.0,quote,,1786501800.0,true,19.5000,19.0000,20.0000,2881.12,21390.42
6,ed2086c87d52482699dee6d41678911f,0,2026-07-29,2026-07-29,29354e42ef0c3a5dcfab2220f035fd1be5874df613426379bae1f33e112f560b,996bed4920d57ac31c4fb24ea30428fd6f75ebf5eff9ad3e616c6bcf81f64d7c,"[""Tennis""]",1785303727.909398,KXITFMATCH-26JUL28CHAHEI-CHA,Tennis,,KXITFMATCH,5ba6a34a-c169-4b0b-b8fd-b835a2127855,KXITFMATCH-26JUL28CHAHEI,1785299809.0,quote,,1786505400.0,true,61.5000,61.0000,62.0000,777.00,10.00
6,ed2086c87d52482699dee6d41678911f,0,2026-07-29,2026-07-29,29354e42ef0c3a5dcfab2220f035fd1be5874df613426379bae1f33e112f560b,996bed4920d57ac31c4fb24ea30428fd6f75ebf5eff9ad3e616c6bcf81f64d7c,"[""Tennis""]",1785303727.9835331,KXITFWMATCH-26JUL29SOZMIL-MIL,Tennis,,KXITFWMATCH,0ba82ca4-7c3d-4fe6-9763-af01f430c473,KXITFWMATCH-26JUL29SOZMIL,1785301725.0,quote,,1786510800.0,true,93.5000,93.0000,94.0000,510.00,7470.97
6,ed2086c87d52482699dee6d41678911f,0,2026-07-29,2026-07-29,29354e42ef0c3a5dcfab2220f035fd1be5874df613426379bae1f33e112f560b,996bed4920d57ac31c4fb24ea30428fd6f75ebf5eff9ad3e616c6bcf81f64d7c,"[""Tennis""]",1785303728.0646038,KXITFWMATCH-26JUL29YOSKIM-KIM,Tennis,,KXITFWMATCH,9b9eecb5-c6a0-414a-bcf3-57262192676d,KXITFWMATCH-26JUL29YOSKIM,1785301851.0,quote,,1786510800.0,true,64.5000,63.0000,66.0000,474.83,5340.78
6,ed2086c87d52482699dee6d41678911f,0,2026-07-29,2026-07-29,29354e42ef0c3a5dcfab2220f035fd1be5874df613426379bae1f33e112f560b,996bed4920d57ac31c4fb24ea30428fd6f75ebf5eff9ad3e616c6bcf81f64d7c,"[""Tennis""]",1785303728.136642,KXITFMATCH-26JUL28CHAHEI-HEI,Tennis,,KXITFMATCH,5ba6a34a-c169-4b0b-b8fd-b835a2127855,KXITFMATCH-26JUL28CHAHEI,1785299809.0,quote,,1786505400.0,true,38.5000,38.0000,39.0000,4335.09,29886.50
6,ed2086c87d52482699dee6d41678911f,0,2026-07-29,2026-07-29,29354e42ef0c3a5dcfab2220f035fd1be5874df613426379bae1f33e112f560b,996bed4920d57ac31c4fb24ea30428fd6f75ebf5eff9ad3e616c6bcf81f64d7c,"[""Tennis""]",1785303728.236043,KXITFWMATCH-26JUL29SOZMIL-SOZ,Tennis,,KXITFWMATCH,0ba82ca4-7c3d-4fe6-9763-af01f430c473,KXITFWMATCH-26JUL29SOZMIL,1785301725.0,quote,,1786510800.0,true,6.5000,6.0000,7.0000,5405.00,3265.92
6,ed2086c87d52482699dee6d41678911f,0,2026-07-29,2026-07-29,29354e42ef0c3a5dcfab2220f035fd1be5874df613426379bae1f33e112f560b,996bed4920d57ac31c4fb24ea30428fd6f75ebf5eff9ad3e616c6bcf81f64d7c,"[""Tennis""]",1785303728.3590882,KXITFMATCH-26JUL29BRAPIE-PIE,Tennis,,KXITFMATCH,e7bed978-f0a4-4bc6-8904-d9b6730590e4,KXITFMATCH-26JUL29BRAPIE,1785305498.0,quote,,1786514400.0,true,85.5000,85.0000,86.0000,3461.00,1059.07
6,ed2086c87d52482699dee6d41678911f,0,2026-07-29,2026-07-29,29354e42ef0c3a5dcfab2220f035fd1be5874df613426379bae1f33e112f560b,996bed4920d57ac31c4fb24ea30428fd6f75ebf5eff9ad3e616c6bcf81f64d7c,"[""Tennis""]",1785303728.430275,KXITFWMATCH-26JUL29HOSDYU-DYU,Tennis,,KXITFWMATCH,eff22484-a537-4944-bd0e-5664e98b54bd,KXITFWMATCH-26JUL29HOSDYU,1785301687.0,quote,,1786510800.0,true,80.0000,78.0000,82.0000,1453.24,1334.60
6,ed2086c87d52482699dee6d41678911f,0,2026-07-29,2026-07-29,29354e42ef0c3a5dcfab2220f035fd1be5874df613426379bae1f33e112f560b,996bed4920d57ac31c4fb24ea30428fd6f75ebf5eff9ad3e616c6bcf81f64d7c,"[""Tennis""]",1785303730.009583,KXITFMATCH-26JUL28PADSAT-PAD,Tennis,,KXITFMATCH,03e1243d-7dee-4056-a032-cb914b77515a,KXITFMATCH-26JUL28PADSAT,1785294636.0,quote,,1786501800.0,true,40.5000,40.0000,41.0000,18111.35,20560.12
6,ed2086c87d52482699dee6d41678911f,0,2026-07-29,2026-07-29,29354e42ef0c3a5dcfab2220f035fd1be5874df613426379bae1f33e112f560b,996bed4920d57ac31c4fb24ea30428fd6f75ebf5eff9ad3e616c6bcf81f64d7c,"[""Tennis""]",1785303730.082022,KXITFMATCH-26JUL28WENJON-JON,Tennis,,KXITFMATCH,5195be65-3a9b-423a-9e35-55f2f5840354,KXITFMATCH-26JUL28WENJON,1785299448.0,quote,,1786501800.0,true,80.5000,80.0000,81.0000,9981.95,4609.90
6,ed2086c87d52482699dee6d41678911f,0,2026-07-29,2026-07-29,29354e42ef0c3a5dcfab2220f035fd1be5874df613426379bae1f33e112f560b,996bed4920d57ac31c4fb24ea30428fd6f75ebf5eff9ad3e616c6bcf81f64d7c,"[""Tennis""]",1785303730.155094,KXITFMATCH-26JUL28WENJON-WEN,Tennis,,KXITFMATCH,5195be65-3a9b-423a-9e35-55f2f5840354,KXITFMATCH-26JUL28WENJON,1785299448.0,quote,,1786501800.0,true,19.5000,19.0000,20.0000,2881.12,21390.42
6,ed2086c87d52482699dee6d41678911f,0,2026-07-29,2026-07-29,29354e42ef0c3a5dcfab2220f035fd1be5874df613426379bae1f33e112f560b,996bed4920d57ac31c4fb24ea30428fd6f75ebf5eff9ad3e616c6bcf81f64d7c,"[""Tennis""]",1785303730.232387,KXITFMATCH-26JUL28CHAHEI-CHA,Tennis,,KXITFMATCH,5ba6a34a-c169-4b0b-b8fd-b835a2127855,KXITFMATCH-26JUL28CHAHEI,1785299809.0,quote,,1786505400.0,true,61.5000,61.0000,62.0000,777.00,10.00
6,ed2086c87d52482699dee6d41678911f,0,2026-07-29,2026-07-29,29354e42ef0c3a5dcfab2220f035fd1be5874df613426379bae1f33e112f560b,996bed4920d57ac31c4fb24ea30428fd6f75ebf5eff9ad3e616c6bcf81f64d7c,"[""Tennis""]",1785303730.302646,KXITFWMATCH-26JUL29SOZMIL-MIL,Tennis,,KXITFWMATCH,0ba82ca4-7c3d-4fe6-9763-af01f430c473,KXITFWMATCH-26JUL29SOZMIL,1785301725.0,quote,,1786510800.0,true,93.5000,93.0000,94.0000,510.00,7470.97
6,ed2086c87d52482699dee6d41678911f,0,2026-07-29,2026-07-29,29354e42ef0c3a5dcfab2220f035fd1be5874df613426379bae1f33e112f560b,996bed4920d57ac31c4fb24ea30428fd6f75ebf5eff9ad3e616c6bcf81f64d7c,"[""Tennis""]",1785303730.456361,KXITFWMATCH-26JUL29YOSKIM-KIM,Tennis,,KXITFWMATCH,9b9eecb5-c6a0-414a-bcf3-57262192676d,KXITFWMATCH-26JUL29YOSKIM,1785301851.0,quote,,1786510800.0,true,62.5000,62.0000,63.0000,2030.01,7665.79
6,ed2086c87d52482699dee6d41678911f,0,2026-07-29,2026-07-29,29354e42ef0c3a5dcfab2220f035fd1be5874df613426379bae1f33e112f560b,996bed4920d57ac31c4fb24ea30428fd6f75ebf5eff9ad3e616c6bcf81f64d7c,"[""Tennis""]",1785303730.533334,KXITFMATCH-26JUL28CHAHEI-HEI,Tennis,,KXITFMATCH,5ba6a34a-c169-4b0b-b8fd-b835a2127855,KXITFMATCH-26JUL28CHAHEI,1785299809.0,quote,,1786505400.0,true,38.5000,38.0000,39.0000,4335.09,29886.50
6,ed2086c87d52482699dee6d41678911f,0,2026-07-29,2026-07-29,29354e42ef0c3a5dcfab2220f035fd1be5874df613426379bae1f33e112f560b,996bed4920d57ac31c4fb24ea30428fd6f75ebf5eff9ad3e616c6bcf81f64d7c,"[""Tennis""]",1785303730.633612,KXITFWMATCH-26JUL29SOZMIL-SOZ,Tennis,,KXITFWMATCH,0ba82ca4-7c3d-4fe6-9763-af01f430c473,KXITFWMATCH-26JUL29SOZMIL,1785301725.0,quote,,1786510800.0,true,6.5000,6.0000,7.0000,5155.00,3052.67
6,ed2086c87d52482699dee6d41678911f,0,2026-07-29,2026-07-29,29354e42ef0c3a5dcfab2220f035fd1be5874df613426379bae1f33e112f560b,996bed4920d57ac31c4fb24ea30428fd6f75ebf5eff9ad3e616c6bcf81f64d7c,"[""Tennis""]",1785303730.704268,KXITFMATCH-26JUL29BRAPIE-PIE,Tennis,,KXITFMATCH,e7bed978-f0a4-4bc6-8904-d9b6730590e4,KXITFMATCH-26JUL29BRAPIE,1785305498.0,quote,,1786514400.0,true,85.5000,85.0000,86.0000,3461.00,1059.07
6,ed2086c87d52482699dee6d41678911f,0,2026-07-29,2026-07-29,29354e42ef0c3a5dcfab2220f035fd1be5874df613426379bae1f33e112f560b,996bed4920d57ac31c4fb24ea30428fd6f75ebf5eff9ad3e616c6bcf81f64d7c,"[""Tennis""]",1785303730.7980402,KXITFWMATCH-26JUL29HOSDYU-DYU,Tennis,,KXITFWMATCH,eff22484-a537-4944-bd0e-5664e98b54bd,KXITFWMATCH-26JUL29HOSDYU,1785301687.0,quote,,1786510800.0,true,80.0000,78.0000,82.0000,1453.24,1334.60
6,ed2086c87d52482699dee6d41678911f,0,2026-07-29,2026-07-29,29354e42ef0c3a5dcfab2220f035fd1be5874df613426379bae1f33e112f560b,996bed4920d57ac31c4fb24ea30428fd6f75ebf5eff9ad3e616c6bcf81f64d7c,"[""Tennis""]",1785303732.376988,KXITFMATCH-26JUL28PADSAT-PAD,Tennis,,KXITFMATCH,03e1243d-7dee-4056-a032-cb914b77515a,KXITFMATCH-26JUL28PADSAT,1785294636.0,quote,,1786501800.0,true,40.5000,40.0000,41.0000,18111.35,20560.12
6,ed2086c87d52482699dee6d41678911f,0,2026-07-29,2026-07-29,29354e42ef0c3a5dcfab2220f035fd1be5874df613426379bae1f33e112f560b,996bed4920d57ac31c4fb24ea30428fd6f75ebf5eff9ad3e616c6bcf81f64d7c,"[""Tennis""]",1785303732.554721,KXITFMATCH-26JUL28WENJON-JON,Tennis,,KXITFMATCH,5195be65-3a9b-423a-9e35-55f2f5840354,KXITFMATCH-26JUL28WENJON,1785299448.0,quote,,1786501800.0,true,80.5000,80.0000,81.0000,9981.95,4609.90
6,ed2086c87d52482699dee6d41678911f,0,2026-07-29,2026-07-29,29354e42ef0c3a5dcfab2220f035fd1be5874df613426379bae1f33e112f560b,996bed4920d57ac31c4fb24ea30428fd6f75ebf5eff9ad3e616c6bcf81f64d7c,"[""Tennis""]",1785303732.62779,KXITFMATCH-26JUL28WENJON-WEN,Tennis,,KXITFMATCH,5195be65-3a9b-423a-9e35-55f2f5840354,KXITFMATCH-26JUL28WENJON,1785299448.0,quote,,1786501800.0,true,19.5000,19.0000,20.0000,2881.12,21390.42
6,ed2086c87d52482699dee6d41678911f,0,2026-07-29,2026-07-29,29354e42ef0c3a5dcfab2220f035fd1be5874df613426379bae1f33e112f560b,996bed4920d57ac31c4fb24ea30428fd6f75ebf5eff9ad3e616c6bcf81f64d7c,"[""Tennis""]",1785303732.704733,KXITFMATCH-26JUL28CHAHEI-CHA,Tennis,,KXITFMATCH,5ba6a34a-c169-4b0b-b8fd-b835a2127855,KXITFMATCH-26JUL28CHAHEI,1785299809.0,quote,,1786505400.0,true,61.5000,61.0000,62.0000,777.00,10.00
6,ed2086c87d52482699dee6d41678911f,0,2026-07-29,2026-07-29,29354e42ef0c3a5dcfab2220f035fd1be5874df613426379bae1f33e112f560b,996bed4920d57ac31c4fb24ea30428fd6f75ebf5eff9ad3e616c6bcf81f64d7c,"[""Tennis""]",1785303732.777641,KXITFWMATCH-26JUL29SOZMIL-MIL,Tennis,,KXITFWMATCH,0ba82ca4-7c3d-4fe6-9763-af01f430c473,KXITFWMATCH-26JUL29SOZMIL,1785301725.0,quote,,1786510800.0,true,93.5000,93.0000,94.0000,510.00,7470.97
6,ed2086c87d52482699dee6d41678911f,0,2026-07-29,2026-07-29,29354e42ef0c3a5dcfab2220f035fd1be5874df613426379bae1f33e112f560b,996bed4920d57ac31c4fb24ea30428fd6f75ebf5eff9ad3e616c6bcf81f64d7c,"[""Tennis""]",1785303732.8760939,KXITFWMATCH-26JUL29YOSKIM-KIM,Tennis,,KXITFWMATCH,9b9eecb5-c6a0-414a-bcf3-57262192676d,KXITFWMATCH-26JUL29YOSKIM,1785301851.0,quote,,1786510800.0,true,62.5000,62.0000,63.0000,2030.01,7665.79
6,ed2086c87d52482699dee6d41678911f,0,2026-07-29,2026-07-29,29354e42ef0c3a5dcfab2220f035fd1be5874df613426379bae1f33e112f560b,996bed4920d57ac31c4fb24ea30428fd6f75ebf5eff9ad3e616c6bcf81f64d7c,"[""Tennis""]",1785303732.945821,KXITFMATCH-26JUL28CHAHEI-HEI,Tennis,,KXITFMATCH,5ba6a34a-c169-4b0b-b8fd-b835a2127855,KXITFMATCH-26JUL28CHAHEI,1785299809.0,quote,,1786505400.0,true,38.5000,38.0000,39.0000,4335.09,29886.50
6,ed2086c87d52482699dee6d41678911f,0,2026-07-29,2026-07-29,29354e42ef0c3a5dcfab2220f035fd1be5874df613426379bae1f33e112f560b,996bed4920d57ac31c4fb24ea30428fd6f75ebf5eff9ad3e616c6bcf81f64d7c,"[""Tennis""]",1785303733.078454,KXITFWMATCH-26JUL29SOZMIL-SOZ,Tennis,,KXITFWMATCH,0ba82ca4-7c3d-4fe6-9763-af01f430c473,KXITFWMATCH-26JUL29SOZMIL,1785301725.0,quote,,1786510800.0,true,6.5000,6.0000,7.0000,5155.00,3052.67
6,ed2086c87d52482699dee6d41678911f,0,2026-07-29,2026-07-29,29354e42ef0c3a5dcfab2220f035fd1be5874df613426379bae1f33e112f560b,996bed4920d57ac31c4fb24ea30428fd6f75ebf5eff9ad3e616c6bcf81f64d7c,"[""Tennis""]",1785303733.151528,KXITFMATCH-26JUL29BRAPIE-PIE,Tennis,,KXITFMATCH,e7bed978-f0a4-4bc6-8904-d9b6730590e4,KXITFMATCH-26JUL29BRAPIE,1785305498.0,quote,,1786514400.0,true,85.5000,85.0000,86.0000,3461.00,1059.07
6,ed2086c87d52482699dee6d41678911f,0,2026-07-29,2026-07-29,29354e42ef0c3a5dcfab2220f035fd1be5874df613426379bae1f33e112f560b,996bed4920d57ac31c4fb24ea30428fd6f75ebf5eff9ad3e616c6bcf81f64d7c,"[""Tennis""]",1785303733.225632,KXITFWMATCH-26JUL29HOSDYU-DYU,Tennis,,KXITFWMATCH,eff22484-a537-4944-bd0e-5664e98b54bd,KXITFWMATCH-26JUL29HOSDYU,1785301687.0,quote,,1786510800.0,true,80.0000,78.0000,82.0000,1453.24,1334.60
6,ed2086c87d52482699dee6d41678911f,0,2026-07-29,2026-07-29,29354e42ef0c3a5dcfab2220f035fd1be5874df613426379bae1f33e112f560b,996bed4920d57ac31c4fb24ea30428fd6f75ebf5eff9ad3e616c6bcf81f64d7c,"[""Tennis""]",1785303734.801733,KXITFMATCH-26JUL28PADSAT-PAD,Tennis,,KXITFMATCH,03e1243d-7dee-4056-a032-cb914b77515a,KXITFMATCH-26JUL28PADSAT,1785294636.0,quote,,1786501800.0,true,40.5000,40.0000,41.0000,18111.35,20560.12
6,ed2086c87d52482699dee6d41678911f,0,2026-07-29,2026-07-29,29354e42ef0c3a5dcfab2220f035fd1be5874df613426379bae1f33e112f560b,996bed4920d57ac31c4fb24ea30428fd6f75ebf5eff9ad3e616c6bcf81f64d7c,"[""Tennis""]",1785303734.8761868,KXITFMATCH-26JUL28WENJON-JON,Tennis,,KXITFMATCH,5195be65-3a9b-423a-9e35-55f2f5840354,KXITFMATCH-26JUL28WENJON,1785299448.0,quote,,1786501800.0,true,81.0000,79.0000,83.0000,653.00,5.00
6,ed2086c87d52482699dee6d41678911f,0,2026-07-29,2026-07-29,29354e42ef0c3a5dcfab2220f035fd1be5874df613426379bae1f33e112f560b,996bed4920d57ac31c4fb24ea30428fd6f75ebf5eff9ad3e616c6bcf81f64d7c,"[""Tennis""]",1785303734.947642,KXITFMATCH-26JUL28WENJON-WEN,Tennis,,KXITFMATCH,5195be65-3a9b-423a-9e35-55f2f5840354,KXITFMATCH-26JUL28WENJON,1785299448.0,quote,,1786501800.0,true,19.5000,19.0000,20.0000,2881.12,21390.42
6,ed2086c87d52482699dee6d41678911f,0,2026-07-29,2026-07-29,29354e42ef0c3a5dcfab2220f035fd1be5874df613426379bae1f33e112f560b,996bed4920d57ac31c4fb24ea30428fd6f75ebf5eff9ad3e616c6bcf81f64d7c,"[""Tennis""]",1785303735.0183418,KXITFMATCH-26JUL28CHAHEI-CHA,Tennis,,KXITFMATCH,5ba6a34a-c169-4b0b-b8fd-b835a2127855,KXITFMATCH-26JUL28CHAHEI,1785299809.0,quote,,1786505400.0,true,61.5000,61.0000,62.0000,777.00,10.00
6,ed2086c87d52482699dee6d41678911f,0,2026-07-29,2026-07-29,29354e42ef0c3a5dcfab2220f035fd1be5874df613426379bae1f33e112f560b,996bed4920d57ac31c4fb24ea30428fd6f75ebf5eff9ad3e616c6bcf81f64d7c,"[""Tennis""]",1785303735.17484,KXITFWMATCH-26JUL29SOZMIL-MIL,Tennis,,KXITFWMATCH,0ba82ca4-7c3d-4fe6-9763-af01f430c473,KXITFWMATCH-26JUL29SOZMIL,1785301725.0,quote,,1786510800.0,true,93.5000,93.0000,94.0000,510.00,6717.38
6,ed2086c87d52482699dee6d41678911f,0,2026-07-29,2026-07-29,29354e42ef0c3a5dcfab2220f035fd1be5874df613426379bae1f33e112f560b,996bed4920d57ac31c4fb24ea30428fd6f75ebf5eff9ad3e616c6bcf81f64d7c,"[""Tennis""]",1785303735.24587,KXITFWMATCH-26JUL29YOSKIM-KIM,Tennis,,KXITFWMATCH,9b9eecb5-c6a0-414a-bcf3-57262192676d,KXITFWMATCH-26JUL29YOSKIM,1785301851.0,quote,,1786510800.0,true,62.5000,62.0000,63.0000,2030.01,7665.79
6,ed2086c87d52482699dee6d41678911f,0,2026-07-29,2026-07-29,29354e42ef0c3a5dcfab2220f035fd1be5874df613426379bae1f33e112f560b,996bed4920d57ac31c4fb24ea30428fd6f75ebf5eff9ad3e616c6bcf81f64d7c,"[""Tennis""]",1785303735.315381,KXITFMATCH-26JUL28CHAHEI-HEI,Tennis,,KXITFMATCH,5ba6a34a-c169-4b0b-b8fd-b835a2127855,KXITFMATCH-26JUL28CHAHEI,1785299809.0,quote,,1786505400.0,true,38.5000,38.0000,39.0000,4335.09,29886.50
6,ed2086c87d52482699dee6d41678911f,0,2026-07-29,2026-07-29,29354e42ef0c3a5dcfab2220f035fd1be5874df613426379bae1f33e112f560b,996bed4920d57ac31c4fb24ea30428fd6f75ebf5eff9ad3e616c6bcf81f64d7c,"[""Tennis""]",1785303735.3867211,KXITFWMATCH-26JUL29SOZMIL-SOZ,Tennis,,KXITFWMATCH,0ba82ca4-7c3d-4fe6-9763-af01f430c473,KXITFWMATCH-26JUL29SOZMIL,1785301725.0,quote,,1786510800.0,true,6.5000,6.0000,7.0000,5155.00,3052.67
6,ed2086c87d52482699dee6d41678911f,0,2026-07-29,2026-07-29,29354e42ef0c3a5dcfab2220f035fd1be5874df613426379bae1f33e112f560b,996bed4920d57ac31c4fb24ea30428fd6f75ebf5eff9ad3e616c6bcf81f64d7c,"[""Tennis""]",1785303735.4568121,KXITFMATCH-26JUL29BRAPIE-PIE,Tennis,,KXITFMATCH,e7bed978-f0a4-4bc6-8904-d9b6730590e4,KXITFMATCH-26JUL29BRAPIE,1785305498.0,quote,,1786514400.0,true,85.5000,85.0000,86.0000,3461.00,1059.07
6,ed2086c87d52482699dee6d41678911f,0,2026-07-29,2026-07-29,29354e42ef0c3a5dcfab2220f035fd1be5874df613426379bae1f33e112f560b,996bed4920d57ac31c4fb24ea30428fd6f75ebf5eff9ad3e616c6bcf81f64d7c,"[""Tennis""]",1785303735.529203,KXITFWMATCH-26JUL29HOSDYU-DYU,Tennis,,KXITFWMATCH,eff22484-a537-4944-bd0e-5664e98b54bd,KXITFWMATCH-26JUL29HOSDYU,1785301687.0,quote,,1786510800.0,true,80.0000,78.0000,82.0000,1453.24,1334.60
6,ed2086c87d52482699dee6d41678911f,0,2026-07-29,2026-07-29,29354e42ef0c3a5dcfab2220f035fd1be5874df613426379bae1f33e112f560b,996bed4920d57ac31c4fb24ea30428fd6f75ebf5eff9ad3e616c6bcf81f64d7c,"[""Tennis""]",1785303737.11324,KXITFMATCH-26JUL28PADSAT-PAD,Tennis,,KXITFMATCH,03e1243d-7dee-4056-a032-cb914b77515a,KXITFMATCH-26JUL28PADSAT,1785294636.0,quote,,1786501800.0,true,40.5000,40.0000,41.0000,18111.35,20560.12
6,ed2086c87d52482699dee6d41678911f,0,2026-07-29,2026-07-29,29354e42ef0c3a5dcfab2220f035fd1be5874df613426379bae1f33e112f560b,996bed4920d57ac31c4fb24ea30428fd6f75ebf5eff9ad3e616c6bcf81f64d7c,"[""Tennis""]",1785303737.271629,KXITFMATCH-26JUL28WENJON-JON,Tennis,,KXITFMATCH,5195be65-3a9b-423a-9e35-55f2f5840354,KXITFMATCH-26JUL28WENJON,1785299448.0,quote,,1786501800.0,true,81.0000,79.0000,83.0000,653.00,5.00
6,ed2086c87d52482699dee6d41678911f,0,2026-07-29,2026-07-29,29354e42ef0c3a5dcfab2220f035fd1be5874df613426379bae1f33e112f560b,996bed4920d57ac31c4fb24ea30428fd6f75ebf5eff9ad3e616c6bcf81f64d7c,"[""Tennis""]",1785303737.341451,KXITFMATCH-26JUL28WENJON-WEN,Tennis,,KXITFMATCH,5195be65-3a9b-423a-9e35-55f2f5840354,KXITFMATCH-26JUL28WENJON,1785299448.0,quote,,1786501800.0,true,16.5000,15.0000,18.0000,327.00,6.13
6,ed2086c87d52482699dee6d41678911f,0,2026-07-29,2026-07-29,29354e42ef0c3a5dcfab2220f035fd1be5874df613426379bae1f33e112f560b,996bed4920d57ac31c4fb24ea30428fd6f75ebf5eff9ad3e616c6bcf81f64d7c,"[""Tennis""]",1785303737.462958,KXITFMATCH-26JUL28CHAHEI-CHA,Tennis,,KXITFMATCH,5ba6a34a-c169-4b0b-b8fd-b835a2127855,KXITFMATCH-26JUL28CHAHEI,1785299809.0,quote,,1786505400.0,true,63.0000,62.0000,64.0000,181.00,42.00
6,ed2086c87d52482699dee6d41678911f,0,2026-07-29,2026-07-29,29354e42ef0c3a5dcfab2220f035fd1be5874df613426379bae1f33e112f560b,996bed4920d57ac31c4fb24ea30428fd6f75ebf5eff9ad3e616c6bcf81f64d7c,"[""Tennis""]",1785303737.534276,KXITFWMATCH-26JUL29SOZMIL-MIL,Tennis,,KXITFWMATCH,0ba82ca4-7c3d-4fe6-9763-af01f430c473,KXITFWMATCH-26JUL29SOZMIL,1785301725.0,quote,,1786510800.0,true,93.5000,93.0000,94.0000,510.00,6717.38
6,ed2086c87d52482699dee6d41678911f,0,2026-07-29,2026-07-29,29354e42ef0c3a5dcfab2220f035fd1be5874df613426379bae1f33e112f560b,996bed4920d57ac31c4fb24ea30428fd6f75ebf5eff9ad3e616c6bcf81f64d7c,"[""Tennis""]",1785303737.6056771,KXITFWMATCH-26JUL29YOSKIM-KIM,Tennis,,KXITFWMATCH,9b9eecb5-c6a0-414a-bcf3-57262192676d,KXITFWMATCH-26JUL29YOSKIM,1785301851.0,quote,,1786510800.0,true,62.5000,62.0000,63.0000,2030.01,7665.79
6,ed2086c87d52482699dee6d41678911f,0,2026-07-29,2026-07-29,29354e42ef0c3a5dcfab2220f035fd1be5874df613426379bae1f33e112f560b,996bed4920d57ac31c4fb24ea30428fd6f75ebf5eff9ad3e616c6bcf81f64d7c,"[""Tennis""]",1785303737.677453,KXITFMATCH-26JUL28CHAHEI-HEI,Tennis,,KXITFMATCH,5ba6a34a-c169-4b0b-b8fd-b835a2127855,KXITFMATCH-26JUL28CHAHEI,1785299809.0,quote,,1786505400.0,true,36.5000,35.0000,38.0000,15.00,67.01
6,ed2086c87d52482699dee6d41678911f,0,2026-07-29,2026-07-29,29354e42ef0c3a5dcfab2220f035fd1be5874df613426379bae1f33e112f560b,996bed4920d57ac31c4fb24ea30428fd6f75ebf5eff9ad3e616c6bcf81f64d7c,"[""Tennis""]",1785303737.7959812,KXITFWMATCH-26JUL29SOZMIL-SOZ,Tennis,,KXITFWMATCH,0ba82ca4-7c3d-4fe6-9763-af01f430c473,KXITFWMATCH-26JUL29SOZMIL,1785301725.0,quote,,1786510800.0,true,6.5000,6.0000,7.0000,5155.00,3052.67
6,ed2086c87d52482699dee6d41678911f,0,2026-07-29,2026-07-29,29354e42ef0c3a5dcfab2220f035fd1be5874df613426379bae1f33e112f560b,996bed4920d57ac31c4fb24ea30428fd6f75ebf5eff9ad3e616c6bcf81f64d7c,"[""Tennis""]",1785303737.867886,KXITFMATCH-26JUL29BRAPIE-PIE,Tennis,,KXITFMATCH,e7bed978-f0a4-4bc6-8904-d9b6730590e4,KXITFMATCH-26JUL29BRAPIE,1785305498.0,quote,,1786514400.0,true,85.5000,85.0000,86.0000,3461.00,1059.07
6,ed2086c87d52482699dee6d41678911f,0,2026-07-29,2026-07-29,29354e42ef0c3a5dcfab2220f035fd1be5874df613426379bae1f33e112f560b,996bed4920d57ac31c4fb24ea30428fd6f75ebf5eff9ad3e616c6bcf81f64d7c,"[""Tennis""]",1785303737.987703,KXITFWMATCH-26JUL29HOSDYU-DYU,Tennis,,KXITFWMATCH,eff22484-a537-4944-bd0e-5664e98b54bd,KXITFWMATCH-26JUL29HOSDYU,1785301687.0,quote,,1786510800.0,true,80.0000,78.0000,82.0000,1453.24,1334.60
6,ed2086c87d52482699dee6d41678911f,0,2026-07-29,2026-07-29,29354e42ef0c3a5dcfab2220f035fd1be5874df613426379bae1f33e112f560b,996bed4920d57ac31c4fb24ea30428fd6f75ebf5eff9ad3e616c6bcf81f64d7c,"[""Tennis""]",1785303739.6210968,KXITFMATCH-26JUL28PADSAT-PAD,Tennis,,KXITFMATCH,03e1243d-7dee-4056-a032-cb914b77515a,KXITFMATCH-26JUL28PADSAT,1785294636.0,quote,,1786501800.0,true,40.5000,40.0000,41.0000,18111.35,47870.92
6,ed2086c87d52482699dee6d41678911f,0,2026-07-29,2026-07-29,29354e42ef0c3a5dcfab2220f035fd1be5874df613426379bae1f33e112f560b,996bed4920d57ac31c4fb24ea30428fd6f75ebf5eff9ad3e616c6bcf81f64d7c,"[""Tennis""]",1785303739.690784,KXITFMATCH-26JUL28WENJON-JON,Tennis,,KXITFMATCH,5195be65-3a9b-423a-9e35-55f2f5840354,KXITFMATCH-26JUL28WENJON,1785299448.0,quote,,1786501800.0,true,81.0000,79.0000,83.0000,653.00,5.00
6,ed2086c87d52482699dee6d41678911f,0,2026-07-29,2026-07-29,29354e42ef0c3a5dcfab2220f035fd1be5874df613426379bae1f33e112f560b,996bed4920d57ac31c4fb24ea30428fd6f75ebf5eff9ad3e616c6bcf81f64d7c,"[""Tennis""]",1785303739.759722,KXITFMATCH-26JUL28WENJON-WEN,Tennis,,KXITFMATCH,5195be65-3a9b-423a-9e35-55f2f5840354,KXITFMATCH-26JUL28WENJON,1785299448.0,quote,,1786501800.0,true,16.5000,15.0000,18.0000,327.00,6.13
6,ed2086c87d52482699dee6d41678911f,0,2026-07-29,2026-07-29,29354e42ef0c3a5dcfab2220f035fd1be5874df613426379bae1f33e112f560b,996bed4920d57ac31c4fb24ea30428fd6f75ebf5eff9ad3e616c6bcf81f64d7c,"[""Tennis""]",1785303739.893145,KXITFMATCH-26JUL28CHAHEI-CHA,Tennis,,KXITFMATCH,5ba6a34a-c169-4b0b-b8fd-b835a2127855,KXITFMATCH-26JUL28CHAHEI,1785299809.0,quote,,1786505400.0,true,63.0000,62.0000,64.0000,181.00,42.00
6,ed2086c87d52482699dee6d41678911f,0,2026-07-29,2026-07-29,29354e42ef0c3a5dcfab2220f035fd1be5874df613426379bae1f33e112f560b,996bed4920d57ac31c4fb24ea30428fd6f75ebf5eff9ad3e616c6bcf81f64d7c,"[""Tennis""]",1785303739.962425,KXITFWMATCH-26JUL29SOZMIL-MIL,Tennis,,KXITFWMATCH,0ba82ca4-7c3d-4fe6-9763-af01f430c473,KXITFWMATCH-26JUL29SOZMIL,1785301725.0,quote,,1786510800.0,true,93.5000,93.0000,94.0000,510.00,6717.38
6,ed2086c87d52482699dee6d41678911f,0,2026-07-29,2026-07-29,29354e42ef0c3a5dcfab2220f035fd1be5874df613426379bae1f33e112f560b,996bed4920d57ac31c4fb24ea30428fd6f75ebf5eff9ad3e616c6bcf81f64d7c,"[""Tennis""]",1785303740.0331972,KXITFWMATCH-26JUL29YOSKIM-KIM,Tennis,,KXITFWMATCH,9b9eecb5-c6a0-414a-bcf3-57262192676d,KXITFWMATCH-26JUL29YOSKIM,1785301851.0,quote,,1786510800.0,true,62.5000,62.0000,63.0000,2030.01,7665.79
6,ed2086c87d52482699dee6d41678911f,0,2026-07-29,2026-07-29,29354e42ef0c3a5dcfab2220f035fd1be5874df613426379bae1f33e112f560b,996bed4920d57ac31c4fb24ea30428fd6f75ebf5eff9ad3e616c6bcf81f64d7c,"[""Tennis""]",1785303740.103979,KXITFMATCH-26JUL28CHAHEI-HEI,Tennis,,KXITFMATCH,5ba6a34a-c169-4b0b-b8fd-b835a2127855,KXITFMATCH-26JUL28CHAHEI,1785299809.0,quote,,1786505400.0,true,36.5000,35.0000,38.0000,15.00,67.01
6,ed2086c87d52482699dee6d41678911f,0,2026-07-29,2026-07-29,29354e42ef0c3a5dcfab2220f035fd1be5874df613426379bae1f33e112f560b,996bed4920d57ac31c4fb24ea30428fd6f75ebf5eff9ad3e616c6bcf81f64d7c,"[""Tennis""]",1785303740.176105,KXITFWMATCH-26JUL29SOZMIL-SOZ,Tennis,,KXITFWMATCH,0ba82ca4-7c3d-4fe6-9763-af01f430c473,KXITFWMATCH-26JUL29SOZMIL,1785301725.0,quote,,1786510800.0,true,6.5000,6.0000,7.0000,5155.00,3052.67
6,ed2086c87d52482699dee6d41678911f,0,2026-07-29,2026-07-29,29354e42ef0c3a5dcfab2220f035fd1be5874df613426379bae1f33e112f560b,996bed4920d57ac31c4fb24ea30428fd6f75ebf5eff9ad3e616c6bcf81f64d7c,"[""Tennis""]",1785303740.2468858,KXITFMATCH-26JUL29BRAPIE-PIE,Tennis,,KXITFMATCH,e7bed978-f0a4-4bc6-8904-d9b6730590e4,KXITFMATCH-26JUL29BRAPIE,1785305498.0,quote,,1786514400.0,true,85.5000,85.0000,86.0000,3461.00,1059.07
6,ed2086c87d52482699dee6d41678911f,0,2026-07-29,2026-07-29,29354e42ef0c3a5dcfab2220f035fd1be5874df613426379bae1f33e112f560b,996bed4920d57ac31c4fb24ea30428fd6f75ebf5eff9ad3e616c6bcf81f64d7c,"[""Tennis""]",1785303740.317776,KXITFWMATCH-26JUL29HOSDYU-DYU,Tennis,,KXITFWMATCH,eff22484-a537-4944-bd0e-5664e98b54bd,KXITFWMATCH-26JUL29HOSDYU,1785301687.0,quote,,1786510800.0,true,83.0000,82.0000,84.0000,1701.22,120.00
6,ed2086c87d52482699dee6d41678911f,0,2026-07-29,2026-07-29,29354e42ef0c3a5dcfab2220f035fd1be5874df613426379bae1f33e112f560b,996bed4920d57ac31c4fb24ea30428fd6f75ebf5eff9ad3e616c6bcf81f64d7c,"[""Tennis""]",1785303741.892201,KXITFMATCH-26JUL28PADSAT-PAD,Tennis,,KXITFMATCH,03e1243d-7dee-4056-a032-cb914b77515a,KXITFMATCH-26JUL28PADSAT,1785294636.0,quote,,1786501800.0,true,40.5000,40.0000,41.0000,18111.35,47870.92
6,ed2086c87d52482699dee6d41678911f,0,2026-07-29,2026-07-29,29354e42ef0c3a5dcfab2220f035fd1be5874df613426379bae1f33e112f560b,996bed4920d57ac31c4fb24ea30428fd6f75ebf5eff9ad3e616c6bcf81f64d7c,"[""Tennis""]",1785303742.055496,KXITFMATCH-26JUL28WENJON-JON,Tennis,,KXITFMATCH,5195be65-3a9b-423a-9e35-55f2f5840354,KXITFMATCH-26JUL28WENJON,1785299448.0,quote,,1786501800.0,true,81.0000,79.0000,83.0000,653.00,5.00
6,ed2086c87d52482699dee6d41678911f,0,2026-07-29,2026-07-29,29354e42ef0c3a5dcfab2220f035fd1be5874df613426379bae1f33e112f560b,996bed4920d57ac31c4fb24ea30428fd6f75ebf5eff9ad3e616c6bcf81f64d7c,"[""Tennis""]",1785303742.230704,KXITFMATCH-26JUL28WENJON-WEN,Tennis,,KXITFMATCH,5195be65-3a9b-423a-9e35-55f2f5840354,KXITFMATCH-26JUL28WENJON,1785299448.0,quote,,1786501800.0,true,16.5000,15.0000,18.0000,327.00,6.13
6,ed2086c87d52482699dee6d41678911f,0,2026-07-29,2026-07-29,29354e42ef0c3a5dcfab2220f035fd1be5874df613426379bae1f33e112f560b,996bed4920d57ac31c4fb24ea30428fd6f75ebf5eff9ad3e616c6bcf81f64d7c,"[""Tennis""]",1785303742.3015628,KXITFMATCH-26JUL28CHAHEI-CHA,Tennis,,KXITFMATCH,5ba6a34a-c169-4b0b-b8fd-b835a2127855,KXITFMATCH-26JUL28CHAHEI,1785299809.0,quote,,1786505400.0,true,63.0000,62.0000,64.0000,181.00,42.00
6,ed2086c87d52482699dee6d41678911f,0,2026-07-29,2026-07-29,29354e42ef0c3a5dcfab2220f035fd1be5874df613426379bae1f33e112f560b,996bed4920d57ac31c4fb24ea30428fd6f75ebf5eff9ad3e616c6bcf81f64d7c,"[""Tennis""]",1785303742.371562,KXITFWMATCH-26JUL29SOZMIL-MIL,Tennis,,KXITFWMATCH,0ba82ca4-7c3d-4fe6-9763-af01f430c473,KXITFWMATCH-26JUL29SOZMIL,1785301725.0,quote,,1786510800.0,true,93.5000,93.0000,94.0000,510.00,6717.38
6,ed2086c87d52482699dee6d41678911f,0,2026-07-29,2026-07-29,29354e42ef0c3a5dcfab2220f035fd1be5874df613426379bae1f33e112f560b,996bed4920d57ac31c4fb24ea30428fd6f75ebf5eff9ad3e616c6bcf81f64d7c,"[""Tennis""]",1785303742.509016,KXITFWMATCH-26JUL29YOSKIM-KIM,Tennis,,KXITFWMATCH,9b9eecb5-c6a0-414a-bcf3-57262192676d,KXITFWMATCH-26JUL29YOSKIM,1785301851.0,quote,,1786510800.0,true,62.0000,61.0000,63.0000,5669.86,7637.51
6,ed2086c87d52482699dee6d41678911f,0,2026-07-29,2026-07-29,29354e42ef0c3a5dcfab2220f035fd1be5874df613426379bae1f33e112f560b,996bed4920d57ac31c4fb24ea30428fd6f75ebf5eff9ad3e616c6bcf81f64d7c,"[""Tennis""]",1785303742.580378,KXITFMATCH-26JUL28CHAHEI-HEI,Tennis,,KXITFMATCH,5ba6a34a-c169-4b0b-b8fd-b835a2127855,KXITFMATCH-26JUL28CHAHEI,1785299809.0,quote,,1786505400.0,true,36.5000,35.0000,38.0000,15.00,67.01
6,ed2086c87d52482699dee6d41678911f,0,2026-07-29,2026-07-29,29354e42ef0c3a5dcfab2220f035fd1be5874df613426379bae1f33e112f560b,996bed4920d57ac31c4fb24ea30428fd6f75ebf5eff9ad3e616c6bcf81f64d7c,"[""Tennis""]",1785303742.651382,KXITFWMATCH-26JUL29SOZMIL-SOZ,Tennis,,KXITFWMATCH,0ba82ca4-7c3d-4fe6-9763-af01f430c473,KXITFWMATCH-26JUL29SOZMIL,1785301725.0,quote,,1786510800.0,true,7.0000,6.0000,8.0000,1951.70,2336.69
6,ed2086c87d52482699dee6d41678911f,0,2026-07-29,2026-07-29,29354e42ef0c3a5dcfab2220f035fd1be5874df613426379bae1f33e112f560b,996bed4920d57ac31c4fb24ea30428fd6f75ebf5eff9ad3e616c6bcf81f64d7c,"[""Tennis""]",1785303742.720926,KXITFMATCH-26JUL29BRAPIE-PIE,Tennis,,KXITFMATCH,e7bed978-f0a4-4bc6-8904-d9b6730590e4,KXITFMATCH-26JUL29BRAPIE,1785305498.0,quote,,1786514400.0,true,85.5000,85.0000,86.0000,3461.00,1059.07
6,ed2086c87d52482699dee6d41678911f,0,2026-07-29,2026-07-29,29354e42ef0c3a5dcfab2220f035fd1be5874df613426379bae1f33e112f560b,996bed4920d57ac31c4fb24ea30428fd6f75ebf5eff9ad3e616c6bcf81f64d7c,"[""Tennis""]",1785303742.793782,KXITFWMATCH-26JUL29HOSDYU-DYU,Tennis,,KXITFWMATCH,eff22484-a537-4944-bd0e-5664e98b54bd,KXITFWMATCH-26JUL29HOSDYU,1785301687.0,quote,,1786510800.0,true,83.0000,82.0000,84.0000,1701.22,120.00
6,ed2086c87d52482699dee6d41678911f,0,2026-07-29,2026-07-29,29354e42ef0c3a5dcfab2220f035fd1be5874df613426379bae1f33e112f560b,996bed4920d57ac31c4fb24ea30428fd6f75ebf5eff9ad3e616c6bcf81f64d7c,"[""Tennis""]",1785303744.371089,KXITFMATCH-26JUL28PADSAT-PAD,Tennis,,KXITFMATCH,03e1243d-7dee-4056-a032-cb914b77515a,KXITFMATCH-26JUL28PADSAT,1785294636.0,quote,,1786501800.0,true,40.5000,40.0000,41.0000,18111.35,47870.92
6,ed2086c87d52482699dee6d41678911f,0,2026-07-29,2026-07-29,29354e42ef0c3a5dcfab2220f035fd1be5874df613426379bae1f33e112f560b,996bed4920d57ac31c4fb24ea30428fd6f75ebf5eff9ad3e616c6bcf81f64d7c,"[""Tennis""]",1785303744.441143,KXITFMATCH-26JUL28WENJON-JON,Tennis,,KXITFMATCH,5195be65-3a9b-423a-9e35-55f2f5840354,KXITFMATCH-26JUL28WENJON,1785299448.0,quote,,1786501800.0,true,81.0000,79.0000,83.0000,653.00,5.00
6,ed2086c87d52482699dee6d41678911f,0,2026-07-29,2026-07-29,29354e42ef0c3a5dcfab2220f035fd1be5874df613426379bae1f33e112f560b,996bed4920d57ac31c4fb24ea30428fd6f75ebf5eff9ad3e616c6bcf81f64d7c,"[""Tennis""]",1785303744.5127418,KXITFMATCH-26JUL28WENJON-WEN,Tennis,,KXITFMATCH,5195be65-3a9b-423a-9e35-55f2f5840354,KXITFMATCH-26JUL28WENJON,1785299448.0,quote,,1786501800.0,true,16.5000,15.0000,18.0000,327.00,6.13
6,ed2086c87d52482699dee6d41678911f,0,2026-07-29,2026-07-29,29354e42ef0c3a5dcfab2220f035fd1be5874df613426379bae1f33e112f560b,996bed4920d57ac31c4fb24ea30428fd6f75ebf5eff9ad3e616c6bcf81f64d7c,"[""Tennis""]",1785303744.673685,KXITFMATCH-26JUL28CHAHEI-CHA,Tennis,,KXITFMATCH,5ba6a34a-c169-4b0b-b8fd-b835a2127855,KXITFMATCH-26JUL28CHAHEI,1785299809.0,quote,,1786505400.0,true,63.0000,62.0000,64.0000,181.00,42.00
6,ed2086c87d52482699dee6d41678911f,0,2026-07-29,2026-07-29,29354e42ef0c3a5dcfab2220f035fd1be5874df613426379bae1f33e112f560b,996bed4920d57ac31c4fb24ea30428fd6f75ebf5eff9ad3e616c6bcf81f64d7c,"[""Tennis""]",1785303744.8036969,KXITFWMATCH-26JUL29SOZMIL-MIL,Tennis,,KXITFWMATCH,0ba82ca4-7c3d-4fe6-9763-af01f430c473,KXITFWMATCH-26JUL29SOZMIL,1785301725.0,quote,,1786510800.0,true,93.5000,93.0000,94.0000,510.00,6717.38
6,ed2086c87d52482699dee6d41678911f,0,2026-07-29,2026-07-29,29354e42ef0c3a5dcfab2220f035fd1be5874df613426379bae1f33e112f560b,996bed4920d57ac31c4fb24ea30428fd6f75ebf5eff9ad3e616c6bcf81f64d7c,"[""Tennis""]",1785303744.874836,KXITFWMATCH-26JUL29YOSKIM-KIM,Tennis,,KXITFWMATCH,9b9eecb5-c6a0-414a-bcf3-57262192676d,KXITFWMATCH-26JUL29YOSKIM,1785301851.0,quote,,1786510800.0,true,62.0000,61.0000,63.0000,5669.86,7637.51
6,ed2086c87d52482699dee6d41678911f,0,2026-07-29,2026-07-29,29354e42ef0c3a5dcfab2220f035fd1be5874df613426379bae1f33e112f560b,996bed4920d57ac31c4fb24ea30428fd6f75ebf5eff9ad3e616c6bcf81f64d7c,"[""Tennis""]",1785303744.945697,KXITFMATCH-26JUL28CHAHEI-HEI,Tennis,,KXITFMATCH,5ba6a34a-c169-4b0b-b8fd-b835a2127855,KXITFMATCH-26JUL28CHAHEI,1785299809.0,quote,,1786505400.0,true,36.5000,35.0000,38.0000,15.00,67.01
6,ed2086c87d52482699dee6d41678911f,0,2026-07-29,2026-07-29,29354e42ef0c3a5dcfab2220f035fd1be5874df613426379bae1f33e112f560b,996bed4920d57ac31c4fb24ea30428fd6f75ebf5eff9ad3e616c6bcf81f64d7c,"[""Tennis""]",1785303745.015768,KXITFWMATCH-26JUL29SOZMIL-SOZ,Tennis,,KXITFWMATCH,0ba82ca4-7c3d-4fe6-9763-af01f430c473,KXITFWMATCH-26JUL29SOZMIL,1785301725.0,quote,,1786510800.0,true,7.0000,6.0000,8.0000,1951.70,2336.69
6,ed2086c87d52482699dee6d41678911f,0,2026-07-29,2026-07-29,29354e42ef0c3a5dcfab2220f035fd1be5874df613426379bae1f33e112f560b,996bed4920d57ac31c4fb24ea30428fd6f75ebf5eff9ad3e616c6bcf81f64d7c,"[""Tennis""]",1785303745.1366751,KXITFMATCH-26JUL29BRAPIE-PIE,Tennis,,KXITFMATCH,e7bed978-f0a4-4bc6-8904-d9b6730590e4,KXITFMATCH-26JUL29BRAPIE,1785305498.0,quote,,1786514400.0,true,85.5000,85.0000,86.0000,3461.00,1059.07
6,ed2086c87d52482699dee6d41678911f,0,2026-07-29,2026-07-29,29354e42ef0c3a5dcfab2220f035fd1be5874df613426379bae1f33e112f560b,996bed4920d57ac31c4fb24ea30428fd6f75ebf5eff9ad3e616c6bcf81f64d7c,"[""Tennis""]",1785303745.207436,KXITFWMATCH-26JUL29HOSDYU-DYU,Tennis,,KXITFWMATCH,eff22484-a537-4944-bd0e-5664e98b54bd,KXITFWMATCH-26JUL29HOSDYU,1785301687.0,quote,,1786510800.0,true,83.0000,82.0000,84.0000,1701.22,120.00
6,ed2086c87d52482699dee6d41678911f,0,2026-07-29,2026-07-29,29354e42ef0c3a5dcfab2220f035fd1be5874df613426379bae1f33e112f560b,996bed4920d57ac31c4fb24ea30428fd6f75ebf5eff9ad3e616c6bcf81f64d7c,"[""Tennis""]",1785303746.7837398,KXITFMATCH-26JUL28PADSAT-PAD,Tennis,,KXITFMATCH,03e1243d-7dee-4056-a032-cb914b77515a,KXITFMATCH-26JUL28PADSAT,1785294636.0,quote,,1786501800.0,true,40.5000,40.0000,41.0000,18111.35,47870.92
6,ed2086c87d52482699dee6d41678911f,0,2026-07-29,2026-07-29,29354e42ef0c3a5dcfab2220f035fd1be5874df613426379bae1f33e112f560b,996bed4920d57ac31c4fb24ea30428fd6f75ebf5eff9ad3e616c6bcf81f64d7c,"[""Tennis""]",1785303746.856746,KXITFMATCH-26JUL28WENJON-JON,Tennis,,KXITFMATCH,5195be65-3a9b-423a-9e35-55f2f5840354,KXITFMATCH-26JUL28WENJON,1785299448.0,quote,,1786501800.0,true,81.5000,80.0000,83.0000,1381.83,5.00
6,ed2086c87d52482699dee6d41678911f,0,2026-07-29,2026-07-29,29354e42ef0c3a5dcfab2220f035fd1be5874df613426379bae1f33e112f560b,996bed4920d57ac31c4fb24ea30428fd6f75ebf5eff9ad3e616c6bcf81f64d7c,"[""Tennis""]",1785303746.9269278,KXITFMATCH-26JUL28WENJON-WEN,Tennis,,KXITFMATCH,5195be65-3a9b-423a-9e35-55f2f5840354,KXITFMATCH-26JUL28WENJON,1785299448.0,quote,,1786501800.0,true,16.5000,15.0000,18.0000,327.00,6.13
6,ed2086c87d52482699dee6d41678911f,0,2026-07-29,2026-07-29,29354e42ef0c3a5dcfab2220f035fd1be5874df613426379bae1f33e112f560b,996bed4920d57ac31c4fb24ea30428fd6f75ebf5eff9ad3e616c6bcf81f64d7c,"[""Tennis""]",1785303746.997547,KXITFMATCH-26JUL28CHAHEI-CHA,Tennis,,KXITFMATCH,5ba6a34a-c169-4b0b-b8fd-b835a2127855,KXITFMATCH-26JUL28CHAHEI,1785299809.0,quote,,1786505400.0,true,63.0000,62.0000,64.0000,181.00,42.00
6,ed2086c87d52482699dee6d41678911f,0,2026-07-29,2026-07-29,29354e42ef0c3a5dcfab2220f035fd1be5874df613426379bae1f33e112f560b,996bed4920d57ac31c4fb24ea30428fd6f75ebf5eff9ad3e616c6bcf81f64d7c,"[""Tennis""]",1785303747.068609,KXITFWMATCH-26JUL29SOZMIL-MIL,Tennis,,KXITFWMATCH,0ba82ca4-7c3d-4fe6-9763-af01f430c473,KXITFWMATCH-26JUL29SOZMIL,1785301725.0,quote,,1786510800.0,true,93.0000,92.0000,94.0000,4409.26,5279.47
6,ed2086c87d52482699dee6d41678911f,0,2026-07-29,2026-07-29,29354e42ef0c3a5dcfab2220f035fd1be5874df613426379bae1f33e112f560b,996bed4920d57ac31c4fb24ea30428fd6f75ebf5eff9ad3e616c6bcf81f64d7c,"[""Tennis""]",1785303747.2335649,KXITFWMATCH-26JUL29YOSKIM-KIM,Tennis,,KXITFWMATCH,9b9eecb5-c6a0-414a-bcf3-57262192676d,KXITFWMATCH-26JUL29YOSKIM,1785301851.0,quote,,1786510800.0,true,62.0000,61.0000,63.0000,5669.86,7637.51
6,ed2086c87d52482699dee6d41678911f,0,2026-07-29,2026-07-29,29354e42ef0c3a5dcfab2220f035fd1be5874df613426379bae1f33e112f560b,996bed4920d57ac31c4fb24ea30428fd6f75ebf5eff9ad3e616c6bcf81f64d7c,"[""Tennis""]",1785303747.3043342,KXITFMATCH-26JUL28CHAHEI-HEI,Tennis,,KXITFMATCH,5ba6a34a-c169-4b0b-b8fd-b835a2127855,KXITFMATCH-26JUL28CHAHEI,1785299809.0,quote,,1786505400.0,true,36.5000,35.0000,38.0000,15.00,67.01
6,ed2086c87d52482699dee6d41678911f,0,2026-07-29,2026-07-29,29354e42ef0c3a5dcfab2220f035fd1be5874df613426379bae1f33e112f560b,996bed4920d57ac31c4fb24ea30428fd6f75ebf5eff9ad3e616c6bcf81f64d7c,"[""Tennis""]",1785303747.374639,KXITFWMATCH-26JUL29SOZMIL-SOZ,Tennis,,KXITFWMATCH,0ba82ca4-7c3d-4fe6-9763-af01f430c473,KXITFWMATCH-26JUL29SOZMIL,1785301725.0,quote,,1786510800.0,true,7.0000,6.0000,8.0000,1951.70,2336.69
6,ed2086c87d52482699dee6d41678911f,0,2026-07-29,2026-07-29,29354e42ef0c3a5dcfab2220f035fd1be5874df613426379bae1f33e112f560b,996bed4920d57ac31c4fb24ea30428fd6f75ebf5eff9ad3e616c6bcf81f64d7c,"[""Tennis""]",1785303747.445971,KXITFMATCH-26JUL29BRAPIE-PIE,Tennis,,KXITFMATCH,e7bed978-f0a4-4bc6-8904-d9b6730590e4,KXITFMATCH-26JUL29BRAPIE,1785305498.0,quote,,1786514400.0,true,85.5000,85.0000,86.0000,3461.00,1059.07
6,ed2086c87d52482699dee6d41678911f,0,2026-07-29,2026-07-29,29354e42ef0c3a5dcfab2220f035fd1be5874df613426379bae1f33e112f560b,996bed4920d57ac31c4fb24ea30428fd6f75ebf5eff9ad3e616c6bcf81f64d7c,"[""Tennis""]",1785303747.516899,KXITFWMATCH-26JUL29HOSDYU-DYU,Tennis,,KXITFWMATCH,eff22484-a537-4944-bd0e-5664e98b54bd,KXITFWMATCH-26JUL29HOSDYU,1785301687.0,quote,,1786510800.0,true,83.0000,82.0000,84.0000,1701.22,120.00
6,ed2086c87d52482699dee6d41678911f,0,2026-07-29,2026-07-29,29354e42ef0c3a5dcfab2220f035fd1be5874df613426379bae1f33e112f560b,996bed4920d57ac31c4fb24ea30428fd6f75ebf5eff9ad3e616c6bcf81f64d7c,"[""Tennis""]",1785303749.102457,KXITFMATCH-26JUL28PADSAT-PAD,Tennis,,KXITFMATCH,03e1243d-7dee-4056-a032-cb914b77515a,KXITFMATCH-26JUL28PADSAT,1785294636.0,quote,,1786501800.0,true,40.5000,40.0000,41.0000,18111.35,47870.92
6,ed2086c87d52482699dee6d41678911f,0,2026-07-29,2026-07-29,29354e42ef0c3a5dcfab2220f035fd1be5874df613426379bae1f33e112f560b,996bed4920d57ac31c4fb24ea30428fd6f75ebf5eff9ad3e616c6bcf81f64d7c,"[""Tennis""]",1785303749.173293,KXITFMATCH-26JUL28WENJON-JON,Tennis,,KXITFMATCH,5195be65-3a9b-423a-9e35-55f2f5840354,KXITFMATCH-26JUL28WENJON,1785299448.0,quote,,1786501800.0,true,81.5000,80.0000,83.0000,1381.83,5.00
6,ed2086c87d52482699dee6d41678911f,0,2026-07-29,2026-07-29,29354e42ef0c3a5dcfab2220f035fd1be5874df613426379bae1f33e112f560b,996bed4920d57ac31c4fb24ea30428fd6f75ebf5eff9ad3e616c6bcf81f64d7c,"[""Tennis""]",1785303749.330343,KXITFMATCH-26JUL28WENJON-WEN,Tennis,,KXITFMATCH,5195be65-3a9b-423a-9e35-55f2f5840354,KXITFMATCH-26JUL28WENJON,1785299448.0,quote,,1786501800.0,true,17.0000,16.0000,18.0000,1829.58,5.00
6,ed2086c87d52482699dee6d41678911f,0,2026-07-29,2026-07-29,29354e42ef0c3a5dcfab2220f035fd1be5874df613426379bae1f33e112f560b,996bed4920d57ac31c4fb24ea30428fd6f75ebf5eff9ad3e616c6bcf81f64d7c,"[""Tennis""]",1785303749.400597,KXITFMATCH-26JUL28CHAHEI-CHA,Tennis,,KXITFMATCH,5ba6a34a-c169-4b0b-b8fd-b835a2127855,KXITFMATCH-26JUL28CHAHEI,1785299809.0,quote,,1786505400.0,true,65.5000,65.0000,66.0000,5526.69,2362.56
6,ed2086c87d52482699dee6d41678911f,0,2026-07-29,2026-07-29,29354e42ef0c3a5dcfab2220f035fd1be5874df613426379bae1f33e112f560b,996bed4920d57ac31c4fb24ea30428fd6f75ebf5eff9ad3e616c6bcf81f64d7c,"[""Tennis""]",1785303749.470398,KXITFWMATCH-26JUL29SOZMIL-MIL,Tennis,,KXITFWMATCH,0ba82ca4-7c3d-4fe6-9763-af01f430c473,KXITFWMATCH-26JUL29SOZMIL,1785301725.0,quote,,1786510800.0,true,93.0000,92.0000,94.0000,4409.26,5279.47
6,ed2086c87d52482699dee6d41678911f,0,2026-07-29,2026-07-29,29354e42ef0c3a5dcfab2220f035fd1be5874df613426379bae1f33e112f560b,996bed4920d57ac31c4fb24ea30428fd6f75ebf5eff9ad3e616c6bcf81f64d7c,"[""Tennis""]",1785303749.542349,KXITFWMATCH-26JUL29YOSKIM-KIM,Tennis,,KXITFWMATCH,9b9eecb5-c6a0-414a-bcf3-57262192676d,KXITFWMATCH-26JUL29YOSKIM,1785301851.0,quote,,1786510800.0,true,62.0000,61.0000,63.0000,5669.86,7637.51
6,ed2086c87d52482699dee6d41678911f,0,2026-07-29,2026-07-29,29354e42ef0c3a5dcfab2220f035fd1be5874df613426379bae1f33e112f560b,996bed4920d57ac31c4fb24ea30428fd6f75ebf5eff9ad3e616c6bcf81f64d7c,"[""Tennis""]",1785303749.6208792,KXITFMATCH-26JUL28CHAHEI-HEI,Tennis,,KXITFMATCH,5ba6a34a-c169-4b0b-b8fd-b835a2127855,KXITFMATCH-26JUL28CHAHEI,1785299809.0,quote,,1786505400.0,true,34.5000,34.0000,35.0000,1778.17,9070.62
6,ed2086c87d52482699dee6d41678911f,0,2026-07-29,2026-07-29,29354e42ef0c3a5dcfab2220f035fd1be5874df613426379bae1f33e112f560b,996bed4920d57ac31c4fb24ea30428fd6f75ebf5eff9ad3e616c6bcf81f64d7c,"[""Tennis""]",1785303749.6904478,KXITFWMATCH-26JUL29SOZMIL-SOZ,Tennis,,KXITFWMATCH,0ba82ca4-7c3d-4fe6-9763-af01f430c473,KXITFWMATCH-26JUL29SOZMIL,1785301725.0,quote,,1786510800.0,true,7.0000,6.0000,8.0000,1951.70,2336.69
6,ed2086c87d52482699dee6d41678911f,0,2026-07-29,2026-07-29,29354e42ef0c3a5dcfab2220f035fd1be5874df613426379bae1f33e112f560b,996bed4920d57ac31c4fb24ea30428fd6f75ebf5eff9ad3e616c6bcf81f64d7c,"[""Tennis""]",1785303749.762097,KXITFMATCH-26JUL29BRAPIE-PIE,Tennis,,KXITFMATCH,e7bed978-f0a4-4bc6-8904-d9b6730590e4,KXITFMATCH-26JUL29BRAPIE,1785305498.0,quote,,1786514400.0,true,85.5000,85.0000,86.0000,3461.00,1059.07
6,ed2086c87d52482699dee6d41678911f,0,2026-07-29,2026-07-29,29354e42ef0c3a5dcfab2220f035fd1be5874df613426379bae1f33e112f560b,996bed4920d57ac31c4fb24ea30428fd6f75ebf5eff9ad3e616c6bcf81f64d7c,"[""Tennis""]",1785303749.911812,KXITFWMATCH-26JUL29HOSDYU-DYU,Tennis,,KXITFWMATCH,eff22484-a537-4944-bd0e-5664e98b54bd,KXITFWMATCH-26JUL29HOSDYU,1785301687.0,quote,,1786510800.0,true,83.0000,82.0000,84.0000,4941.43,4994.99
6,ed2086c87d52482699dee6d41678911f,0,2026-07-29,2026-07-29,29354e42ef0c3a5dcfab2220f035fd1be5874df613426379bae1f33e112f560b,996bed4920d57ac31c4fb24ea30428fd6f75ebf5eff9ad3e616c6bcf81f64d7c,"[""Tennis""]",1785303751.490409,KXITFMATCH-26JUL28PADSAT-PAD,Tennis,,KXITFMATCH,03e1243d-7dee-4056-a032-cb914b77515a,KXITFMATCH-26JUL28PADSAT,1785294636.0,quote,,1786501800.0,true,40.5000,40.0000,41.0000,15208.12,35305.38
6,ed2086c87d52482699dee6d41678911f,0,2026-07-29,2026-07-29,29354e42ef0c3a5dcfab2220f035fd1be5874df613426379bae1f33e112f560b,996bed4920d57ac31c4fb24ea30428fd6f75ebf5eff9ad3e616c6bcf81f64d7c,"[""Tennis""]",1785303751.561236,KXITFMATCH-26JUL28WENJON-JON,Tennis,,KXITFMATCH,5195be65-3a9b-423a-9e35-55f2f5840354,KXITFMATCH-26JUL28WENJON,1785299448.0,quote,,1786501800.0,true,81.5000,80.0000,83.0000,1381.83,5.00
6,ed2086c87d52482699dee6d41678911f,0,2026-07-29,2026-07-29,29354e42ef0c3a5dcfab2220f035fd1be5874df613426379bae1f33e112f560b,996bed4920d57ac31c4fb24ea30428fd6f75ebf5eff9ad3e616c6bcf81f64d7c,"[""Tennis""]",1785303751.6330318,KXITFMATCH-26JUL28WENJON-WEN,Tennis,,KXITFMATCH,5195be65-3a9b-423a-9e35-55f2f5840354,KXITFMATCH-26JUL28WENJON,1785299448.0,quote,,1786501800.0,true,17.0000,16.0000,18.0000,1829.58,5.00
6,ed2086c87d52482699dee6d41678911f,0,2026-07-29,2026-07-29,29354e42ef0c3a5dcfab2220f035fd1be5874df613426379bae1f33e112f560b,996bed4920d57ac31c4fb24ea30428fd6f75ebf5eff9ad3e616c6bcf81f64d7c,"[""Tennis""]",1785303751.711152,KXITFMATCH-26JUL28CHAHEI-CHA,Tennis,,KXITFMATCH,5ba6a34a-c169-4b0b-b8fd-b835a2127855,KXITFMATCH-26JUL28CHAHEI,1785299809.0,quote,,1786505400.0,true,65.5000,65.0000,66.0000,5526.69,2362.56
6,ed2086c87d52482699dee6d41678911f,0,2026-07-29,2026-07-29,29354e42ef0c3a5dcfab2220f035fd1be5874df613426379bae1f33e112f560b,996bed4920d57ac31c4fb24ea30428fd6f75ebf5eff9ad3e616c6bcf81f64d7c,"[""Tennis""]",1785303751.7809532,KXITFWMATCH-26JUL29SOZMIL-MIL,Tennis,,KXITFWMATCH,0ba82ca4-7c3d-4fe6-9763-af01f430c473,KXITFWMATCH-26JUL29SOZMIL,1785301725.0,quote,,1786510800.0,true,93.0000,92.0000,94.0000,4409.26,5279.47
6,ed2086c87d52482699dee6d41678911f,0,2026-07-29,2026-07-29,29354e42ef0c3a5dcfab2220f035fd1be5874df613426379bae1f33e112f560b,996bed4920d57ac31c4fb24ea30428fd6f75ebf5eff9ad3e616c6bcf81f64d7c,"[""Tennis""]",1785303751.852721,KXITFWMATCH-26JUL29YOSKIM-KIM,Tennis,,KXITFWMATCH,9b9eecb5-c6a0-414a-bcf3-57262192676d,KXITFWMATCH-26JUL29YOSKIM,1785301851.0,quote,,1786510800.0,true,62.0000,61.0000,63.0000,5669.86,7637.51
6,ed2086c87d52482699dee6d41678911f,0,2026-07-29,2026-07-29,29354e42ef0c3a5dcfab2220f035fd1be5874df613426379bae1f33e112f560b,996bed4920d57ac31c4fb24ea30428fd6f75ebf5eff9ad3e616c6bcf81f64d7c,"[""Tennis""]",1785303752.0064168,KXITFMATCH-26JUL28CHAHEI-HEI,Tennis,,KXITFMATCH,5ba6a34a-c169-4b0b-b8fd-b835a2127855,KXITFMATCH-26JUL28CHAHEI,1785299809.0,quote,,1786505400.0,true,34.5000,34.0000,35.0000,1778.17,9070.62
6,ed2086c87d52482699dee6d41678911f,0,2026-07-29,2026-07-29,29354e42ef0c3a5dcfab2220f035fd1be5874df613426379bae1f33e112f560b,996bed4920d57ac31c4fb24ea30428fd6f75ebf5eff9ad3e616c6bcf81f64d7c,"[""Tennis""]",1785303752.075955,KXITFWMATCH-26JUL29SOZMIL-SOZ,Tennis,,KXITFWMATCH,0ba82ca4-7c3d-4fe6-9763-af01f430c473,KXITFWMATCH-26JUL29SOZMIL,1785301725.0,quote,,1786510800.0,true,7.0000,6.0000,8.0000,1951.70,2336.69
6,ed2086c87d52482699dee6d41678911f,0,2026-07-29,2026-07-29,29354e42ef0c3a5dcfab2220f035fd1be5874df613426379bae1f33e112f560b,996bed4920d57ac31c4fb24ea30428fd6f75ebf5eff9ad3e616c6bcf81f64d7c,"[""Tennis""]",1785303752.1482491,KXITFMATCH-26JUL29BRAPIE-PIE,Tennis,,KXITFMATCH,e7bed978-f0a4-4bc6-8904-d9b6730590e4,KXITFMATCH-26JUL29BRAPIE,1785305498.0,quote,,1786514400.0,true,85.5000,85.0000,86.0000,3461.00,1059.07
6,ed2086c87d52482699dee6d41678911f,0,2026-07-29,2026-07-29,29354e42ef0c3a5dcfab2220f035fd1be5874df613426379bae1f33e112f560b,996bed4920d57ac31c4fb24ea30428fd6f75ebf5eff9ad3e616c6bcf81f64d7c,"[""Tennis""]",1785303752.220556,KXITFWMATCH-26JUL29HOSDYU-DYU,Tennis,,KXITFWMATCH,eff22484-a537-4944-bd0e-5664e98b54bd,KXITFWMATCH-26JUL29HOSDYU,1785301687.0,quote,,1786510800.0,true,83.0000,82.0000,84.0000,4941.43,4994.99
6,ed2086c87d52482699dee6d41678911f,0,2026-07-29,2026-07-29,29354e42ef0c3a5dcfab2220f035fd1be5874df613426379bae1f33e112f560b,996bed4920d57ac31c4fb24ea30428fd6f75ebf5eff9ad3e616c6bcf81f64d7c,"[""Tennis""]",1785303753.797048,KXITFMATCH-26JUL28PADSAT-PAD,Tennis,,KXITFMATCH,03e1243d-7dee-4056-a032-cb914b77515a,KXITFMATCH-26JUL28PADSAT,1785294636.0,quote,,1786501800.0,true,40.5000,40.0000,41.0000,15208.12,35305.38
6,ed2086c87d52482699dee6d41678911f,0,2026-07-29,2026-07-29,29354e42ef0c3a5dcfab2220f035fd1be5874df613426379bae1f33e112f560b,996bed4920d57ac31c4fb24ea30428fd6f75ebf5eff9ad3e616c6bcf81f64d7c,"[""Tennis""]",1785303753.8677068,KXITFMATCH-26JUL28WENJON-JON,Tennis,,KXITFMATCH,5195be65-3a9b-423a-9e35-55f2f5840354,KXITFMATCH-26JUL28WENJON,1785299448.0,quote,,1786501800.0,true,81.5000,80.0000,83.0000,1381.83,5.00
6,ed2086c87d52482699dee6d41678911f,0,2026-07-29,2026-07-29,29354e42ef0c3a5dcfab2220f035fd1be5874df613426379bae1f33e112f560b,996bed4920d57ac31c4fb24ea30428fd6f75ebf5eff9ad3e616c6bcf81f64d7c,"[""Tennis""]",1785303753.938117,KXITFMATCH-26JUL28WENJON-WEN,Tennis,,KXITFMATCH,5195be65-3a9b-423a-9e35-55f2f5840354,KXITFMATCH-26JUL28WENJON,1785299448.0,quote,,1786501800.0,true,17.0000,16.0000,18.0000,1829.58,5.00
6,ed2086c87d52482699dee6d41678911f,0,2026-07-29,2026-07-29,29354e42ef0c3a5dcfab2220f035fd1be5874df613426379bae1f33e112f560b,996bed4920d57ac31c4fb24ea30428fd6f75ebf5eff9ad3e616c6bcf81f64d7c,"[""Tennis""]",1785303754.0504372,KXITFMATCH-26JUL28CHAHEI-CHA,Tennis,,KXITFMATCH,5ba6a34a-c169-4b0b-b8fd-b835a2127855,KXITFMATCH-26JUL28CHAHEI,1785299809.0,quote,,1786505400.0,true,65.5000,65.0000,66.0000,5526.69,2362.56
6,ed2086c87d52482699dee6d41678911f,0,2026-07-29,2026-07-29,29354e42ef0c3a5dcfab2220f035fd1be5874df613426379bae1f33e112f560b,996bed4920d57ac31c4fb24ea30428fd6f75ebf5eff9ad3e616c6bcf81f64d7c,"[""Tennis""]",1785303754.119787,KXITFWMATCH-26JUL29SOZMIL-MIL,Tennis,,KXITFWMATCH,0ba82ca4-7c3d-4fe6-9763-af01f430c473,KXITFWMATCH-26JUL29SOZMIL,1785301725.0,quote,,1786510800.0,true,93.0000,92.0000,94.0000,4409.26,5279.47
6,ed2086c87d52482699dee6d41678911f,0,2026-07-29,2026-07-29,29354e42ef0c3a5dcfab2220f035fd1be5874df613426379bae1f33e112f560b,996bed4920d57ac31c4fb24ea30428fd6f75ebf5eff9ad3e616c6bcf81f64d7c,"[""Tennis""]",1785303754.191308,KXITFWMATCH-26JUL29YOSKIM-KIM,Tennis,,KXITFWMATCH,9b9eecb5-c6a0-414a-bcf3-57262192676d,KXITFWMATCH-26JUL29YOSKIM,1785301851.0,quote,,1786510800.0,true,61.5000,61.0000,62.0000,193.65,2688.49
6,ed2086c87d52482699dee6d41678911f,0,2026-07-29,2026-07-29,29354e42ef0c3a5dcfab2220f035fd1be5874df613426379bae1f33e112f560b,996bed4920d57ac31c4fb24ea30428fd6f75ebf5eff9ad3e616c6bcf81f64d7c,"[""Tennis""]",1785303754.260764,KXITFMATCH-26JUL28CHAHEI-HEI,Tennis,,KXITFMATCH,5ba6a34a-c169-4b0b-b8fd-b835a2127855,KXITFMATCH-26JUL28CHAHEI,1785299809.0,quote,,1786505400.0,true,34.5000,34.0000,35.0000,1778.17,9070.62
6,ed2086c87d52482699dee6d41678911f,0,2026-07-29,2026-07-29,29354e42ef0c3a5dcfab2220f035fd1be5874df613426379bae1f33e112f560b,996bed4920d57ac31c4fb24ea30428fd6f75ebf5eff9ad3e616c6bcf81f64d7c,"[""Tennis""]",1785303754.3302531,KXITFWMATCH-26JUL29SOZMIL-SOZ,Tennis,,KXITFWMATCH,0ba82ca4-7c3d-4fe6-9763-af01f430c473,KXITFWMATCH-26JUL29SOZMIL,1785301725.0,quote,,1786510800.0,true,7.5000,7.0000,8.0000,559.81,6918.82
6,ed2086c87d52482699dee6d41678911f,0,2026-07-29,2026-07-29,29354e42ef0c3a5dcfab2220f035fd1be5874df613426379bae1f33e112f560b,996bed4920d57ac31c4fb24ea30428fd6f75ebf5eff9ad3e616c6bcf81f64d7c,"[""Tennis""]",1785303754.401904,KXITFMATCH-26JUL29BRAPIE-PIE,Tennis,,KXITFMATCH,e7bed978-f0a4-4bc6-8904-d9b6730590e4,KXITFMATCH-26JUL29BRAPIE,1785305498.0,quote,,1786514400.0,true,85.5000,85.0000,86.0000,3461.00,1059.07
6,ed2086c87d52482699dee6d41678911f,0,2026-07-29,2026-07-29,29354e42ef0c3a5dcfab2220f035fd1be5874df613426379bae1f33e112f560b,996bed4920d57ac31c4fb24ea30428fd6f75ebf5eff9ad3e616c6bcf81f64d7c,"[""Tennis""]",1785303754.472503,KXITFWMATCH-26JUL29HOSDYU-DYU,Tennis,,KXITFWMATCH,eff22484-a537-4944-bd0e-5664e98b54bd,KXITFWMATCH-26JUL29HOSDYU,1785301687.0,quote,,1786510800.0,true,83.0000,82.0000,84.0000,4941.43,4994.99
6,ed2086c87d52482699dee6d41678911f,0,2026-07-29,2026-07-29,29354e42ef0c3a5dcfab2220f035fd1be5874df613426379bae1f33e112f560b,996bed4920d57ac31c4fb24ea30428fd6f75ebf5eff9ad3e616c6bcf81f64d7c,"[""Tennis""]",1785303756.049458,KXITFMATCH-26JUL28PADSAT-PAD,Tennis,,KXITFMATCH,03e1243d-7dee-4056-a032-cb914b77515a,KXITFMATCH-26JUL28PADSAT,1785294636.0,quote,,1786501800.0,true,40.5000,40.0000,41.0000,15208.12,35305.38
6,ed2086c87d52482699dee6d41678911f,0,2026-07-29,2026-07-29,29354e42ef0c3a5dcfab2220f035fd1be5874df613426379bae1f33e112f560b,996bed4920d57ac31c4fb24ea30428fd6f75ebf5eff9ad3e616c6bcf81f64d7c,"[""Tennis""]",1785303756.20239,KXITFMATCH-26JUL28WENJON-JON,Tennis,,KXITFMATCH,5195be65-3a9b-423a-9e35-55f2f5840354,KXITFMATCH-26JUL28WENJON,1785299448.0,quote,,1786501800.0,true,81.5000,80.0000,83.0000,1381.83,5.00
6,ed2086c87d52482699dee6d41678911f,0,2026-07-29,2026-07-29,29354e42ef0c3a5dcfab2220f035fd1be5874df613426379bae1f33e112f560b,996bed4920d57ac31c4fb24ea30428fd6f75ebf5eff9ad3e616c6bcf81f64d7c,"[""Tennis""]",1785303756.273671,KXITFMATCH-26JUL28WENJON-WEN,Tennis,,KXITFMATCH,5195be65-3a9b-423a-9e35-55f2f5840354,KXITFMATCH-26JUL28WENJON,1785299448.0,quote,,1786501800.0,true,17.0000,16.0000,18.0000,1829.58,5.00
6,ed2086c87d52482699dee6d41678911f,0,2026-07-29,2026-07-29,29354e42ef0c3a5dcfab2220f035fd1be5874df613426379bae1f33e112f560b,996bed4920d57ac31c4fb24ea30428fd6f75ebf5eff9ad3e616c6bcf81f64d7c,"[""Tennis""]",1785303756.342932,KXITFMATCH-26JUL28CHAHEI-CHA,Tennis,,KXITFMATCH,5ba6a34a-c169-4b0b-b8fd-b835a2127855,KXITFMATCH-26JUL28CHAHEI,1785299809.0,quote,,1786505400.0,true,65.5000,65.0000,66.0000,5526.69,2362.56
6,ed2086c87d52482699dee6d41678911f,0,2026-07-29,2026-07-29,29354e42ef0c3a5dcfab2220f035fd1be5874df613426379bae1f33e112f560b,996bed4920d57ac31c4fb24ea30428fd6f75ebf5eff9ad3e616c6bcf81f64d7c,"[""Tennis""]",1785303756.412312,KXITFWMATCH-26JUL29SOZMIL-MIL,Tennis,,KXITFWMATCH,0ba82ca4-7c3d-4fe6-9763-af01f430c473,KXITFWMATCH-26JUL29SOZMIL,1785301725.0,quote,,1786510800.0,true,92.5000,92.0000,93.0000,2936.68,245.82
6,ed2086c87d52482699dee6d41678911f,0,2026-07-29,2026-07-29,29354e42ef0c3a5dcfab2220f035fd1be5874df613426379bae1f33e112f560b,996bed4920d57ac31c4fb24ea30428fd6f75ebf5eff9ad3e616c6bcf81f64d7c,"[""Tennis""]",1785303756.4826849,KXITFWMATCH-26JUL29YOSKIM-KIM,Tennis,,KXITFWMATCH,9b9eecb5-c6a0-414a-bcf3-57262192676d,KXITFWMATCH-26JUL29YOSKIM,1785301851.0,quote,,1786510800.0,true,61.5000,61.0000,62.0000,193.65,2688.49
6,ed2086c87d52482699dee6d41678911f,0,2026-07-29,2026-07-29,29354e42ef0c3a5dcfab2220f035fd1be5874df613426379bae1f33e112f560b,996bed4920d57ac31c4fb24ea30428fd6f75ebf5eff9ad3e616c6bcf81f64d7c,"[""Tennis""]",1785303756.555634,KXITFMATCH-26JUL28CHAHEI-HEI,Tennis,,KXITFMATCH,5ba6a34a-c169-4b0b-b8fd-b835a2127855,KXITFMATCH-26JUL28CHAHEI,1785299809.0,quote,,1786505400.0,true,34.5000,34.0000,35.0000,1778.17,9070.62
6,ed2086c87d52482699dee6d41678911f,0,2026-07-29,2026-07-29,29354e42ef0c3a5dcfab2220f035fd1be5874df613426379bae1f33e112f560b,996bed4920d57ac31c4fb24ea30428fd6f75ebf5eff9ad3e616c6bcf81f64d7c,"[""Tennis""]",1785303756.6707578,KXITFWMATCH-26JUL29SOZMIL-SOZ,Tennis,,KXITFWMATCH,0ba82ca4-7c3d-4fe6-9763-af01f430c473,KXITFWMATCH-26JUL29SOZMIL,1785301725.0,quote,,1786510800.0,true,7.5000,7.0000,8.0000,559.81,6918.82
6,ed2086c87d52482699dee6d41678911f,0,2026-07-29,2026-07-29,29354e42ef0c3a5dcfab2220f035fd1be5874df613426379bae1f33e112f560b,996bed4920d57ac31c4fb24ea30428fd6f75ebf5eff9ad3e616c6bcf81f64d7c,"[""Tennis""]",1785303756.7424939,KXITFMATCH-26JUL29BRAPIE-PIE,Tennis,,KXITFMATCH,e7bed978-f0a4-4bc6-8904-d9b6730590e4,KXITFMATCH-26JUL29BRAPIE,1785305498.0,quote,,1786514400.0,true,85.5000,85.0000,86.0000,3461.00,1059.07
6,ed2086c87d52482699dee6d41678911f,0,2026-07-29,2026-07-29,29354e42ef0c3a5dcfab2220f035fd1be5874df613426379bae1f33e112f560b,996bed4920d57ac31c4fb24ea30428fd6f75ebf5eff9ad3e616c6bcf81f64d7c,"[""Tennis""]",1785303756.81475,KXITFWMATCH-26JUL29HOSDYU-DYU,Tennis,,KXITFWMATCH,eff22484-a537-4944-bd0e-5664e98b54bd,KXITFWMATCH-26JUL29HOSDYU,1785301687.0,quote,,1786510800.0,true,83.0000,82.0000,84.0000,4941.43,4994.99
6,ed2086c87d52482699dee6d41678911f,0,2026-07-29,2026-07-29,29354e42ef0c3a5dcfab2220f035fd1be5874df613426379bae1f33e112f560b,996bed4920d57ac31c4fb24ea30428fd6f75ebf5eff9ad3e616c6bcf81f64d7c,"[""Tennis""]",1785303758.400508,KXITFMATCH-26JUL28PADSAT-PAD,Tennis,,KXITFMATCH,03e1243d-7dee-4056-a032-cb914b77515a,KXITFMATCH-26JUL28PADSAT,1785294636.0,quote,,1786501800.0,true,40.5000,40.0000,41.0000,15208.12,35305.38
6,ed2086c87d52482699dee6d41678911f,0,2026-07-29,2026-07-29,29354e42ef0c3a5dcfab2220f035fd1be5874df613426379bae1f33e112f560b,996bed4920d57ac31c4fb24ea30428fd6f75ebf5eff9ad3e616c6bcf81f64d7c,"[""Tennis""]",1785303758.474529,KXITFMATCH-26JUL28WENJON-JON,Tennis,,KXITFMATCH,5195be65-3a9b-423a-9e35-55f2f5840354,KXITFMATCH-26JUL28WENJON,1785299448.0,quote,,1786501800.0,true,81.5000,80.0000,83.0000,4248.89,3.00
6,ed2086c87d52482699dee6d41678911f,0,2026-07-29,2026-07-29,29354e42ef0c3a5dcfab2220f035fd1be5874df613426379bae1f33e112f560b,996bed4920d57ac31c4fb24ea30428fd6f75ebf5eff9ad3e616c6bcf81f64d7c,"[""Tennis""]",1785303758.548194,KXITFMATCH-26JUL28WENJON-WEN,Tennis,,KXITFMATCH,5195be65-3a9b-423a-9e35-55f2f5840354,KXITFMATCH-26JUL28WENJON,1785299448.0,quote,,1786501800.0,true,17.0000,16.0000,18.0000,1829.58,5.00
6,ed2086c87d52482699dee6d41678911f,0,2026-07-29,2026-07-29,29354e42ef0c3a5dcfab2220f035fd1be5874df613426379bae1f33e112f560b,996bed4920d57ac31c4fb24ea30428fd6f75ebf5eff9ad3e616c6bcf81f64d7c,"[""Tennis""]",1785303758.6214132,KXITFMATCH-26JUL28CHAHEI-CHA,Tennis,,KXITFMATCH,5ba6a34a-c169-4b0b-b8fd-b835a2127855,KXITFMATCH-26JUL28CHAHEI,1785299809.0,quote,,1786505400.0,true,65.5000,65.0000,66.0000,5526.69,2362.56
6,ed2086c87d52482699dee6d41678911f,0,2026-07-29,2026-07-29,29354e42ef0c3a5dcfab2220f035fd1be5874df613426379bae1f33e112f560b,996bed4920d57ac31c4fb24ea30428fd6f75ebf5eff9ad3e616c6bcf81f64d7c,"[""Tennis""]",1785303758.7674549,KXITFWMATCH-26JUL29SOZMIL-MIL,Tennis,,KXITFWMATCH,0ba82ca4-7c3d-4fe6-9763-af01f430c473,KXITFWMATCH-26JUL29SOZMIL,1785301725.0,quote,,1786510800.0,true,92.5000,92.0000,93.0000,2936.68,245.82
6,ed2086c87d52482699dee6d41678911f,0,2026-07-29,2026-07-29,29354e42ef0c3a5dcfab2220f035fd1be5874df613426379bae1f33e112f560b,996bed4920d57ac31c4fb24ea30428fd6f75ebf5eff9ad3e616c6bcf81f64d7c,"[""Tennis""]",1785303758.8404,KXITFWMATCH-26JUL29YOSKIM-KIM,Tennis,,KXITFWMATCH,9b9eecb5-c6a0-414a-bcf3-57262192676d,KXITFWMATCH-26JUL29YOSKIM,1785301851.0,quote,,1786510800.0,true,61.5000,61.0000,62.0000,193.65,2688.49
6,ed2086c87d52482699dee6d41678911f,0,2026-07-29,2026-07-29,29354e42ef0c3a5dcfab2220f035fd1be5874df613426379bae1f33e112f560b,996bed4920d57ac31c4fb24ea30428fd6f75ebf5eff9ad3e616c6bcf81f64d7c,"[""Tennis""]",1785303758.9141219,KXITFMATCH-26JUL28CHAHEI-HEI,Tennis,,KXITFMATCH,5ba6a34a-c169-4b0b-b8fd-b835a2127855,KXITFMATCH-26JUL28CHAHEI,1785299809.0,quote,,1786505400.0,true,34.5000,34.0000,35.0000,1210.08,31595.67
6,ed2086c87d52482699dee6d41678911f,0,2026-07-29,2026-07-29,29354e42ef0c3a5dcfab2220f035fd1be5874df613426379bae1f33e112f560b,996bed4920d57ac31c4fb24ea30428fd6f75ebf5eff9ad3e616c6bcf81f64d7c,"[""Tennis""]",1785303758.988471,KXITFWMATCH-26JUL29SOZMIL-SOZ,Tennis,,KXITFWMATCH,0ba82ca4-7c3d-4fe6-9763-af01f430c473,KXITFWMATCH-26JUL29SOZMIL,1785301725.0,quote,,1786510800.0,true,7.5000,7.0000,8.0000,559.81,6918.82
6,ed2086c87d52482699dee6d41678911f,0,2026-07-29,2026-07-29,29354e42ef0c3a5dcfab2220f035fd1be5874df613426379bae1f33e112f560b,996bed4920d57ac31c4fb24ea30428fd6f75ebf5eff9ad3e616c6bcf81f64d7c,"[""Tennis""]",1785303759.0654871,KXITFMATCH-26JUL29BRAPIE-PIE,Tennis,,KXITFMATCH,e7bed978-f0a4-4bc6-8904-d9b6730590e4,KXITFMATCH-26JUL29BRAPIE,1785305498.0,quote,,1786514400.0,true,85.5000,85.0000,86.0000,3461.00,1059.07
6,ed2086c87d52482699dee6d41678911f,0,2026-07-29,2026-07-29,29354e42ef0c3a5dcfab2220f035fd1be5874df613426379bae1f33e112f560b,996bed4920d57ac31c4fb24ea30428fd6f75ebf5eff9ad3e616c6bcf81f64d7c,"[""Tennis""]",1785303759.1383061,KXITFWMATCH-26JUL29HOSDYU-DYU,Tennis,,KXITFWMATCH,eff22484-a537-4944-bd0e-5664e98b54bd,KXITFWMATCH-26JUL29HOSDYU,1785301687.0,quote,,1786510800.0,true,83.0000,82.0000,84.0000,4941.43,4994.99
6,ed2086c87d52482699dee6d41678911f,0,2026-07-29,2026-07-29,29354e42ef0c3a5dcfab2220f035fd1be5874df613426379bae1f33e112f560b,996bed4920d57ac31c4fb24ea30428fd6f75ebf5eff9ad3e616c6bcf81f64d7c,"[""Tennis""]",1785303760.7158349,KXITFMATCH-26JUL28PADSAT-PAD,Tennis,,KXITFMATCH,03e1243d-7dee-4056-a032-cb914b77515a,KXITFMATCH-26JUL28PADSAT,1785294636.0,quote,,1786501800.0,true,40.5000,40.0000,41.0000,15208.12,35305.38
6,ed2086c87d52482699dee6d41678911f,0,2026-07-29,2026-07-29,29354e42ef0c3a5dcfab2220f035fd1be5874df613426379bae1f33e112f560b,996bed4920d57ac31c4fb24ea30428fd6f75ebf5eff9ad3e616c6bcf81f64d7c,"[""Tennis""]",1785303760.864099,KXITFMATCH-26JUL28WENJON-JON,Tennis,,KXITFMATCH,5195be65-3a9b-423a-9e35-55f2f5840354,KXITFMATCH-26JUL28WENJON,1785299448.0,quote,,1786501800.0,true,81.5000,80.0000,83.0000,4248.89,3.00
6,ed2086c87d52482699dee6d41678911f,0,2026-07-29,2026-07-29,29354e42ef0c3a5dcfab2220f035fd1be5874df613426379bae1f33e112f560b,996bed4920d57ac31c4fb24ea30428fd6f75ebf5eff9ad3e616c6bcf81f64d7c,"[""Tennis""]",1785303760.934067,KXITFMATCH-26JUL28WENJON-WEN,Tennis,,KXITFMATCH,5195be65-3a9b-423a-9e35-55f2f5840354,KXITFMATCH-26JUL28WENJON,1785299448.0,quote,,1786501800.0,true,16.5000,15.0000,18.0000,2833.81,29.32
6,ed2086c87d52482699dee6d41678911f,0,2026-07-29,2026-07-29,29354e42ef0c3a5dcfab2220f035fd1be5874df613426379bae1f33e112f560b,996bed4920d57ac31c4fb24ea30428fd6f75ebf5eff9ad3e616c6bcf81f64d7c,"[""Tennis""]",1785303761.005707,KXITFMATCH-26JUL28CHAHEI-CHA,Tennis,,KXITFMATCH,5ba6a34a-c169-4b0b-b8fd-b835a2127855,KXITFMATCH-26JUL28CHAHEI,1785299809.0,quote,,1786505400.0,true,65.5000,65.0000,66.0000,217.00,5.73
6,ed2086c87d52482699dee6d41678911f,0,2026-07-29,2026-07-29,29354e42ef0c3a5dcfab2220f035fd1be5874df613426379bae1f33e112f560b,996bed4920d57ac31c4fb24ea30428fd6f75ebf5eff9ad3e616c6bcf81f64d7c,"[""Tennis""]",1785303761.078998,KXITFWMATCH-26JUL29SOZMIL-MIL,Tennis,,KXITFWMATCH,0ba82ca4-7c3d-4fe6-9763-af01f430c473,KXITFWMATCH-26JUL29SOZMIL,1785301725.0,quote,,1786510800.0,true,92.5000,92.0000,93.0000,2936.68,245.82
6,ed2086c87d52482699dee6d41678911f,0,2026-07-29,2026-07-29,29354e42ef0c3a5dcfab2220f035fd1be5874df613426379bae1f33e112f560b,996bed4920d57ac31c4fb24ea30428fd6f75ebf5eff9ad3e616c6bcf81f64d7c,"[""Tennis""]",1785303761.152224,KXITFWMATCH-26JUL29YOSKIM-KIM,Tennis,,KXITFWMATCH,9b9eecb5-c6a0-414a-bcf3-57262192676d,KXITFWMATCH-26JUL29YOSKIM,1785301851.0,quote,,1786510800.0,true,61.5000,61.0000,62.0000,193.65,2688.49
6,ed2086c87d52482699dee6d41678911f,0,2026-07-29,2026-07-29,29354e42ef0c3a5dcfab2220f035fd1be5874df613426379bae1f33e112f560b,996bed4920d57ac31c4fb24ea30428fd6f75ebf5eff9ad3e616c6bcf81f64d7c,"[""Tennis""]",1785303761.2216132,KXITFMATCH-26JUL28CHAHEI-HEI,Tennis,,KXITFMATCH,5ba6a34a-c169-4b0b-b8fd-b835a2127855,KXITFMATCH-26JUL28CHAHEI,1785299809.0,quote,,1786505400.0,true,34.5000,34.0000,35.0000,1210.08,31595.67
6,ed2086c87d52482699dee6d41678911f,0,2026-07-29,2026-07-29,29354e42ef0c3a5dcfab2220f035fd1be5874df613426379bae1f33e112f560b,996bed4920d57ac31c4fb24ea30428fd6f75ebf5eff9ad3e616c6bcf81f64d7c,"[""Tennis""]",1785303761.29155,KXITFWMATCH-26JUL29SOZMIL-SOZ,Tennis,,KXITFWMATCH,0ba82ca4-7c3d-4fe6-9763-af01f430c473,KXITFWMATCH-26JUL29SOZMIL,1785301725.0,quote,,1786510800.0,true,7.5000,7.0000,8.0000,559.81,6918.82
6,ed2086c87d52482699dee6d41678911f,0,2026-07-29,2026-07-29,29354e42ef0c3a5dcfab2220f035fd1be5874df613426379bae1f33e112f560b,996bed4920d57ac31c4fb24ea30428fd6f75ebf5eff9ad3e616c6bcf81f64d7c,"[""Tennis""]",1785303761.4456398,KXITFMATCH-26JUL29BRAPIE-PIE,Tennis,,KXITFMATCH,e7bed978-f0a4-4bc6-8904-d9b6730590e4,KXITFMATCH-26JUL29BRAPIE,1785305498.0,quote,,1786514400.0,true,85.5000,85.0000,86.0000,3461.00,1059.07
6,ed2086c87d52482699dee6d41678911f,0,2026-07-29,2026-07-29,29354e42ef0c3a5dcfab2220f035fd1be5874df613426379bae1f33e112f560b,996bed4920d57ac31c4fb24ea30428fd6f75ebf5eff9ad3e616c6bcf81f64d7c,"[""Tennis""]",1785303761.514436,KXITFWMATCH-26JUL29HOSDYU-DYU,Tennis,,KXITFWMATCH,eff22484-a537-4944-bd0e-5664e98b54bd,KXITFWMATCH-26JUL29HOSDYU,1785301687.0,quote,,1786510800.0,true,83.0000,82.0000,84.0000,4941.43,4994.99
6,ed2086c87d52482699dee6d41678911f,0,2026-07-29,2026-07-29,29354e42ef0c3a5dcfab2220f035fd1be5874df613426379bae1f33e112f560b,996bed4920d57ac31c4fb24ea30428fd6f75ebf5eff9ad3e616c6bcf81f64d7c,"[""Tennis""]",1785303763.097474,KXITFMATCH-26JUL28PADSAT-PAD,Tennis,,KXITFMATCH,03e1243d-7dee-4056-a032-cb914b77515a,KXITFMATCH-26JUL28PADSAT,1785294636.0,quote,,1786501800.0,true,39.5000,38.0000,41.0000,195.50,5.00
6,ed2086c87d52482699dee6d41678911f,0,2026-07-29,2026-07-29,29354e42ef0c3a5dcfab2220f035fd1be5874df613426379bae1f33e112f560b,996bed4920d57ac31c4fb24ea30428fd6f75ebf5eff9ad3e616c6bcf81f64d7c,"[""Tennis""]",1785303763.1691892,KXITFMATCH-26JUL28WENJON-JON,Tennis,,KXITFMATCH,5195be65-3a9b-423a-9e35-55f2f5840354,KXITFMATCH-26JUL28WENJON,1785299448.0,quote,,1786501800.0,true,81.5000,80.0000,83.0000,4248.89,3.00
6,ed2086c87d52482699dee6d41678911f,0,2026-07-29,2026-07-29,29354e42ef0c3a5dcfab2220f035fd1be5874df613426379bae1f33e112f560b,996bed4920d57ac31c4fb24ea30428fd6f75ebf5eff9ad3e616c6bcf81f64d7c,"[""Tennis""]",1785303763.241617,KXITFMATCH-26JUL28WENJON-WEN,Tennis,,KXITFMATCH,5195be65-3a9b-423a-9e35-55f2f5840354,KXITFMATCH-26JUL28WENJON,1785299448.0,quote,,1786501800.0,true,16.5000,15.0000,18.0000,2833.81,29.32
6,ed2086c87d52482699dee6d41678911f,0,2026-07-29,2026-07-29,29354e42ef0c3a5dcfab2220f035fd1be5874df613426379bae1f33e112f560b,996bed4920d57ac31c4fb24ea30428fd6f75ebf5eff9ad3e616c6bcf81f64d7c,"[""Tennis""]",1785303763.312159,KXITFMATCH-26JUL28CHAHEI-CHA,Tennis,,KXITFMATCH,5ba6a34a-c169-4b0b-b8fd-b835a2127855,KXITFMATCH-26JUL28CHAHEI,1785299809.0,quote,,1786505400.0,true,65.5000,65.0000,66.0000,217.00,5.73
6,ed2086c87d52482699dee6d41678911f,0,2026-07-29,2026-07-29,29354e42ef0c3a5dcfab2220f035fd1be5874df613426379bae1f33e112f560b,996bed4920d57ac31c4fb24ea30428fd6f75ebf5eff9ad3e616c6bcf81f64d7c,"[""Tennis""]",1785303763.3835561,KXITFWMATCH-26JUL29SOZMIL-MIL,Tennis,,KXITFWMATCH,0ba82ca4-7c3d-4fe6-9763-af01f430c473,KXITFWMATCH-26JUL29SOZMIL,1785301725.0,quote,,1786510800.0,true,92.5000,92.0000,93.0000,2936.68,245.82
6,ed2086c87d52482699dee6d41678911f,0,2026-07-29,2026-07-29,29354e42ef0c3a5dcfab2220f035fd1be5874df613426379bae1f33e112f560b,996bed4920d57ac31c4fb24ea30428fd6f75ebf5eff9ad3e616c6bcf81f64d7c,"[""Tennis""]",1785303763.4869812,KXITFWMATCH-26JUL29YOSKIM-KIM,Tennis,,KXITFWMATCH,9b9eecb5-c6a0-414a-bcf3-57262192676d,KXITFWMATCH-26JUL29YOSKIM,1785301851.0,quote,,1786510800.0,true,61.5000,61.0000,62.0000,193.65,3085.13
6,ed2086c87d52482699dee6d41678911f,0,2026-07-29,2026-07-29,29354e42ef0c3a5dcfab2220f035fd1be5874df613426379bae1f33e112f560b,996bed4920d57ac31c4fb24ea30428fd6f75ebf5eff9ad3e616c6bcf81f64d7c,"[""Tennis""]",1785303763.556619,KXITFMATCH-26JUL28CHAHEI-HEI,Tennis,,KXITFMATCH,5ba6a34a-c169-4b0b-b8fd-b835a2127855,KXITFMATCH-26JUL28CHAHEI,1785299809.0,quote,,1786505400.0,true,34.5000,34.0000,35.0000,1210.08,31595.67
6,ed2086c87d52482699dee6d41678911f,0,2026-07-29,2026-07-29,29354e42ef0c3a5dcfab2220f035fd1be5874df613426379bae1f33e112f560b,996bed4920d57ac31c4fb24ea30428fd6f75ebf5eff9ad3e616c6bcf81f64d7c,"[""Tennis""]",1785303763.626824,KXITFWMATCH-26JUL29SOZMIL-SOZ,Tennis,,KXITFWMATCH,0ba82ca4-7c3d-4fe6-9763-af01f430c473,KXITFWMATCH-26JUL29SOZMIL,1785301725.0,quote,,1786510800.0,true,7.5000,7.0000,8.0000,559.81,6918.82
6,ed2086c87d52482699dee6d41678911f,0,2026-07-29,2026-07-29,29354e42ef0c3a5dcfab2220f035fd1be5874df613426379bae1f33e112f560b,996bed4920d57ac31c4fb24ea30428fd6f75ebf5eff9ad3e616c6bcf81f64d7c,"[""Tennis""]",1785303763.698713,KXITFMATCH-26JUL29BRAPIE-PIE,Tennis,,KXITFMATCH,e7bed978-f0a4-4bc6-8904-d9b6730590e4,KXITFMATCH-26JUL29BRAPIE,1785305498.0,quote,,1786514400.0,true,85.5000,85.0000,86.0000,3461.00,1059.07
6,ed2086c87d52482699dee6d41678911f,0,2026-07-29,2026-07-29,29354e42ef0c3a5dcfab2220f035fd1be5874df613426379bae1f33e112f560b,996bed4920d57ac31c4fb24ea30428fd6f75ebf5eff9ad3e616c6bcf81f64d7c,"[""Tennis""]",1785303763.768482,KXITFWMATCH-26JUL29HOSDYU-DYU,Tennis,,KXITFWMATCH,eff22484-a537-4944-bd0e-5664e98b54bd,KXITFWMATCH-26JUL29HOSDYU,1785301687.0,quote,,1786510800.0,true,83.0000,82.0000,84.0000,4941.43,4994.99
6,ed2086c87d52482699dee6d41678911f,0,2026-07-29,2026-07-29,29354e42ef0c3a5dcfab2220f035fd1be5874df613426379bae1f33e112f560b,996bed4920d57ac31c4fb24ea30428fd6f75ebf5eff9ad3e616c6bcf81f64d7c,"[""Tennis""]",1785303765.353487,KXITFMATCH-26JUL28PADSAT-PAD,Tennis,,KXITFMATCH,03e1243d-7dee-4056-a032-cb914b77515a,KXITFMATCH-26JUL28PADSAT,1785294636.0,quote,,1786501800.0,true,39.5000,38.0000,41.0000,195.50,5.00
6,ed2086c87d52482699dee6d41678911f,0,2026-07-29,2026-07-29,29354e42ef0c3a5dcfab2220f035fd1be5874df613426379bae1f33e112f560b,996bed4920d57ac31c4fb24ea30428fd6f75ebf5eff9ad3e616c6bcf81f64d7c,"[""Tennis""]",1785303765.424588,KXITFMATCH-26JUL28WENJON-JON,Tennis,,KXITFMATCH,5195be65-3a9b-423a-9e35-55f2f5840354,KXITFMATCH-26JUL28WENJON,1785299448.0,quote,,1786501800.0,true,81.5000,80.0000,83.0000,4248.89,3.00
6,ed2086c87d52482699dee6d41678911f,0,2026-07-29,2026-07-29,29354e42ef0c3a5dcfab2220f035fd1be5874df613426379bae1f33e112f560b,996bed4920d57ac31c4fb24ea30428fd6f75ebf5eff9ad3e616c6bcf81f64d7c,"[""Tennis""]",1785303765.583777,KXITFMATCH-26JUL28WENJON-WEN,Tennis,,KXITFMATCH,5195be65-3a9b-423a-9e35-55f2f5840354,KXITFMATCH-26JUL28WENJON,1785299448.0,quote,,1786501800.0,true,16.5000,15.0000,18.0000,2833.81,29.32
6,ed2086c87d52482699dee6d41678911f,0,2026-07-29,2026-07-29,29354e42ef0c3a5dcfab2220f035fd1be5874df613426379bae1f33e112f560b,996bed4920d57ac31c4fb24ea30428fd6f75ebf5eff9ad3e616c6bcf81f64d7c,"[""Tennis""]",1785303765.653514,KXITFMATCH-26JUL28CHAHEI-CHA,Tennis,,KXITFMATCH,5ba6a34a-c169-4b0b-b8fd-b835a2127855,KXITFMATCH-26JUL28CHAHEI,1785299809.0,quote,,1786505400.0,true,65.5000,65.0000,66.0000,217.00,5.73
6,ed2086c87d52482699dee6d41678911f,0,2026-07-29,2026-07-29,29354e42ef0c3a5dcfab2220f035fd1be5874df613426379bae1f33e112f560b,996bed4920d57ac31c4fb24ea30428fd6f75ebf5eff9ad3e616c6bcf81f64d7c,"[""Tennis""]",1785303765.7243268,KXITFWMATCH-26JUL29SOZMIL-MIL,Tennis,,KXITFWMATCH,0ba82ca4-7c3d-4fe6-9763-af01f430c473,KXITFWMATCH-26JUL29SOZMIL,1785301725.0,quote,,1786510800.0,true,92.5000,92.0000,93.0000,2936.68,245.82
6,ed2086c87d52482699dee6d41678911f,0,2026-07-29,2026-07-29,29354e42ef0c3a5dcfab2220f035fd1be5874df613426379bae1f33e112f560b,996bed4920d57ac31c4fb24ea30428fd6f75ebf5eff9ad3e616c6bcf81f64d7c,"[""Tennis""]",1785303765.7940228,KXITFWMATCH-26JUL29YOSKIM-KIM,Tennis,,KXITFWMATCH,9b9eecb5-c6a0-414a-bcf3-57262192676d,KXITFWMATCH-26JUL29YOSKIM,1785301851.0,quote,,1786510800.0,true,61.5000,61.0000,62.0000,193.65,3085.13
6,ed2086c87d52482699dee6d41678911f,0,2026-07-29,2026-07-29,29354e42ef0c3a5dcfab2220f035fd1be5874df613426379bae1f33e112f560b,996bed4920d57ac31c4fb24ea30428fd6f75ebf5eff9ad3e616c6bcf81f64d7c,"[""Tennis""]",1785303765.866478,KXITFMATCH-26JUL28CHAHEI-HEI,Tennis,,KXITFMATCH,5ba6a34a-c169-4b0b-b8fd-b835a2127855,KXITFMATCH-26JUL28CHAHEI,1785299809.0,quote,,1786505400.0,true,34.5000,34.0000,35.0000,1210.08,31595.67
6,ed2086c87d52482699dee6d41678911f,0,2026-07-29,2026-07-29,29354e42ef0c3a5dcfab2220f035fd1be5874df613426379bae1f33e112f560b,996bed4920d57ac31c4fb24ea30428fd6f75ebf5eff9ad3e616c6bcf81f64d7c,"[""Tennis""]",1785303765.936394,KXITFWMATCH-26JUL29SOZMIL-SOZ,Tennis,,KXITFWMATCH,0ba82ca4-7c3d-4fe6-9763-af01f430c473,KXITFWMATCH-26JUL29SOZMIL,1785301725.0,quote,,1786510800.0,true,7.5000,7.0000,8.0000,559.81,7273.82
6,ed2086c87d52482699dee6d41678911f,0,2026-07-29,2026-07-29,29354e42ef0c3a5dcfab2220f035fd1be5874df613426379bae1f33e112f560b,996bed4920d57ac31c4fb24ea30428fd6f75ebf5eff9ad3e616c6bcf81f64d7c,"[""Tennis""]",1785303766.0063071,KXITFMATCH-26JUL29BRAPIE-PIE,Tennis,,KXITFMATCH,e7bed978-f0a4-4bc6-8904-d9b6730590e4,KXITFMATCH-26JUL29BRAPIE,1785305498.0,quote,,1786514400.0,true,85.5000,85.0000,86.0000,3461.00,1059.07
6,ed2086c87d52482699dee6d41678911f,0,2026-07-29,2026-07-29,29354e42ef0c3a5dcfab2220f035fd1be5874df613426379bae1f33e112f560b,996bed4920d57ac31c4fb24ea30428fd6f75ebf5eff9ad3e616c6bcf81f64d7c,"[""Tennis""]",1785303766.107351,KXITFWMATCH-26JUL29HOSDYU-DYU,Tennis,,KXITFWMATCH,eff22484-a537-4944-bd0e-5664e98b54bd,KXITFWMATCH-26JUL29HOSDYU,1785301687.0,quote,,1786510800.0,true,83.0000,82.0000,84.0000,4941.43,4994.99
6,ed2086c87d52482699dee6d41678911f,0,2026-07-29,2026-07-29,29354e42ef0c3a5dcfab2220f035fd1be5874df613426379bae1f33e112f560b,996bed4920d57ac31c4fb24ea30428fd6f75ebf5eff9ad3e616c6bcf81f64d7c,"[""Tennis""]",1785303767.743096,KXITFMATCH-26JUL28PADSAT-PAD,Tennis,,KXITFMATCH,03e1243d-7dee-4056-a032-cb914b77515a,KXITFMATCH-26JUL28PADSAT,1785294636.0,quote,,1786501800.0,true,39.5000,38.0000,41.0000,195.50,5.00
6,ed2086c87d52482699dee6d41678911f,0,2026-07-29,2026-07-29,29354e42ef0c3a5dcfab2220f035fd1be5874df613426379bae1f33e112f560b,996bed4920d57ac31c4fb24ea30428fd6f75ebf5eff9ad3e616c6bcf81f64d7c,"[""Tennis""]",1785303767.814652,KXITFMATCH-26JUL28WENJON-JON,Tennis,,KXITFMATCH,5195be65-3a9b-423a-9e35-55f2f5840354,KXITFMATCH-26JUL28WENJON,1785299448.0,quote,,1786501800.0,true,81.5000,80.0000,83.0000,4248.89,3.00
6,ed2086c87d52482699dee6d41678911f,0,2026-07-29,2026-07-29,29354e42ef0c3a5dcfab2220f035fd1be5874df613426379bae1f33e112f560b,996bed4920d57ac31c4fb24ea30428fd6f75ebf5eff9ad3e616c6bcf81f64d7c,"[""Tennis""]",1785303767.8871338,KXITFMATCH-26JUL28WENJON-WEN,Tennis,,KXITFMATCH,5195be65-3a9b-423a-9e35-55f2f5840354,KXITFMATCH-26JUL28WENJON,1785299448.0,quote,,1786501800.0,true,16.5000,15.0000,18.0000,2833.81,29.32
6,ed2086c87d52482699dee6d41678911f,0,2026-07-29,2026-07-29,29354e42ef0c3a5dcfab2220f035fd1be5874df613426379bae1f33e112f560b,996bed4920d57ac31c4fb24ea30428fd6f75ebf5eff9ad3e616c6bcf81f64d7c,"[""Tennis""]",1785303767.957679,KXITFMATCH-26JUL28CHAHEI-CHA,Tennis,,KXITFMATCH,5ba6a34a-c169-4b0b-b8fd-b835a2127855,KXITFMATCH-26JUL28CHAHEI,1785299809.0,quote,,1786505400.0,true,65.5000,65.0000,66.0000,217.00,5.73
6,ed2086c87d52482699dee6d41678911f,0,2026-07-29,2026-07-29,29354e42ef0c3a5dcfab2220f035fd1be5874df613426379bae1f33e112f560b,996bed4920d57ac31c4fb24ea30428fd6f75ebf5eff9ad3e616c6bcf81f64d7c,"[""Tennis""]",1785303768.028523,KXITFWMATCH-26JUL29SOZMIL-MIL,Tennis,,KXITFWMATCH,0ba82ca4-7c3d-4fe6-9763-af01f430c473,KXITFWMATCH-26JUL29SOZMIL,1785301725.0,quote,,1786510800.0,true,92.5000,92.0000,93.0000,3136.68,245.82
6,ed2086c87d52482699dee6d41678911f,0,2026-07-29,2026-07-29,29354e42ef0c3a5dcfab2220f035fd1be5874df613426379bae1f33e112f560b,996bed4920d57ac31c4fb24ea30428fd6f75ebf5eff9ad3e616c6bcf81f64d7c,"[""Tennis""]",1785303768.0993888,KXITFWMATCH-26JUL29YOSKIM-KIM,Tennis,,KXITFWMATCH,9b9eecb5-c6a0-414a-bcf3-57262192676d,KXITFWMATCH-26JUL29YOSKIM,1785301851.0,quote,,1786510800.0,true,61.5000,61.0000,62.0000,193.65,3085.13
6,ed2086c87d52482699dee6d41678911f,0,2026-07-29,2026-07-29,29354e42ef0c3a5dcfab2220f035fd1be5874df613426379bae1f33e112f560b,996bed4920d57ac31c4fb24ea30428fd6f75ebf5eff9ad3e616c6bcf81f64d7c,"[""Tennis""]",1785303768.206694,KXITFMATCH-26JUL28CHAHEI-HEI,Tennis,,KXITFMATCH,5ba6a34a-c169-4b0b-b8fd-b835a2127855,KXITFMATCH-26JUL28CHAHEI,1785299809.0,quote,,1786505400.0,true,34.5000,34.0000,35.0000,1210.08,31595.67
6,ed2086c87d52482699dee6d41678911f,0,2026-07-29,2026-07-29,29354e42ef0c3a5dcfab2220f035fd1be5874df613426379bae1f33e112f560b,996bed4920d57ac31c4fb24ea30428fd6f75ebf5eff9ad3e616c6bcf81f64d7c,"[""Tennis""]",1785303768.27758,KXITFWMATCH-26JUL29SOZMIL-SOZ,Tennis,,KXITFWMATCH,0ba82ca4-7c3d-4fe6-9763-af01f430c473,KXITFWMATCH-26JUL29SOZMIL,1785301725.0,quote,,1786510800.0,true,7.5000,7.0000,8.0000,559.81,7273.82
6,ed2086c87d52482699dee6d41678911f,0,2026-07-29,2026-07-29,29354e42ef0c3a5dcfab2220f035fd1be5874df613426379bae1f33e112f560b,996bed4920d57ac31c4fb24ea30428fd6f75ebf5eff9ad3e616c6bcf81f64d7c,"[""Tennis""]",1785303768.349739,KXITFMATCH-26JUL29BRAPIE-PIE,Tennis,,KXITFMATCH,e7bed978-f0a4-4bc6-8904-d9b6730590e4,KXITFMATCH-26JUL29BRAPIE,1785305498.0,quote,,1786514400.0,true,85.5000,85.0000,86.0000,3461.00,1059.07
6,ed2086c87d52482699dee6d41678911f,0,2026-07-29,2026-07-29,29354e42ef0c3a5dcfab2220f035fd1be5874df613426379bae1f33e112f560b,996bed4920d57ac31c4fb24ea30428fd6f75ebf5eff9ad3e616c6bcf81f64d7c,"[""Tennis""]",1785303768.4207182,KXITFWMATCH-26JUL29HOSDYU-DYU,Tennis,,KXITFWMATCH,eff22484-a537-4944-bd0e-5664e98b54bd,KXITFWMATCH-26JUL29HOSDYU,1785301687.0,quote,,1786510800.0,true,83.0000,82.0000,84.0000,4941.43,4994.99
6,ed2086c87d52482699dee6d41678911f,0,2026-07-29,2026-07-29,29354e42ef0c3a5dcfab2220f035fd1be5874df613426379bae1f33e112f560b,996bed4920d57ac31c4fb24ea30428fd6f75ebf5eff9ad3e616c6bcf81f64d7c,"[""Tennis""]",1785303770.007395,KXITFMATCH-26JUL28PADSAT-PAD,Tennis,,KXITFMATCH,03e1243d-7dee-4056-a032-cb914b77515a,KXITFMATCH-26JUL28PADSAT,1785294636.0,quote,,1786501800.0,true,39.5000,38.0000,41.0000,195.50,5.00
6,ed2086c87d52482699dee6d41678911f,0,2026-07-29,2026-07-29,29354e42ef0c3a5dcfab2220f035fd1be5874df613426379bae1f33e112f560b,996bed4920d57ac31c4fb24ea30428fd6f75ebf5eff9ad3e616c6bcf81f64d7c,"[""Tennis""]",1785303770.079471,KXITFMATCH-26JUL28WENJON-JON,Tennis,,KXITFMATCH,5195be65-3a9b-423a-9e35-55f2f5840354,KXITFMATCH-26JUL28WENJON,1785299448.0,quote,,1786501800.0,true,80.5000,80.0000,81.0000,8908.25,16173.63
6,ed2086c87d52482699dee6d41678911f,0,2026-07-29,2026-07-29,29354e42ef0c3a5dcfab2220f035fd1be5874df613426379bae1f33e112f560b,996bed4920d57ac31c4fb24ea30428fd6f75ebf5eff9ad3e616c6bcf81f64d7c,"[""Tennis""]",1785303770.15397,KXITFMATCH-26JUL28WENJON-WEN,Tennis,,KXITFMATCH,5195be65-3a9b-423a-9e35-55f2f5840354,KXITFMATCH-26JUL28WENJON,1785299448.0,quote,,1786501800.0,true,19.5000,19.0000,20.0000,11791.63,13182.88
6,ed2086c87d52482699dee6d41678911f,0,2026-07-29,2026-07-29,29354e42ef0c3a5dcfab2220f035fd1be5874df613426379bae1f33e112f560b,996bed4920d57ac31c4fb24ea30428fd6f75ebf5eff9ad3e616c6bcf81f64d7c,"[""Tennis""]",1785303770.302567,KXITFMATCH-26JUL28CHAHEI-CHA,Tennis,,KXITFMATCH,5ba6a34a-c169-4b0b-b8fd-b835a2127855,KXITFMATCH-26JUL28CHAHEI,1785299809.0,quote,,1786505400.0,true,65.5000,65.0000,66.0000,217.00,5.73
6,ed2086c87d52482699dee6d41678911f,0,2026-07-29,2026-07-29,29354e42ef0c3a5dcfab2220f035fd1be5874df613426379bae1f33e112f560b,996bed4920d57ac31c4fb24ea30428fd6f75ebf5eff9ad3e616c6bcf81f64d7c,"[""Tennis""]",1785303770.387724,KXITFWMATCH-26JUL29SOZMIL-MIL,Tennis,,KXITFWMATCH,0ba82ca4-7c3d-4fe6-9763-af01f430c473,KXITFWMATCH-26JUL29SOZMIL,1785301725.0,quote,,1786510800.0,true,92.5000,92.0000,93.0000,3136.68,245.82
6,ed2086c87d52482699dee6d41678911f,0,2026-07-29,2026-07-29,29354e42ef0c3a5dcfab2220f035fd1be5874df613426379bae1f33e112f560b,996bed4920d57ac31c4fb24ea30428fd6f75ebf5eff9ad3e616c6bcf81f64d7c,"[""Tennis""]",1785303770.460574,KXITFWMATCH-26JUL29YOSKIM-KIM,Tennis,,KXITFWMATCH,9b9eecb5-c6a0-414a-bcf3-57262192676d,KXITFWMATCH-26JUL29YOSKIM,1785301851.0,quote,,1786510800.0,true,61.5000,61.0000,62.0000,193.65,3085.13
6,ed2086c87d52482699dee6d41678911f,0,2026-07-29,2026-07-29,29354e42ef0c3a5dcfab2220f035fd1be5874df613426379bae1f33e112f560b,996bed4920d57ac31c4fb24ea30428fd6f75ebf5eff9ad3e616c6bcf81f64d7c,"[""Tennis""]",1785303770.533796,KXITFMATCH-26JUL28CHAHEI-HEI,Tennis,,KXITFMATCH,5ba6a34a-c169-4b0b-b8fd-b835a2127855,KXITFMATCH-26JUL28CHAHEI,1785299809.0,quote,,1786505400.0,true,30.5000,29.0000,32.0000,68.40,10.00
6,ed2086c87d52482699dee6d41678911f,0,2026-07-29,2026-07-29,29354e42ef0c3a5dcfab2220f035fd1be5874df613426379bae1f33e112f560b,996bed4920d57ac31c4fb24ea30428fd6f75ebf5eff9ad3e616c6bcf81f64d7c,"[""Tennis""]",1785303770.6061,KXITFWMATCH-26JUL29SOZMIL-SOZ,Tennis,,KXITFWMATCH,0ba82ca4-7c3d-4fe6-9763-af01f430c473,KXITFWMATCH-26JUL29SOZMIL,1785301725.0,quote,,1786510800.0,true,7.5000,7.0000,8.0000,559.81,7273.82
6,ed2086c87d52482699dee6d41678911f,0,2026-07-29,2026-07-29,29354e42ef0c3a5dcfab2220f035fd1be5874df613426379bae1f33e112f560b,996bed4920d57ac31c4fb24ea30428fd6f75ebf5eff9ad3e616c6bcf81f64d7c,"[""Tennis""]",1785303770.6789372,KXITFMATCH-26JUL29BRAPIE-PIE,Tennis,,KXITFMATCH,e7bed978-f0a4-4bc6-8904-d9b6730590e4,KXITFMATCH-26JUL29BRAPIE,1785305498.0,quote,,1786514400.0,true,85.5000,85.0000,86.0000,3461.00,1059.07
6,ed2086c87d52482699dee6d41678911f,0,2026-07-29,2026-07-29,29354e42ef0c3a5dcfab2220f035fd1be5874df613426379bae1f33e112f560b,996bed4920d57ac31c4fb24ea30428fd6f75ebf5eff9ad3e616c6bcf81f64d7c,"[""Tennis""]",1785303770.8211122,KXITFWMATCH-26JUL29HOSDYU-DYU,Tennis,,KXITFWMATCH,eff22484-a537-4944-bd0e-5664e98b54bd,KXITFWMATCH-26JUL29HOSDYU,1785301687.0,quote,,1786510800.0,true,83.0000,82.0000,84.0000,4941.43,4994.99
6,ed2086c87d52482699dee6d41678911f,0,2026-07-29,2026-07-29,29354e42ef0c3a5dcfab2220f035fd1be5874df613426379bae1f33e112f560b,996bed4920d57ac31c4fb24ea30428fd6f75ebf5eff9ad3e616c6bcf81f64d7c,"[""Tennis""]",1785303772.465873,KXITFMATCH-26JUL28PADSAT-PAD,Tennis,,KXITFMATCH,03e1243d-7dee-4056-a032-cb914b77515a,KXITFMATCH-26JUL28PADSAT,1785294636.0,quote,,1786501800.0,true,39.5000,38.0000,41.0000,195.50,5.00
6,ed2086c87d52482699dee6d41678911f,0,2026-07-29,2026-07-29,29354e42ef0c3a5dcfab2220f035fd1be5874df613426379bae1f33e112f560b,996bed4920d57ac31c4fb24ea30428fd6f75ebf5eff9ad3e616c6bcf81f64d7c,"[""Tennis""]",1785303772.539306,KXITFMATCH-26JUL28WENJON-JON,Tennis,,KXITFMATCH,5195be65-3a9b-423a-9e35-55f2f5840354,KXITFMATCH-26JUL28WENJON,1785299448.0,quote,,1786501800.0,true,80.5000,80.0000,81.0000,8908.25,16173.63
6,ed2086c87d52482699dee6d41678911f,0,2026-07-29,2026-07-29,29354e42ef0c3a5dcfab2220f035fd1be5874df613426379bae1f33e112f560b,996bed4920d57ac31c4fb24ea30428fd6f75ebf5eff9ad3e616c6bcf81f64d7c,"[""Tennis""]",1785303772.6132321,KXITFMATCH-26JUL28WENJON-WEN,Tennis,,KXITFMATCH,5195be65-3a9b-423a-9e35-55f2f5840354,KXITFMATCH-26JUL28WENJON,1785299448.0,quote,,1786501800.0,true,19.5000,19.0000,20.0000,11791.63,13182.88
6,ed2086c87d52482699dee6d41678911f,0,2026-07-29,2026-07-29,29354e42ef0c3a5dcfab2220f035fd1be5874df613426379bae1f33e112f560b,996bed4920d57ac31c4fb24ea30428fd6f75ebf5eff9ad3e616c6bcf81f64d7c,"[""Tennis""]",1785303772.68675,KXITFMATCH-26JUL28CHAHEI-CHA,Tennis,,KXITFMATCH,5ba6a34a-c169-4b0b-b8fd-b835a2127855,KXITFMATCH-26JUL28CHAHEI,1785299809.0,quote,,1786505400.0,true,68.0000,66.0000,70.0000,41.00,38.00
6,ed2086c87d52482699dee6d41678911f,0,2026-07-29,2026-07-29,29354e42ef0c3a5dcfab2220f035fd1be5874df613426379bae1f33e112f560b,996bed4920d57ac31c4fb24ea30428fd6f75ebf5eff9ad3e616c6bcf81f64d7c,"[""Tennis""]",1785303772.760603,KXITFWMATCH-26JUL29SOZMIL-MIL,Tennis,,KXITFWMATCH,0ba82ca4-7c3d-4fe6-9763-af01f430c473,KXITFWMATCH-26JUL29SOZMIL,1785301725.0,quote,,1786510800.0,true,92.5000,92.0000,93.0000,3136.68,245.82
6,ed2086c87d52482699dee6d41678911f,0,2026-07-29,2026-07-29,29354e42ef0c3a5dcfab2220f035fd1be5874df613426379bae1f33e112f560b,996bed4920d57ac31c4fb24ea30428fd6f75ebf5eff9ad3e616c6bcf81f64d7c,"[""Tennis""]",1785303772.9190679,KXITFWMATCH-26JUL29YOSKIM-KIM,Tennis,,KXITFWMATCH,9b9eecb5-c6a0-414a-bcf3-57262192676d,KXITFWMATCH-26JUL29YOSKIM,1785301851.0,quote,,1786510800.0,true,61.5000,61.0000,62.0000,193.65,3085.13
6,ed2086c87d52482699dee6d41678911f,0,2026-07-29,2026-07-29,29354e42ef0c3a5dcfab2220f035fd1be5874df613426379bae1f33e112f560b,996bed4920d57ac31c4fb24ea30428fd6f75ebf5eff9ad3e616c6bcf81f64d7c,"[""Tennis""]",1785303772.994026,KXITFMATCH-26JUL28CHAHEI-HEI,Tennis,,KXITFMATCH,5ba6a34a-c169-4b0b-b8fd-b835a2127855,KXITFMATCH-26JUL28CHAHEI,1785299809.0,quote,,1786505400.0,true,30.5000,29.0000,32.0000,68.40,10.00
6,ed2086c87d52482699dee6d41678911f,0,2026-07-29,2026-07-29,29354e42ef0c3a5dcfab2220f035fd1be5874df613426379bae1f33e112f560b,996bed4920d57ac31c4fb24ea30428fd6f75ebf5eff9ad3e616c6bcf81f64d7c,"[""Tennis""]",1785303773.067699,KXITFWMATCH-26JUL29SOZMIL-SOZ,Tennis,,KXITFWMATCH,0ba82ca4-7c3d-4fe6-9763-af01f430c473,KXITFWMATCH-26JUL29SOZMIL,1785301725.0,quote,,1786510800.0,true,7.5000,7.0000,8.0000,559.81,7273.82
6,ed2086c87d52482699dee6d41678911f,0,2026-07-29,2026-07-29,29354e42ef0c3a5dcfab2220f035fd1be5874df613426379bae1f33e112f560b,996bed4920d57ac31c4fb24ea30428fd6f75ebf5eff9ad3e616c6bcf81f64d7c,"[""Tennis""]",1785303773.14145,KXITFMATCH-26JUL29BRAPIE-PIE,Tennis,,KXITFMATCH,e7bed978-f0a4-4bc6-8904-d9b6730590e4,KXITFMATCH-26JUL29BRAPIE,1785305498.0,quote,,1786514400.0,true,85.5000,85.0000,86.0000,3461.00,1059.07
6,ed2086c87d52482699dee6d41678911f,0,2026-07-29,2026-07-29,29354e42ef0c3a5dcfab2220f035fd1be5874df613426379bae1f33e112f560b,996bed4920d57ac31c4fb24ea30428fd6f75ebf5eff9ad3e616c6bcf81f64d7c,"[""Tennis""]",1785303773.2159638,KXITFWMATCH-26JUL29HOSDYU-DYU,Tennis,,KXITFWMATCH,eff22484-a537-4944-bd0e-5664e98b54bd,KXITFWMATCH-26JUL29HOSDYU,1785301687.0,quote,,1786510800.0,true,83.0000,82.0000,84.0000,4889.43,4819.99
6,ed2086c87d52482699dee6d41678911f,0,2026-07-29,2026-07-29,29354e42ef0c3a5dcfab2220f035fd1be5874df613426379bae1f33e112f560b,996bed4920d57ac31c4fb24ea30428fd6f75ebf5eff9ad3e616c6bcf81f64d7c,"[""Tennis""]",1785303774.8007948,KXITFMATCH-26JUL28PADSAT-PAD,Tennis,,KXITFMATCH,03e1243d-7dee-4056-a032-cb914b77515a,KXITFMATCH-26JUL28PADSAT,1785294636.0,quote,,1786501800.0,true,36.5000,36.0000,37.0000,18442.04,46141.63
6,ed2086c87d52482699dee6d41678911f,0,2026-07-29,2026-07-29,29354e42ef0c3a5dcfab2220f035fd1be5874df613426379bae1f33e112f560b,996bed4920d57ac31c4fb24ea30428fd6f75ebf5eff9ad3e616c6bcf81f64d7c,"[""Tennis""]",1785303774.870828,KXITFMATCH-26JUL28WENJON-JON,Tennis,,KXITFMATCH,5195be65-3a9b-423a-9e35-55f2f5840354,KXITFMATCH-26JUL28WENJON,1785299448.0,quote,,1786501800.0,true,80.5000,80.0000,81.0000,8908.25,16173.63
6,ed2086c87d52482699dee6d41678911f,0,2026-07-29,2026-07-29,29354e42ef0c3a5dcfab2220f035fd1be5874df613426379bae1f33e112f560b,996bed4920d57ac31c4fb24ea30428fd6f75ebf5eff9ad3e616c6bcf81f64d7c,"[""Tennis""]",1785303775.018983,KXITFMATCH-26JUL28WENJON-WEN,Tennis,,KXITFMATCH,5195be65-3a9b-423a-9e35-55f2f5840354,KXITFMATCH-26JUL28WENJON,1785299448.0,quote,,1786501800.0,true,19.5000,19.0000,20.0000,11791.63,13182.88
6,ed2086c87d52482699dee6d41678911f,0,2026-07-29,2026-07-29,29354e42ef0c3a5dcfab2220f035fd1be5874df613426379bae1f33e112f560b,996bed4920d57ac31c4fb24ea30428fd6f75ebf5eff9ad3e616c6bcf81f64d7c,"[""Tennis""]",1785303775.089663,KXITFMATCH-26JUL28CHAHEI-CHA,Tennis,,KXITFMATCH,5ba6a34a-c169-4b0b-b8fd-b835a2127855,KXITFMATCH-26JUL28CHAHEI,1785299809.0,quote,,1786505400.0,true,68.0000,66.0000,70.0000,41.00,38.00
6,ed2086c87d52482699dee6d41678911f,0,2026-07-29,2026-07-29,29354e42ef0c3a5dcfab2220f035fd1be5874df613426379bae1f33e112f560b,996bed4920d57ac31c4fb24ea30428fd6f75ebf5eff9ad3e616c6bcf81f64d7c,"[""Tennis""]",1785303775.159425,KXITFWMATCH-26JUL29SOZMIL-MIL,Tennis,,KXITFWMATCH,0ba82ca4-7c3d-4fe6-9763-af01f430c473,KXITFWMATCH-26JUL29SOZMIL,1785301725.0,quote,,1786510800.0,true,92.5000,92.0000,93.0000,3136.68,245.82
6,ed2086c87d52482699dee6d41678911f,0,2026-07-29,2026-07-29,29354e42ef0c3a5dcfab2220f035fd1be5874df613426379bae1f33e112f560b,996bed4920d57ac31c4fb24ea30428fd6f75ebf5eff9ad3e616c6bcf81f64d7c,"[""Tennis""]",1785303775.235029,KXITFWMATCH-26JUL29YOSKIM-KIM,Tennis,,KXITFWMATCH,9b9eecb5-c6a0-414a-bcf3-57262192676d,KXITFWMATCH-26JUL29YOSKIM,1785301851.0,quote,,1786510800.0,true,61.5000,61.0000,62.0000,1003.00,7941.12
6,ed2086c87d52482699dee6d41678911f,0,2026-07-29,2026-07-29,29354e42ef0c3a5dcfab2220f035fd1be5874df613426379bae1f33e112f560b,996bed4920d57ac31c4fb24ea30428fd6f75ebf5eff9ad3e616c6bcf81f64d7c,"[""Tennis""]",1785303775.3056982,KXITFMATCH-26JUL28CHAHEI-HEI,Tennis,,KXITFMATCH,5ba6a34a-c169-4b0b-b8fd-b835a2127855,KXITFMATCH-26JUL28CHAHEI,1785299809.0,quote,,1786505400.0,true,30.5000,29.0000,32.0000,68.40,10.00
6,ed2086c87d52482699dee6d41678911f,0,2026-07-29,2026-07-29,29354e42ef0c3a5dcfab2220f035fd1be5874df613426379bae1f33e112f560b,996bed4920d57ac31c4fb24ea30428fd6f75ebf5eff9ad3e616c6bcf81f64d7c,"[""Tennis""]",1785303775.376399,KXITFWMATCH-26JUL29SOZMIL-SOZ,Tennis,,KXITFWMATCH,0ba82ca4-7c3d-4fe6-9763-af01f430c473,KXITFWMATCH-26JUL29SOZMIL,1785301725.0,quote,,1786510800.0,true,7.5000,7.0000,8.0000,559.81,7273.82
6,ed2086c87d52482699dee6d41678911f,0,2026-07-29,2026-07-29,29354e42ef0c3a5dcfab2220f035fd1be5874df613426379bae1f33e112f560b,996bed4920d57ac31c4fb24ea30428fd6f75ebf5eff9ad3e616c6bcf81f64d7c,"[""Tennis""]",1785303775.447061,KXITFMATCH-26JUL29BRAPIE-PIE,Tennis,,KXITFMATCH,e7bed978-f0a4-4bc6-8904-d9b6730590e4,KXITFMATCH-26JUL29BRAPIE,1785305498.0,quote,,1786514400.0,true,85.5000,85.0000,86.0000,3461.00,1059.07
6,ed2086c87d52482699dee6d41678911f,0,2026-07-29,2026-07-29,29354e42ef0c3a5dcfab2220f035fd1be5874df613426379bae1f33e112f560b,996bed4920d57ac31c4fb24ea30428fd6f75ebf5eff9ad3e616c6bcf81f64d7c,"[""Tennis""]",1785303775.608608,KXITFWMATCH-26JUL29HOSDYU-DYU,Tennis,,KXITFWMATCH,eff22484-a537-4944-bd0e-5664e98b54bd,KXITFWMATCH-26JUL29HOSDYU,1785301687.0,quote,,1786510800.0,true,83.0000,82.0000,84.0000,4889.43,4819.99
6,ed2086c87d52482699dee6d41678911f,0,2026-07-29,2026-07-29,29354e42ef0c3a5dcfab2220f035fd1be5874df613426379bae1f33e112f560b,996bed4920d57ac31c4fb24ea30428fd6f75ebf5eff9ad3e616c6bcf81f64d7c,"[""Tennis""]",1785303777.185976,KXITFMATCH-26JUL28PADSAT-PAD,Tennis,,KXITFMATCH,03e1243d-7dee-4056-a032-cb914b77515a,KXITFMATCH-26JUL28PADSAT,1785294636.0,quote,,1786501800.0,true,36.5000,36.0000,37.0000,18442.04,46141.63
6,ed2086c87d52482699dee6d41678911f,0,2026-07-29,2026-07-29,29354e42ef0c3a5dcfab2220f035fd1be5874df613426379bae1f33e112f560b,996bed4920d57ac31c4fb24ea30428fd6f75ebf5eff9ad3e616c6bcf81f64d7c,"[""Tennis""]",1785303777.257813,KXITFMATCH-26JUL28WENJON-JON,Tennis,,KXITFMATCH,5195be65-3a9b-423a-9e35-55f2f5840354,KXITFMATCH-26JUL28WENJON,1785299448.0,quote,,1786501800.0,true,80.5000,80.0000,81.0000,8908.25,16173.63
6,ed2086c87d52482699dee6d41678911f,0,2026-07-29,2026-07-29,29354e42ef0c3a5dcfab2220f035fd1be5874df613426379bae1f33e112f560b,996bed4920d57ac31c4fb24ea30428fd6f75ebf5eff9ad3e616c6bcf81f64d7c,"[""Tennis""]",1785303777.331435,KXITFMATCH-26JUL28WENJON-WEN,Tennis,,KXITFMATCH,5195be65-3a9b-423a-9e35-55f2f5840354,KXITFMATCH-26JUL28WENJON,1785299448.0,quote,,1786501800.0,true,19.5000,19.0000,20.0000,11791.63,13182.88
6,ed2086c87d52482699dee6d41678911f,0,2026-07-29,2026-07-29,29354e42ef0c3a5dcfab2220f035fd1be5874df613426379bae1f33e112f560b,996bed4920d57ac31c4fb24ea30428fd6f75ebf5eff9ad3e616c6bcf81f64d7c,"[""Tennis""]",1785303777.404612,KXITFMATCH-26JUL28CHAHEI-CHA,Tennis,,KXITFMATCH,5ba6a34a-c169-4b0b-b8fd-b835a2127855,KXITFMATCH-26JUL28CHAHEI,1785299809.0,quote,,1786505400.0,true,68.0000,66.0000,70.0000,41.00,38.00
6,ed2086c87d52482699dee6d41678911f,0,2026-07-29,2026-07-29,29354e42ef0c3a5dcfab2220f035fd1be5874df613426379bae1f33e112f560b,996bed4920d57ac31c4fb24ea30428fd6f75ebf5eff9ad3e616c6bcf81f64d7c,"[""Tennis""]",1785303777.476032,KXITFWMATCH-26JUL29SOZMIL-MIL,Tennis,,KXITFWMATCH,0ba82ca4-7c3d-4fe6-9763-af01f430c473,KXITFWMATCH-26JUL29SOZMIL,1785301725.0,quote,,1786510800.0,true,92.5000,92.0000,93.0000,2087.75,3393.33
6,ed2086c87d52482699dee6d41678911f,0,2026-07-29,2026-07-29,29354e42ef0c3a5dcfab2220f035fd1be5874df613426379bae1f33e112f560b,996bed4920d57ac31c4fb24ea30428fd6f75ebf5eff9ad3e616c6bcf81f64d7c,"[""Tennis""]",1785303777.549514,KXITFWMATCH-26JUL29YOSKIM-KIM,Tennis,,KXITFWMATCH,9b9eecb5-c6a0-414a-bcf3-57262192676d,KXITFWMATCH-26JUL29YOSKIM,1785301851.0,quote,,1786510800.0,true,61.5000,61.0000,62.0000,1003.00,7941.12
6,ed2086c87d52482699dee6d41678911f,0,2026-07-29,2026-07-29,29354e42ef0c3a5dcfab2220f035fd1be5874df613426379bae1f33e112f560b,996bed4920d57ac31c4fb24ea30428fd6f75ebf5eff9ad3e616c6bcf81f64d7c,"[""Tennis""]",1785303777.706563,KXITFMATCH-26JUL28CHAHEI-HEI,Tennis,,KXITFMATCH,5ba6a34a-c169-4b0b-b8fd-b835a2127855,KXITFMATCH-26JUL28CHAHEI,1785299809.0,quote,,1786505400.0,true,30.5000,29.0000,32.0000,68.40,10.00
6,ed2086c87d52482699dee6d41678911f,0,2026-07-29,2026-07-29,29354e42ef0c3a5dcfab2220f035fd1be5874df613426379bae1f33e112f560b,996bed4920d57ac31c4fb24ea30428fd6f75ebf5eff9ad3e616c6bcf81f64d7c,"[""Tennis""]",1785303777.78191,KXITFWMATCH-26JUL29SOZMIL-SOZ,Tennis,,KXITFWMATCH,0ba82ca4-7c3d-4fe6-9763-af01f430c473,KXITFWMATCH-26JUL29SOZMIL,1785301725.0,quote,,1786510800.0,true,7.5000,7.0000,8.0000,2100.33,1413.38
6,ed2086c87d52482699dee6d41678911f,0,2026-07-29,2026-07-29,29354e42ef0c3a5dcfab2220f035fd1be5874df613426379bae1f33e112f560b,996bed4920d57ac31c4fb24ea30428fd6f75ebf5eff9ad3e616c6bcf81f64d7c,"[""Tennis""]",1785303777.855933,KXITFMATCH-26JUL29BRAPIE-PIE,Tennis,,KXITFMATCH,e7bed978-f0a4-4bc6-8904-d9b6730590e4,KXITFMATCH-26JUL29BRAPIE,1785305498.0,quote,,1786514400.0,true,85.5000,85.0000,86.0000,3461.00,1059.07
6,ed2086c87d52482699dee6d41678911f,0,2026-07-29,2026-07-29,29354e42ef0c3a5dcfab2220f035fd1be5874df613426379bae1f33e112f560b,996bed4920d57ac31c4fb24ea30428fd6f75ebf5eff9ad3e616c6bcf81f64d7c,"[""Tennis""]",1785303777.930054,KXITFWMATCH-26JUL29HOSDYU-DYU,Tennis,,KXITFWMATCH,eff22484-a537-4944-bd0e-5664e98b54bd,KXITFWMATCH-26JUL29HOSDYU,1785301687.0,quote,,1786510800.0,true,83.0000,82.0000,84.0000,4889.43,4819.99
6,ed2086c87d52482699dee6d41678911f,0,2026-07-29,2026-07-29,29354e42ef0c3a5dcfab2220f035fd1be5874df613426379bae1f33e112f560b,996bed4920d57ac31c4fb24ea30428fd6f75ebf5eff9ad3e616c6bcf81f64d7c,"[""Tennis""]",1785303779.513083,KXITFMATCH-26JUL28PADSAT-PAD,Tennis,,KXITFMATCH,03e1243d-7dee-4056-a032-cb914b77515a,KXITFMATCH-26JUL28PADSAT,1785294636.0,quote,,1786501800.0,true,36.5000,36.0000,37.0000,18442.04,46141.63
6,ed2086c87d52482699dee6d41678911f,0,2026-07-29,2026-07-29,29354e42ef0c3a5dcfab2220f035fd1be5874df613426379bae1f33e112f560b,996bed4920d57ac31c4fb24ea30428fd6f75ebf5eff9ad3e616c6bcf81f64d7c,"[""Tennis""]",1785303779.588758,KXITFMATCH-26JUL28WENJON-JON,Tennis,,KXITFMATCH,5195be65-3a9b-423a-9e35-55f2f5840354,KXITFMATCH-26JUL28WENJON,1785299448.0,quote,,1786501800.0,true,80.5000,80.0000,81.0000,8908.25,16173.63
6,ed2086c87d52482699dee6d41678911f,0,2026-07-29,2026-07-29,29354e42ef0c3a5dcfab2220f035fd1be5874df613426379bae1f33e112f560b,996bed4920d57ac31c4fb24ea30428fd6f75ebf5eff9ad3e616c6bcf81f64d7c,"[""Tennis""]",1785303779.738928,KXITFMATCH-26JUL28WENJON-WEN,Tennis,,KXITFMATCH,5195be65-3a9b-423a-9e35-55f2f5840354,KXITFMATCH-26JUL28WENJON,1785299448.0,quote,,1786501800.0,true,19.5000,19.0000,20.0000,11791.63,13182.88
6,ed2086c87d52482699dee6d41678911f,0,2026-07-29,2026-07-29,29354e42ef0c3a5dcfab2220f035fd1be5874df613426379bae1f33e112f560b,996bed4920d57ac31c4fb24ea30428fd6f75ebf5eff9ad3e616c6bcf81f64d7c,"[""Tennis""]",1785303779.811145,KXITFMATCH-26JUL28CHAHEI-CHA,Tennis,,KXITFMATCH,5ba6a34a-c169-4b0b-b8fd-b835a2127855,KXITFMATCH-26JUL28CHAHEI,1785299809.0,quote,,1786505400.0,true,68.0000,66.0000,70.0000,41.00,38.00
6,ed2086c87d52482699dee6d41678911f,0,2026-07-29,2026-07-29,29354e42ef0c3a5dcfab2220f035fd1be5874df613426379bae1f33e112f560b,996bed4920d57ac31c4fb24ea30428fd6f75ebf5eff9ad3e616c6bcf81f64d7c,"[""Tennis""]",1785303779.88362,KXITFWMATCH-26JUL29SOZMIL-MIL,Tennis,,KXITFWMATCH,0ba82ca4-7c3d-4fe6-9763-af01f430c473,KXITFWMATCH-26JUL29SOZMIL,1785301725.0,quote,,1786510800.0,true,92.5000,92.0000,93.0000,2087.75,3393.33
6,ed2086c87d52482699dee6d41678911f,0,2026-07-29,2026-07-29,29354e42ef0c3a5dcfab2220f035fd1be5874df613426379bae1f33e112f560b,996bed4920d57ac31c4fb24ea30428fd6f75ebf5eff9ad3e616c6bcf81f64d7c,"[""Tennis""]",1785303779.956964,KXITFWMATCH-26JUL29YOSKIM-KIM,Tennis,,KXITFWMATCH,9b9eecb5-c6a0-414a-bcf3-57262192676d,KXITFWMATCH-26JUL29YOSKIM,1785301851.0,quote,,1786510800.0,true,61.5000,61.0000,62.0000,1003.00,7941.12
6,ed2086c87d52482699dee6d41678911f,0,2026-07-29,2026-07-29,29354e42ef0c3a5dcfab2220f035fd1be5874df613426379bae1f33e112f560b,996bed4920d57ac31c4fb24ea30428fd6f75ebf5eff9ad3e616c6bcf81f64d7c,"[""Tennis""]",1785303780.0382102,KXITFMATCH-26JUL28CHAHEI-HEI,Tennis,,KXITFMATCH,5ba6a34a-c169-4b0b-b8fd-b835a2127855,KXITFMATCH-26JUL28CHAHEI,1785299809.0,quote,,1786505400.0,true,30.5000,29.0000,32.0000,68.40,10.00
6,ed2086c87d52482699dee6d41678911f,0,2026-07-29,2026-07-29,29354e42ef0c3a5dcfab2220f035fd1be5874df613426379bae1f33e112f560b,996bed4920d57ac31c4fb24ea30428fd6f75ebf5eff9ad3e616c6bcf81f64d7c,"[""Tennis""]",1785303780.1112351,KXITFWMATCH-26JUL29SOZMIL-SOZ,Tennis,,KXITFWMATCH,0ba82ca4-7c3d-4fe6-9763-af01f430c473,KXITFWMATCH-26JUL29SOZMIL,1785301725.0,quote,,1786510800.0,true,7.5000,7.0000,8.0000,2100.33,1413.38
6,ed2086c87d52482699dee6d41678911f,0,2026-07-29,2026-07-29,29354e42ef0c3a5dcfab2220f035fd1be5874df613426379bae1f33e112f560b,996bed4920d57ac31c4fb24ea30428fd6f75ebf5eff9ad3e616c6bcf81f64d7c,"[""Tennis""]",1785303780.258535,KXITFMATCH-26JUL29BRAPIE-PIE,Tennis,,KXITFMATCH,e7bed978-f0a4-4bc6-8904-d9b6730590e4,KXITFMATCH-26JUL29BRAPIE,1785305498.0,quote,,1786514400.0,true,85.5000,85.0000,86.0000,3461.00,1059.07
6,ed2086c87d52482699dee6d41678911f,0,2026-07-29,2026-07-29,29354e42ef0c3a5dcfab2220f035fd1be5874df613426379bae1f33e112f560b,996bed4920d57ac31c4fb24ea30428fd6f75ebf5eff9ad3e616c6bcf81f64d7c,"[""Tennis""]",1785303780.333199,KXITFWMATCH-26JUL29HOSDYU-DYU,Tennis,,KXITFWMATCH,eff22484-a537-4944-bd0e-5664e98b54bd,KXITFWMATCH-26JUL29HOSDYU,1785301687.0,quote,,1786510800.0,true,83.0000,82.0000,84.0000,4889.43,4819.99
6,ed2086c87d52482699dee6d41678911f,0,2026-07-29,2026-07-29,29354e42ef0c3a5dcfab2220f035fd1be5874df613426379bae1f33e112f560b,996bed4920d57ac31c4fb24ea30428fd6f75ebf5eff9ad3e616c6bcf81f64d7c,"[""Tennis""]",1785303781.917475,KXITFMATCH-26JUL28PADSAT-PAD,Tennis,,KXITFMATCH,03e1243d-7dee-4056-a032-cb914b77515a,KXITFMATCH-26JUL28PADSAT,1785294636.0,quote,,1786501800.0,true,36.5000,36.0000,37.0000,18442.04,46141.63
6,ed2086c87d52482699dee6d41678911f,0,2026-07-29,2026-07-29,29354e42ef0c3a5dcfab2220f035fd1be5874df613426379bae1f33e112f560b,996bed4920d57ac31c4fb24ea30428fd6f75ebf5eff9ad3e616c6bcf81f64d7c,"[""Tennis""]",1785303781.98859,KXITFMATCH-26JUL28WENJON-JON,Tennis,,KXITFMATCH,5195be65-3a9b-423a-9e35-55f2f5840354,KXITFMATCH-26JUL28WENJON,1785299448.0,quote,,1786501800.0,true,80.5000,80.0000,81.0000,9408.25,14150.28
6,ed2086c87d52482699dee6d41678911f,0,2026-07-29,2026-07-29,29354e42ef0c3a5dcfab2220f035fd1be5874df613426379bae1f33e112f560b,996bed4920d57ac31c4fb24ea30428fd6f75ebf5eff9ad3e616c6bcf81f64d7c,"[""Tennis""]",1785303782.058849,KXITFMATCH-26JUL28WENJON-WEN,Tennis,,KXITFMATCH,5195be65-3a9b-423a-9e35-55f2f5840354,KXITFMATCH-26JUL28WENJON,1785299448.0,quote,,1786501800.0,true,19.5000,19.0000,20.0000,11289.00,17246.00
6,ed2086c87d52482699dee6d41678911f,0,2026-07-29,2026-07-29,29354e42ef0c3a5dcfab2220f035fd1be5874df613426379bae1f33e112f560b,996bed4920d57ac31c4fb24ea30428fd6f75ebf5eff9ad3e616c6bcf81f64d7c,"[""Tennis""]",1785303782.130697,KXITFMATCH-26JUL28CHAHEI-CHA,Tennis,,KXITFMATCH,5ba6a34a-c169-4b0b-b8fd-b835a2127855,KXITFMATCH-26JUL28CHAHEI,1785299809.0,quote,,1786505400.0,true,71.5000,71.0000,72.0000,3490.48,4024.80
6,ed2086c87d52482699dee6d41678911f,0,2026-07-29,2026-07-29,29354e42ef0c3a5dcfab2220f035fd1be5874df613426379bae1f33e112f560b,996bed4920d57ac31c4fb24ea30428fd6f75ebf5eff9ad3e616c6bcf81f64d7c,"[""Tennis""]",1785303782.203168,KXITFWMATCH-26JUL29SOZMIL-MIL,Tennis,,KXITFWMATCH,0ba82ca4-7c3d-4fe6-9763-af01f430c473,KXITFWMATCH-26JUL29SOZMIL,1785301725.0,quote,,1786510800.0,true,92.5000,92.0000,93.0000,2087.75,3393.33
6,ed2086c87d52482699dee6d41678911f,0,2026-07-29,2026-07-29,29354e42ef0c3a5dcfab2220f035fd1be5874df613426379bae1f33e112f560b,996bed4920d57ac31c4fb24ea30428fd6f75ebf5eff9ad3e616c6bcf81f64d7c,"[""Tennis""]",1785303782.355659,KXITFWMATCH-26JUL29YOSKIM-KIM,Tennis,,KXITFWMATCH,9b9eecb5-c6a0-414a-bcf3-57262192676d,KXITFWMATCH-26JUL29YOSKIM,1785301851.0,quote,,1786510800.0,true,61.5000,61.0000,62.0000,1003.00,7941.12
6,ed2086c87d52482699dee6d41678911f,0,2026-07-29,2026-07-29,29354e42ef0c3a5dcfab2220f035fd1be5874df613426379bae1f33e112f560b,996bed4920d57ac31c4fb24ea30428fd6f75ebf5eff9ad3e616c6bcf81f64d7c,"[""Tennis""]",1785303782.42686,KXITFMATCH-26JUL28CHAHEI-HEI,Tennis,,KXITFMATCH,5ba6a34a-c169-4b0b-b8fd-b835a2127855,KXITFMATCH-26JUL28CHAHEI,1785299809.0,quote,,1786505400.0,true,28.5000,28.0000,29.0000,2997.34,6453.03
6,ed2086c87d52482699dee6d41678911f,0,2026-07-29,2026-07-29,29354e42ef0c3a5dcfab2220f035fd1be5874df613426379bae1f33e112f560b,996bed4920d57ac31c4fb24ea30428fd6f75ebf5eff9ad3e616c6bcf81f64d7c,"[""Tennis""]",1785303782.4977322,KXITFWMATCH-26JUL29SOZMIL-SOZ,Tennis,,KXITFWMATCH,0ba82ca4-7c3d-4fe6-9763-af01f430c473,KXITFWMATCH-26JUL29SOZMIL,1785301725.0,quote,,1786510800.0,true,7.5000,7.0000,8.0000,2100.33,1413.38
6,ed2086c87d52482699dee6d41678911f,0,2026-07-29,2026-07-29,29354e42ef0c3a5dcfab2220f035fd1be5874df613426379bae1f33e112f560b,996bed4920d57ac31c4fb24ea30428fd6f75ebf5eff9ad3e616c6bcf81f64d7c,"[""Tennis""]",1785303782.569864,KXITFMATCH-26JUL29BRAPIE-PIE,Tennis,,KXITFMATCH,e7bed978-f0a4-4bc6-8904-d9b6730590e4,KXITFMATCH-26JUL29BRAPIE,1785305498.0,quote,,1786514400.0,true,85.5000,85.0000,86.0000,3461.00,1059.07
6,ed2086c87d52482699dee6d41678911f,0,2026-07-29,2026-07-29,29354e42ef0c3a5dcfab2220f035fd1be5874df613426379bae1f33e112f560b,996bed4920d57ac31c4fb24ea30428fd6f75ebf5eff9ad3e616c6bcf81f64d7c,"[""Tennis""]",1785303782.64017,KXITFWMATCH-26JUL29HOSDYU-DYU,Tennis,,KXITFWMATCH,eff22484-a537-4944-bd0e-5664e98b54bd,KXITFWMATCH-26JUL29HOSDYU,1785301687.0,quote,,1786510800.0,true,83.0000,82.0000,84.0000,4889.43,4819.99
6,ed2086c87d52482699dee6d41678911f,0,2026-07-29,2026-07-29,29354e42ef0c3a5dcfab2220f035fd1be5874df613426379bae1f33e112f560b,996bed4920d57ac31c4fb24ea30428fd6f75ebf5eff9ad3e616c6bcf81f64d7c,"[""Tennis""]",1785303784.225209,KXITFMATCH-26JUL28PADSAT-PAD,Tennis,,KXITFMATCH,03e1243d-7dee-4056-a032-cb914b77515a,KXITFMATCH-26JUL28PADSAT,1785294636.0,quote,,1786501800.0,true,36.5000,36.0000,37.0000,18442.04,46141.63
6,ed2086c87d52482699dee6d41678911f,0,2026-07-29,2026-07-29,29354e42ef0c3a5dcfab2220f035fd1be5874df613426379bae1f33e112f560b,996bed4920d57ac31c4fb24ea30428fd6f75ebf5eff9ad3e616c6bcf81f64d7c,"[""Tennis""]",1785303784.296005,KXITFMATCH-26JUL28WENJON-JON,Tennis,,KXITFMATCH,5195be65-3a9b-423a-9e35-55f2f5840354,KXITFMATCH-26JUL28WENJON,1785299448.0,quote,,1786501800.0,true,80.5000,80.0000,81.0000,9408.25,14150.28
6,ed2086c87d52482699dee6d41678911f,0,2026-07-29,2026-07-29,29354e42ef0c3a5dcfab2220f035fd1be5874df613426379bae1f33e112f560b,996bed4920d57ac31c4fb24ea30428fd6f75ebf5eff9ad3e616c6bcf81f64d7c,"[""Tennis""]",1785303784.4587011,KXITFMATCH-26JUL28WENJON-WEN,Tennis,,KXITFMATCH,5195be65-3a9b-423a-9e35-55f2f5840354,KXITFMATCH-26JUL28WENJON,1785299448.0,quote,,1786501800.0,true,19.5000,19.0000,20.0000,11289.00,17246.00
6,ed2086c87d52482699dee6d41678911f,0,2026-07-29,2026-07-29,29354e42ef0c3a5dcfab2220f035fd1be5874df613426379bae1f33e112f560b,996bed4920d57ac31c4fb24ea30428fd6f75ebf5eff9ad3e616c6bcf81f64d7c,"[""Tennis""]",1785303784.529821,KXITFMATCH-26JUL28CHAHEI-CHA,Tennis,,KXITFMATCH,5ba6a34a-c169-4b0b-b8fd-b835a2127855,KXITFMATCH-26JUL28CHAHEI,1785299809.0,quote,,1786505400.0,true,71.5000,71.0000,72.0000,3490.48,4024.80
6,ed2086c87d52482699dee6d41678911f,0,2026-07-29,2026-07-29,29354e42ef0c3a5dcfab2220f035fd1be5874df613426379bae1f33e112f560b,996bed4920d57ac31c4fb24ea30428fd6f75ebf5eff9ad3e616c6bcf81f64d7c,"[""Tennis""]",1785303784.601485,KXITFWMATCH-26JUL29SOZMIL-MIL,Tennis,,KXITFWMATCH,0ba82ca4-7c3d-4fe6-9763-af01f430c473,KXITFWMATCH-26JUL29SOZMIL,1785301725.0,quote,,1786510800.0,true,92.5000,92.0000,93.0000,2087.75,3393.33
6,ed2086c87d52482699dee6d41678911f,0,2026-07-29,2026-07-29,29354e42ef0c3a5dcfab2220f035fd1be5874df613426379bae1f33e112f560b,996bed4920d57ac31c4fb24ea30428fd6f75ebf5eff9ad3e616c6bcf81f64d7c,"[""Tennis""]",1785303784.672195,KXITFWMATCH-26JUL29YOSKIM-KIM,Tennis,,KXITFWMATCH,9b9eecb5-c6a0-414a-bcf3-57262192676d,KXITFWMATCH-26JUL29YOSKIM,1785301851.0,quote,,1786510800.0,true,61.5000,61.0000,62.0000,1003.00,7941.12
6,ed2086c87d52482699dee6d41678911f,0,2026-07-29,2026-07-29,29354e42ef0c3a5dcfab2220f035fd1be5874df613426379bae1f33e112f560b,996bed4920d57ac31c4fb24ea30428fd6f75ebf5eff9ad3e616c6bcf81f64d7c,"[""Tennis""]",1785303784.7423518,KXITFMATCH-26JUL28CHAHEI-HEI,Tennis,,KXITFMATCH,5ba6a34a-c169-4b0b-b8fd-b835a2127855,KXITFMATCH-26JUL28CHAHEI,1785299809.0,quote,,1786505400.0,true,28.5000,28.0000,29.0000,2997.34,6453.03
6,ed2086c87d52482699dee6d41678911f,0,2026-07-29,2026-07-29,29354e42ef0c3a5dcfab2220f035fd1be5874df613426379bae1f33e112f560b,996bed4920d57ac31c4fb24ea30428fd6f75ebf5eff9ad3e616c6bcf81f64d7c,"[""Tennis""]",1785303784.81348,KXITFWMATCH-26JUL29SOZMIL-SOZ,Tennis,,KXITFWMATCH,0ba82ca4-7c3d-4fe6-9763-af01f430c473,KXITFWMATCH-26JUL29SOZMIL,1785301725.0,quote,,1786510800.0,true,7.5000,7.0000,8.0000,2100.33,1413.38
6,ed2086c87d52482699dee6d41678911f,0,2026-07-29,2026-07-29,29354e42ef0c3a5dcfab2220f035fd1be5874df613426379bae1f33e112f560b,996bed4920d57ac31c4fb24ea30428fd6f75ebf5eff9ad3e616c6bcf81f64d7c,"[""Tennis""]",1785303784.885368,KXITFMATCH-26JUL29BRAPIE-PIE,Tennis,,KXITFMATCH,e7bed978-f0a4-4bc6-8904-d9b6730590e4,KXITFMATCH-26JUL29BRAPIE,1785305498.0,quote,,1786514400.0,true,85.5000,85.0000,86.0000,3461.00,1059.07
6,ed2086c87d52482699dee6d41678911f,0,2026-07-29,2026-07-29,29354e42ef0c3a5dcfab2220f035fd1be5874df613426379bae1f33e112f560b,996bed4920d57ac31c4fb24ea30428fd6f75ebf5eff9ad3e616c6bcf81f64d7c,"[""Tennis""]",1785303785.046015,KXITFWMATCH-26JUL29HOSDYU-DYU,Tennis,,KXITFWMATCH,eff22484-a537-4944-bd0e-5664e98b54bd,KXITFWMATCH-26JUL29HOSDYU,1785301687.0,quote,,1786510800.0,true,83.5000,82.0000,85.0000,1410.77,1481.77
6,ed2086c87d52482699dee6d41678911f,0,2026-07-29,2026-07-29,29354e42ef0c3a5dcfab2220f035fd1be5874df613426379bae1f33e112f560b,996bed4920d57ac31c4fb24ea30428fd6f75ebf5eff9ad3e616c6bcf81f64d7c,"[""Tennis""]",1785303786.62604,KXITFMATCH-26JUL28PADSAT-PAD,Tennis,,KXITFMATCH,03e1243d-7dee-4056-a032-cb914b77515a,KXITFMATCH-26JUL28PADSAT,1785294636.0,quote,,1786501800.0,true,36.5000,36.0000,37.0000,18667.28,46347.75
6,ed2086c87d52482699dee6d41678911f,0,2026-07-29,2026-07-29,29354e42ef0c3a5dcfab2220f035fd1be5874df613426379bae1f33e112f560b,996bed4920d57ac31c4fb24ea30428fd6f75ebf5eff9ad3e616c6bcf81f64d7c,"[""Tennis""]",1785303786.69962,KXITFMATCH-26JUL28WENJON-JON,Tennis,,KXITFMATCH,5195be65-3a9b-423a-9e35-55f2f5840354,KXITFMATCH-26JUL28WENJON,1785299448.0,quote,,1786501800.0,true,80.5000,80.0000,81.0000,9408.25,14150.28
6,ed2086c87d52482699dee6d41678911f,0,2026-07-29,2026-07-29,29354e42ef0c3a5dcfab2220f035fd1be5874df613426379bae1f33e112f560b,996bed4920d57ac31c4fb24ea30428fd6f75ebf5eff9ad3e616c6bcf81f64d7c,"[""Tennis""]",1785303786.77414,KXITFMATCH-26JUL28WENJON-WEN,Tennis,,KXITFMATCH,5195be65-3a9b-423a-9e35-55f2f5840354,KXITFMATCH-26JUL28WENJON,1785299448.0,quote,,1786501800.0,true,19.5000,19.0000,20.0000,11289.00,17246.00
6,ed2086c87d52482699dee6d41678911f,0,2026-07-29,2026-07-29,29354e42ef0c3a5dcfab2220f035fd1be5874df613426379bae1f33e112f560b,996bed4920d57ac31c4fb24ea30428fd6f75ebf5eff9ad3e616c6bcf81f64d7c,"[""Tennis""]",1785303786.848599,KXITFMATCH-26JUL28CHAHEI-CHA,Tennis,,KXITFMATCH,5ba6a34a-c169-4b0b-b8fd-b835a2127855,KXITFMATCH-26JUL28CHAHEI,1785299809.0,quote,,1786505400.0,true,71.5000,71.0000,72.0000,3490.48,4024.80
6,ed2086c87d52482699dee6d41678911f,0,2026-07-29,2026-07-29,29354e42ef0c3a5dcfab2220f035fd1be5874df613426379bae1f33e112f560b,996bed4920d57ac31c4fb24ea30428fd6f75ebf5eff9ad3e616c6bcf81f64d7c,"[""Tennis""]",1785303786.919745,KXITFWMATCH-26JUL29SOZMIL-MIL,Tennis,,KXITFWMATCH,0ba82ca4-7c3d-4fe6-9763-af01f430c473,KXITFWMATCH-26JUL29SOZMIL,1785301725.0,quote,,1786510800.0,true,92.5000,92.0000,93.0000,2087.75,3393.33
6,ed2086c87d52482699dee6d41678911f,0,2026-07-29,2026-07-29,29354e42ef0c3a5dcfab2220f035fd1be5874df613426379bae1f33e112f560b,996bed4920d57ac31c4fb24ea30428fd6f75ebf5eff9ad3e616c6bcf81f64d7c,"[""Tennis""]",1785303787.077972,KXITFWMATCH-26JUL29YOSKIM-KIM,Tennis,,KXITFWMATCH,9b9eecb5-c6a0-414a-bcf3-57262192676d,KXITFWMATCH-26JUL29YOSKIM,1785301851.0,quote,,1786510800.0,true,61.5000,61.0000,62.0000,1003.00,7941.12
6,ed2086c87d52482699dee6d41678911f,0,2026-07-29,2026-07-29,29354e42ef0c3a5dcfab2220f035fd1be5874df613426379bae1f33e112f560b,996bed4920d57ac31c4fb24ea30428fd6f75ebf5eff9ad3e616c6bcf81f64d7c,"[""Tennis""]",1785303787.1536288,KXITFMATCH-26JUL28CHAHEI-HEI,Tennis,,KXITFMATCH,5ba6a34a-c169-4b0b-b8fd-b835a2127855,KXITFMATCH-26JUL28CHAHEI,1785299809.0,quote,,1786505400.0,true,28.5000,28.0000,29.0000,2997.34,6453.03
6,ed2086c87d52482699dee6d41678911f,0,2026-07-29,2026-07-29,29354e42ef0c3a5dcfab2220f035fd1be5874df613426379bae1f33e112f560b,996bed4920d57ac31c4fb24ea30428fd6f75ebf5eff9ad3e616c6bcf81f64d7c,"[""Tennis""]",1785303787.224721,KXITFWMATCH-26JUL29SOZMIL-SOZ,Tennis,,KXITFWMATCH,0ba82ca4-7c3d-4fe6-9763-af01f430c473,KXITFWMATCH-26JUL29SOZMIL,1785301725.0,quote,,1786510800.0,true,7.5000,7.0000,8.0000,2100.33,1413.38
6,ed2086c87d52482699dee6d41678911f,0,2026-07-29,2026-07-29,29354e42ef0c3a5dcfab2220f035fd1be5874df613426379bae1f33e112f560b,996bed4920d57ac31c4fb24ea30428fd6f75ebf5eff9ad3e616c6bcf81f64d7c,"[""Tennis""]",1785303787.2973518,KXITFMATCH-26JUL29BRAPIE-PIE,Tennis,,KXITFMATCH,e7bed978-f0a4-4bc6-8904-d9b6730590e4,KXITFMATCH-26JUL29BRAPIE,1785305498.0,quote,,1786514400.0,true,85.5000,85.0000,86.0000,3461.00,1059.07
6,ed2086c87d52482699dee6d41678911f,0,2026-07-29,2026-07-29,29354e42ef0c3a5dcfab2220f035fd1be5874df613426379bae1f33e112f560b,996bed4920d57ac31c4fb24ea30428fd6f75ebf5eff9ad3e616c6bcf81f64d7c,"[""Tennis""]",1785303787.367894,KXITFWMATCH-26JUL29HOSDYU-DYU,Tennis,,KXITFWMATCH,eff22484-a537-4944-bd0e-5664e98b54bd,KXITFWMATCH-26JUL29HOSDYU,1785301687.0,quote,,1786510800.0,true,83.5000,82.0000,85.0000,1410.77,1481.77
6,ed2086c87d52482699dee6d41678911f,0,2026-07-29,2026-07-29,29354e42ef0c3a5dcfab2220f035fd1be5874df613426379bae1f33e112f560b,996bed4920d57ac31c4fb24ea30428fd6f75ebf5eff9ad3e616c6bcf81f64d7c,"[""Tennis""]",1785303788.956138,KXITFMATCH-26JUL28PADSAT-PAD,Tennis,,KXITFMATCH,03e1243d-7dee-4056-a032-cb914b77515a,KXITFMATCH-26JUL28PADSAT,1785294636.0,quote,,1786501800.0,true,36.5000,36.0000,37.0000,18667.28,46347.75
6,ed2086c87d52482699dee6d41678911f,0,2026-07-29,2026-07-29,29354e42ef0c3a5dcfab2220f035fd1be5874df613426379bae1f33e112f560b,996bed4920d57ac31c4fb24ea30428fd6f75ebf5eff9ad3e616c6bcf81f64d7c,"[""Tennis""]",1785303789.030134,KXITFMATCH-26JUL28WENJON-JON,Tennis,,KXITFMATCH,5195be65-3a9b-423a-9e35-55f2f5840354,KXITFMATCH-26JUL28WENJON,1785299448.0,quote,,1786501800.0,true,80.5000,80.0000,81.0000,9408.25,14150.28
6,ed2086c87d52482699dee6d41678911f,0,2026-07-29,2026-07-29,29354e42ef0c3a5dcfab2220f035fd1be5874df613426379bae1f33e112f560b,996bed4920d57ac31c4fb24ea30428fd6f75ebf5eff9ad3e616c6bcf81f64d7c,"[""Tennis""]",1785303789.177033,KXITFMATCH-26JUL28WENJON-WEN,Tennis,,KXITFMATCH,5195be65-3a9b-423a-9e35-55f2f5840354,KXITFMATCH-26JUL28WENJON,1785299448.0,quote,,1786501800.0,true,19.5000,19.0000,20.0000,11289.00,17246.00
6,ed2086c87d52482699dee6d41678911f,0,2026-07-29,2026-07-29,29354e42ef0c3a5dcfab2220f035fd1be5874df613426379bae1f33e112f560b,996bed4920d57ac31c4fb24ea30428fd6f75ebf5eff9ad3e616c6bcf81f64d7c,"[""Tennis""]",1785303789.250324,KXITFMATCH-26JUL28CHAHEI-CHA,Tennis,,KXITFMATCH,5ba6a34a-c169-4b0b-b8fd-b835a2127855,KXITFMATCH-26JUL28CHAHEI,1785299809.0,quote,,1786505400.0,true,71.5000,71.0000,72.0000,3490.48,4024.80
6,ed2086c87d52482699dee6d41678911f,0,2026-07-29,2026-07-29,29354e42ef0c3a5dcfab2220f035fd1be5874df613426379bae1f33e112f560b,996bed4920d57ac31c4fb24ea30428fd6f75ebf5eff9ad3e616c6bcf81f64d7c,"[""Tennis""]",1785303789.324467,KXITFWMATCH-26JUL29SOZMIL-MIL,Tennis,,KXITFWMATCH,0ba82ca4-7c3d-4fe6-9763-af01f430c473,KXITFWMATCH-26JUL29SOZMIL,1785301725.0,quote,,1786510800.0,true,93.0000,92.0000,94.0000,850.00,5104.23
6,ed2086c87d52482699dee6d41678911f,0,2026-07-29,2026-07-29,29354e42ef0c3a5dcfab2220f035fd1be5874df613426379bae1f33e112f560b,996bed4920d57ac31c4fb24ea30428fd6f75ebf5eff9ad3e616c6bcf81f64d7c,"[""Tennis""]",1785303789.399659,KXITFWMATCH-26JUL29YOSKIM-KIM,Tennis,,KXITFWMATCH,9b9eecb5-c6a0-414a-bcf3-57262192676d,KXITFWMATCH-26JUL29YOSKIM,1785301851.0,quote,,1786510800.0,true,60.5000,60.0000,61.0000,2566.76,4802.87
6,ed2086c87d52482699dee6d41678911f,0,2026-07-29,2026-07-29,29354e42ef0c3a5dcfab2220f035fd1be5874df613426379bae1f33e112f560b,996bed4920d57ac31c4fb24ea30428fd6f75ebf5eff9ad3e616c6bcf81f64d7c,"[""Tennis""]",1785303789.471679,KXITFMATCH-26JUL28CHAHEI-HEI,Tennis,,KXITFMATCH,5ba6a34a-c169-4b0b-b8fd-b835a2127855,KXITFMATCH-26JUL28CHAHEI,1785299809.0,quote,,1786505400.0,true,28.5000,28.0000,29.0000,2997.34,6453.03
6,ed2086c87d52482699dee6d41678911f,0,2026-07-29,2026-07-29,29354e42ef0c3a5dcfab2220f035fd1be5874df613426379bae1f33e112f560b,996bed4920d57ac31c4fb24ea30428fd6f75ebf5eff9ad3e616c6bcf81f64d7c,"[""Tennis""]",1785303789.54407,KXITFWMATCH-26JUL29SOZMIL-SOZ,Tennis,,KXITFWMATCH,0ba82ca4-7c3d-4fe6-9763-af01f430c473,KXITFWMATCH-26JUL29SOZMIL,1785301725.0,quote,,1786510800.0,true,7.0000,6.0000,8.0000,3904.88,1915.95
6,ed2086c87d52482699dee6d41678911f,0,2026-07-29,2026-07-29,29354e42ef0c3a5dcfab2220f035fd1be5874df613426379bae1f33e112f560b,996bed4920d57ac31c4fb24ea30428fd6f75ebf5eff9ad3e616c6bcf81f64d7c,"[""Tennis""]",1785303789.69776,KXITFMATCH-26JUL29BRAPIE-PIE,Tennis,,KXITFMATCH,e7bed978-f0a4-4bc6-8904-d9b6730590e4,KXITFMATCH-26JUL29BRAPIE,1785305498.0,quote,,1786514400.0,true,85.5000,85.0000,86.0000,3461.00,1059.07
6,ed2086c87d52482699dee6d41678911f,0,2026-07-29,2026-07-29,29354e42ef0c3a5dcfab2220f035fd1be5874df613426379bae1f33e112f560b,996bed4920d57ac31c4fb24ea30428fd6f75ebf5eff9ad3e616c6bcf81f64d7c,"[""Tennis""]",1785303789.771181,KXITFWMATCH-26JUL29HOSDYU-DYU,Tennis,,KXITFWMATCH,eff22484-a537-4944-bd0e-5664e98b54bd,KXITFWMATCH-26JUL29HOSDYU,1785301687.0,quote,,1786510800.0,true,83.5000,82.0000,85.0000,1410.77,1481.77
6,ed2086c87d52482699dee6d41678911f,0,2026-07-29,2026-07-29,29354e42ef0c3a5dcfab2220f035fd1be5874df613426379bae1f33e112f560b,996bed4920d57ac31c4fb24ea30428fd6f75ebf5eff9ad3e616c6bcf81f64d7c,"[""Tennis""]",1785303791.34984,KXITFMATCH-26JUL28PADSAT-PAD,Tennis,,KXITFMATCH,03e1243d-7dee-4056-a032-cb914b77515a,KXITFMATCH-26JUL28PADSAT,1785294636.0,quote,,1786501800.0,true,36.5000,36.0000,37.0000,18667.28,46347.75
6,ed2086c87d52482699dee6d41678911f,0,2026-07-29,2026-07-29,29354e42ef0c3a5dcfab2220f035fd1be5874df613426379bae1f33e112f560b,996bed4920d57ac31c4fb24ea30428fd6f75ebf5eff9ad3e616c6bcf81f64d7c,"[""Tennis""]",1785303791.42731,KXITFMATCH-26JUL28WENJON-JON,Tennis,,KXITFMATCH,5195be65-3a9b-423a-9e35-55f2f5840354,KXITFMATCH-26JUL28WENJON,1785299448.0,quote,,1786501800.0,true,81.0000,80.0000,82.0000,2219.00,1.00
6,ed2086c87d52482699dee6d41678911f,0,2026-07-29,2026-07-29,29354e42ef0c3a5dcfab2220f035fd1be5874df613426379bae1f33e112f560b,996bed4920d57ac31c4fb24ea30428fd6f75ebf5eff9ad3e616c6bcf81f64d7c,"[""Tennis""]",1785303791.501729,KXITFMATCH-26JUL28WENJON-WEN,Tennis,,KXITFMATCH,5195be65-3a9b-423a-9e35-55f2f5840354,KXITFMATCH-26JUL28WENJON,1785299448.0,quote,,1786501800.0,true,19.5000,19.0000,20.0000,11289.00,17246.00
6,ed2086c87d52482699dee6d41678911f,0,2026-07-29,2026-07-29,29354e42ef0c3a5dcfab2220f035fd1be5874df613426379bae1f33e112f560b,996bed4920d57ac31c4fb24ea30428fd6f75ebf5eff9ad3e616c6bcf81f64d7c,"[""Tennis""]",1785303791.575558,KXITFMATCH-26JUL28CHAHEI-CHA,Tennis,,KXITFMATCH,5ba6a34a-c169-4b0b-b8fd-b835a2127855,KXITFMATCH-26JUL28CHAHEI,1785299809.0,quote,,1786505400.0,true,71.5000,71.0000,72.0000,3490.48,4024.80
6,ed2086c87d52482699dee6d41678911f,0,2026-07-29,2026-07-29,29354e42ef0c3a5dcfab2220f035fd1be5874df613426379bae1f33e112f560b,996bed4920d57ac31c4fb24ea30428fd6f75ebf5eff9ad3e616c6bcf81f64d7c,"[""Tennis""]",1785303791.648396,KXITFWMATCH-26JUL29SOZMIL-MIL,Tennis,,KXITFWMATCH,0ba82ca4-7c3d-4fe6-9763-af01f430c473,KXITFWMATCH-26JUL29SOZMIL,1785301725.0,quote,,1786510800.0,true,93.0000,92.0000,94.0000,850.00,5104.23
6,ed2086c87d52482699dee6d41678911f,0,2026-07-29,2026-07-29,29354e42ef0c3a5dcfab2220f035fd1be5874df613426379bae1f33e112f560b,996bed4920d57ac31c4fb24ea30428fd6f75ebf5eff9ad3e616c6bcf81f64d7c,"[""Tennis""]",1785303791.793922,KXITFWMATCH-26JUL29YOSKIM-KIM,Tennis,,KXITFWMATCH,9b9eecb5-c6a0-414a-bcf3-57262192676d,KXITFWMATCH-26JUL29YOSKIM,1785301851.0,quote,,1786510800.0,true,60.5000,60.0000,61.0000,2566.76,4802.87
6,ed2086c87d52482699dee6d41678911f,0,2026-07-29,2026-07-29,29354e42ef0c3a5dcfab2220f035fd1be5874df613426379bae1f33e112f560b,996bed4920d57ac31c4fb24ea30428fd6f75ebf5eff9ad3e616c6bcf81f64d7c,"[""Tennis""]",1785303791.8675158,KXITFMATCH-26JUL28CHAHEI-HEI,Tennis,,KXITFMATCH,5ba6a34a-c169-4b0b-b8fd-b835a2127855,KXITFMATCH-26JUL28CHAHEI,1785299809.0,quote,,1786505400.0,true,28.5000,28.0000,29.0000,2997.34,6453.03
6,ed2086c87d52482699dee6d41678911f,0,2026-07-29,2026-07-29,29354e42ef0c3a5dcfab2220f035fd1be5874df613426379bae1f33e112f560b,996bed4920d57ac31c4fb24ea30428fd6f75ebf5eff9ad3e616c6bcf81f64d7c,"[""Tennis""]",1785303791.9403489,KXITFWMATCH-26JUL29SOZMIL-SOZ,Tennis,,KXITFWMATCH,0ba82ca4-7c3d-4fe6-9763-af01f430c473,KXITFWMATCH-26JUL29SOZMIL,1785301725.0,quote,,1786510800.0,true,7.0000,6.0000,8.0000,3904.88,1915.95
6,ed2086c87d52482699dee6d41678911f,0,2026-07-29,2026-07-29,29354e42ef0c3a5dcfab2220f035fd1be5874df613426379bae1f33e112f560b,996bed4920d57ac31c4fb24ea30428fd6f75ebf5eff9ad3e616c6bcf81f64d7c,"[""Tennis""]",1785303792.014338,KXITFMATCH-26JUL29BRAPIE-PIE,Tennis,,KXITFMATCH,e7bed978-f0a4-4bc6-8904-d9b6730590e4,KXITFMATCH-26JUL29BRAPIE,1785305498.0,quote,,1786514400.0,true,85.5000,85.0000,86.0000,3461.00,1059.07
6,ed2086c87d52482699dee6d41678911f,0,2026-07-29,2026-07-29,29354e42ef0c3a5dcfab2220f035fd1be5874df613426379bae1f33e112f560b,996bed4920d57ac31c4fb24ea30428fd6f75ebf5eff9ad3e616c6bcf81f64d7c,"[""Tennis""]",1785303792.087486,KXITFWMATCH-26JUL29HOSDYU-DYU,Tennis,,KXITFWMATCH,eff22484-a537-4944-bd0e-5664e98b54bd,KXITFWMATCH-26JUL29HOSDYU,1785301687.0,quote,,1786510800.0,true,83.5000,82.0000,85.0000,1410.77,1481.77
6,ed2086c87d52482699dee6d41678911f,0,2026-07-29,2026-07-29,29354e42ef0c3a5dcfab2220f035fd1be5874df613426379bae1f33e112f560b,996bed4920d57ac31c4fb24ea30428fd6f75ebf5eff9ad3e616c6bcf81f64d7c,"[""Tennis""]",1785303793.671524,KXITFMATCH-26JUL28PADSAT-PAD,Tennis,,KXITFMATCH,03e1243d-7dee-4056-a032-cb914b77515a,KXITFMATCH-26JUL28PADSAT,1785294636.0,quote,,1786501800.0,true,36.5000,36.0000,37.0000,18667.28,46347.75
6,ed2086c87d52482699dee6d41678911f,0,2026-07-29,2026-07-29,29354e42ef0c3a5dcfab2220f035fd1be5874df613426379bae1f33e112f560b,996bed4920d57ac31c4fb24ea30428fd6f75ebf5eff9ad3e616c6bcf81f64d7c,"[""Tennis""]",1785303793.742112,KXITFMATCH-26JUL28WENJON-JON,Tennis,,KXITFMATCH,5195be65-3a9b-423a-9e35-55f2f5840354,KXITFMATCH-26JUL28WENJON,1785299448.0,quote,,1786501800.0,true,81.0000,80.0000,82.0000,2219.00,1.00
6,ed2086c87d52482699dee6d41678911f,0,2026-07-29,2026-07-29,29354e42ef0c3a5dcfab2220f035fd1be5874df613426379bae1f33e112f560b,996bed4920d57ac31c4fb24ea30428fd6f75ebf5eff9ad3e616c6bcf81f64d7c,"[""Tennis""]",1785303793.895176,KXITFMATCH-26JUL28WENJON-WEN,Tennis,,KXITFMATCH,5195be65-3a9b-423a-9e35-55f2f5840354,KXITFMATCH-26JUL28WENJON,1785299448.0,quote,,1786501800.0,true,20.5000,20.0000,21.0000,1.00,51.00
6,ed2086c87d52482699dee6d41678911f,0,2026-07-29,2026-07-29,29354e42ef0c3a5dcfab2220f035fd1be5874df613426379bae1f33e112f560b,996bed4920d57ac31c4fb24ea30428fd6f75ebf5eff9ad3e616c6bcf81f64d7c,"[""Tennis""]",1785303793.9644318,KXITFMATCH-26JUL28CHAHEI-CHA,Tennis,,KXITFMATCH,5ba6a34a-c169-4b0b-b8fd-b835a2127855,KXITFMATCH-26JUL28CHAHEI,1785299809.0,quote,,1786505400.0,true,71.5000,71.0000,72.0000,3446.82,3533.42
6,ed2086c87d52482699dee6d41678911f,0,2026-07-29,2026-07-29,29354e42ef0c3a5dcfab2220f035fd1be5874df613426379bae1f33e112f560b,996bed4920d57ac31c4fb24ea30428fd6f75ebf5eff9ad3e616c6bcf81f64d7c,"[""Tennis""]",1785303794.034985,KXITFWMATCH-26JUL29SOZMIL-MIL,Tennis,,KXITFWMATCH,0ba82ca4-7c3d-4fe6-9763-af01f430c473,KXITFWMATCH-26JUL29SOZMIL,1785301725.0,quote,,1786510800.0,true,93.0000,92.0000,94.0000,850.00,5104.23
6,ed2086c87d52482699dee6d41678911f,0,2026-07-29,2026-07-29,29354e42ef0c3a5dcfab2220f035fd1be5874df613426379bae1f33e112f560b,996bed4920d57ac31c4fb24ea30428fd6f75ebf5eff9ad3e616c6bcf81f64d7c,"[""Tennis""]",1785303794.1064918,KXITFWMATCH-26JUL29YOSKIM-KIM,Tennis,,KXITFWMATCH,9b9eecb5-c6a0-414a-bcf3-57262192676d,KXITFWMATCH-26JUL29YOSKIM,1785301851.0,quote,,1786510800.0,true,60.5000,60.0000,61.0000,2566.76,4802.87
6,ed2086c87d52482699dee6d41678911f,0,2026-07-29,2026-07-29,29354e42ef0c3a5dcfab2220f035fd1be5874df613426379bae1f33e112f560b,996bed4920d57ac31c4fb24ea30428fd6f75ebf5eff9ad3e616c6bcf81f64d7c,"[""Tennis""]",1785303794.1771011,KXITFMATCH-26JUL28CHAHEI-HEI,Tennis,,KXITFMATCH,5ba6a34a-c169-4b0b-b8fd-b835a2127855,KXITFMATCH-26JUL28CHAHEI,1785299809.0,quote,,1786505400.0,true,28.5000,28.0000,29.0000,2593.08,7157.93
6,ed2086c87d52482699dee6d41678911f,0,2026-07-29,2026-07-29,29354e42ef0c3a5dcfab2220f035fd1be5874df613426379bae1f33e112f560b,996bed4920d57ac31c4fb24ea30428fd6f75ebf5eff9ad3e616c6bcf81f64d7c,"[""Tennis""]",1785303794.2474291,KXITFWMATCH-26JUL29SOZMIL-SOZ,Tennis,,KXITFWMATCH,0ba82ca4-7c3d-4fe6-9763-af01f430c473,KXITFWMATCH-26JUL29SOZMIL,1785301725.0,quote,,1786510800.0,true,7.0000,6.0000,8.0000,3904.88,1915.95
6,ed2086c87d52482699dee6d41678911f,0,2026-07-29,2026-07-29,29354e42ef0c3a5dcfab2220f035fd1be5874df613426379bae1f33e112f560b,996bed4920d57ac31c4fb24ea30428fd6f75ebf5eff9ad3e616c6bcf81f64d7c,"[""Tennis""]",1785303794.3171341,KXITFMATCH-26JUL29BRAPIE-PIE,Tennis,,KXITFMATCH,e7bed978-f0a4-4bc6-8904-d9b6730590e4,KXITFMATCH-26JUL29BRAPIE,1785305498.0,quote,,1786514400.0,true,85.5000,85.0000,86.0000,3461.00,1059.07
6,ed2086c87d52482699dee6d41678911f,0,2026-07-29,2026-07-29,29354e42ef0c3a5dcfab2220f035fd1be5874df613426379bae1f33e112f560b,996bed4920d57ac31c4fb24ea30428fd6f75ebf5eff9ad3e616c6bcf81f64d7c,"[""Tennis""]",1785303794.421299,KXITFWMATCH-26JUL29HOSDYU-DYU,Tennis,,KXITFWMATCH,eff22484-a537-4944-bd0e-5664e98b54bd,KXITFWMATCH-26JUL29HOSDYU,1785301687.0,quote,,1786510800.0,true,83.5000,82.0000,85.0000,1410.77,1481.77
6,ed2086c87d52482699dee6d41678911f,0,2026-07-29,2026-07-29,29354e42ef0c3a5dcfab2220f035fd1be5874df613426379bae1f33e112f560b,996bed4920d57ac31c4fb24ea30428fd6f75ebf5eff9ad3e616c6bcf81f64d7c,"[""Tennis""]",1785303796.056274,KXITFMATCH-26JUL28PADSAT-PAD,Tennis,,KXITFMATCH,03e1243d-7dee-4056-a032-cb914b77515a,KXITFMATCH-26JUL28PADSAT,1785294636.0,quote,,1786501800.0,true,36.5000,36.0000,37.0000,19633.23,46287.22
6,ed2086c87d52482699dee6d41678911f,0,2026-07-29,2026-07-29,29354e42ef0c3a5dcfab2220f035fd1be5874df613426379bae1f33e112f560b,996bed4920d57ac31c4fb24ea30428fd6f75ebf5eff9ad3e616c6bcf81f64d7c,"[""Tennis""]",1785303796.1310122,KXITFMATCH-26JUL28WENJON-JON,Tennis,,KXITFMATCH,5195be65-3a9b-423a-9e35-55f2f5840354,KXITFMATCH-26JUL28WENJON,1785299448.0,quote,,1786501800.0,true,81.0000,80.0000,82.0000,2219.00,1.00
6,ed2086c87d52482699dee6d41678911f,0,2026-07-29,2026-07-29,29354e42ef0c3a5dcfab2220f035fd1be5874df613426379bae1f33e112f560b,996bed4920d57ac31c4fb24ea30428fd6f75ebf5eff9ad3e616c6bcf81f64d7c,"[""Tennis""]",1785303796.205986,KXITFMATCH-26JUL28WENJON-WEN,Tennis,,KXITFMATCH,5195be65-3a9b-423a-9e35-55f2f5840354,KXITFMATCH-26JUL28WENJON,1785299448.0,quote,,1786501800.0,true,20.5000,20.0000,21.0000,1.00,51.00
6,ed2086c87d52482699dee6d41678911f,0,2026-07-29,2026-07-29,29354e42ef0c3a5dcfab2220f035fd1be5874df613426379bae1f33e112f560b,996bed4920d57ac31c4fb24ea30428fd6f75ebf5eff9ad3e616c6bcf81f64d7c,"[""Tennis""]",1785303796.280273,KXITFMATCH-26JUL28CHAHEI-CHA,Tennis,,KXITFMATCH,5ba6a34a-c169-4b0b-b8fd-b835a2127855,KXITFMATCH-26JUL28CHAHEI,1785299809.0,quote,,1786505400.0,true,71.5000,71.0000,72.0000,3446.82,3533.42
6,ed2086c87d52482699dee6d41678911f,0,2026-07-29,2026-07-29,29354e42ef0c3a5dcfab2220f035fd1be5874df613426379bae1f33e112f560b,996bed4920d57ac31c4fb24ea30428fd6f75ebf5eff9ad3e616c6bcf81f64d7c,"[""Tennis""]",1785303796.354152,KXITFWMATCH-26JUL29SOZMIL-MIL,Tennis,,KXITFWMATCH,0ba82ca4-7c3d-4fe6-9763-af01f430c473,KXITFWMATCH-26JUL29SOZMIL,1785301725.0,quote,,1786510800.0,true,93.0000,92.0000,94.0000,850.00,5104.23
6,ed2086c87d52482699dee6d41678911f,0,2026-07-29,2026-07-29,29354e42ef0c3a5dcfab2220f035fd1be5874df613426379bae1f33e112f560b,996bed4920d57ac31c4fb24ea30428fd6f75ebf5eff9ad3e616c6bcf81f64d7c,"[""Tennis""]",1785303796.516917,KXITFWMATCH-26JUL29YOSKIM-KIM,Tennis,,KXITFWMATCH,9b9eecb5-c6a0-414a-bcf3-57262192676d,KXITFWMATCH-26JUL29YOSKIM,1785301851.0,quote,,1786510800.0,true,60.5000,60.0000,61.0000,2566.76,4802.87
6,ed2086c87d52482699dee6d41678911f,0,2026-07-29,2026-07-29,29354e42ef0c3a5dcfab2220f035fd1be5874df613426379bae1f33e112f560b,996bed4920d57ac31c4fb24ea30428fd6f75ebf5eff9ad3e616c6bcf81f64d7c,"[""Tennis""]",1785303796.5896802,KXITFMATCH-26JUL28CHAHEI-HEI,Tennis,,KXITFMATCH,5ba6a34a-c169-4b0b-b8fd-b835a2127855,KXITFMATCH-26JUL28CHAHEI,1785299809.0,quote,,1786505400.0,true,28.5000,28.0000,29.0000,2593.08,7157.93
6,ed2086c87d52482699dee6d41678911f,0,2026-07-29,2026-07-29,29354e42ef0c3a5dcfab2220f035fd1be5874df613426379bae1f33e112f560b,996bed4920d57ac31c4fb24ea30428fd6f75ebf5eff9ad3e616c6bcf81f64d7c,"[""Tennis""]",1785303796.663339,KXITFWMATCH-26JUL29SOZMIL-SOZ,Tennis,,KXITFWMATCH,0ba82ca4-7c3d-4fe6-9763-af01f430c473,KXITFWMATCH-26JUL29SOZMIL,1785301725.0,quote,,1786510800.0,true,7.0000,6.0000,8.0000,3904.88,1915.95
6,ed2086c87d52482699dee6d41678911f,0,2026-07-29,2026-07-29,29354e42ef0c3a5dcfab2220f035fd1be5874df613426379bae1f33e112f560b,996bed4920d57ac31c4fb24ea30428fd6f75ebf5eff9ad3e616c6bcf81f64d7c,"[""Tennis""]",1785303796.73503,KXITFMATCH-26JUL29BRAPIE-PIE,Tennis,,KXITFMATCH,e7bed978-f0a4-4bc6-8904-d9b6730590e4,KXITFMATCH-26JUL29BRAPIE,1785305498.0,quote,,1786514400.0,true,85.5000,85.0000,86.0000,3461.00,1059.07
6,ed2086c87d52482699dee6d41678911f,0,2026-07-29,2026-07-29,29354e42ef0c3a5dcfab2220f035fd1be5874df613426379bae1f33e112f560b,996bed4920d57ac31c4fb24ea30428fd6f75ebf5eff9ad3e616c6bcf81f64d7c,"[""Tennis""]",1785303796.808459,KXITFWMATCH-26JUL29HOSDYU-DYU,Tennis,,KXITFWMATCH,eff22484-a537-4944-bd0e-5664e98b54bd,KXITFWMATCH-26JUL29HOSDYU,1785301687.0,quote,,1786510800.0,true,82.5000,80.0000,85.0000,236.00,161.00
6,ed2086c87d52482699dee6d41678911f,0,2026-07-29,2026-07-29,29354e42ef0c3a5dcfab2220f035fd1be5874df613426379bae1f33e112f560b,996bed4920d57ac31c4fb24ea30428fd6f75ebf5eff9ad3e616c6bcf81f64d7c,"[""Tennis""]",1785303798.389386,KXITFMATCH-26JUL28PADSAT-PAD,Tennis,,KXITFMATCH,03e1243d-7dee-4056-a032-cb914b77515a,KXITFMATCH-26JUL28PADSAT,1785294636.0,quote,,1786501800.0,true,36.5000,36.0000,37.0000,19633.23,46287.22
6,ed2086c87d52482699dee6d41678911f,0,2026-07-29,2026-07-29,29354e42ef0c3a5dcfab2220f035fd1be5874df613426379bae1f33e112f560b,996bed4920d57ac31c4fb24ea30428fd6f75ebf5eff9ad3e616c6bcf81f64d7c,"[""Tennis""]",1785303798.461725,KXITFMATCH-26JUL28WENJON-JON,Tennis,,KXITFMATCH,5195be65-3a9b-423a-9e35-55f2f5840354,KXITFMATCH-26JUL28WENJON,1785299448.0,quote,,1786501800.0,true,81.0000,80.0000,82.0000,2219.00,1.00
6,ed2086c87d52482699dee6d41678911f,0,2026-07-29,2026-07-29,29354e42ef0c3a5dcfab2220f035fd1be5874df613426379bae1f33e112f560b,996bed4920d57ac31c4fb24ea30428fd6f75ebf5eff9ad3e616c6bcf81f64d7c,"[""Tennis""]",1785303798.6139112,KXITFMATCH-26JUL28WENJON-WEN,Tennis,,KXITFMATCH,5195be65-3a9b-423a-9e35-55f2f5840354,KXITFMATCH-26JUL28WENJON,1785299448.0,quote,,1786501800.0,true,20.5000,20.0000,21.0000,1.00,51.00
6,ed2086c87d52482699dee6d41678911f,0,2026-07-29,2026-07-29,29354e42ef0c3a5dcfab2220f035fd1be5874df613426379bae1f33e112f560b,996bed4920d57ac31c4fb24ea30428fd6f75ebf5eff9ad3e616c6bcf81f64d7c,"[""Tennis""]",1785303798.683043,KXITFMATCH-26JUL28CHAHEI-CHA,Tennis,,KXITFMATCH,5ba6a34a-c169-4b0b-b8fd-b835a2127855,KXITFMATCH-26JUL28CHAHEI,1785299809.0,quote,,1786505400.0,true,71.5000,71.0000,72.0000,3446.82,3533.42
6,ed2086c87d52482699dee6d41678911f,0,2026-07-29,2026-07-29,29354e42ef0c3a5dcfab2220f035fd1be5874df613426379bae1f33e112f560b,996bed4920d57ac31c4fb24ea30428fd6f75ebf5eff9ad3e616c6bcf81f64d7c,"[""Tennis""]",1785303798.753077,KXITFWMATCH-26JUL29SOZMIL-MIL,Tennis,,KXITFWMATCH,0ba82ca4-7c3d-4fe6-9763-af01f430c473,KXITFWMATCH-26JUL29SOZMIL,1785301725.0,quote,,1786510800.0,true,93.0000,92.0000,94.0000,850.00,5104.23
6,ed2086c87d52482699dee6d41678911f,0,2026-07-29,2026-07-29,29354e42ef0c3a5dcfab2220f035fd1be5874df613426379bae1f33e112f560b,996bed4920d57ac31c4fb24ea30428fd6f75ebf5eff9ad3e616c6bcf81f64d7c,"[""Tennis""]",1785303798.8248892,KXITFWMATCH-26JUL29YOSKIM-KIM,Tennis,,KXITFWMATCH,9b9eecb5-c6a0-414a-bcf3-57262192676d,KXITFWMATCH-26JUL29YOSKIM,1785301851.0,quote,,1786510800.0,true,60.5000,60.0000,61.0000,2317.76,3638.83
6,ed2086c87d52482699dee6d41678911f,0,2026-07-29,2026-07-29,29354e42ef0c3a5dcfab2220f035fd1be5874df613426379bae1f33e112f560b,996bed4920d57ac31c4fb24ea30428fd6f75ebf5eff9ad3e616c6bcf81f64d7c,"[""Tennis""]",1785303798.896095,KXITFMATCH-26JUL28CHAHEI-HEI,Tennis,,KXITFMATCH,5ba6a34a-c169-4b0b-b8fd-b835a2127855,KXITFMATCH-26JUL28CHAHEI,1785299809.0,quote,,1786505400.0,true,28.5000,28.0000,29.0000,2593.08,7157.93
6,ed2086c87d52482699dee6d41678911f,0,2026-07-29,2026-07-29,29354e42ef0c3a5dcfab2220f035fd1be5874df613426379bae1f33e112f560b,996bed4920d57ac31c4fb24ea30428fd6f75ebf5eff9ad3e616c6bcf81f64d7c,"[""Tennis""]",1785303798.9724438,KXITFWMATCH-26JUL29SOZMIL-SOZ,Tennis,,KXITFWMATCH,0ba82ca4-7c3d-4fe6-9763-af01f430c473,KXITFWMATCH-26JUL29SOZMIL,1785301725.0,quote,,1786510800.0,true,7.0000,6.0000,8.0000,706.51,658.15
6,ed2086c87d52482699dee6d41678911f,0,2026-07-29,2026-07-29,29354e42ef0c3a5dcfab2220f035fd1be5874df613426379bae1f33e112f560b,996bed4920d57ac31c4fb24ea30428fd6f75ebf5eff9ad3e616c6bcf81f64d7c,"[""Tennis""]",1785303799.133984,KXITFMATCH-26JUL29BRAPIE-PIE,Tennis,,KXITFMATCH,e7bed978-f0a4-4bc6-8904-d9b6730590e4,KXITFMATCH-26JUL29BRAPIE,1785305498.0,quote,,1786514400.0,true,85.5000,85.0000,86.0000,3461.00,1059.07
6,ed2086c87d52482699dee6d41678911f,0,2026-07-29,2026-07-29,29354e42ef0c3a5dcfab2220f035fd1be5874df613426379bae1f33e112f560b,996bed4920d57ac31c4fb24ea30428fd6f75ebf5eff9ad3e616c6bcf81f64d7c,"[""Tennis""]",1785303799.204096,KXITFWMATCH-26JUL29HOSDYU-DYU,Tennis,,KXITFWMATCH,eff22484-a537-4944-bd0e-5664e98b54bd,KXITFWMATCH-26JUL29HOSDYU,1785301687.0,quote,,1786510800.0,true,82.5000,80.0000,85.0000,236.00,161.00
6,ed2086c87d52482699dee6d41678911f,0,2026-07-29,2026-07-29,29354e42ef0c3a5dcfab2220f035fd1be5874df613426379bae1f33e112f560b,996bed4920d57ac31c4fb24ea30428fd6f75ebf5eff9ad3e616c6bcf81f64d7c,"[""Tennis""]",1785303800.7820768,KXITFMATCH-26JUL28PADSAT-PAD,Tennis,,KXITFMATCH,03e1243d-7dee-4056-a032-cb914b77515a,KXITFMATCH-26JUL28PADSAT,1785294636.0,quote,,1786501800.0,true,36.5000,36.0000,37.0000,19633.23,46287.22
6,ed2086c87d52482699dee6d41678911f,0,2026-07-29,2026-07-29,29354e42ef0c3a5dcfab2220f035fd1be5874df613426379bae1f33e112f560b,996bed4920d57ac31c4fb24ea30428fd6f75ebf5eff9ad3e616c6bcf81f64d7c,"[""Tennis""]",1785303800.852684,KXITFMATCH-26JUL28WENJON-JON,Tennis,,KXITFMATCH,5195be65-3a9b-423a-9e35-55f2f5840354,KXITFMATCH-26JUL28WENJON,1785299448.0,quote,,1786501800.0,true,81.0000,80.0000,82.0000,2219.00,1.00
6,ed2086c87d52482699dee6d41678911f,0,2026-07-29,2026-07-29,29354e42ef0c3a5dcfab2220f035fd1be5874df613426379bae1f33e112f560b,996bed4920d57ac31c4fb24ea30428fd6f75ebf5eff9ad3e616c6bcf81f64d7c,"[""Tennis""]",1785303800.923472,KXITFMATCH-26JUL28WENJON-WEN,Tennis,,KXITFMATCH,5195be65-3a9b-423a-9e35-55f2f5840354,KXITFMATCH-26JUL28WENJON,1785299448.0,quote,,1786501800.0,true,20.5000,20.0000,21.0000,1.00,51.00
6,ed2086c87d52482699dee6d41678911f,0,2026-07-29,2026-07-29,29354e42ef0c3a5dcfab2220f035fd1be5874df613426379bae1f33e112f560b,996bed4920d57ac31c4fb24ea30428fd6f75ebf5eff9ad3e616c6bcf81f64d7c,"[""Tennis""]",1785303800.9944608,KXITFMATCH-26JUL28CHAHEI-CHA,Tennis,,KXITFMATCH,5ba6a34a-c169-4b0b-b8fd-b835a2127855,KXITFMATCH-26JUL28CHAHEI,1785299809.0,quote,,1786505400.0,true,71.5000,71.0000,72.0000,3446.82,3533.42
6,ed2086c87d52482699dee6d41678911f,0,2026-07-29,2026-07-29,29354e42ef0c3a5dcfab2220f035fd1be5874df613426379bae1f33e112f560b,996bed4920d57ac31c4fb24ea30428fd6f75ebf5eff9ad3e616c6bcf81f64d7c,"[""Tennis""]",1785303801.065392,KXITFWMATCH-26JUL29SOZMIL-MIL,Tennis,,KXITFWMATCH,0ba82ca4-7c3d-4fe6-9763-af01f430c473,KXITFWMATCH-26JUL29SOZMIL,1785301725.0,quote,,1786510800.0,true,93.0000,92.0000,94.0000,130.00,680.00
6,ed2086c87d52482699dee6d41678911f,0,2026-07-29,2026-07-29,29354e42ef0c3a5dcfab2220f035fd1be5874df613426379bae1f33e112f560b,996bed4920d57ac31c4fb24ea30428fd6f75ebf5eff9ad3e616c6bcf81f64d7c,"[""Tennis""]",1785303801.1343381,KXITFWMATCH-26JUL29YOSKIM-KIM,Tennis,,KXITFWMATCH,9b9eecb5-c6a0-414a-bcf3-57262192676d,KXITFWMATCH-26JUL29YOSKIM,1785301851.0,quote,,1786510800.0,true,60.5000,60.0000,61.0000,2317.76,3638.83
6,ed2086c87d52482699dee6d41678911f,0,2026-07-29,2026-07-29,29354e42ef0c3a5dcfab2220f035fd1be5874df613426379bae1f33e112f560b,996bed4920d57ac31c4fb24ea30428fd6f75ebf5eff9ad3e616c6bcf81f64d7c,"[""Tennis""]",1785303801.231173,KXITFMATCH-26JUL28CHAHEI-HEI,Tennis,,KXITFMATCH,5ba6a34a-c169-4b0b-b8fd-b835a2127855,KXITFMATCH-26JUL28CHAHEI,1785299809.0,quote,,1786505400.0,true,28.5000,28.0000,29.0000,2593.08,7157.93
6,ed2086c87d52482699dee6d41678911f,0,2026-07-29,2026-07-29,29354e42ef0c3a5dcfab2220f035fd1be5874df613426379bae1f33e112f560b,996bed4920d57ac31c4fb24ea30428fd6f75ebf5eff9ad3e616c6bcf81f64d7c,"[""Tennis""]",1785303801.30307,KXITFWMATCH-26JUL29SOZMIL-SOZ,Tennis,,KXITFWMATCH,0ba82ca4-7c3d-4fe6-9763-af01f430c473,KXITFWMATCH-26JUL29SOZMIL,1785301725.0,quote,,1786510800.0,true,7.0000,6.0000,8.0000,706.51,658.15
6,ed2086c87d52482699dee6d41678911f,0,2026-07-29,2026-07-29,29354e42ef0c3a5dcfab2220f035fd1be5874df613426379bae1f33e112f560b,996bed4920d57ac31c4fb24ea30428fd6f75ebf5eff9ad3e616c6bcf81f64d7c,"[""Tennis""]",1785303801.3732328,KXITFMATCH-26JUL29BRAPIE-PIE,Tennis,,KXITFMATCH,e7bed978-f0a4-4bc6-8904-d9b6730590e4,KXITFMATCH-26JUL29BRAPIE,1785305498.0,quote,,1786514400.0,true,85.5000,85.0000,86.0000,3461.00,1059.07
6,ed2086c87d52482699dee6d41678911f,0,2026-07-29,2026-07-29,29354e42ef0c3a5dcfab2220f035fd1be5874df613426379bae1f33e112f560b,996bed4920d57ac31c4fb24ea30428fd6f75ebf5eff9ad3e616c6bcf81f64d7c,"[""Tennis""]",1785303801.444582,KXITFWMATCH-26JUL29HOSDYU-DYU,Tennis,,KXITFWMATCH,eff22484-a537-4944-bd0e-5664e98b54bd,KXITFWMATCH-26JUL29HOSDYU,1785301687.0,quote,,1786510800.0,true,82.5000,80.0000,85.0000,236.00,161.00
6,ed2086c87d52482699dee6d41678911f,0,2026-07-29,2026-07-29,29354e42ef0c3a5dcfab2220f035fd1be5874df613426379bae1f33e112f560b,996bed4920d57ac31c4fb24ea30428fd6f75ebf5eff9ad3e616c6bcf81f64d7c,"[""Tennis""]",1785303803.027151,KXITFMATCH-26JUL28PADSAT-PAD,Tennis,,KXITFMATCH,03e1243d-7dee-4056-a032-cb914b77515a,KXITFMATCH-26JUL28PADSAT,1785294636.0,quote,,1786501800.0,true,36.5000,36.0000,37.0000,19633.23,46287.22
6,ed2086c87d52482699dee6d41678911f,0,2026-07-29,2026-07-29,29354e42ef0c3a5dcfab2220f035fd1be5874df613426379bae1f33e112f560b,996bed4920d57ac31c4fb24ea30428fd6f75ebf5eff9ad3e616c6bcf81f64d7c,"[""Tennis""]",1785303803.101981,KXITFMATCH-26JUL28WENJON-JON,Tennis,,KXITFMATCH,5195be65-3a9b-423a-9e35-55f2f5840354,KXITFMATCH-26JUL28WENJON,1785299448.0,quote,,1786501800.0,true,80.5000,80.0000,81.0000,770.95,24738.60
6,ed2086c87d52482699dee6d41678911f,0,2026-07-29,2026-07-29,29354e42ef0c3a5dcfab2220f035fd1be5874df613426379bae1f33e112f560b,996bed4920d57ac31c4fb24ea30428fd6f75ebf5eff9ad3e616c6bcf81f64d7c,"[""Tennis""]",1785303803.1734679,KXITFMATCH-26JUL28WENJON-WEN,Tennis,,KXITFMATCH,5195be65-3a9b-423a-9e35-55f2f5840354,KXITFMATCH-26JUL28WENJON,1785299448.0,quote,,1786501800.0,true,20.5000,20.0000,21.0000,1.00,51.00
6,ed2086c87d52482699dee6d41678911f,0,2026-07-29,2026-07-29,29354e42ef0c3a5dcfab2220f035fd1be5874df613426379bae1f33e112f560b,996bed4920d57ac31c4fb24ea30428fd6f75ebf5eff9ad3e616c6bcf81f64d7c,"[""Tennis""]",1785303803.333096,KXITFMATCH-26JUL28CHAHEI-CHA,Tennis,,KXITFMATCH,5ba6a34a-c169-4b0b-b8fd-b835a2127855,KXITFMATCH-26JUL28CHAHEI,1785299809.0,quote,,1786505400.0,true,72.5000,71.0000,74.0000,50.98,12.00
6,ed2086c87d52482699dee6d41678911f,0,2026-07-29,2026-07-29,29354e42ef0c3a5dcfab2220f035fd1be5874df613426379bae1f33e112f560b,996bed4920d57ac31c4fb24ea30428fd6f75ebf5eff9ad3e616c6bcf81f64d7c,"[""Tennis""]",1785303803.402872,KXITFWMATCH-26JUL29SOZMIL-MIL,Tennis,,KXITFWMATCH,0ba82ca4-7c3d-4fe6-9763-af01f430c473,KXITFWMATCH-26JUL29SOZMIL,1785301725.0,quote,,1786510800.0,true,93.0000,92.0000,94.0000,130.00,680.00
6,ed2086c87d52482699dee6d41678911f,0,2026-07-29,2026-07-29,29354e42ef0c3a5dcfab2220f035fd1be5874df613426379bae1f33e112f560b,996bed4920d57ac31c4fb24ea30428fd6f75ebf5eff9ad3e616c6bcf81f64d7c,"[""Tennis""]",1785303803.473972,KXITFWMATCH-26JUL29YOSKIM-KIM,Tennis,,KXITFWMATCH,9b9eecb5-c6a0-414a-bcf3-57262192676d,KXITFWMATCH-26JUL29YOSKIM,1785301851.0,quote,,1786510800.0,true,60.5000,60.0000,61.0000,2317.76,3638.83
6,ed2086c87d52482699dee6d41678911f,0,2026-07-29,2026-07-29,29354e42ef0c3a5dcfab2220f035fd1be5874df613426379bae1f33e112f560b,996bed4920d57ac31c4fb24ea30428fd6f75ebf5eff9ad3e616c6bcf81f64d7c,"[""Tennis""]",1785303803.5790799,KXITFMATCH-26JUL28CHAHEI-HEI,Tennis,,KXITFMATCH,5ba6a34a-c169-4b0b-b8fd-b835a2127855,KXITFMATCH-26JUL28CHAHEI,1785299809.0,quote,,1786505400.0,true,27.5000,27.0000,28.0000,1.00,74.43
6,ed2086c87d52482699dee6d41678911f,0,2026-07-29,2026-07-29,29354e42ef0c3a5dcfab2220f035fd1be5874df613426379bae1f33e112f560b,996bed4920d57ac31c4fb24ea30428fd6f75ebf5eff9ad3e616c6bcf81f64d7c,"[""Tennis""]",1785303803.649893,KXITFWMATCH-26JUL29SOZMIL-SOZ,Tennis,,KXITFWMATCH,0ba82ca4-7c3d-4fe6-9763-af01f430c473,KXITFWMATCH-26JUL29SOZMIL,1785301725.0,quote,,1786510800.0,true,7.0000,6.0000,8.0000,706.51,658.15
6,ed2086c87d52482699dee6d41678911f,0,2026-07-29,2026-07-29,29354e42ef0c3a5dcfab2220f035fd1be5874df613426379bae1f33e112f560b,996bed4920d57ac31c4fb24ea30428fd6f75ebf5eff9ad3e616c6bcf81f64d7c,"[""Tennis""]",1785303803.722825,KXITFMATCH-26JUL29BRAPIE-PIE,Tennis,,KXITFMATCH,e7bed978-f0a4-4bc6-8904-d9b6730590e4,KXITFMATCH-26JUL29BRAPIE,1785305498.0,quote,,1786514400.0,true,85.5000,85.0000,86.0000,3461.00,1059.07
6,ed2086c87d52482699dee6d41678911f,0,2026-07-29,2026-07-29,29354e42ef0c3a5dcfab2220f035fd1be5874df613426379bae1f33e112f560b,996bed4920d57ac31c4fb24ea30428fd6f75ebf5eff9ad3e616c6bcf81f64d7c,"[""Tennis""]",1785303803.855061,KXITFWMATCH-26JUL29HOSDYU-DYU,Tennis,,KXITFWMATCH,eff22484-a537-4944-bd0e-5664e98b54bd,KXITFWMATCH-26JUL29HOSDYU,1785301687.0,quote,,1786510800.0,true,82.5000,80.0000,85.0000,236.00,161.00
6,ed2086c87d52482699dee6d41678911f,0,2026-07-29,2026-07-29,29354e42ef0c3a5dcfab2220f035fd1be5874df613426379bae1f33e112f560b,996bed4920d57ac31c4fb24ea30428fd6f75ebf5eff9ad3e616c6bcf81f64d7c,"[""Tennis""]",1785303805.4859478,KXITFMATCH-26JUL28PADSAT-PAD,Tennis,,KXITFMATCH,03e1243d-7dee-4056-a032-cb914b77515a,KXITFMATCH-26JUL28PADSAT,1785294636.0,quote,,1786501800.0,true,36.5000,36.0000,37.0000,19633.23,46287.22
6,ed2086c87d52482699dee6d41678911f,0,2026-07-29,2026-07-29,29354e42ef0c3a5dcfab2220f035fd1be5874df613426379bae1f33e112f560b,996bed4920d57ac31c4fb24ea30428fd6f75ebf5eff9ad3e616c6bcf81f64d7c,"[""Tennis""]",1785303805.557981,KXITFMATCH-26JUL28WENJON-JON,Tennis,,KXITFMATCH,5195be65-3a9b-423a-9e35-55f2f5840354,KXITFMATCH-26JUL28WENJON,1785299448.0,quote,,1786501800.0,true,80.5000,80.0000,81.0000,770.95,24738.60
6,ed2086c87d52482699dee6d41678911f,0,2026-07-29,2026-07-29,29354e42ef0c3a5dcfab2220f035fd1be5874df613426379bae1f33e112f560b,996bed4920d57ac31c4fb24ea30428fd6f75ebf5eff9ad3e616c6bcf81f64d7c,"[""Tennis""]",1785303805.6284292,KXITFMATCH-26JUL28WENJON-WEN,Tennis,,KXITFMATCH,5195be65-3a9b-423a-9e35-55f2f5840354,KXITFMATCH-26JUL28WENJON,1785299448.0,quote,,1786501800.0,true,21.5000,21.0000,22.0000,4651.00,21728.78
6,ed2086c87d52482699dee6d41678911f,0,2026-07-29,2026-07-29,29354e42ef0c3a5dcfab2220f035fd1be5874df613426379bae1f33e112f560b,996bed4920d57ac31c4fb24ea30428fd6f75ebf5eff9ad3e616c6bcf81f64d7c,"[""Tennis""]",1785303805.6984,KXITFMATCH-26JUL28CHAHEI-CHA,Tennis,,KXITFMATCH,5ba6a34a-c169-4b0b-b8fd-b835a2127855,KXITFMATCH-26JUL28CHAHEI,1785299809.0,quote,,1786505400.0,true,72.5000,71.0000,74.0000,50.98,12.00
6,ed2086c87d52482699dee6d41678911f,0,2026-07-29,2026-07-29,29354e42ef0c3a5dcfab2220f035fd1be5874df613426379bae1f33e112f560b,996bed4920d57ac31c4fb24ea30428fd6f75ebf5eff9ad3e616c6bcf81f64d7c,"[""Tennis""]",1785303805.770419,KXITFWMATCH-26JUL29SOZMIL-MIL,Tennis,,KXITFWMATCH,0ba82ca4-7c3d-4fe6-9763-af01f430c473,KXITFWMATCH-26JUL29SOZMIL,1785301725.0,quote,,1786510800.0,true,93.0000,92.0000,94.0000,130.00,680.00
6,ed2086c87d52482699dee6d41678911f,0,2026-07-29,2026-07-29,29354e42ef0c3a5dcfab2220f035fd1be5874df613426379bae1f33e112f560b,996bed4920d57ac31c4fb24ea30428fd6f75ebf5eff9ad3e616c6bcf81f64d7c,"[""Tennis""]",1785303805.8403578,KXITFWMATCH-26JUL29YOSKIM-KIM,Tennis,,KXITFWMATCH,9b9eecb5-c6a0-414a-bcf3-57262192676d,KXITFWMATCH-26JUL29YOSKIM,1785301851.0,quote,,1786510800.0,true,60.5000,60.0000,61.0000,2317.76,3638.83
6,ed2086c87d52482699dee6d41678911f,0,2026-07-29,2026-07-29,29354e42ef0c3a5dcfab2220f035fd1be5874df613426379bae1f33e112f560b,996bed4920d57ac31c4fb24ea30428fd6f75ebf5eff9ad3e616c6bcf81f64d7c,"[""Tennis""]",1785303805.954162,KXITFMATCH-26JUL28CHAHEI-HEI,Tennis,,KXITFMATCH,5ba6a34a-c169-4b0b-b8fd-b835a2127855,KXITFMATCH-26JUL28CHAHEI,1785299809.0,quote,,1786505400.0,true,27.5000,27.0000,28.0000,1.00,74.43
6,ed2086c87d52482699dee6d41678911f,0,2026-07-29,2026-07-29,29354e42ef0c3a5dcfab2220f035fd1be5874df613426379bae1f33e112f560b,996bed4920d57ac31c4fb24ea30428fd6f75ebf5eff9ad3e616c6bcf81f64d7c,"[""Tennis""]",1785303806.0250912,KXITFWMATCH-26JUL29SOZMIL-SOZ,Tennis,,KXITFWMATCH,0ba82ca4-7c3d-4fe6-9763-af01f430c473,KXITFWMATCH-26JUL29SOZMIL,1785301725.0,quote,,1786510800.0,true,7.0000,6.0000,8.0000,706.51,658.15
6,ed2086c87d52482699dee6d41678911f,0,2026-07-29,2026-07-29,29354e42ef0c3a5dcfab2220f035fd1be5874df613426379bae1f33e112f560b,996bed4920d57ac31c4fb24ea30428fd6f75ebf5eff9ad3e616c6bcf81f64d7c,"[""Tennis""]",1785303806.096684,KXITFMATCH-26JUL29BRAPIE-PIE,Tennis,,KXITFMATCH,e7bed978-f0a4-4bc6-8904-d9b6730590e4,KXITFMATCH-26JUL29BRAPIE,1785305498.0,quote,,1786514400.0,true,85.5000,85.0000,86.0000,3461.00,1059.07
6,ed2086c87d52482699dee6d41678911f,0,2026-07-29,2026-07-29,29354e42ef0c3a5dcfab2220f035fd1be5874df613426379bae1f33e112f560b,996bed4920d57ac31c4fb24ea30428fd6f75ebf5eff9ad3e616c6bcf81f64d7c,"[""Tennis""]",1785303806.1661031,KXITFWMATCH-26JUL29HOSDYU-DYU,Tennis,,KXITFWMATCH,eff22484-a537-4944-bd0e-5664e98b54bd,KXITFWMATCH-26JUL29HOSDYU,1785301687.0,quote,,1786510800.0,true,82.5000,80.0000,85.0000,236.00,161.00
6,ed2086c87d52482699dee6d41678911f,0,2026-07-29,2026-07-29,29354e42ef0c3a5dcfab2220f035fd1be5874df613426379bae1f33e112f560b,996bed4920d57ac31c4fb24ea30428fd6f75ebf5eff9ad3e616c6bcf81f64d7c,"[""Tennis""]",1785303807.7583501,KXITFMATCH-26JUL28PADSAT-PAD,Tennis,,KXITFMATCH,03e1243d-7dee-4056-a032-cb914b77515a,KXITFMATCH-26JUL28PADSAT,1785294636.0,quote,,1786501800.0,true,41.0000,40.0000,42.0000,1938.00,94.00
6,ed2086c87d52482699dee6d41678911f,0,2026-07-29,2026-07-29,29354e42ef0c3a5dcfab2220f035fd1be5874df613426379bae1f33e112f560b,996bed4920d57ac31c4fb24ea30428fd6f75ebf5eff9ad3e616c6bcf81f64d7c,"[""Tennis""]",1785303807.830729,KXITFMATCH-26JUL28WENJON-JON,Tennis,,KXITFMATCH,5195be65-3a9b-423a-9e35-55f2f5840354,KXITFMATCH-26JUL28WENJON,1785299448.0,quote,,1786501800.0,true,80.5000,80.0000,81.0000,770.95,24738.60
6,ed2086c87d52482699dee6d41678911f,0,2026-07-29,2026-07-29,29354e42ef0c3a5dcfab2220f035fd1be5874df613426379bae1f33e112f560b,996bed4920d57ac31c4fb24ea30428fd6f75ebf5eff9ad3e616c6bcf81f64d7c,"[""Tennis""]",1785303807.902663,KXITFMATCH-26JUL28WENJON-WEN,Tennis,,KXITFMATCH,5195be65-3a9b-423a-9e35-55f2f5840354,KXITFMATCH-26JUL28WENJON,1785299448.0,quote,,1786501800.0,true,21.5000,21.0000,22.0000,4651.00,21728.78
6,ed2086c87d52482699dee6d41678911f,0,2026-07-29,2026-07-29,29354e42ef0c3a5dcfab2220f035fd1be5874df613426379bae1f33e112f560b,996bed4920d57ac31c4fb24ea30428fd6f75ebf5eff9ad3e616c6bcf81f64d7c,"[""Tennis""]",1785303808.051696,KXITFMATCH-26JUL28CHAHEI-CHA,Tennis,,KXITFMATCH,5ba6a34a-c169-4b0b-b8fd-b835a2127855,KXITFMATCH-26JUL28CHAHEI,1785299809.0,quote,,1786505400.0,true,72.5000,71.0000,74.0000,50.98,12.00
6,ed2086c87d52482699dee6d41678911f,0,2026-07-29,2026-07-29,29354e42ef0c3a5dcfab2220f035fd1be5874df613426379bae1f33e112f560b,996bed4920d57ac31c4fb24ea30428fd6f75ebf5eff9ad3e616c6bcf81f64d7c,"[""Tennis""]",1785303808.122617,KXITFWMATCH-26JUL29SOZMIL-MIL,Tennis,,KXITFWMATCH,0ba82ca4-7c3d-4fe6-9763-af01f430c473,KXITFWMATCH-26JUL29SOZMIL,1785301725.0,quote,,1786510800.0,true,93.0000,92.0000,94.0000,130.00,680.00
6,ed2086c87d52482699dee6d41678911f,0,2026-07-29,2026-07-29,29354e42ef0c3a5dcfab2220f035fd1be5874df613426379bae1f33e112f560b,996bed4920d57ac31c4fb24ea30428fd6f75ebf5eff9ad3e616c6bcf81f64d7c,"[""Tennis""]",1785303808.198807,KXITFWMATCH-26JUL29YOSKIM-KIM,Tennis,,KXITFWMATCH,9b9eecb5-c6a0-414a-bcf3-57262192676d,KXITFWMATCH-26JUL29YOSKIM,1785301851.0,quote,,1786510800.0,true,60.5000,60.0000,61.0000,2317.76,3638.83
6,ed2086c87d52482699dee6d41678911f,0,2026-07-29,2026-07-29,29354e42ef0c3a5dcfab2220f035fd1be5874df613426379bae1f33e112f560b,996bed4920d57ac31c4fb24ea30428fd6f75ebf5eff9ad3e616c6bcf81f64d7c,"[""Tennis""]",1785303808.2700748,KXITFMATCH-26JUL28CHAHEI-HEI,Tennis,,KXITFMATCH,5ba6a34a-c169-4b0b-b8fd-b835a2127855,KXITFMATCH-26JUL28CHAHEI,1785299809.0,quote,,1786505400.0,true,27.5000,27.0000,28.0000,1.00,74.43
6,ed2086c87d52482699dee6d41678911f,0,2026-07-29,2026-07-29,29354e42ef0c3a5dcfab2220f035fd1be5874df613426379bae1f33e112f560b,996bed4920d57ac31c4fb24ea30428fd6f75ebf5eff9ad3e616c6bcf81f64d7c,"[""Tennis""]",1785303808.341901,KXITFWMATCH-26JUL29SOZMIL-SOZ,Tennis,,KXITFWMATCH,0ba82ca4-7c3d-4fe6-9763-af01f430c473,KXITFWMATCH-26JUL29SOZMIL,1785301725.0,quote,,1786510800.0,true,7.0000,6.0000,8.0000,706.51,658.15
6,ed2086c87d52482699dee6d41678911f,0,2026-07-29,2026-07-29,29354e42ef0c3a5dcfab2220f035fd1be5874df613426379bae1f33e112f560b,996bed4920d57ac31c4fb24ea30428fd6f75ebf5eff9ad3e616c6bcf81f64d7c,"[""Tennis""]",1785303808.413198,KXITFMATCH-26JUL29BRAPIE-PIE,Tennis,,KXITFMATCH,e7bed978-f0a4-4bc6-8904-d9b6730590e4,KXITFMATCH-26JUL29BRAPIE,1785305498.0,quote,,1786514400.0,true,85.5000,85.0000,86.0000,3461.00,1059.07
6,ed2086c87d52482699dee6d41678911f,0,2026-07-29,2026-07-29,29354e42ef0c3a5dcfab2220f035fd1be5874df613426379bae1f33e112f560b,996bed4920d57ac31c4fb24ea30428fd6f75ebf5eff9ad3e616c6bcf81f64d7c,"[""Tennis""]",1785303808.574591,KXITFWMATCH-26JUL29HOSDYU-DYU,Tennis,,KXITFWMATCH,eff22484-a537-4944-bd0e-5664e98b54bd,KXITFWMATCH-26JUL29HOSDYU,1785301687.0,quote,,1786510800.0,true,80.5000,80.0000,81.0000,110.18,4887.69
6,ed2086c87d52482699dee6d41678911f,0,2026-07-29,2026-07-29,29354e42ef0c3a5dcfab2220f035fd1be5874df613426379bae1f33e112f560b,996bed4920d57ac31c4fb24ea30428fd6f75ebf5eff9ad3e616c6bcf81f64d7c,"[""Tennis""]",1785303810.211009,KXITFMATCH-26JUL28PADSAT-PAD,Tennis,,KXITFMATCH,03e1243d-7dee-4056-a032-cb914b77515a,KXITFMATCH-26JUL28PADSAT,1785294636.0,quote,,1786501800.0,true,41.0000,40.0000,42.0000,1938.00,94.00
6,ed2086c87d52482699dee6d41678911f,0,2026-07-29,2026-07-29,29354e42ef0c3a5dcfab2220f035fd1be5874df613426379bae1f33e112f560b,996bed4920d57ac31c4fb24ea30428fd6f75ebf5eff9ad3e616c6bcf81f64d7c,"[""Tennis""]",1785303810.282552,KXITFMATCH-26JUL28WENJON-JON,Tennis,,KXITFMATCH,5195be65-3a9b-423a-9e35-55f2f5840354,KXITFMATCH-26JUL28WENJON,1785299448.0,quote,,1786501800.0,true,80.5000,80.0000,81.0000,770.95,24738.60
6,ed2086c87d52482699dee6d41678911f,0,2026-07-29,2026-07-29,29354e42ef0c3a5dcfab2220f035fd1be5874df613426379bae1f33e112f560b,996bed4920d57ac31c4fb24ea30428fd6f75ebf5eff9ad3e616c6bcf81f64d7c,"[""Tennis""]",1785303810.353197,KXITFMATCH-26JUL28WENJON-WEN,Tennis,,KXITFMATCH,5195be65-3a9b-423a-9e35-55f2f5840354,KXITFMATCH-26JUL28WENJON,1785299448.0,quote,,1786501800.0,true,21.5000,21.0000,22.0000,4651.00,21728.78
6,ed2086c87d52482699dee6d41678911f,0,2026-07-29,2026-07-29,29354e42ef0c3a5dcfab2220f035fd1be5874df613426379bae1f33e112f560b,996bed4920d57ac31c4fb24ea30428fd6f75ebf5eff9ad3e616c6bcf81f64d7c,"[""Tennis""]",1785303810.422412,KXITFMATCH-26JUL28CHAHEI-CHA,Tennis,,KXITFMATCH,5ba6a34a-c169-4b0b-b8fd-b835a2127855,KXITFMATCH-26JUL28CHAHEI,1785299809.0,quote,,1786505400.0,true,72.5000,71.0000,74.0000,50.98,12.00
6,ed2086c87d52482699dee6d41678911f,0,2026-07-29,2026-07-29,29354e42ef0c3a5dcfab2220f035fd1be5874df613426379bae1f33e112f560b,996bed4920d57ac31c4fb24ea30428fd6f75ebf5eff9ad3e616c6bcf81f64d7c,"[""Tennis""]",1785303810.4960482,KXITFWMATCH-26JUL29SOZMIL-MIL,Tennis,,KXITFWMATCH,0ba82ca4-7c3d-4fe6-9763-af01f430c473,KXITFWMATCH-26JUL29SOZMIL,1785301725.0,quote,,1786510800.0,true,93.0000,92.0000,94.0000,130.00,680.00
6,ed2086c87d52482699dee6d41678911f,0,2026-07-29,2026-07-29,29354e42ef0c3a5dcfab2220f035fd1be5874df613426379bae1f33e112f560b,996bed4920d57ac31c4fb24ea30428fd6f75ebf5eff9ad3e616c6bcf81f64d7c,"[""Tennis""]",1785303810.568972,KXITFWMATCH-26JUL29YOSKIM-KIM,Tennis,,KXITFWMATCH,9b9eecb5-c6a0-414a-bcf3-57262192676d,KXITFWMATCH-26JUL29YOSKIM,1785301851.0,quote,,1786510800.0,true,60.5000,60.0000,61.0000,2317.76,3638.83
6,ed2086c87d52482699dee6d41678911f,0,2026-07-29,2026-07-29,29354e42ef0c3a5dcfab2220f035fd1be5874df613426379bae1f33e112f560b,996bed4920d57ac31c4fb24ea30428fd6f75ebf5eff9ad3e616c6bcf81f64d7c,"[""Tennis""]",1785303810.6668239,KXITFMATCH-26JUL28CHAHEI-HEI,Tennis,,KXITFMATCH,5ba6a34a-c169-4b0b-b8fd-b835a2127855,KXITFMATCH-26JUL28CHAHEI,1785299809.0,quote,,1786505400.0,true,27.5000,27.0000,28.0000,1.00,74.43
6,ed2086c87d52482699dee6d41678911f,0,2026-07-29,2026-07-29,29354e42ef0c3a5dcfab2220f035fd1be5874df613426379bae1f33e112f560b,996bed4920d57ac31c4fb24ea30428fd6f75ebf5eff9ad3e616c6bcf81f64d7c,"[""Tennis""]",1785303810.737348,KXITFWMATCH-26JUL29SOZMIL-SOZ,Tennis,,KXITFWMATCH,0ba82ca4-7c3d-4fe6-9763-af01f430c473,KXITFWMATCH-26JUL29SOZMIL,1785301725.0,quote,,1786510800.0,true,7.0000,6.0000,8.0000,5184.46,10015.77
6,ed2086c87d52482699dee6d41678911f,0,2026-07-29,2026-07-29,29354e42ef0c3a5dcfab2220f035fd1be5874df613426379bae1f33e112f560b,996bed4920d57ac31c4fb24ea30428fd6f75ebf5eff9ad3e616c6bcf81f64d7c,"[""Tennis""]",1785303810.8093739,KXITFMATCH-26JUL29BRAPIE-PIE,Tennis,,KXITFMATCH,e7bed978-f0a4-4bc6-8904-d9b6730590e4,KXITFMATCH-26JUL29BRAPIE,1785305498.0,quote,,1786514400.0,true,85.5000,85.0000,86.0000,3461.00,1059.07
6,ed2086c87d52482699dee6d41678911f,0,2026-07-29,2026-07-29,29354e42ef0c3a5dcfab2220f035fd1be5874df613426379bae1f33e112f560b,996bed4920d57ac31c4fb24ea30428fd6f75ebf5eff9ad3e616c6bcf81f64d7c,"[""Tennis""]",1785303810.879979,KXITFWMATCH-26JUL29HOSDYU-DYU,Tennis,,KXITFWMATCH,eff22484-a537-4944-bd0e-5664e98b54bd,KXITFWMATCH-26JUL29HOSDYU,1785301687.0,quote,,1786510800.0,true,80.5000,80.0000,81.0000,110.18,4887.69
6,ed2086c87d52482699dee6d41678911f,0,2026-07-29,2026-07-29,29354e42ef0c3a5dcfab2220f035fd1be5874df613426379bae1f33e112f560b,996bed4920d57ac31c4fb24ea30428fd6f75ebf5eff9ad3e616c6bcf81f64d7c,"[""Tennis""]",1785303812.460016,KXITFMATCH-26JUL28PADSAT-PAD,Tennis,,KXITFMATCH,03e1243d-7dee-4056-a032-cb914b77515a,KXITFMATCH-26JUL28PADSAT,1785294636.0,quote,,1786501800.0,true,41.0000,40.0000,42.0000,1938.00,94.00
6,ed2086c87d52482699dee6d41678911f,0,2026-07-29,2026-07-29,29354e42ef0c3a5dcfab2220f035fd1be5874df613426379bae1f33e112f560b,996bed4920d57ac31c4fb24ea30428fd6f75ebf5eff9ad3e616c6bcf81f64d7c,"[""Tennis""]",1785303812.530245,KXITFMATCH-26JUL28WENJON-JON,Tennis,,KXITFMATCH,5195be65-3a9b-423a-9e35-55f2f5840354,KXITFMATCH-26JUL28WENJON,1785299448.0,quote,,1786501800.0,true,80.5000,80.0000,81.0000,770.95,24738.60
6,ed2086c87d52482699dee6d41678911f,0,2026-07-29,2026-07-29,29354e42ef0c3a5dcfab2220f035fd1be5874df613426379bae1f33e112f560b,996bed4920d57ac31c4fb24ea30428fd6f75ebf5eff9ad3e616c6bcf81f64d7c,"[""Tennis""]",1785303812.6021252,KXITFMATCH-26JUL28WENJON-WEN,Tennis,,KXITFMATCH,5195be65-3a9b-423a-9e35-55f2f5840354,KXITFMATCH-26JUL28WENJON,1785299448.0,quote,,1786501800.0,true,21.5000,21.0000,22.0000,4651.00,21728.78
6,ed2086c87d52482699dee6d41678911f,0,2026-07-29,2026-07-29,29354e42ef0c3a5dcfab2220f035fd1be5874df613426379bae1f33e112f560b,996bed4920d57ac31c4fb24ea30428fd6f75ebf5eff9ad3e616c6bcf81f64d7c,"[""Tennis""]",1785303812.676268,KXITFMATCH-26JUL28CHAHEI-CHA,Tennis,,KXITFMATCH,5ba6a34a-c169-4b0b-b8fd-b835a2127855,KXITFMATCH-26JUL28CHAHEI,1785299809.0,quote,,1786505400.0,true,72.5000,71.0000,74.0000,50.98,12.00
6,ed2086c87d52482699dee6d41678911f,0,2026-07-29,2026-07-29,29354e42ef0c3a5dcfab2220f035fd1be5874df613426379bae1f33e112f560b,996bed4920d57ac31c4fb24ea30428fd6f75ebf5eff9ad3e616c6bcf81f64d7c,"[""Tennis""]",1785303812.829825,KXITFWMATCH-26JUL29SOZMIL-MIL,Tennis,,KXITFWMATCH,0ba82ca4-7c3d-4fe6-9763-af01f430c473,KXITFWMATCH-26JUL29SOZMIL,1785301725.0,quote,,1786510800.0,true,93.0000,92.0000,94.0000,6092.02,7583.15
6,ed2086c87d52482699dee6d41678911f,0,2026-07-29,2026-07-29,29354e42ef0c3a5dcfab2220f035fd1be5874df613426379bae1f33e112f560b,996bed4920d57ac31c4fb24ea30428fd6f75ebf5eff9ad3e616c6bcf81f64d7c,"[""Tennis""]",1785303812.902378,KXITFWMATCH-26JUL29YOSKIM-KIM,Tennis,,KXITFWMATCH,9b9eecb5-c6a0-414a-bcf3-57262192676d,KXITFWMATCH-26JUL29YOSKIM,1785301851.0,quote,,1786510800.0,true,60.5000,60.0000,61.0000,2317.76,3638.83
6,ed2086c87d52482699dee6d41678911f,0,2026-07-29,2026-07-29,29354e42ef0c3a5dcfab2220f035fd1be5874df613426379bae1f33e112f560b,996bed4920d57ac31c4fb24ea30428fd6f75ebf5eff9ad3e616c6bcf81f64d7c,"[""Tennis""]",1785303812.974397,KXITFMATCH-26JUL28CHAHEI-HEI,Tennis,,KXITFMATCH,5ba6a34a-c169-4b0b-b8fd-b835a2127855,KXITFMATCH-26JUL28CHAHEI,1785299809.0,quote,,1786505400.0,true,27.5000,27.0000,28.0000,1.00,74.43
6,ed2086c87d52482699dee6d41678911f,0,2026-07-29,2026-07-29,29354e42ef0c3a5dcfab2220f035fd1be5874df613426379bae1f33e112f560b,996bed4920d57ac31c4fb24ea30428fd6f75ebf5eff9ad3e616c6bcf81f64d7c,"[""Tennis""]",1785303813.045863,KXITFWMATCH-26JUL29SOZMIL-SOZ,Tennis,,KXITFWMATCH,0ba82ca4-7c3d-4fe6-9763-af01f430c473,KXITFWMATCH-26JUL29SOZMIL,1785301725.0,quote,,1786510800.0,true,7.0000,6.0000,8.0000,5184.46,10015.77
6,ed2086c87d52482699dee6d41678911f,0,2026-07-29,2026-07-29,29354e42ef0c3a5dcfab2220f035fd1be5874df613426379bae1f33e112f560b,996bed4920d57ac31c4fb24ea30428fd6f75ebf5eff9ad3e616c6bcf81f64d7c,"[""Tennis""]",1785303813.117453,KXITFMATCH-26JUL29BRAPIE-PIE,Tennis,,KXITFMATCH,e7bed978-f0a4-4bc6-8904-d9b6730590e4,KXITFMATCH-26JUL29BRAPIE,1785305498.0,quote,,1786514400.0,true,85.5000,85.0000,86.0000,3461.00,1059.07
6,ed2086c87d52482699dee6d41678911f,0,2026-07-29,2026-07-29,29354e42ef0c3a5dcfab2220f035fd1be5874df613426379bae1f33e112f560b,996bed4920d57ac31c4fb24ea30428fd6f75ebf5eff9ad3e616c6bcf81f64d7c,"[""Tennis""]",1785303813.1880598,KXITFWMATCH-26JUL29HOSDYU-DYU,Tennis,,KXITFWMATCH,eff22484-a537-4944-bd0e-5664e98b54bd,KXITFWMATCH-26JUL29HOSDYU,1785301687.0,quote,,1786510800.0,true,80.5000,80.0000,81.0000,110.18,4887.69
6,ed2086c87d52482699dee6d41678911f,0,2026-07-29,2026-07-29,29354e42ef0c3a5dcfab2220f035fd1be5874df613426379bae1f33e112f560b,996bed4920d57ac31c4fb24ea30428fd6f75ebf5eff9ad3e616c6bcf81f64d7c,"[""Tennis""]",1785303814.7645419,KXITFMATCH-26JUL28PADSAT-PAD,Tennis,,KXITFMATCH,03e1243d-7dee-4056-a032-cb914b77515a,KXITFMATCH-26JUL28PADSAT,1785294636.0,quote,,1786501800.0,true,41.0000,40.0000,42.0000,1938.00,94.00
6,ed2086c87d52482699dee6d41678911f,0,2026-07-29,2026-07-29,29354e42ef0c3a5dcfab2220f035fd1be5874df613426379bae1f33e112f560b,996bed4920d57ac31c4fb24ea30428fd6f75ebf5eff9ad3e616c6bcf81f64d7c,"[""Tennis""]",1785303814.860838,KXITFMATCH-26JUL28WENJON-JON,Tennis,,KXITFMATCH,5195be65-3a9b-423a-9e35-55f2f5840354,KXITFMATCH-26JUL28WENJON,1785299448.0,quote,,1786501800.0,true,80.5000,80.0000,81.0000,770.95,23488.60
6,ed2086c87d52482699dee6d41678911f,0,2026-07-29,2026-07-29,29354e42ef0c3a5dcfab2220f035fd1be5874df613426379bae1f33e112f560b,996bed4920d57ac31c4fb24ea30428fd6f75ebf5eff9ad3e616c6bcf81f64d7c,"[""Tennis""]",1785303814.930521,KXITFMATCH-26JUL28WENJON-WEN,Tennis,,KXITFMATCH,5195be65-3a9b-423a-9e35-55f2f5840354,KXITFMATCH-26JUL28WENJON,1785299448.0,quote,,1786501800.0,true,21.5000,21.0000,22.0000,4275.02,18171.66
6,ed2086c87d52482699dee6d41678911f,0,2026-07-29,2026-07-29,29354e42ef0c3a5dcfab2220f035fd1be5874df613426379bae1f33e112f560b,996bed4920d57ac31c4fb24ea30428fd6f75ebf5eff9ad3e616c6bcf81f64d7c,"[""Tennis""]",1785303815.00217,KXITFMATCH-26JUL28CHAHEI-CHA,Tennis,,KXITFMATCH,5ba6a34a-c169-4b0b-b8fd-b835a2127855,KXITFMATCH-26JUL28CHAHEI,1785299809.0,quote,,1786505400.0,true,73.0000,72.0000,74.0000,20.00,22.05
6,ed2086c87d52482699dee6d41678911f,0,2026-07-29,2026-07-29,29354e42ef0c3a5dcfab2220f035fd1be5874df613426379bae1f33e112f560b,996bed4920d57ac31c4fb24ea30428fd6f75ebf5eff9ad3e616c6bcf81f64d7c,"[""Tennis""]",1785303815.077587,KXITFWMATCH-26JUL29SOZMIL-MIL,Tennis,,KXITFWMATCH,0ba82ca4-7c3d-4fe6-9763-af01f430c473,KXITFWMATCH-26JUL29SOZMIL,1785301725.0,quote,,1786510800.0,true,93.0000,92.0000,94.0000,6092.02,7583.15
6,ed2086c87d52482699dee6d41678911f,0,2026-07-29,2026-07-29,29354e42ef0c3a5dcfab2220f035fd1be5874df613426379bae1f33e112f560b,996bed4920d57ac31c4fb24ea30428fd6f75ebf5eff9ad3e616c6bcf81f64d7c,"[""Tennis""]",1785303815.1502001,KXITFWMATCH-26JUL29YOSKIM-KIM,Tennis,,KXITFWMATCH,9b9eecb5-c6a0-414a-bcf3-57262192676d,KXITFWMATCH-26JUL29YOSKIM,1785301851.0,quote,,1786510800.0,true,60.5000,60.0000,61.0000,2317.76,3638.83
6,ed2086c87d52482699dee6d41678911f,0,2026-07-29,2026-07-29,29354e42ef0c3a5dcfab2220f035fd1be5874df613426379bae1f33e112f560b,996bed4920d57ac31c4fb24ea30428fd6f75ebf5eff9ad3e616c6bcf81f64d7c,"[""Tennis""]",1785303815.2216918,KXITFMATCH-26JUL28CHAHEI-HEI,Tennis,,KXITFMATCH,5ba6a34a-c169-4b0b-b8fd-b835a2127855,KXITFMATCH-26JUL28CHAHEI,1785299809.0,quote,,1786505400.0,true,26.0000,25.0000,27.0000,1950.15,21.14
6,ed2086c87d52482699dee6d41678911f,0,2026-07-29,2026-07-29,29354e42ef0c3a5dcfab2220f035fd1be5874df613426379bae1f33e112f560b,996bed4920d57ac31c4fb24ea30428fd6f75ebf5eff9ad3e616c6bcf81f64d7c,"[""Tennis""]",1785303815.293239,KXITFWMATCH-26JUL29SOZMIL-SOZ,Tennis,,KXITFWMATCH,0ba82ca4-7c3d-4fe6-9763-af01f430c473,KXITFWMATCH-26JUL29SOZMIL,1785301725.0,quote,,1786510800.0,true,7.0000,6.0000,8.0000,5184.46,10015.77
6,ed2086c87d52482699dee6d41678911f,0,2026-07-29,2026-07-29,29354e42ef0c3a5dcfab2220f035fd1be5874df613426379bae1f33e112f560b,996bed4920d57ac31c4fb24ea30428fd6f75ebf5eff9ad3e616c6bcf81f64d7c,"[""Tennis""]",1785303815.454241,KXITFMATCH-26JUL29BRAPIE-PIE,Tennis,,KXITFMATCH,e7bed978-f0a4-4bc6-8904-d9b6730590e4,KXITFMATCH-26JUL29BRAPIE,1785305498.0,quote,,1786514400.0,true,85.5000,85.0000,86.0000,3461.00,1059.07
6,ed2086c87d52482699dee6d41678911f,0,2026-07-29,2026-07-29,29354e42ef0c3a5dcfab2220f035fd1be5874df613426379bae1f33e112f560b,996bed4920d57ac31c4fb24ea30428fd6f75ebf5eff9ad3e616c6bcf81f64d7c,"[""Tennis""]",1785303815.526968,KXITFWMATCH-26JUL29HOSDYU-DYU,Tennis,,KXITFWMATCH,eff22484-a537-4944-bd0e-5664e98b54bd,KXITFWMATCH-26JUL29HOSDYU,1785301687.0,quote,,1786510800.0,true,80.5000,80.0000,81.0000,110.18,4887.69
6,ed2086c87d52482699dee6d41678911f,0,2026-07-29,2026-07-29,29354e42ef0c3a5dcfab2220f035fd1be5874df613426379bae1f33e112f560b,996bed4920d57ac31c4fb24ea30428fd6f75ebf5eff9ad3e616c6bcf81f64d7c,"[""Tennis""]",1785303817.103992,KXITFMATCH-26JUL28PADSAT-PAD,Tennis,,KXITFMATCH,03e1243d-7dee-4056-a032-cb914b77515a,KXITFMATCH-26JUL28PADSAT,1785294636.0,quote,,1786501800.0,true,41.0000,40.0000,42.0000,1938.00,94.00
6,ed2086c87d52482699dee6d41678911f,0,2026-07-29,2026-07-29,29354e42ef0c3a5dcfab2220f035fd1be5874df613426379bae1f33e112f560b,996bed4920d57ac31c4fb24ea30428fd6f75ebf5eff9ad3e616c6bcf81f64d7c,"[""Tennis""]",1785303817.175979,KXITFMATCH-26JUL28WENJON-JON,Tennis,,KXITFMATCH,5195be65-3a9b-423a-9e35-55f2f5840354,KXITFMATCH-26JUL28WENJON,1785299448.0,quote,,1786501800.0,true,80.5000,80.0000,81.0000,770.95,23488.60
6,ed2086c87d52482699dee6d41678911f,0,2026-07-29,2026-07-29,29354e42ef0c3a5dcfab2220f035fd1be5874df613426379bae1f33e112f560b,996bed4920d57ac31c4fb24ea30428fd6f75ebf5eff9ad3e616c6bcf81f64d7c,"[""Tennis""]",1785303817.246764,KXITFMATCH-26JUL28WENJON-WEN,Tennis,,KXITFMATCH,5195be65-3a9b-423a-9e35-55f2f5840354,KXITFMATCH-26JUL28WENJON,1785299448.0,quote,,1786501800.0,true,21.5000,21.0000,22.0000,4275.02,18171.66
6,ed2086c87d52482699dee6d41678911f,0,2026-07-29,2026-07-29,29354e42ef0c3a5dcfab2220f035fd1be5874df613426379bae1f33e112f560b,996bed4920d57ac31c4fb24ea30428fd6f75ebf5eff9ad3e616c6bcf81f64d7c,"[""Tennis""]",1785303817.316536,KXITFMATCH-26JUL28CHAHEI-CHA,Tennis,,KXITFMATCH,5ba6a34a-c169-4b0b-b8fd-b835a2127855,KXITFMATCH-26JUL28CHAHEI,1785299809.0,quote,,1786505400.0,true,73.0000,72.0000,74.0000,20.00,22.05
6,ed2086c87d52482699dee6d41678911f,0,2026-07-29,2026-07-29,29354e42ef0c3a5dcfab2220f035fd1be5874df613426379bae1f33e112f560b,996bed4920d57ac31c4fb24ea30428fd6f75ebf5eff9ad3e616c6bcf81f64d7c,"[""Tennis""]",1785303817.386108,KXITFWMATCH-26JUL29SOZMIL-MIL,Tennis,,KXITFWMATCH,0ba82ca4-7c3d-4fe6-9763-af01f430c473,KXITFWMATCH-26JUL29SOZMIL,1785301725.0,quote,,1786510800.0,true,93.0000,92.0000,94.0000,6092.02,7583.15
6,ed2086c87d52482699dee6d41678911f,0,2026-07-29,2026-07-29,29354e42ef0c3a5dcfab2220f035fd1be5874df613426379bae1f33e112f560b,996bed4920d57ac31c4fb24ea30428fd6f75ebf5eff9ad3e616c6bcf81f64d7c,"[""Tennis""]",1785303817.4863439,KXITFWMATCH-26JUL29YOSKIM-KIM,Tennis,,KXITFWMATCH,9b9eecb5-c6a0-414a-bcf3-57262192676d,KXITFWMATCH-26JUL29YOSKIM,1785301851.0,quote,,1786510800.0,true,60.5000,60.0000,61.0000,2317.76,3638.83
6,ed2086c87d52482699dee6d41678911f,0,2026-07-29,2026-07-29,29354e42ef0c3a5dcfab2220f035fd1be5874df613426379bae1f33e112f560b,996bed4920d57ac31c4fb24ea30428fd6f75ebf5eff9ad3e616c6bcf81f64d7c,"[""Tennis""]",1785303817.557378,KXITFMATCH-26JUL28CHAHEI-HEI,Tennis,,KXITFMATCH,5ba6a34a-c169-4b0b-b8fd-b835a2127855,KXITFMATCH-26JUL28CHAHEI,1785299809.0,quote,,1786505400.0,true,26.0000,25.0000,27.0000,1950.15,21.14
6,ed2086c87d52482699dee6d41678911f,0,2026-07-29,2026-07-29,29354e42ef0c3a5dcfab2220f035fd1be5874df613426379bae1f33e112f560b,996bed4920d57ac31c4fb24ea30428fd6f75ebf5eff9ad3e616c6bcf81f64d7c,"[""Tennis""]",1785303817.628725,KXITFWMATCH-26JUL29SOZMIL-SOZ,Tennis,,KXITFWMATCH,0ba82ca4-7c3d-4fe6-9763-af01f430c473,KXITFWMATCH-26JUL29SOZMIL,1785301725.0,quote,,1786510800.0,true,7.0000,6.0000,8.0000,5184.46,10015.77
6,ed2086c87d52482699dee6d41678911f,0,2026-07-29,2026-07-29,29354e42ef0c3a5dcfab2220f035fd1be5874df613426379bae1f33e112f560b,996bed4920d57ac31c4fb24ea30428fd6f75ebf5eff9ad3e616c6bcf81f64d7c,"[""Tennis""]",1785303817.69972,KXITFMATCH-26JUL29BRAPIE-PIE,Tennis,,KXITFMATCH,e7bed978-f0a4-4bc6-8904-d9b6730590e4,KXITFMATCH-26JUL29BRAPIE,1785305498.0,quote,,1786514400.0,true,85.5000,85.0000,86.0000,3461.00,1059.07
6,ed2086c87d52482699dee6d41678911f,0,2026-07-29,2026-07-29,29354e42ef0c3a5dcfab2220f035fd1be5874df613426379bae1f33e112f560b,996bed4920d57ac31c4fb24ea30428fd6f75ebf5eff9ad3e616c6bcf81f64d7c,"[""Tennis""]",1785303817.7709382,KXITFWMATCH-26JUL29HOSDYU-DYU,Tennis,,KXITFWMATCH,eff22484-a537-4944-bd0e-5664e98b54bd,KXITFWMATCH-26JUL29HOSDYU,1785301687.0,quote,,1786510800.0,true,80.0000,79.0000,81.0000,107.96,56.00
6,ed2086c87d52482699dee6d41678911f,0,2026-07-29,2026-07-29,29354e42ef0c3a5dcfab2220f035fd1be5874df613426379bae1f33e112f560b,996bed4920d57ac31c4fb24ea30428fd6f75ebf5eff9ad3e616c6bcf81f64d7c,"[""Tennis""]",1785303819.357975,KXITFMATCH-26JUL28PADSAT-PAD,Tennis,,KXITFMATCH,03e1243d-7dee-4056-a032-cb914b77515a,KXITFMATCH-26JUL28PADSAT,1785294636.0,quote,,1786501800.0,true,41.5000,41.0000,42.0000,18432.63,8659.56
6,ed2086c87d52482699dee6d41678911f,0,2026-07-29,2026-07-29,29354e42ef0c3a5dcfab2220f035fd1be5874df613426379bae1f33e112f560b,996bed4920d57ac31c4fb24ea30428fd6f75ebf5eff9ad3e616c6bcf81f64d7c,"[""Tennis""]",1785303819.430402,KXITFMATCH-26JUL28WENJON-JON,Tennis,,KXITFMATCH,5195be65-3a9b-423a-9e35-55f2f5840354,KXITFMATCH-26JUL28WENJON,1785299448.0,quote,,1786501800.0,true,80.5000,80.0000,81.0000,770.95,23488.60
6,ed2086c87d52482699dee6d41678911f,0,2026-07-29,2026-07-29,29354e42ef0c3a5dcfab2220f035fd1be5874df613426379bae1f33e112f560b,996bed4920d57ac31c4fb24ea30428fd6f75ebf5eff9ad3e616c6bcf81f64d7c,"[""Tennis""]",1785303819.586036,KXITFMATCH-26JUL28WENJON-WEN,Tennis,,KXITFMATCH,5195be65-3a9b-423a-9e35-55f2f5840354,KXITFMATCH-26JUL28WENJON,1785299448.0,quote,,1786501800.0,true,21.5000,21.0000,22.0000,4275.02,18171.66
6,ed2086c87d52482699dee6d41678911f,0,2026-07-29,2026-07-29,29354e42ef0c3a5dcfab2220f035fd1be5874df613426379bae1f33e112f560b,996bed4920d57ac31c4fb24ea30428fd6f75ebf5eff9ad3e616c6bcf81f64d7c,"[""Tennis""]",1785303819.655502,KXITFMATCH-26JUL28CHAHEI-CHA,Tennis,,KXITFMATCH,5ba6a34a-c169-4b0b-b8fd-b835a2127855,KXITFMATCH-26JUL28CHAHEI,1785299809.0,quote,,1786505400.0,true,73.0000,72.0000,74.0000,20.00,22.05
6,ed2086c87d52482699dee6d41678911f,0,2026-07-29,2026-07-29,29354e42ef0c3a5dcfab2220f035fd1be5874df613426379bae1f33e112f560b,996bed4920d57ac31c4fb24ea30428fd6f75ebf5eff9ad3e616c6bcf81f64d7c,"[""Tennis""]",1785303819.725149,KXITFWMATCH-26JUL29SOZMIL-MIL,Tennis,,KXITFWMATCH,0ba82ca4-7c3d-4fe6-9763-af01f430c473,KXITFWMATCH-26JUL29SOZMIL,1785301725.0,quote,,1786510800.0,true,93.0000,92.0000,94.0000,6092.02,7583.15
6,ed2086c87d52482699dee6d41678911f,0,2026-07-29,2026-07-29,29354e42ef0c3a5dcfab2220f035fd1be5874df613426379bae1f33e112f560b,996bed4920d57ac31c4fb24ea30428fd6f75ebf5eff9ad3e616c6bcf81f64d7c,"[""Tennis""]",1785303819.7999969,KXITFWMATCH-26JUL29YOSKIM-KIM,Tennis,,KXITFWMATCH,9b9eecb5-c6a0-414a-bcf3-57262192676d,KXITFWMATCH-26JUL29YOSKIM,1785301851.0,quote,,1786510800.0,true,60.5000,60.0000,61.0000,540.88,2715.83
6,ed2086c87d52482699dee6d41678911f,0,2026-07-29,2026-07-29,29354e42ef0c3a5dcfab2220f035fd1be5874df613426379bae1f33e112f560b,996bed4920d57ac31c4fb24ea30428fd6f75ebf5eff9ad3e616c6bcf81f64d7c,"[""Tennis""]",1785303819.870639,KXITFMATCH-26JUL28CHAHEI-HEI,Tennis,,KXITFMATCH,5ba6a34a-c169-4b0b-b8fd-b835a2127855,KXITFMATCH-26JUL28CHAHEI,1785299809.0,quote,,1786505400.0,true,26.0000,25.0000,27.0000,1950.15,21.14
6,ed2086c87d52482699dee6d41678911f,0,2026-07-29,2026-07-29,29354e42ef0c3a5dcfab2220f035fd1be5874df613426379bae1f33e112f560b,996bed4920d57ac31c4fb24ea30428fd6f75ebf5eff9ad3e616c6bcf81f64d7c,"[""Tennis""]",1785303819.941967,KXITFWMATCH-26JUL29SOZMIL-SOZ,Tennis,,KXITFWMATCH,0ba82ca4-7c3d-4fe6-9763-af01f430c473,KXITFWMATCH-26JUL29SOZMIL,1785301725.0,quote,,1786510800.0,true,7.0000,6.0000,8.0000,5184.46,10015.77
6,ed2086c87d52482699dee6d41678911f,0,2026-07-29,2026-07-29,29354e42ef0c3a5dcfab2220f035fd1be5874df613426379bae1f33e112f560b,996bed4920d57ac31c4fb24ea30428fd6f75ebf5eff9ad3e616c6bcf81f64d7c,"[""Tennis""]",1785303820.013209,KXITFMATCH-26JUL29BRAPIE-PIE,Tennis,,KXITFMATCH,e7bed978-f0a4-4bc6-8904-d9b6730590e4,KXITFMATCH-26JUL29BRAPIE,1785305498.0,quote,,1786514400.0,true,85.5000,85.0000,86.0000,3461.00,1059.07
6,ed2086c87d52482699dee6d41678911f,0,2026-07-29,2026-07-29,29354e42ef0c3a5dcfab2220f035fd1be5874df613426379bae1f33e112f560b,996bed4920d57ac31c4fb24ea30428fd6f75ebf5eff9ad3e616c6bcf81f64d7c,"[""Tennis""]",1785303820.166816,KXITFWMATCH-26JUL29HOSDYU-DYU,Tennis,,KXITFWMATCH,eff22484-a537-4944-bd0e-5664e98b54bd,KXITFWMATCH-26JUL29HOSDYU,1785301687.0,quote,,1786510800.0,true,80.0000,79.0000,81.0000,107.96,56.00
6,ed2086c87d52482699dee6d41678911f,0,2026-07-29,2026-07-29,29354e42ef0c3a5dcfab2220f035fd1be5874df613426379bae1f33e112f560b,996bed4920d57ac31c4fb24ea30428fd6f75ebf5eff9ad3e616c6bcf81f64d7c,"[""Tennis""]",1785303821.742285,KXITFMATCH-26JUL28PADSAT-PAD,Tennis,,KXITFMATCH,03e1243d-7dee-4056-a032-cb914b77515a,KXITFMATCH-26JUL28PADSAT,1785294636.0,quote,,1786501800.0,true,41.5000,41.0000,42.0000,18432.63,8659.56
6,ed2086c87d52482699dee6d41678911f,0,2026-07-29,2026-07-29,29354e42ef0c3a5dcfab2220f035fd1be5874df613426379bae1f33e112f560b,996bed4920d57ac31c4fb24ea30428fd6f75ebf5eff9ad3e616c6bcf81f64d7c,"[""Tennis""]",1785303821.813118,KXITFMATCH-26JUL28WENJON-JON,Tennis,,KXITFMATCH,5195be65-3a9b-423a-9e35-55f2f5840354,KXITFMATCH-26JUL28WENJON,1785299448.0,quote,,1786501800.0,true,80.5000,80.0000,81.0000,770.95,23488.60
6,ed2086c87d52482699dee6d41678911f,0,2026-07-29,2026-07-29,29354e42ef0c3a5dcfab2220f035fd1be5874df613426379bae1f33e112f560b,996bed4920d57ac31c4fb24ea30428fd6f75ebf5eff9ad3e616c6bcf81f64d7c,"[""Tennis""]",1785303821.883147,KXITFMATCH-26JUL28WENJON-WEN,Tennis,,KXITFMATCH,5195be65-3a9b-423a-9e35-55f2f5840354,KXITFMATCH-26JUL28WENJON,1785299448.0,quote,,1786501800.0,true,21.5000,21.0000,22.0000,4275.02,18171.66
6,ed2086c87d52482699dee6d41678911f,0,2026-07-29,2026-07-29,29354e42ef0c3a5dcfab2220f035fd1be5874df613426379bae1f33e112f560b,996bed4920d57ac31c4fb24ea30428fd6f75ebf5eff9ad3e616c6bcf81f64d7c,"[""Tennis""]",1785303821.954318,KXITFMATCH-26JUL28CHAHEI-CHA,Tennis,,KXITFMATCH,5ba6a34a-c169-4b0b-b8fd-b835a2127855,KXITFMATCH-26JUL28CHAHEI,1785299809.0,quote,,1786505400.0,true,73.0000,72.0000,74.0000,20.00,22.05
6,ed2086c87d52482699dee6d41678911f,0,2026-07-29,2026-07-29,29354e42ef0c3a5dcfab2220f035fd1be5874df613426379bae1f33e112f560b,996bed4920d57ac31c4fb24ea30428fd6f75ebf5eff9ad3e616c6bcf81f64d7c,"[""Tennis""]",1785303822.025834,KXITFWMATCH-26JUL29SOZMIL-MIL,Tennis,,KXITFWMATCH,0ba82ca4-7c3d-4fe6-9763-af01f430c473,KXITFWMATCH-26JUL29SOZMIL,1785301725.0,quote,,1786510800.0,true,93.0000,92.0000,94.0000,6092.02,7583.15
6,ed2086c87d52482699dee6d41678911f,0,2026-07-29,2026-07-29,29354e42ef0c3a5dcfab2220f035fd1be5874df613426379bae1f33e112f560b,996bed4920d57ac31c4fb24ea30428fd6f75ebf5eff9ad3e616c6bcf81f64d7c,"[""Tennis""]",1785303822.097808,KXITFWMATCH-26JUL29YOSKIM-KIM,Tennis,,KXITFWMATCH,9b9eecb5-c6a0-414a-bcf3-57262192676d,KXITFWMATCH-26JUL29YOSKIM,1785301851.0,quote,,1786510800.0,true,60.5000,60.0000,61.0000,540.88,2715.83
6,ed2086c87d52482699dee6d41678911f,0,2026-07-29,2026-07-29,29354e42ef0c3a5dcfab2220f035fd1be5874df613426379bae1f33e112f560b,996bed4920d57ac31c4fb24ea30428fd6f75ebf5eff9ad3e616c6bcf81f64d7c,"[""Tennis""]",1785303822.202264,KXITFMATCH-26JUL28CHAHEI-HEI,Tennis,,KXITFMATCH,5ba6a34a-c169-4b0b-b8fd-b835a2127855,KXITFMATCH-26JUL28CHAHEI,1785299809.0,quote,,1786505400.0,true,26.0000,25.0000,27.0000,1950.15,21.14
6,ed2086c87d52482699dee6d41678911f,0,2026-07-29,2026-07-29,29354e42ef0c3a5dcfab2220f035fd1be5874df613426379bae1f33e112f560b,996bed4920d57ac31c4fb24ea30428fd6f75ebf5eff9ad3e616c6bcf81f64d7c,"[""Tennis""]",1785303822.275667,KXITFWMATCH-26JUL29SOZMIL-SOZ,Tennis,,KXITFWMATCH,0ba82ca4-7c3d-4fe6-9763-af01f430c473,KXITFWMATCH-26JUL29SOZMIL,1785301725.0,quote,,1786510800.0,true,7.0000,6.0000,8.0000,2476.41,1258.15
6,ed2086c87d52482699dee6d41678911f,0,2026-07-29,2026-07-29,29354e42ef0c3a5dcfab2220f035fd1be5874df613426379bae1f33e112f560b,996bed4920d57ac31c4fb24ea30428fd6f75ebf5eff9ad3e616c6bcf81f64d7c,"[""Tennis""]",1785303822.346308,KXITFMATCH-26JUL29BRAPIE-PIE,Tennis,,KXITFMATCH,e7bed978-f0a4-4bc6-8904-d9b6730590e4,KXITFMATCH-26JUL29BRAPIE,1785305498.0,quote,,1786514400.0,true,85.5000,85.0000,86.0000,3461.00,1059.07
6,ed2086c87d52482699dee6d41678911f,0,2026-07-29,2026-07-29,29354e42ef0c3a5dcfab2220f035fd1be5874df613426379bae1f33e112f560b,996bed4920d57ac31c4fb24ea30428fd6f75ebf5eff9ad3e616c6bcf81f64d7c,"[""Tennis""]",1785303822.420883,KXITFWMATCH-26JUL29HOSDYU-DYU,Tennis,,KXITFWMATCH,eff22484-a537-4944-bd0e-5664e98b54bd,KXITFWMATCH-26JUL29HOSDYU,1785301687.0,quote,,1786510800.0,true,80.0000,79.0000,81.0000,107.96,56.00
6,ed2086c87d52482699dee6d41678911f,0,2026-07-29,2026-07-29,29354e42ef0c3a5dcfab2220f035fd1be5874df613426379bae1f33e112f560b,996bed4920d57ac31c4fb24ea30428fd6f75ebf5eff9ad3e616c6bcf81f64d7c,"[""Tennis""]",1785303823.9961758,KXITFMATCH-26JUL28PADSAT-PAD,Tennis,,KXITFMATCH,03e1243d-7dee-4056-a032-cb914b77515a,KXITFMATCH-26JUL28PADSAT,1785294636.0,quote,,1786501800.0,true,41.5000,41.0000,42.0000,18432.63,8659.56
6,ed2086c87d52482699dee6d41678911f,0,2026-07-29,2026-07-29,29354e42ef0c3a5dcfab2220f035fd1be5874df613426379bae1f33e112f560b,996bed4920d57ac31c4fb24ea30428fd6f75ebf5eff9ad3e616c6bcf81f64d7c,"[""Tennis""]",1785303824.0669298,KXITFMATCH-26JUL28WENJON-JON,Tennis,,KXITFMATCH,5195be65-3a9b-423a-9e35-55f2f5840354,KXITFMATCH-26JUL28WENJON,1785299448.0,quote,,1786501800.0,true,80.5000,80.0000,81.0000,770.95,23488.60
6,ed2086c87d52482699dee6d41678911f,0,2026-07-29,2026-07-29,29354e42ef0c3a5dcfab2220f035fd1be5874df613426379bae1f33e112f560b,996bed4920d57ac31c4fb24ea30428fd6f75ebf5eff9ad3e616c6bcf81f64d7c,"[""Tennis""]",1785303824.1379042,KXITFMATCH-26JUL28WENJON-WEN,Tennis,,KXITFMATCH,5195be65-3a9b-423a-9e35-55f2f5840354,KXITFMATCH-26JUL28WENJON,1785299448.0,quote,,1786501800.0,true,21.5000,21.0000,22.0000,4275.02,18171.66
6,ed2086c87d52482699dee6d41678911f,0,2026-07-29,2026-07-29,29354e42ef0c3a5dcfab2220f035fd1be5874df613426379bae1f33e112f560b,996bed4920d57ac31c4fb24ea30428fd6f75ebf5eff9ad3e616c6bcf81f64d7c,"[""Tennis""]",1785303824.207475,KXITFMATCH-26JUL28CHAHEI-CHA,Tennis,,KXITFMATCH,5ba6a34a-c169-4b0b-b8fd-b835a2127855,KXITFMATCH-26JUL28CHAHEI,1785299809.0,quote,,1786505400.0,true,73.0000,72.0000,74.0000,20.00,22.05
6,ed2086c87d52482699dee6d41678911f,0,2026-07-29,2026-07-29,29354e42ef0c3a5dcfab2220f035fd1be5874df613426379bae1f33e112f560b,996bed4920d57ac31c4fb24ea30428fd6f75ebf5eff9ad3e616c6bcf81f64d7c,"[""Tennis""]",1785303824.368487,KXITFWMATCH-26JUL29SOZMIL-MIL,Tennis,,KXITFWMATCH,0ba82ca4-7c3d-4fe6-9763-af01f430c473,KXITFWMATCH-26JUL29SOZMIL,1785301725.0,quote,,1786510800.0,true,93.0000,92.0000,94.0000,866.00,3157.01
6,ed2086c87d52482699dee6d41678911f,0,2026-07-29,2026-07-29,29354e42ef0c3a5dcfab2220f035fd1be5874df613426379bae1f33e112f560b,996bed4920d57ac31c4fb24ea30428fd6f75ebf5eff9ad3e616c6bcf81f64d7c,"[""Tennis""]",1785303824.440196,KXITFWMATCH-26JUL29YOSKIM-KIM,Tennis,,KXITFWMATCH,9b9eecb5-c6a0-414a-bcf3-57262192676d,KXITFWMATCH-26JUL29YOSKIM,1785301851.0,quote,,1786510800.0,true,60.5000,60.0000,61.0000,540.88,2715.83
6,ed2086c87d52482699dee6d41678911f,0,2026-07-29,2026-07-29,29354e42ef0c3a5dcfab2220f035fd1be5874df613426379bae1f33e112f560b,996bed4920d57ac31c4fb24ea30428fd6f75ebf5eff9ad3e616c6bcf81f64d7c,"[""Tennis""]",1785303824.5100632,KXITFMATCH-26JUL28CHAHEI-HEI,Tennis,,KXITFMATCH,5ba6a34a-c169-4b0b-b8fd-b835a2127855,KXITFMATCH-26JUL28CHAHEI,1785299809.0,quote,,1786505400.0,true,26.0000,25.0000,27.0000,1950.15,21.14
6,ed2086c87d52482699dee6d41678911f,0,2026-07-29,2026-07-29,29354e42ef0c3a5dcfab2220f035fd1be5874df613426379bae1f33e112f560b,996bed4920d57ac31c4fb24ea30428fd6f75ebf5eff9ad3e616c6bcf81f64d7c,"[""Tennis""]",1785303824.5810199,KXITFWMATCH-26JUL29SOZMIL-SOZ,Tennis,,KXITFWMATCH,0ba82ca4-7c3d-4fe6-9763-af01f430c473,KXITFWMATCH-26JUL29SOZMIL,1785301725.0,quote,,1786510800.0,true,7.0000,6.0000,8.0000,2476.41,1258.15
6,ed2086c87d52482699dee6d41678911f,0,2026-07-29,2026-07-29,29354e42ef0c3a5dcfab2220f035fd1be5874df613426379bae1f33e112f560b,996bed4920d57ac31c4fb24ea30428fd6f75ebf5eff9ad3e616c6bcf81f64d7c,"[""Tennis""]",1785303824.6517959,KXITFMATCH-26JUL29BRAPIE-PIE,Tennis,,KXITFMATCH,e7bed978-f0a4-4bc6-8904-d9b6730590e4,KXITFMATCH-26JUL29BRAPIE,1785305498.0,quote,,1786514400.0,true,85.5000,85.0000,86.0000,3461.00,1059.07
6,ed2086c87d52482699dee6d41678911f,0,2026-07-29,2026-07-29,29354e42ef0c3a5dcfab2220f035fd1be5874df613426379bae1f33e112f560b,996bed4920d57ac31c4fb24ea30428fd6f75ebf5eff9ad3e616c6bcf81f64d7c,"[""Tennis""]",1785303824.7238069,KXITFWMATCH-26JUL29HOSDYU-DYU,Tennis,,KXITFWMATCH,eff22484-a537-4944-bd0e-5664e98b54bd,KXITFWMATCH-26JUL29HOSDYU,1785301687.0,quote,,1786510800.0,true,80.0000,79.0000,81.0000,107.96,56.00
6,ed2086c87d52482699dee6d41678911f,0,2026-07-29,2026-07-29,29354e42ef0c3a5dcfab2220f035fd1be5874df613426379bae1f33e112f560b,996bed4920d57ac31c4fb24ea30428fd6f75ebf5eff9ad3e616c6bcf81f64d7c,"[""Tennis""]",1785303826.301793,KXITFMATCH-26JUL28PADSAT-PAD,Tennis,,KXITFMATCH,03e1243d-7dee-4056-a032-cb914b77515a,KXITFMATCH-26JUL28PADSAT,1785294636.0,quote,,1786501800.0,true,41.5000,41.0000,42.0000,18432.63,8659.56
6,ed2086c87d52482699dee6d41678911f,0,2026-07-29,2026-07-29,29354e42ef0c3a5dcfab2220f035fd1be5874df613426379bae1f33e112f560b,996bed4920d57ac31c4fb24ea30428fd6f75ebf5eff9ad3e616c6bcf81f64d7c,"[""Tennis""]",1785303826.4624798,KXITFMATCH-26JUL28WENJON-JON,Tennis,,KXITFMATCH,5195be65-3a9b-423a-9e35-55f2f5840354,KXITFMATCH-26JUL28WENJON,1785299448.0,quote,,1786501800.0,true,78.0000,76.0000,80.0000,1058.00,5.00
6,ed2086c87d52482699dee6d41678911f,0,2026-07-29,2026-07-29,29354e42ef0c3a5dcfab2220f035fd1be5874df613426379bae1f33e112f560b,996bed4920d57ac31c4fb24ea30428fd6f75ebf5eff9ad3e616c6bcf81f64d7c,"[""Tennis""]",1785303826.533376,KXITFMATCH-26JUL28WENJON-WEN,Tennis,,KXITFMATCH,5195be65-3a9b-423a-9e35-55f2f5840354,KXITFMATCH-26JUL28WENJON,1785299448.0,quote,,1786501800.0,true,21.5000,19.0000,24.0000,63.60,1.10
6,ed2086c87d52482699dee6d41678911f,0,2026-07-29,2026-07-29,29354e42ef0c3a5dcfab2220f035fd1be5874df613426379bae1f33e112f560b,996bed4920d57ac31c4fb24ea30428fd6f75ebf5eff9ad3e616c6bcf81f64d7c,"[""Tennis""]",1785303826.6075578,KXITFMATCH-26JUL28CHAHEI-CHA,Tennis,,KXITFMATCH,5ba6a34a-c169-4b0b-b8fd-b835a2127855,KXITFMATCH-26JUL28CHAHEI,1785299809.0,quote,,1786505400.0,true,70.5000,70.0000,71.0000,2419.15,4115.59
6,ed2086c87d52482699dee6d41678911f,0,2026-07-29,2026-07-29,29354e42ef0c3a5dcfab2220f035fd1be5874df613426379bae1f33e112f560b,996bed4920d57ac31c4fb24ea30428fd6f75ebf5eff9ad3e616c6bcf81f64d7c,"[""Tennis""]",1785303826.677,KXITFWMATCH-26JUL29SOZMIL-MIL,Tennis,,KXITFWMATCH,0ba82ca4-7c3d-4fe6-9763-af01f430c473,KXITFWMATCH-26JUL29SOZMIL,1785301725.0,quote,,1786510800.0,true,93.0000,92.0000,94.0000,866.00,3157.01
6,ed2086c87d52482699dee6d41678911f,0,2026-07-29,2026-07-29,29354e42ef0c3a5dcfab2220f035fd1be5874df613426379bae1f33e112f560b,996bed4920d57ac31c4fb24ea30428fd6f75ebf5eff9ad3e616c6bcf81f64d7c,"[""Tennis""]",1785303826.7490828,KXITFWMATCH-26JUL29YOSKIM-KIM,Tennis,,KXITFWMATCH,9b9eecb5-c6a0-414a-bcf3-57262192676d,KXITFWMATCH-26JUL29YOSKIM,1785301851.0,quote,,1786510800.0,true,60.5000,60.0000,61.0000,540.88,2715.83
6,ed2086c87d52482699dee6d41678911f,0,2026-07-29,2026-07-29,29354e42ef0c3a5dcfab2220f035fd1be5874df613426379bae1f33e112f560b,996bed4920d57ac31c4fb24ea30428fd6f75ebf5eff9ad3e616c6bcf81f64d7c,"[""Tennis""]",1785303826.81953,KXITFMATCH-26JUL28CHAHEI-HEI,Tennis,,KXITFMATCH,5ba6a34a-c169-4b0b-b8fd-b835a2127855,KXITFMATCH-26JUL28CHAHEI,1785299809.0,quote,,1786505400.0,true,30.0000,29.0000,31.0000,3410.44,4460.32
6,ed2086c87d52482699dee6d41678911f,0,2026-07-29,2026-07-29,29354e42ef0c3a5dcfab2220f035fd1be5874df613426379bae1f33e112f560b,996bed4920d57ac31c4fb24ea30428fd6f75ebf5eff9ad3e616c6bcf81f64d7c,"[""Tennis""]",1785303826.926528,KXITFWMATCH-26JUL29SOZMIL-SOZ,Tennis,,KXITFWMATCH,0ba82ca4-7c3d-4fe6-9763-af01f430c473,KXITFWMATCH-26JUL29SOZMIL,1785301725.0,quote,,1786510800.0,true,7.0000,6.0000,8.0000,2476.41,1258.15
6,ed2086c87d52482699dee6d41678911f,0,2026-07-29,2026-07-29,29354e42ef0c3a5dcfab2220f035fd1be5874df613426379bae1f33e112f560b,996bed4920d57ac31c4fb24ea30428fd6f75ebf5eff9ad3e616c6bcf81f64d7c,"[""Tennis""]",1785303826.997476,KXITFMATCH-26JUL29BRAPIE-PIE,Tennis,,KXITFMATCH,e7bed978-f0a4-4bc6-8904-d9b6730590e4,KXITFMATCH-26JUL29BRAPIE,1785305498.0,quote,,1786514400.0,true,85.5000,85.0000,86.0000,3461.00,1059.07
6,ed2086c87d52482699dee6d41678911f,0,2026-07-29,2026-07-29,29354e42ef0c3a5dcfab2220f035fd1be5874df613426379bae1f33e112f560b,996bed4920d57ac31c4fb24ea30428fd6f75ebf5eff9ad3e616c6bcf81f64d7c,"[""Tennis""]",1785303827.069885,KXITFWMATCH-26JUL29HOSDYU-DYU,Tennis,,KXITFWMATCH,eff22484-a537-4944-bd0e-5664e98b54bd,KXITFWMATCH-26JUL29HOSDYU,1785301687.0,quote,,1786510800.0,true,80.0000,79.0000,81.0000,107.96,56.00
6,ed2086c87d52482699dee6d41678911f,0,2026-07-29,2026-07-29,29354e42ef0c3a5dcfab2220f035fd1be5874df613426379bae1f33e112f560b,996bed4920d57ac31c4fb24ea30428fd6f75ebf5eff9ad3e616c6bcf81f64d7c,"[""Tennis""]",1785303828.653455,KXITFMATCH-26JUL28PADSAT-PAD,Tennis,,KXITFMATCH,03e1243d-7dee-4056-a032-cb914b77515a,KXITFMATCH-26JUL28PADSAT,1785294636.0,quote,,1786501800.0,true,41.5000,41.0000,42.0000,19132.63,8412.90
6,ed2086c87d52482699dee6d41678911f,0,2026-07-29,2026-07-29,29354e42ef0c3a5dcfab2220f035fd1be5874df613426379bae1f33e112f560b,996bed4920d57ac31c4fb24ea30428fd6f75ebf5eff9ad3e616c6bcf81f64d7c,"[""Tennis""]",1785303828.730745,KXITFMATCH-26JUL28WENJON-JON,Tennis,,KXITFMATCH,5195be65-3a9b-423a-9e35-55f2f5840354,KXITFMATCH-26JUL28WENJON,1785299448.0,quote,,1786501800.0,true,78.0000,76.0000,80.0000,1058.00,5.00
6,ed2086c87d52482699dee6d41678911f,0,2026-07-29,2026-07-29,29354e42ef0c3a5dcfab2220f035fd1be5874df613426379bae1f33e112f560b,996bed4920d57ac31c4fb24ea30428fd6f75ebf5eff9ad3e616c6bcf81f64d7c,"[""Tennis""]",1785303828.802887,KXITFMATCH-26JUL28WENJON-WEN,Tennis,,KXITFMATCH,5195be65-3a9b-423a-9e35-55f2f5840354,KXITFMATCH-26JUL28WENJON,1785299448.0,quote,,1786501800.0,true,21.5000,19.0000,24.0000,63.60,1.10
6,ed2086c87d52482699dee6d41678911f,0,2026-07-29,2026-07-29,29354e42ef0c3a5dcfab2220f035fd1be5874df613426379bae1f33e112f560b,996bed4920d57ac31c4fb24ea30428fd6f75ebf5eff9ad3e616c6bcf81f64d7c,"[""Tennis""]",1785303828.8754098,KXITFMATCH-26JUL28CHAHEI-CHA,Tennis,,KXITFMATCH,5ba6a34a-c169-4b0b-b8fd-b835a2127855,KXITFMATCH-26JUL28CHAHEI,1785299809.0,quote,,1786505400.0,true,70.5000,70.0000,71.0000,2419.15,4115.59
6,ed2086c87d52482699dee6d41678911f,0,2026-07-29,2026-07-29,29354e42ef0c3a5dcfab2220f035fd1be5874df613426379bae1f33e112f560b,996bed4920d57ac31c4fb24ea30428fd6f75ebf5eff9ad3e616c6bcf81f64d7c,"[""Tennis""]",1785303829.023277,KXITFWMATCH-26JUL29SOZMIL-MIL,Tennis,,KXITFWMATCH,0ba82ca4-7c3d-4fe6-9763-af01f430c473,KXITFWMATCH-26JUL29SOZMIL,1785301725.0,quote,,1786510800.0,true,93.0000,92.0000,94.0000,866.00,3157.01
6,ed2086c87d52482699dee6d41678911f,0,2026-07-29,2026-07-29,29354e42ef0c3a5dcfab2220f035fd1be5874df613426379bae1f33e112f560b,996bed4920d57ac31c4fb24ea30428fd6f75ebf5eff9ad3e616c6bcf81f64d7c,"[""Tennis""]",1785303829.095168,KXITFWMATCH-26JUL29YOSKIM-KIM,Tennis,,KXITFWMATCH,9b9eecb5-c6a0-414a-bcf3-57262192676d,KXITFWMATCH-26JUL29YOSKIM,1785301851.0,quote,,1786510800.0,true,60.5000,60.0000,61.0000,540.88,2715.83
6,ed2086c87d52482699dee6d41678911f,0,2026-07-29,2026-07-29,29354e42ef0c3a5dcfab2220f035fd1be5874df613426379bae1f33e112f560b,996bed4920d57ac31c4fb24ea30428fd6f75ebf5eff9ad3e616c6bcf81f64d7c,"[""Tennis""]",1785303829.166511,KXITFMATCH-26JUL28CHAHEI-HEI,Tennis,,KXITFMATCH,5ba6a34a-c169-4b0b-b8fd-b835a2127855,KXITFMATCH-26JUL28CHAHEI,1785299809.0,quote,,1786505400.0,true,30.0000,29.0000,31.0000,3410.44,4460.32
6,ed2086c87d52482699dee6d41678911f,0,2026-07-29,2026-07-29,29354e42ef0c3a5dcfab2220f035fd1be5874df613426379bae1f33e112f560b,996bed4920d57ac31c4fb24ea30428fd6f75ebf5eff9ad3e616c6bcf81f64d7c,"[""Tennis""]",1785303829.237934,KXITFWMATCH-26JUL29SOZMIL-SOZ,Tennis,,KXITFWMATCH,0ba82ca4-7c3d-4fe6-9763-af01f430c473,KXITFWMATCH-26JUL29SOZMIL,1785301725.0,quote,,1786510800.0,true,7.0000,6.0000,8.0000,2476.41,1258.15
6,ed2086c87d52482699dee6d41678911f,0,2026-07-29,2026-07-29,29354e42ef0c3a5dcfab2220f035fd1be5874df613426379bae1f33e112f560b,996bed4920d57ac31c4fb24ea30428fd6f75ebf5eff9ad3e616c6bcf81f64d7c,"[""Tennis""]",1785303829.309536,KXITFMATCH-26JUL29BRAPIE-PIE,Tennis,,KXITFMATCH,e7bed978-f0a4-4bc6-8904-d9b6730590e4,KXITFMATCH-26JUL29BRAPIE,1785305498.0,quote,,1786514400.0,true,85.5000,85.0000,86.0000,3461.00,1059.07
6,ed2086c87d52482699dee6d41678911f,0,2026-07-29,2026-07-29,29354e42ef0c3a5dcfab2220f035fd1be5874df613426379bae1f33e112f560b,996bed4920d57ac31c4fb24ea30428fd6f75ebf5eff9ad3e616c6bcf81f64d7c,"[""Tennis""]",1785303829.3808599,KXITFWMATCH-26JUL29HOSDYU-DYU,Tennis,,KXITFWMATCH,eff22484-a537-4944-bd0e-5664e98b54bd,KXITFWMATCH-26JUL29HOSDYU,1785301687.0,quote,,1786510800.0,true,79.5000,78.0000,81.0000,100.00,1.00
6,ed2086c87d52482699dee6d41678911f,0,2026-07-29,2026-07-29,29354e42ef0c3a5dcfab2220f035fd1be5874df613426379bae1f33e112f560b,996bed4920d57ac31c4fb24ea30428fd6f75ebf5eff9ad3e616c6bcf81f64d7c,"[""Tennis""]",1785303830.958032,KXITFMATCH-26JUL28PADSAT-PAD,Tennis,,KXITFMATCH,03e1243d-7dee-4056-a032-cb914b77515a,KXITFMATCH-26JUL28PADSAT,1785294636.0,quote,,1786501800.0,true,41.5000,41.0000,42.0000,19132.63,8412.90
6,ed2086c87d52482699dee6d41678911f,0,2026-07-29,2026-07-29,29354e42ef0c3a5dcfab2220f035fd1be5874df613426379bae1f33e112f560b,996bed4920d57ac31c4fb24ea30428fd6f75ebf5eff9ad3e616c6bcf81f64d7c,"[""Tennis""]",1785303831.122325,KXITFMATCH-26JUL28WENJON-JON,Tennis,,KXITFMATCH,5195be65-3a9b-423a-9e35-55f2f5840354,KXITFMATCH-26JUL28WENJON,1785299448.0,quote,,1786501800.0,true,78.0000,76.0000,80.0000,1058.00,5.00
6,ed2086c87d52482699dee6d41678911f,0,2026-07-29,2026-07-29,29354e42ef0c3a5dcfab2220f035fd1be5874df613426379bae1f33e112f560b,996bed4920d57ac31c4fb24ea30428fd6f75ebf5eff9ad3e616c6bcf81f64d7c,"[""Tennis""]",1785303831.1934102,KXITFMATCH-26JUL28WENJON-WEN,Tennis,,KXITFMATCH,5195be65-3a9b-423a-9e35-55f2f5840354,KXITFMATCH-26JUL28WENJON,1785299448.0,quote,,1786501800.0,true,21.5000,19.0000,24.0000,63.60,1.10
6,ed2086c87d52482699dee6d41678911f,0,2026-07-29,2026-07-29,29354e42ef0c3a5dcfab2220f035fd1be5874df613426379bae1f33e112f560b,996bed4920d57ac31c4fb24ea30428fd6f75ebf5eff9ad3e616c6bcf81f64d7c,"[""Tennis""]",1785303831.263081,KXITFMATCH-26JUL28CHAHEI-CHA,Tennis,,KXITFMATCH,5ba6a34a-c169-4b0b-b8fd-b835a2127855,KXITFMATCH-26JUL28CHAHEI,1785299809.0,quote,,1786505400.0,true,70.5000,70.0000,71.0000,2419.15,4115.59
6,ed2086c87d52482699dee6d41678911f,0,2026-07-29,2026-07-29,29354e42ef0c3a5dcfab2220f035fd1be5874df613426379bae1f33e112f560b,996bed4920d57ac31c4fb24ea30428fd6f75ebf5eff9ad3e616c6bcf81f64d7c,"[""Tennis""]",1785303831.337098,KXITFWMATCH-26JUL29SOZMIL-MIL,Tennis,,KXITFWMATCH,0ba82ca4-7c3d-4fe6-9763-af01f430c473,KXITFWMATCH-26JUL29SOZMIL,1785301725.0,quote,,1786510800.0,true,93.0000,92.0000,94.0000,866.00,3157.01
6,ed2086c87d52482699dee6d41678911f,0,2026-07-29,2026-07-29,29354e42ef0c3a5dcfab2220f035fd1be5874df613426379bae1f33e112f560b,996bed4920d57ac31c4fb24ea30428fd6f75ebf5eff9ad3e616c6bcf81f64d7c,"[""Tennis""]",1785303831.407974,KXITFWMATCH-26JUL29YOSKIM-KIM,Tennis,,KXITFWMATCH,9b9eecb5-c6a0-414a-bcf3-57262192676d,KXITFWMATCH-26JUL29YOSKIM,1785301851.0,quote,,1786510800.0,true,60.5000,60.0000,61.0000,220.88,2740.45
6,ed2086c87d52482699dee6d41678911f,0,2026-07-29,2026-07-29,29354e42ef0c3a5dcfab2220f035fd1be5874df613426379bae1f33e112f560b,996bed4920d57ac31c4fb24ea30428fd6f75ebf5eff9ad3e616c6bcf81f64d7c,"[""Tennis""]",1785303831.478932,KXITFMATCH-26JUL28CHAHEI-HEI,Tennis,,KXITFMATCH,5ba6a34a-c169-4b0b-b8fd-b835a2127855,KXITFMATCH-26JUL28CHAHEI,1785299809.0,quote,,1786505400.0,true,30.0000,29.0000,31.0000,3410.44,4460.32
6,ed2086c87d52482699dee6d41678911f,0,2026-07-29,2026-07-29,29354e42ef0c3a5dcfab2220f035fd1be5874df613426379bae1f33e112f560b,996bed4920d57ac31c4fb24ea30428fd6f75ebf5eff9ad3e616c6bcf81f64d7c,"[""Tennis""]",1785303831.5467432,KXITFWMATCH-26JUL29SOZMIL-SOZ,Tennis,,KXITFWMATCH,0ba82ca4-7c3d-4fe6-9763-af01f430c473,KXITFWMATCH-26JUL29SOZMIL,1785301725.0,quote,,1786510800.0,true,7.0000,6.0000,8.0000,2476.41,1258.15
6,ed2086c87d52482699dee6d41678911f,0,2026-07-29,2026-07-29,29354e42ef0c3a5dcfab2220f035fd1be5874df613426379bae1f33e112f560b,996bed4920d57ac31c4fb24ea30428fd6f75ebf5eff9ad3e616c6bcf81f64d7c,"[""Tennis""]",1785303831.70097,KXITFMATCH-26JUL29BRAPIE-PIE,Tennis,,KXITFMATCH,e7bed978-f0a4-4bc6-8904-d9b6730590e4,KXITFMATCH-26JUL29BRAPIE,1785305498.0,quote,,1786514400.0,true,85.5000,85.0000,86.0000,3461.00,1059.07
6,ed2086c87d52482699dee6d41678911f,0,2026-07-29,2026-07-29,29354e42ef0c3a5dcfab2220f035fd1be5874df613426379bae1f33e112f560b,996bed4920d57ac31c4fb24ea30428fd6f75ebf5eff9ad3e616c6bcf81f64d7c,"[""Tennis""]",1785303831.770205,KXITFWMATCH-26JUL29HOSDYU-DYU,Tennis,,KXITFWMATCH,eff22484-a537-4944-bd0e-5664e98b54bd,KXITFWMATCH-26JUL29HOSDYU,1785301687.0,quote,,1786510800.0,true,79.5000,78.0000,81.0000,100.00,1.00
6,ed2086c87d52482699dee6d41678911f,0,2026-07-29,2026-07-29,29354e42ef0c3a5dcfab2220f035fd1be5874df613426379bae1f33e112f560b,996bed4920d57ac31c4fb24ea30428fd6f75ebf5eff9ad3e616c6bcf81f64d7c,"[""Tennis""]",1785303833.346797,KXITFMATCH-26JUL28PADSAT-PAD,Tennis,,KXITFMATCH,03e1243d-7dee-4056-a032-cb914b77515a,KXITFMATCH-26JUL28PADSAT,1785294636.0,quote,,1786501800.0,true,41.5000,41.0000,42.0000,19132.63,8412.90
6,ed2086c87d52482699dee6d41678911f,0,2026-07-29,2026-07-29,29354e42ef0c3a5dcfab2220f035fd1be5874df613426379bae1f33e112f560b,996bed4920d57ac31c4fb24ea30428fd6f75ebf5eff9ad3e616c6bcf81f64d7c,"[""Tennis""]",1785303833.418538,KXITFMATCH-26JUL28WENJON-JON,Tennis,,KXITFMATCH,5195be65-3a9b-423a-9e35-55f2f5840354,KXITFMATCH-26JUL28WENJON,1785299448.0,quote,,1786501800.0,true,78.0000,76.0000,80.0000,1058.00,5.00
6,ed2086c87d52482699dee6d41678911f,0,2026-07-29,2026-07-29,29354e42ef0c3a5dcfab2220f035fd1be5874df613426379bae1f33e112f560b,996bed4920d57ac31c4fb24ea30428fd6f75ebf5eff9ad3e616c6bcf81f64d7c,"[""Tennis""]",1785303833.489093,KXITFMATCH-26JUL28WENJON-WEN,Tennis,,KXITFMATCH,5195be65-3a9b-423a-9e35-55f2f5840354,KXITFMATCH-26JUL28WENJON,1785299448.0,quote,,1786501800.0,true,21.5000,19.0000,24.0000,63.60,1.10
6,ed2086c87d52482699dee6d41678911f,0,2026-07-29,2026-07-29,29354e42ef0c3a5dcfab2220f035fd1be5874df613426379bae1f33e112f560b,996bed4920d57ac31c4fb24ea30428fd6f75ebf5eff9ad3e616c6bcf81f64d7c,"[""Tennis""]",1785303833.559018,KXITFMATCH-26JUL28CHAHEI-CHA,Tennis,,KXITFMATCH,5ba6a34a-c169-4b0b-b8fd-b835a2127855,KXITFMATCH-26JUL28CHAHEI,1785299809.0,quote,,1786505400.0,true,70.5000,70.0000,71.0000,2419.15,4115.59
6,ed2086c87d52482699dee6d41678911f,0,2026-07-29,2026-07-29,29354e42ef0c3a5dcfab2220f035fd1be5874df613426379bae1f33e112f560b,996bed4920d57ac31c4fb24ea30428fd6f75ebf5eff9ad3e616c6bcf81f64d7c,"[""Tennis""]",1785303833.62942,KXITFWMATCH-26JUL29SOZMIL-MIL,Tennis,,KXITFWMATCH,0ba82ca4-7c3d-4fe6-9763-af01f430c473,KXITFWMATCH-26JUL29SOZMIL,1785301725.0,quote,,1786510800.0,true,93.0000,92.0000,94.0000,866.00,3157.01
6,ed2086c87d52482699dee6d41678911f,0,2026-07-29,2026-07-29,29354e42ef0c3a5dcfab2220f035fd1be5874df613426379bae1f33e112f560b,996bed4920d57ac31c4fb24ea30428fd6f75ebf5eff9ad3e616c6bcf81f64d7c,"[""Tennis""]",1785303833.742749,KXITFWMATCH-26JUL29YOSKIM-KIM,Tennis,,KXITFWMATCH,9b9eecb5-c6a0-414a-bcf3-57262192676d,KXITFWMATCH-26JUL29YOSKIM,1785301851.0,quote,,1786510800.0,true,60.5000,60.0000,61.0000,220.88,2740.45
6,ed2086c87d52482699dee6d41678911f,0,2026-07-29,2026-07-29,29354e42ef0c3a5dcfab2220f035fd1be5874df613426379bae1f33e112f560b,996bed4920d57ac31c4fb24ea30428fd6f75ebf5eff9ad3e616c6bcf81f64d7c,"[""Tennis""]",1785303833.814025,KXITFMATCH-26JUL28CHAHEI-HEI,Tennis,,KXITFMATCH,5ba6a34a-c169-4b0b-b8fd-b835a2127855,KXITFMATCH-26JUL28CHAHEI,1785299809.0,quote,,1786505400.0,true,30.0000,29.0000,31.0000,3410.44,4460.32
6,ed2086c87d52482699dee6d41678911f,0,2026-07-29,2026-07-29,29354e42ef0c3a5dcfab2220f035fd1be5874df613426379bae1f33e112f560b,996bed4920d57ac31c4fb24ea30428fd6f75ebf5eff9ad3e616c6bcf81f64d7c,"[""Tennis""]",1785303833.883918,KXITFWMATCH-26JUL29SOZMIL-SOZ,Tennis,,KXITFWMATCH,0ba82ca4-7c3d-4fe6-9763-af01f430c473,KXITFWMATCH-26JUL29SOZMIL,1785301725.0,quote,,1786510800.0,true,7.0000,6.0000,8.0000,2476.41,1258.15
6,ed2086c87d52482699dee6d41678911f,0,2026-07-29,2026-07-29,29354e42ef0c3a5dcfab2220f035fd1be5874df613426379bae1f33e112f560b,996bed4920d57ac31c4fb24ea30428fd6f75ebf5eff9ad3e616c6bcf81f64d7c,"[""Tennis""]",1785303833.956095,KXITFMATCH-26JUL29BRAPIE-PIE,Tennis,,KXITFMATCH,e7bed978-f0a4-4bc6-8904-d9b6730590e4,KXITFMATCH-26JUL29BRAPIE,1785305498.0,quote,,1786514400.0,true,85.5000,85.0000,86.0000,3461.00,1059.07
6,ed2086c87d52482699dee6d41678911f,0,2026-07-29,2026-07-29,29354e42ef0c3a5dcfab2220f035fd1be5874df613426379bae1f33e112f560b,996bed4920d57ac31c4fb24ea30428fd6f75ebf5eff9ad3e616c6bcf81f64d7c,"[""Tennis""]",1785303834.0296981,KXITFWMATCH-26JUL29HOSDYU-DYU,Tennis,,KXITFWMATCH,eff22484-a537-4944-bd0e-5664e98b54bd,KXITFWMATCH-26JUL29HOSDYU,1785301687.0,quote,,1786510800.0,true,79.5000,78.0000,81.0000,100.00,1.00
6,ed2086c87d52482699dee6d41678911f,0,2026-07-29,2026-07-29,29354e42ef0c3a5dcfab2220f035fd1be5874df613426379bae1f33e112f560b,996bed4920d57ac31c4fb24ea30428fd6f75ebf5eff9ad3e616c6bcf81f64d7c,"[""Tennis""]",1785303835.60584,KXITFMATCH-26JUL28PADSAT-PAD,Tennis,,KXITFMATCH,03e1243d-7dee-4056-a032-cb914b77515a,KXITFMATCH-26JUL28PADSAT,1785294636.0,quote,,1786501800.0,true,41.5000,41.0000,42.0000,19132.63,8412.90
6,ed2086c87d52482699dee6d41678911f,0,2026-07-29,2026-07-29,29354e42ef0c3a5dcfab2220f035fd1be5874df613426379bae1f33e112f560b,996bed4920d57ac31c4fb24ea30428fd6f75ebf5eff9ad3e616c6bcf81f64d7c,"[""Tennis""]",1785303835.676267,KXITFMATCH-26JUL28WENJON-JON,Tennis,,KXITFMATCH,5195be65-3a9b-423a-9e35-55f2f5840354,KXITFMATCH-26JUL28WENJON,1785299448.0,quote,,1786501800.0,true,73.5000,73.0000,74.0000,10721.55,15809.00
6,ed2086c87d52482699dee6d41678911f,0,2026-07-29,2026-07-29,29354e42ef0c3a5dcfab2220f035fd1be5874df613426379bae1f33e112f560b,996bed4920d57ac31c4fb24ea30428fd6f75ebf5eff9ad3e616c6bcf81f64d7c,"[""Tennis""]",1785303835.839326,KXITFMATCH-26JUL28WENJON-WEN,Tennis,,KXITFMATCH,5195be65-3a9b-423a-9e35-55f2f5840354,KXITFMATCH-26JUL28WENJON,1785299448.0,quote,,1786501800.0,true,26.5000,26.0000,27.0000,6850.00,16786.38
6,ed2086c87d52482699dee6d41678911f,0,2026-07-29,2026-07-29,29354e42ef0c3a5dcfab2220f035fd1be5874df613426379bae1f33e112f560b,996bed4920d57ac31c4fb24ea30428fd6f75ebf5eff9ad3e616c6bcf81f64d7c,"[""Tennis""]",1785303835.909754,KXITFMATCH-26JUL28CHAHEI-CHA,Tennis,,KXITFMATCH,5ba6a34a-c169-4b0b-b8fd-b835a2127855,KXITFMATCH-26JUL28CHAHEI,1785299809.0,quote,,1786505400.0,true,70.5000,70.0000,71.0000,2419.15,4115.59
6,ed2086c87d52482699dee6d41678911f,0,2026-07-29,2026-07-29,29354e42ef0c3a5dcfab2220f035fd1be5874df613426379bae1f33e112f560b,996bed4920d57ac31c4fb24ea30428fd6f75ebf5eff9ad3e616c6bcf81f64d7c,"[""Tennis""]",1785303836.0293472,KXITFWMATCH-26JUL29SOZMIL-MIL,Tennis,,KXITFWMATCH,0ba82ca4-7c3d-4fe6-9763-af01f430c473,KXITFWMATCH-26JUL29SOZMIL,1785301725.0,quote,,1786510800.0,true,93.0000,92.0000,94.0000,726.00,541.33
6,ed2086c87d52482699dee6d41678911f,0,2026-07-29,2026-07-29,29354e42ef0c3a5dcfab2220f035fd1be5874df613426379bae1f33e112f560b,996bed4920d57ac31c4fb24ea30428fd6f75ebf5eff9ad3e616c6bcf81f64d7c,"[""Tennis""]",1785303836.0985339,KXITFWMATCH-26JUL29YOSKIM-KIM,Tennis,,KXITFWMATCH,9b9eecb5-c6a0-414a-bcf3-57262192676d,KXITFWMATCH-26JUL29YOSKIM,1785301851.0,quote,,1786510800.0,true,60.5000,60.0000,61.0000,220.88,2740.45
6,ed2086c87d52482699dee6d41678911f,0,2026-07-29,2026-07-29,29354e42ef0c3a5dcfab2220f035fd1be5874df613426379bae1f33e112f560b,996bed4920d57ac31c4fb24ea30428fd6f75ebf5eff9ad3e616c6bcf81f64d7c,"[""Tennis""]",1785303836.169358,KXITFMATCH-26JUL28CHAHEI-HEI,Tennis,,KXITFMATCH,5ba6a34a-c169-4b0b-b8fd-b835a2127855,KXITFMATCH-26JUL28CHAHEI,1785299809.0,quote,,1786505400.0,true,29.5000,29.0000,30.0000,2905.29,2206.45
6,ed2086c87d52482699dee6d41678911f,0,2026-07-29,2026-07-29,29354e42ef0c3a5dcfab2220f035fd1be5874df613426379bae1f33e112f560b,996bed4920d57ac31c4fb24ea30428fd6f75ebf5eff9ad3e616c6bcf81f64d7c,"[""Tennis""]",1785303836.2396522,KXITFWMATCH-26JUL29SOZMIL-SOZ,Tennis,,KXITFWMATCH,0ba82ca4-7c3d-4fe6-9763-af01f430c473,KXITFWMATCH-26JUL29SOZMIL,1785301725.0,quote,,1786510800.0,true,7.0000,6.0000,8.0000,1095.73,1140.72
6,ed2086c87d52482699dee6d41678911f,0,2026-07-29,2026-07-29,29354e42ef0c3a5dcfab2220f035fd1be5874df613426379bae1f33e112f560b,996bed4920d57ac31c4fb24ea30428fd6f75ebf5eff9ad3e616c6bcf81f64d7c,"[""Tennis""]",1785303836.364036,KXITFMATCH-26JUL29BRAPIE-PIE,Tennis,,KXITFMATCH,e7bed978-f0a4-4bc6-8904-d9b6730590e4,KXITFMATCH-26JUL29BRAPIE,1785305498.0,quote,,1786514400.0,true,85.5000,85.0000,86.0000,3461.00,1059.07
6,ed2086c87d52482699dee6d41678911f,0,2026-07-29,2026-07-29,29354e42ef0c3a5dcfab2220f035fd1be5874df613426379bae1f33e112f560b,996bed4920d57ac31c4fb24ea30428fd6f75ebf5eff9ad3e616c6bcf81f64d7c,"[""Tennis""]",1785303836.434577,KXITFWMATCH-26JUL29HOSDYU-DYU,Tennis,,KXITFWMATCH,eff22484-a537-4944-bd0e-5664e98b54bd,KXITFWMATCH-26JUL29HOSDYU,1785301687.0,quote,,1786510800.0,true,79.5000,78.0000,81.0000,100.00,1.00
6,ed2086c87d52482699dee6d41678911f,0,2026-07-29,2026-07-29,29354e42ef0c3a5dcfab2220f035fd1be5874df613426379bae1f33e112f560b,996bed4920d57ac31c4fb24ea30428fd6f75ebf5eff9ad3e616c6bcf81f64d7c,"[""Tennis""]",1785303838.010357,KXITFMATCH-26JUL28PADSAT-PAD,Tennis,,KXITFMATCH,03e1243d-7dee-4056-a032-cb914b77515a,KXITFMATCH-26JUL28PADSAT,1785294636.0,quote,,1786501800.0,true,41.5000,41.0000,42.0000,19132.63,8412.90
6,ed2086c87d52482699dee6d41678911f,0,2026-07-29,2026-07-29,29354e42ef0c3a5dcfab2220f035fd1be5874df613426379bae1f33e112f560b,996bed4920d57ac31c4fb24ea30428fd6f75ebf5eff9ad3e616c6bcf81f64d7c,"[""Tennis""]",1785303838.140393,KXITFMATCH-26JUL28WENJON-JON,Tennis,,KXITFMATCH,5195be65-3a9b-423a-9e35-55f2f5840354,KXITFMATCH-26JUL28WENJON,1785299448.0,quote,,1786501800.0,true,73.5000,73.0000,74.0000,10721.55,15809.00
6,ed2086c87d52482699dee6d41678911f,0,2026-07-29,2026-07-29,29354e42ef0c3a5dcfab2220f035fd1be5874df613426379bae1f33e112f560b,996bed4920d57ac31c4fb24ea30428fd6f75ebf5eff9ad3e616c6bcf81f64d7c,"[""Tennis""]",1785303838.210455,KXITFMATCH-26JUL28WENJON-WEN,Tennis,,KXITFMATCH,5195be65-3a9b-423a-9e35-55f2f5840354,KXITFMATCH-26JUL28WENJON,1785299448.0,quote,,1786501800.0,true,26.5000,26.0000,27.0000,6850.00,16786.38
6,ed2086c87d52482699dee6d41678911f,0,2026-07-29,2026-07-29,29354e42ef0c3a5dcfab2220f035fd1be5874df613426379bae1f33e112f560b,996bed4920d57ac31c4fb24ea30428fd6f75ebf5eff9ad3e616c6bcf81f64d7c,"[""Tennis""]",1785303838.278451,KXITFMATCH-26JUL28CHAHEI-CHA,Tennis,,KXITFMATCH,5ba6a34a-c169-4b0b-b8fd-b835a2127855,KXITFMATCH-26JUL28CHAHEI,1785299809.0,quote,,1786505400.0,true,70.5000,70.0000,71.0000,2419.15,4108.19
6,ed2086c87d52482699dee6d41678911f,0,2026-07-29,2026-07-29,29354e42ef0c3a5dcfab2220f035fd1be5874df613426379bae1f33e112f560b,996bed4920d57ac31c4fb24ea30428fd6f75ebf5eff9ad3e616c6bcf81f64d7c,"[""Tennis""]",1785303838.3490078,KXITFWMATCH-26JUL29SOZMIL-MIL,Tennis,,KXITFWMATCH,0ba82ca4-7c3d-4fe6-9763-af01f430c473,KXITFWMATCH-26JUL29SOZMIL,1785301725.0,quote,,1786510800.0,true,93.0000,92.0000,94.0000,726.00,541.33
6,ed2086c87d52482699dee6d41678911f,0,2026-07-29,2026-07-29,29354e42ef0c3a5dcfab2220f035fd1be5874df613426379bae1f33e112f560b,996bed4920d57ac31c4fb24ea30428fd6f75ebf5eff9ad3e616c6bcf81f64d7c,"[""Tennis""]",1785303838.459784,KXITFWMATCH-26JUL29YOSKIM-KIM,Tennis,,KXITFWMATCH,9b9eecb5-c6a0-414a-bcf3-57262192676d,KXITFWMATCH-26JUL29YOSKIM,1785301851.0,quote,,1786510800.0,true,60.5000,60.0000,61.0000,220.88,2740.45
6,ed2086c87d52482699dee6d41678911f,0,2026-07-29,2026-07-29,29354e42ef0c3a5dcfab2220f035fd1be5874df613426379bae1f33e112f560b,996bed4920d57ac31c4fb24ea30428fd6f75ebf5eff9ad3e616c6bcf81f64d7c,"[""Tennis""]",1785303838.528935,KXITFMATCH-26JUL28CHAHEI-HEI,Tennis,,KXITFMATCH,5ba6a34a-c169-4b0b-b8fd-b835a2127855,KXITFMATCH-26JUL28CHAHEI,1785299809.0,quote,,1786505400.0,true,29.5000,29.0000,30.0000,2905.29,2206.45
6,ed2086c87d52482699dee6d41678911f,0,2026-07-29,2026-07-29,29354e42ef0c3a5dcfab2220f035fd1be5874df613426379bae1f33e112f560b,996bed4920d57ac31c4fb24ea30428fd6f75ebf5eff9ad3e616c6bcf81f64d7c,"[""Tennis""]",1785303838.651804,KXITFWMATCH-26JUL29SOZMIL-SOZ,Tennis,,KXITFWMATCH,0ba82ca4-7c3d-4fe6-9763-af01f430c473,KXITFWMATCH-26JUL29SOZMIL,1785301725.0,quote,,1786510800.0,true,7.0000,6.0000,8.0000,1095.73,1140.72
6,ed2086c87d52482699dee6d41678911f,0,2026-07-29,2026-07-29,29354e42ef0c3a5dcfab2220f035fd1be5874df613426379bae1f33e112f560b,996bed4920d57ac31c4fb24ea30428fd6f75ebf5eff9ad3e616c6bcf81f64d7c,"[""Tennis""]",1785303838.7201111,KXITFMATCH-26JUL29BRAPIE-PIE,Tennis,,KXITFMATCH,e7bed978-f0a4-4bc6-8904-d9b6730590e4,KXITFMATCH-26JUL29BRAPIE,1785305498.0,quote,,1786514400.0,true,85.5000,85.0000,86.0000,3461.00,1059.07
6,ed2086c87d52482699dee6d41678911f,0,2026-07-29,2026-07-29,29354e42ef0c3a5dcfab2220f035fd1be5874df613426379bae1f33e112f560b,996bed4920d57ac31c4fb24ea30428fd6f75ebf5eff9ad3e616c6bcf81f64d7c,"[""Tennis""]",1785303838.790635,KXITFWMATCH-26JUL29HOSDYU-DYU,Tennis,,KXITFWMATCH,eff22484-a537-4944-bd0e-5664e98b54bd,KXITFWMATCH-26JUL29HOSDYU,1785301687.0,quote,,1786510800.0,true,78.0000,77.0000,79.0000,49.00,127.00
6,ed2086c87d52482699dee6d41678911f,0,2026-07-29,2026-07-29,29354e42ef0c3a5dcfab2220f035fd1be5874df613426379bae1f33e112f560b,996bed4920d57ac31c4fb24ea30428fd6f75ebf5eff9ad3e616c6bcf81f64d7c,"[""Tennis""]",1785303840.364102,KXITFMATCH-26JUL28PADSAT-PAD,Tennis,,KXITFMATCH,03e1243d-7dee-4056-a032-cb914b77515a,KXITFMATCH-26JUL28PADSAT,1785294636.0,quote,,1786501800.0,true,41.5000,41.0000,42.0000,30.00,727.92
6,ed2086c87d52482699dee6d41678911f,0,2026-07-29,2026-07-29,29354e42ef0c3a5dcfab2220f035fd1be5874df613426379bae1f33e112f560b,996bed4920d57ac31c4fb24ea30428fd6f75ebf5eff9ad3e616c6bcf81f64d7c,"[""Tennis""]",1785303840.432099,KXITFMATCH-26JUL28WENJON-JON,Tennis,,KXITFMATCH,5195be65-3a9b-423a-9e35-55f2f5840354,KXITFMATCH-26JUL28WENJON,1785299448.0,quote,,1786501800.0,true,73.5000,73.0000,74.0000,10721.55,15809.00
6,ed2086c87d52482699dee6d41678911f,0,2026-07-29,2026-07-29,29354e42ef0c3a5dcfab2220f035fd1be5874df613426379bae1f33e112f560b,996bed4920d57ac31c4fb24ea30428fd6f75ebf5eff9ad3e616c6bcf81f64d7c,"[""Tennis""]",1785303840.554453,KXITFMATCH-26JUL28WENJON-WEN,Tennis,,KXITFMATCH,5195be65-3a9b-423a-9e35-55f2f5840354,KXITFMATCH-26JUL28WENJON,1785299448.0,quote,,1786501800.0,true,26.5000,26.0000,27.0000,6850.00,16786.38
6,ed2086c87d52482699dee6d41678911f,0,2026-07-29,2026-07-29,29354e42ef0c3a5dcfab2220f035fd1be5874df613426379bae1f33e112f560b,996bed4920d57ac31c4fb24ea30428fd6f75ebf5eff9ad3e616c6bcf81f64d7c,"[""Tennis""]",1785303840.628642,KXITFMATCH-26JUL28CHAHEI-CHA,Tennis,,KXITFMATCH,5ba6a34a-c169-4b0b-b8fd-b835a2127855,KXITFMATCH-26JUL28CHAHEI,1785299809.0,quote,,1786505400.0,true,70.5000,70.0000,71.0000,2419.15,4108.19
6,ed2086c87d52482699dee6d41678911f,0,2026-07-29,2026-07-29,29354e42ef0c3a5dcfab2220f035fd1be5874df613426379bae1f33e112f560b,996bed4920d57ac31c4fb24ea30428fd6f75ebf5eff9ad3e616c6bcf81f64d7c,"[""Tennis""]",1785303840.750398,KXITFWMATCH-26JUL29SOZMIL-MIL,Tennis,,KXITFWMATCH,0ba82ca4-7c3d-4fe6-9763-af01f430c473,KXITFWMATCH-26JUL29SOZMIL,1785301725.0,quote,,1786510800.0,true,93.0000,92.0000,94.0000,726.00,541.33
6,ed2086c87d52482699dee6d41678911f,0,2026-07-29,2026-07-29,29354e42ef0c3a5dcfab2220f035fd1be5874df613426379bae1f33e112f560b,996bed4920d57ac31c4fb24ea30428fd6f75ebf5eff9ad3e616c6bcf81f64d7c,"[""Tennis""]",1785303840.8189492,KXITFWMATCH-26JUL29YOSKIM-KIM,Tennis,,KXITFWMATCH,9b9eecb5-c6a0-414a-bcf3-57262192676d,KXITFWMATCH-26JUL29YOSKIM,1785301851.0,quote,,1786510800.0,true,60.5000,60.0000,61.0000,220.88,2740.45
6,ed2086c87d52482699dee6d41678911f,0,2026-07-29,2026-07-29,29354e42ef0c3a5dcfab2220f035fd1be5874df613426379bae1f33e112f560b,996bed4920d57ac31c4fb24ea30428fd6f75ebf5eff9ad3e616c6bcf81f64d7c,"[""Tennis""]",1785303840.888374,KXITFMATCH-26JUL28CHAHEI-HEI,Tennis,,KXITFMATCH,5ba6a34a-c169-4b0b-b8fd-b835a2127855,KXITFMATCH-26JUL28CHAHEI,1785299809.0,quote,,1786505400.0,true,29.5000,29.0000,30.0000,2905.29,2206.45
6,ed2086c87d52482699dee6d41678911f,0,2026-07-29,2026-07-29,29354e42ef0c3a5dcfab2220f035fd1be5874df613426379bae1f33e112f560b,996bed4920d57ac31c4fb24ea30428fd6f75ebf5eff9ad3e616c6bcf81f64d7c,"[""Tennis""]",1785303840.9574609,KXITFWMATCH-26JUL29SOZMIL-SOZ,Tennis,,KXITFWMATCH,0ba82ca4-7c3d-4fe6-9763-af01f430c473,KXITFWMATCH-26JUL29SOZMIL,1785301725.0,quote,,1786510800.0,true,7.0000,6.0000,8.0000,1095.73,1140.72
6,ed2086c87d52482699dee6d41678911f,0,2026-07-29,2026-07-29,29354e42ef0c3a5dcfab2220f035fd1be5874df613426379bae1f33e112f560b,996bed4920d57ac31c4fb24ea30428fd6f75ebf5eff9ad3e616c6bcf81f64d7c,"[""Tennis""]",1785303841.0814369,KXITFMATCH-26JUL29BRAPIE-PIE,Tennis,,KXITFMATCH,e7bed978-f0a4-4bc6-8904-d9b6730590e4,KXITFMATCH-26JUL29BRAPIE,1785305498.0,quote,,1786514400.0,true,85.5000,85.0000,86.0000,3461.00,1059.07
6,ed2086c87d52482699dee6d41678911f,0,2026-07-29,2026-07-29,29354e42ef0c3a5dcfab2220f035fd1be5874df613426379bae1f33e112f560b,996bed4920d57ac31c4fb24ea30428fd6f75ebf5eff9ad3e616c6bcf81f64d7c,"[""Tennis""]",1785303841.154618,KXITFWMATCH-26JUL29HOSDYU-DYU,Tennis,,KXITFWMATCH,eff22484-a537-4944-bd0e-5664e98b54bd,KXITFWMATCH-26JUL29HOSDYU,1785301687.0,quote,,1786510800.0,true,78.0000,77.0000,79.0000,49.00,127.00
6,ed2086c87d52482699dee6d41678911f,0,2026-07-29,2026-07-29,29354e42ef0c3a5dcfab2220f035fd1be5874df613426379bae1f33e112f560b,996bed4920d57ac31c4fb24ea30428fd6f75ebf5eff9ad3e616c6bcf81f64d7c,"[""Tennis""]",1785303842.73436,KXITFMATCH-26JUL28PADSAT-PAD,Tennis,,KXITFMATCH,03e1243d-7dee-4056-a032-cb914b77515a,KXITFMATCH-26JUL28PADSAT,1785294636.0,quote,,1786501800.0,true,41.5000,41.0000,42.0000,30.00,727.92
6,ed2086c87d52482699dee6d41678911f,0,2026-07-29,2026-07-29,29354e42ef0c3a5dcfab2220f035fd1be5874df613426379bae1f33e112f560b,996bed4920d57ac31c4fb24ea30428fd6f75ebf5eff9ad3e616c6bcf81f64d7c,"[""Tennis""]",1785303842.846581,KXITFMATCH-26JUL28WENJON-JON,Tennis,,KXITFMATCH,5195be65-3a9b-423a-9e35-55f2f5840354,KXITFMATCH-26JUL28WENJON,1785299448.0,quote,,1786501800.0,true,73.5000,73.0000,74.0000,10721.55,15809.00
6,ed2086c87d52482699dee6d41678911f,0,2026-07-29,2026-07-29,29354e42ef0c3a5dcfab2220f035fd1be5874df613426379bae1f33e112f560b,996bed4920d57ac31c4fb24ea30428fd6f75ebf5eff9ad3e616c6bcf81f64d7c,"[""Tennis""]",1785303842.9163651,KXITFMATCH-26JUL28WENJON-WEN,Tennis,,KXITFMATCH,5195be65-3a9b-423a-9e35-55f2f5840354,KXITFMATCH-26JUL28WENJON,1785299448.0,quote,,1786501800.0,true,26.5000,26.0000,27.0000,6850.00,16786.38
6,ed2086c87d52482699dee6d41678911f,0,2026-07-29,2026-07-29,29354e42ef0c3a5dcfab2220f035fd1be5874df613426379bae1f33e112f560b,996bed4920d57ac31c4fb24ea30428fd6f75ebf5eff9ad3e616c6bcf81f64d7c,"[""Tennis""]",1785303842.9864068,KXITFMATCH-26JUL28CHAHEI-CHA,Tennis,,KXITFMATCH,5ba6a34a-c169-4b0b-b8fd-b835a2127855,KXITFMATCH-26JUL28CHAHEI,1785299809.0,quote,,1786505400.0,true,70.5000,70.0000,71.0000,2419.15,4108.19
6,ed2086c87d52482699dee6d41678911f,0,2026-07-29,2026-07-29,29354e42ef0c3a5dcfab2220f035fd1be5874df613426379bae1f33e112f560b,996bed4920d57ac31c4fb24ea30428fd6f75ebf5eff9ad3e616c6bcf81f64d7c,"[""Tennis""]",1785303843.0561862,KXITFWMATCH-26JUL29SOZMIL-MIL,Tennis,,KXITFWMATCH,0ba82ca4-7c3d-4fe6-9763-af01f430c473,KXITFWMATCH-26JUL29SOZMIL,1785301725.0,quote,,1786510800.0,true,93.0000,92.0000,94.0000,726.00,541.33
6,ed2086c87d52482699dee6d41678911f,0,2026-07-29,2026-07-29,29354e42ef0c3a5dcfab2220f035fd1be5874df613426379bae1f33e112f560b,996bed4920d57ac31c4fb24ea30428fd6f75ebf5eff9ad3e616c6bcf81f64d7c,"[""Tennis""]",1785303843.178298,KXITFWMATCH-26JUL29YOSKIM-KIM,Tennis,,KXITFWMATCH,9b9eecb5-c6a0-414a-bcf3-57262192676d,KXITFWMATCH-26JUL29YOSKIM,1785301851.0,quote,,1786510800.0,true,60.5000,60.0000,61.0000,220.88,2452.45
6,ed2086c87d52482699dee6d41678911f,0,2026-07-29,2026-07-29,29354e42ef0c3a5dcfab2220f035fd1be5874df613426379bae1f33e112f560b,996bed4920d57ac31c4fb24ea30428fd6f75ebf5eff9ad3e616c6bcf81f64d7c,"[""Tennis""]",1785303843.248286,KXITFMATCH-26JUL28CHAHEI-HEI,Tennis,,KXITFMATCH,5ba6a34a-c169-4b0b-b8fd-b835a2127855,KXITFMATCH-26JUL28CHAHEI,1785299809.0,quote,,1786505400.0,true,29.5000,29.0000,30.0000,2905.29,2206.45
6,ed2086c87d52482699dee6d41678911f,0,2026-07-29,2026-07-29,29354e42ef0c3a5dcfab2220f035fd1be5874df613426379bae1f33e112f560b,996bed4920d57ac31c4fb24ea30428fd6f75ebf5eff9ad3e616c6bcf81f64d7c,"[""Tennis""]",1785303843.371336,KXITFWMATCH-26JUL29SOZMIL-SOZ,Tennis,,KXITFWMATCH,0ba82ca4-7c3d-4fe6-9763-af01f430c473,KXITFWMATCH-26JUL29SOZMIL,1785301725.0,quote,,1786510800.0,true,7.0000,6.0000,8.0000,1095.73,1140.72
6,ed2086c87d52482699dee6d41678911f,0,2026-07-29,2026-07-29,29354e42ef0c3a5dcfab2220f035fd1be5874df613426379bae1f33e112f560b,996bed4920d57ac31c4fb24ea30428fd6f75ebf5eff9ad3e616c6bcf81f64d7c,"[""Tennis""]",1785303843.4429922,KXITFMATCH-26JUL29BRAPIE-PIE,Tennis,,KXITFMATCH,e7bed978-f0a4-4bc6-8904-d9b6730590e4,KXITFMATCH-26JUL29BRAPIE,1785305498.0,quote,,1786514400.0,true,85.5000,85.0000,86.0000,3461.00,1059.07
6,ed2086c87d52482699dee6d41678911f,0,2026-07-29,2026-07-29,29354e42ef0c3a5dcfab2220f035fd1be5874df613426379bae1f33e112f560b,996bed4920d57ac31c4fb24ea30428fd6f75ebf5eff9ad3e616c6bcf81f64d7c,"[""Tennis""]",1785303843.51312,KXITFWMATCH-26JUL29HOSDYU-DYU,Tennis,,KXITFWMATCH,eff22484-a537-4944-bd0e-5664e98b54bd,KXITFWMATCH-26JUL29HOSDYU,1785301687.0,quote,,1786510800.0,true,78.0000,77.0000,79.0000,49.00,127.00
6,ed2086c87d52482699dee6d41678911f,0,2026-07-29,2026-07-29,29354e42ef0c3a5dcfab2220f035fd1be5874df613426379bae1f33e112f560b,996bed4920d57ac31c4fb24ea30428fd6f75ebf5eff9ad3e616c6bcf81f64d7c,"[""Tennis""]",1785303845.0892549,KXITFMATCH-26JUL28PADSAT-PAD,Tennis,,KXITFMATCH,03e1243d-7dee-4056-a032-cb914b77515a,KXITFMATCH-26JUL28PADSAT,1785294636.0,quote,,1786501800.0,true,41.5000,41.0000,42.0000,30.00,727.92
6,ed2086c87d52482699dee6d41678911f,0,2026-07-29,2026-07-29,29354e42ef0c3a5dcfab2220f035fd1be5874df613426379bae1f33e112f560b,996bed4920d57ac31c4fb24ea30428fd6f75ebf5eff9ad3e616c6bcf81f64d7c,"[""Tennis""]",1785303845.161212,KXITFMATCH-26JUL28WENJON-JON,Tennis,,KXITFMATCH,5195be65-3a9b-423a-9e35-55f2f5840354,KXITFMATCH-26JUL28WENJON,1785299448.0,quote,,1786501800.0,true,73.5000,73.0000,74.0000,10721.55,15809.00
6,ed2086c87d52482699dee6d41678911f,0,2026-07-29,2026-07-29,29354e42ef0c3a5dcfab2220f035fd1be5874df613426379bae1f33e112f560b,996bed4920d57ac31c4fb24ea30428fd6f75ebf5eff9ad3e616c6bcf81f64d7c,"[""Tennis""]",1785303845.276076,KXITFMATCH-26JUL28WENJON-WEN,Tennis,,KXITFMATCH,5195be65-3a9b-423a-9e35-55f2f5840354,KXITFMATCH-26JUL28WENJON,1785299448.0,quote,,1786501800.0,true,26.5000,26.0000,27.0000,6850.00,16786.38
6,ed2086c87d52482699dee6d41678911f,0,2026-07-29,2026-07-29,29354e42ef0c3a5dcfab2220f035fd1be5874df613426379bae1f33e112f560b,996bed4920d57ac31c4fb24ea30428fd6f75ebf5eff9ad3e616c6bcf81f64d7c,"[""Tennis""]",1785303845.3479092,KXITFMATCH-26JUL28CHAHEI-CHA,Tennis,,KXITFMATCH,5ba6a34a-c169-4b0b-b8fd-b835a2127855,KXITFMATCH-26JUL28CHAHEI,1785299809.0,quote,,1786505400.0,true,70.5000,70.0000,71.0000,2419.15,4108.19
6,ed2086c87d52482699dee6d41678911f,0,2026-07-29,2026-07-29,29354e42ef0c3a5dcfab2220f035fd1be5874df613426379bae1f33e112f560b,996bed4920d57ac31c4fb24ea30428fd6f75ebf5eff9ad3e616c6bcf81f64d7c,"[""Tennis""]",1785303845.467844,KXITFWMATCH-26JUL29SOZMIL-MIL,Tennis,,KXITFWMATCH,0ba82ca4-7c3d-4fe6-9763-af01f430c473,KXITFWMATCH-26JUL29SOZMIL,1785301725.0,quote,,1786510800.0,true,93.0000,92.0000,94.0000,726.00,541.33
6,ed2086c87d52482699dee6d41678911f,0,2026-07-29,2026-07-29,29354e42ef0c3a5dcfab2220f035fd1be5874df613426379bae1f33e112f560b,996bed4920d57ac31c4fb24ea30428fd6f75ebf5eff9ad3e616c6bcf81f64d7c,"[""Tennis""]",1785303845.538622,KXITFWMATCH-26JUL29YOSKIM-KIM,Tennis,,KXITFWMATCH,9b9eecb5-c6a0-414a-bcf3-57262192676d,KXITFWMATCH-26JUL29YOSKIM,1785301851.0,quote,,1786510800.0,true,60.5000,60.0000,61.0000,220.88,2452.45
6,ed2086c87d52482699dee6d41678911f,0,2026-07-29,2026-07-29,29354e42ef0c3a5dcfab2220f035fd1be5874df613426379bae1f33e112f560b,996bed4920d57ac31c4fb24ea30428fd6f75ebf5eff9ad3e616c6bcf81f64d7c,"[""Tennis""]",1785303845.609865,KXITFMATCH-26JUL28CHAHEI-HEI,Tennis,,KXITFMATCH,5ba6a34a-c169-4b0b-b8fd-b835a2127855,KXITFMATCH-26JUL28CHAHEI,1785299809.0,quote,,1786505400.0,true,29.5000,29.0000,30.0000,2905.29,2206.45
6,ed2086c87d52482699dee6d41678911f,0,2026-07-29,2026-07-29,29354e42ef0c3a5dcfab2220f035fd1be5874df613426379bae1f33e112f560b,996bed4920d57ac31c4fb24ea30428fd6f75ebf5eff9ad3e616c6bcf81f64d7c,"[""Tennis""]",1785303845.680344,KXITFWMATCH-26JUL29SOZMIL-SOZ,Tennis,,KXITFWMATCH,0ba82ca4-7c3d-4fe6-9763-af01f430c473,KXITFWMATCH-26JUL29SOZMIL,1785301725.0,quote,,1786510800.0,true,7.5000,7.0000,8.0000,509.19,6435.77
6,ed2086c87d52482699dee6d41678911f,0,2026-07-29,2026-07-29,29354e42ef0c3a5dcfab2220f035fd1be5874df613426379bae1f33e112f560b,996bed4920d57ac31c4fb24ea30428fd6f75ebf5eff9ad3e616c6bcf81f64d7c,"[""Tennis""]",1785303845.8006,KXITFMATCH-26JUL29BRAPIE-PIE,Tennis,,KXITFMATCH,e7bed978-f0a4-4bc6-8904-d9b6730590e4,KXITFMATCH-26JUL29BRAPIE,1785305498.0,quote,,1786514400.0,true,85.5000,85.0000,86.0000,3461.00,1059.07
6,ed2086c87d52482699dee6d41678911f,0,2026-07-29,2026-07-29,29354e42ef0c3a5dcfab2220f035fd1be5874df613426379bae1f33e112f560b,996bed4920d57ac31c4fb24ea30428fd6f75ebf5eff9ad3e616c6bcf81f64d7c,"[""Tennis""]",1785303845.8716328,KXITFWMATCH-26JUL29HOSDYU-DYU,Tennis,,KXITFWMATCH,eff22484-a537-4944-bd0e-5664e98b54bd,KXITFWMATCH-26JUL29HOSDYU,1785301687.0,quote,,1786510800.0,true,78.0000,77.0000,79.0000,49.00,127.00
6,ed2086c87d52482699dee6d41678911f,0,2026-07-29,2026-07-29,29354e42ef0c3a5dcfab2220f035fd1be5874df613426379bae1f33e112f560b,996bed4920d57ac31c4fb24ea30428fd6f75ebf5eff9ad3e616c6bcf81f64d7c,"[""Tennis""]",1785303847.4464908,KXITFMATCH-26JUL28PADSAT-PAD,Tennis,,KXITFMATCH,03e1243d-7dee-4056-a032-cb914b77515a,KXITFMATCH-26JUL28PADSAT,1785294636.0,quote,,1786501800.0,true,41.5000,41.0000,42.0000,30.00,727.92
6,ed2086c87d52482699dee6d41678911f,0,2026-07-29,2026-07-29,29354e42ef0c3a5dcfab2220f035fd1be5874df613426379bae1f33e112f560b,996bed4920d57ac31c4fb24ea30428fd6f75ebf5eff9ad3e616c6bcf81f64d7c,"[""Tennis""]",1785303847.51748,KXITFMATCH-26JUL28WENJON-JON,Tennis,,KXITFMATCH,5195be65-3a9b-423a-9e35-55f2f5840354,KXITFMATCH-26JUL28WENJON,1785299448.0,quote,,1786501800.0,true,73.5000,73.0000,74.0000,10721.55,15624.00
6,ed2086c87d52482699dee6d41678911f,0,2026-07-29,2026-07-29,29354e42ef0c3a5dcfab2220f035fd1be5874df613426379bae1f33e112f560b,996bed4920d57ac31c4fb24ea30428fd6f75ebf5eff9ad3e616c6bcf81f64d7c,"[""Tennis""]",1785303847.5874739,KXITFMATCH-26JUL28WENJON-WEN,Tennis,,KXITFMATCH,5195be65-3a9b-423a-9e35-55f2f5840354,KXITFMATCH-26JUL28WENJON,1785299448.0,quote,,1786501800.0,true,26.5000,26.0000,27.0000,7480.00,16657.20
6,ed2086c87d52482699dee6d41678911f,0,2026-07-29,2026-07-29,29354e42ef0c3a5dcfab2220f035fd1be5874df613426379bae1f33e112f560b,996bed4920d57ac31c4fb24ea30428fd6f75ebf5eff9ad3e616c6bcf81f64d7c,"[""Tennis""]",1785303847.657745,KXITFMATCH-26JUL28CHAHEI-CHA,Tennis,,KXITFMATCH,5ba6a34a-c169-4b0b-b8fd-b835a2127855,KXITFMATCH-26JUL28CHAHEI,1785299809.0,quote,,1786505400.0,true,70.5000,70.0000,71.0000,2419.15,4108.19
6,ed2086c87d52482699dee6d41678911f,0,2026-07-29,2026-07-29,29354e42ef0c3a5dcfab2220f035fd1be5874df613426379bae1f33e112f560b,996bed4920d57ac31c4fb24ea30428fd6f75ebf5eff9ad3e616c6bcf81f64d7c,"[""Tennis""]",1785303847.728228,KXITFWMATCH-26JUL29SOZMIL-MIL,Tennis,,KXITFWMATCH,0ba82ca4-7c3d-4fe6-9763-af01f430c473,KXITFWMATCH-26JUL29SOZMIL,1785301725.0,quote,,1786510800.0,true,92.5000,92.0000,93.0000,4541.29,267.02
6,ed2086c87d52482699dee6d41678911f,0,2026-07-29,2026-07-29,29354e42ef0c3a5dcfab2220f035fd1be5874df613426379bae1f33e112f560b,996bed4920d57ac31c4fb24ea30428fd6f75ebf5eff9ad3e616c6bcf81f64d7c,"[""Tennis""]",1785303847.7987242,KXITFWMATCH-26JUL29YOSKIM-KIM,Tennis,,KXITFWMATCH,9b9eecb5-c6a0-414a-bcf3-57262192676d,KXITFWMATCH-26JUL29YOSKIM,1785301851.0,quote,,1786510800.0,true,60.5000,60.0000,61.0000,220.88,2452.45
6,ed2086c87d52482699dee6d41678911f,0,2026-07-29,2026-07-29,29354e42ef0c3a5dcfab2220f035fd1be5874df613426379bae1f33e112f560b,996bed4920d57ac31c4fb24ea30428fd6f75ebf5eff9ad3e616c6bcf81f64d7c,"[""Tennis""]",1785303847.956322,KXITFMATCH-26JUL28CHAHEI-HEI,Tennis,,KXITFMATCH,5ba6a34a-c169-4b0b-b8fd-b835a2127855,KXITFMATCH-26JUL28CHAHEI,1785299809.0,quote,,1786505400.0,true,29.5000,29.0000,30.0000,2905.29,2206.45
6,ed2086c87d52482699dee6d41678911f,0,2026-07-29,2026-07-29,29354e42ef0c3a5dcfab2220f035fd1be5874df613426379bae1f33e112f560b,996bed4920d57ac31c4fb24ea30428fd6f75ebf5eff9ad3e616c6bcf81f64d7c,"[""Tennis""]",1785303848.0265229,KXITFWMATCH-26JUL29SOZMIL-SOZ,Tennis,,KXITFWMATCH,0ba82ca4-7c3d-4fe6-9763-af01f430c473,KXITFWMATCH-26JUL29SOZMIL,1785301725.0,quote,,1786510800.0,true,7.5000,7.0000,8.0000,509.19,6435.77
6,ed2086c87d52482699dee6d41678911f,0,2026-07-29,2026-07-29,29354e42ef0c3a5dcfab2220f035fd1be5874df613426379bae1f33e112f560b,996bed4920d57ac31c4fb24ea30428fd6f75ebf5eff9ad3e616c6bcf81f64d7c,"[""Tennis""]",1785303848.097504,KXITFMATCH-26JUL29BRAPIE-PIE,Tennis,,KXITFMATCH,e7bed978-f0a4-4bc6-8904-d9b6730590e4,KXITFMATCH-26JUL29BRAPIE,1785305498.0,quote,,1786514400.0,true,85.5000,85.0000,86.0000,3461.00,1059.07
6,ed2086c87d52482699dee6d41678911f,0,2026-07-29,2026-07-29,29354e42ef0c3a5dcfab2220f035fd1be5874df613426379bae1f33e112f560b,996bed4920d57ac31c4fb24ea30428fd6f75ebf5eff9ad3e616c6bcf81f64d7c,"[""Tennis""]",1785303848.169379,KXITFWMATCH-26JUL29HOSDYU-DYU,Tennis,,KXITFWMATCH,eff22484-a537-4944-bd0e-5664e98b54bd,KXITFWMATCH-26JUL29HOSDYU,1785301687.0,quote,,1786510800.0,true,78.0000,77.0000,79.0000,49.00,127.00
6,ed2086c87d52482699dee6d41678911f,0,2026-07-29,2026-07-29,29354e42ef0c3a5dcfab2220f035fd1be5874df613426379bae1f33e112f560b,996bed4920d57ac31c4fb24ea30428fd6f75ebf5eff9ad3e616c6bcf81f64d7c,"[""Tennis""]",1785303849.74961,KXITFMATCH-26JUL28PADSAT-PAD,Tennis,,KXITFMATCH,03e1243d-7dee-4056-a032-cb914b77515a,KXITFMATCH-26JUL28PADSAT,1785294636.0,quote,,1786501800.0,true,45.0000,44.0000,46.0000,3225.00,349.00
6,ed2086c87d52482699dee6d41678911f,0,2026-07-29,2026-07-29,29354e42ef0c3a5dcfab2220f035fd1be5874df613426379bae1f33e112f560b,996bed4920d57ac31c4fb24ea30428fd6f75ebf5eff9ad3e616c6bcf81f64d7c,"[""Tennis""]",1785303849.8195982,KXITFMATCH-26JUL28WENJON-JON,Tennis,,KXITFMATCH,5195be65-3a9b-423a-9e35-55f2f5840354,KXITFMATCH-26JUL28WENJON,1785299448.0,quote,,1786501800.0,true,73.5000,73.0000,74.0000,10721.55,15624.00
6,ed2086c87d52482699dee6d41678911f,0,2026-07-29,2026-07-29,29354e42ef0c3a5dcfab2220f035fd1be5874df613426379bae1f33e112f560b,996bed4920d57ac31c4fb24ea30428fd6f75ebf5eff9ad3e616c6bcf81f64d7c,"[""Tennis""]",1785303849.892069,KXITFMATCH-26JUL28WENJON-WEN,Tennis,,KXITFMATCH,5195be65-3a9b-423a-9e35-55f2f5840354,KXITFMATCH-26JUL28WENJON,1785299448.0,quote,,1786501800.0,true,26.5000,26.0000,27.0000,7480.00,16657.20
6,ed2086c87d52482699dee6d41678911f,0,2026-07-29,2026-07-29,29354e42ef0c3a5dcfab2220f035fd1be5874df613426379bae1f33e112f560b,996bed4920d57ac31c4fb24ea30428fd6f75ebf5eff9ad3e616c6bcf81f64d7c,"[""Tennis""]",1785303849.99507,KXITFMATCH-26JUL28CHAHEI-CHA,Tennis,,KXITFMATCH,5ba6a34a-c169-4b0b-b8fd-b835a2127855,KXITFMATCH-26JUL28CHAHEI,1785299809.0,quote,,1786505400.0,true,70.5000,68.0000,73.0000,155.00,5.00
6,ed2086c87d52482699dee6d41678911f,0,2026-07-29,2026-07-29,29354e42ef0c3a5dcfab2220f035fd1be5874df613426379bae1f33e112f560b,996bed4920d57ac31c4fb24ea30428fd6f75ebf5eff9ad3e616c6bcf81f64d7c,"[""Tennis""]",1785303850.068384,KXITFWMATCH-26JUL29SOZMIL-MIL,Tennis,,KXITFWMATCH,0ba82ca4-7c3d-4fe6-9763-af01f430c473,KXITFWMATCH-26JUL29SOZMIL,1785301725.0,quote,,1786510800.0,true,92.5000,92.0000,93.0000,4541.29,267.02
6,ed2086c87d52482699dee6d41678911f,0,2026-07-29,2026-07-29,29354e42ef0c3a5dcfab2220f035fd1be5874df613426379bae1f33e112f560b,996bed4920d57ac31c4fb24ea30428fd6f75ebf5eff9ad3e616c6bcf81f64d7c,"[""Tennis""]",1785303850.139096,KXITFWMATCH-26JUL29YOSKIM-KIM,Tennis,,KXITFWMATCH,9b9eecb5-c6a0-414a-bcf3-57262192676d,KXITFWMATCH-26JUL29YOSKIM,1785301851.0,quote,,1786510800.0,true,60.5000,60.0000,61.0000,220.88,2452.45
6,ed2086c87d52482699dee6d41678911f,0,2026-07-29,2026-07-29,29354e42ef0c3a5dcfab2220f035fd1be5874df613426379bae1f33e112f560b,996bed4920d57ac31c4fb24ea30428fd6f75ebf5eff9ad3e616c6bcf81f64d7c,"[""Tennis""]",1785303850.2103522,KXITFMATCH-26JUL28CHAHEI-HEI,Tennis,,KXITFMATCH,5ba6a34a-c169-4b0b-b8fd-b835a2127855,KXITFMATCH-26JUL28CHAHEI,1785299809.0,quote,,1786505400.0,true,30.0000,28.0000,32.0000,1.00,30.00
6,ed2086c87d52482699dee6d41678911f,0,2026-07-29,2026-07-29,29354e42ef0c3a5dcfab2220f035fd1be5874df613426379bae1f33e112f560b,996bed4920d57ac31c4fb24ea30428fd6f75ebf5eff9ad3e616c6bcf81f64d7c,"[""Tennis""]",1785303850.2821429,KXITFWMATCH-26JUL29SOZMIL-SOZ,Tennis,,KXITFWMATCH,0ba82ca4-7c3d-4fe6-9763-af01f430c473,KXITFWMATCH-26JUL29SOZMIL,1785301725.0,quote,,1786510800.0,true,7.5000,7.0000,8.0000,509.19,6435.77
6,ed2086c87d52482699dee6d41678911f,0,2026-07-29,2026-07-29,29354e42ef0c3a5dcfab2220f035fd1be5874df613426379bae1f33e112f560b,996bed4920d57ac31c4fb24ea30428fd6f75ebf5eff9ad3e616c6bcf81f64d7c,"[""Tennis""]",1785303850.353937,KXITFMATCH-26JUL29BRAPIE-PIE,Tennis,,KXITFMATCH,e7bed978-f0a4-4bc6-8904-d9b6730590e4,KXITFMATCH-26JUL29BRAPIE,1785305498.0,quote,,1786514400.0,true,85.5000,85.0000,86.0000,3461.00,1059.07
6,ed2086c87d52482699dee6d41678911f,0,2026-07-29,2026-07-29,29354e42ef0c3a5dcfab2220f035fd1be5874df613426379bae1f33e112f560b,996bed4920d57ac31c4fb24ea30428fd6f75ebf5eff9ad3e616c6bcf81f64d7c,"[""Tennis""]",1785303850.422979,KXITFWMATCH-26JUL29HOSDYU-DYU,Tennis,,KXITFWMATCH,eff22484-a537-4944-bd0e-5664e98b54bd,KXITFWMATCH-26JUL29HOSDYU,1785301687.0,quote,,1786510800.0,true,77.5000,76.0000,79.0000,108.38,1395.27
6,ed2086c87d52482699dee6d41678911f,0,2026-07-29,2026-07-29,29354e42ef0c3a5dcfab2220f035fd1be5874df613426379bae1f33e112f560b,996bed4920d57ac31c4fb24ea30428fd6f75ebf5eff9ad3e616c6bcf81f64d7c,"[""Tennis""]",1785303851.99944,KXITFMATCH-26JUL28PADSAT-PAD,Tennis,,KXITFMATCH,03e1243d-7dee-4056-a032-cb914b77515a,KXITFMATCH-26JUL28PADSAT,1785294636.0,quote,,1786501800.0,true,45.0000,44.0000,46.0000,3225.00,349.00
6,ed2086c87d52482699dee6d41678911f,0,2026-07-29,2026-07-29,29354e42ef0c3a5dcfab2220f035fd1be5874df613426379bae1f33e112f560b,996bed4920d57ac31c4fb24ea30428fd6f75ebf5eff9ad3e616c6bcf81f64d7c,"[""Tennis""]",1785303852.1555378,KXITFMATCH-26JUL28WENJON-JON,Tennis,,KXITFMATCH,5195be65-3a9b-423a-9e35-55f2f5840354,KXITFMATCH-26JUL28WENJON,1785299448.0,quote,,1786501800.0,true,73.5000,73.0000,74.0000,10721.55,15624.00
6,ed2086c87d52482699dee6d41678911f,0,2026-07-29,2026-07-29,29354e42ef0c3a5dcfab2220f035fd1be5874df613426379bae1f33e112f560b,996bed4920d57ac31c4fb24ea30428fd6f75ebf5eff9ad3e616c6bcf81f64d7c,"[""Tennis""]",1785303852.226701,KXITFMATCH-26JUL28WENJON-WEN,Tennis,,KXITFMATCH,5195be65-3a9b-423a-9e35-55f2f5840354,KXITFMATCH-26JUL28WENJON,1785299448.0,quote,,1786501800.0,true,26.5000,26.0000,27.0000,7480.00,16657.20
6,ed2086c87d52482699dee6d41678911f,0,2026-07-29,2026-07-29,29354e42ef0c3a5dcfab2220f035fd1be5874df613426379bae1f33e112f560b,996bed4920d57ac31c4fb24ea30428fd6f75ebf5eff9ad3e616c6bcf81f64d7c,"[""Tennis""]",1785303852.297181,KXITFMATCH-26JUL28CHAHEI-CHA,Tennis,,KXITFMATCH,5ba6a34a-c169-4b0b-b8fd-b835a2127855,KXITFMATCH-26JUL28CHAHEI,1785299809.0,quote,,1786505400.0,true,70.5000,68.0000,73.0000,155.00,5.00
6,ed2086c87d52482699dee6d41678911f,0,2026-07-29,2026-07-29,29354e42ef0c3a5dcfab2220f035fd1be5874df613426379bae1f33e112f560b,996bed4920d57ac31c4fb24ea30428fd6f75ebf5eff9ad3e616c6bcf81f64d7c,"[""Tennis""]",1785303852.368512,KXITFWMATCH-26JUL29SOZMIL-MIL,Tennis,,KXITFWMATCH,0ba82ca4-7c3d-4fe6-9763-af01f430c473,KXITFWMATCH-26JUL29SOZMIL,1785301725.0,quote,,1786510800.0,true,92.5000,92.0000,93.0000,4541.29,267.02
6,ed2086c87d52482699dee6d41678911f,0,2026-07-29,2026-07-29,29354e42ef0c3a5dcfab2220f035fd1be5874df613426379bae1f33e112f560b,996bed4920d57ac31c4fb24ea30428fd6f75ebf5eff9ad3e616c6bcf81f64d7c,"[""Tennis""]",1785303852.439017,KXITFWMATCH-26JUL29YOSKIM-KIM,Tennis,,KXITFWMATCH,9b9eecb5-c6a0-414a-bcf3-57262192676d,KXITFWMATCH-26JUL29YOSKIM,1785301851.0,quote,,1786510800.0,true,60.5000,60.0000,61.0000,220.88,2452.30
6,ed2086c87d52482699dee6d41678911f,0,2026-07-29,2026-07-29,29354e42ef0c3a5dcfab2220f035fd1be5874df613426379bae1f33e112f560b,996bed4920d57ac31c4fb24ea30428fd6f75ebf5eff9ad3e616c6bcf81f64d7c,"[""Tennis""]",1785303852.51673,KXITFMATCH-26JUL28CHAHEI-HEI,Tennis,,KXITFMATCH,5ba6a34a-c169-4b0b-b8fd-b835a2127855,KXITFMATCH-26JUL28CHAHEI,1785299809.0,quote,,1786505400.0,true,30.0000,28.0000,32.0000,1.00,30.00
6,ed2086c87d52482699dee6d41678911f,0,2026-07-29,2026-07-29,29354e42ef0c3a5dcfab2220f035fd1be5874df613426379bae1f33e112f560b,996bed4920d57ac31c4fb24ea30428fd6f75ebf5eff9ad3e616c6bcf81f64d7c,"[""Tennis""]",1785303852.672029,KXITFWMATCH-26JUL29SOZMIL-SOZ,Tennis,,KXITFWMATCH,0ba82ca4-7c3d-4fe6-9763-af01f430c473,KXITFWMATCH-26JUL29SOZMIL,1785301725.0,quote,,1786510800.0,true,7.5000,7.0000,8.0000,509.19,6435.77
6,ed2086c87d52482699dee6d41678911f,0,2026-07-29,2026-07-29,29354e42ef0c3a5dcfab2220f035fd1be5874df613426379bae1f33e112f560b,996bed4920d57ac31c4fb24ea30428fd6f75ebf5eff9ad3e616c6bcf81f64d7c,"[""Tennis""]",1785303852.7420359,KXITFMATCH-26JUL29BRAPIE-PIE,Tennis,,KXITFMATCH,e7bed978-f0a4-4bc6-8904-d9b6730590e4,KXITFMATCH-26JUL29BRAPIE,1785305498.0,quote,,1786514400.0,true,85.5000,85.0000,86.0000,3461.00,1059.07
6,ed2086c87d52482699dee6d41678911f,0,2026-07-29,2026-07-29,29354e42ef0c3a5dcfab2220f035fd1be5874df613426379bae1f33e112f560b,996bed4920d57ac31c4fb24ea30428fd6f75ebf5eff9ad3e616c6bcf81f64d7c,"[""Tennis""]",1785303852.811232,KXITFWMATCH-26JUL29HOSDYU-DYU,Tennis,,KXITFWMATCH,eff22484-a537-4944-bd0e-5664e98b54bd,KXITFWMATCH-26JUL29HOSDYU,1785301687.0,quote,,1786510800.0,true,77.5000,76.0000,79.0000,108.38,1395.27
6,ed2086c87d52482699dee6d41678911f,0,2026-07-29,2026-07-29,29354e42ef0c3a5dcfab2220f035fd1be5874df613426379bae1f33e112f560b,996bed4920d57ac31c4fb24ea30428fd6f75ebf5eff9ad3e616c6bcf81f64d7c,"[""Tennis""]",1785303854.396415,KXITFMATCH-26JUL28PADSAT-PAD,Tennis,,KXITFMATCH,03e1243d-7dee-4056-a032-cb914b77515a,KXITFMATCH-26JUL28PADSAT,1785294636.0,quote,,1786501800.0,true,45.0000,44.0000,46.0000,3225.00,349.00
6,ed2086c87d52482699dee6d41678911f,0,2026-07-29,2026-07-29,29354e42ef0c3a5dcfab2220f035fd1be5874df613426379bae1f33e112f560b,996bed4920d57ac31c4fb24ea30428fd6f75ebf5eff9ad3e616c6bcf81f64d7c,"[""Tennis""]",1785303854.46828,KXITFMATCH-26JUL28WENJON-JON,Tennis,,KXITFMATCH,5195be65-3a9b-423a-9e35-55f2f5840354,KXITFMATCH-26JUL28WENJON,1785299448.0,quote,,1786501800.0,true,73.5000,73.0000,74.0000,10721.55,15624.00
6,ed2086c87d52482699dee6d41678911f,0,2026-07-29,2026-07-29,29354e42ef0c3a5dcfab2220f035fd1be5874df613426379bae1f33e112f560b,996bed4920d57ac31c4fb24ea30428fd6f75ebf5eff9ad3e616c6bcf81f64d7c,"[""Tennis""]",1785303854.541389,KXITFMATCH-26JUL28WENJON-WEN,Tennis,,KXITFMATCH,5195be65-3a9b-423a-9e35-55f2f5840354,KXITFMATCH-26JUL28WENJON,1785299448.0,quote,,1786501800.0,true,26.5000,26.0000,27.0000,7480.00,16657.20
6,ed2086c87d52482699dee6d41678911f,0,2026-07-29,2026-07-29,29354e42ef0c3a5dcfab2220f035fd1be5874df613426379bae1f33e112f560b,996bed4920d57ac31c4fb24ea30428fd6f75ebf5eff9ad3e616c6bcf81f64d7c,"[""Tennis""]",1785303854.614903,KXITFMATCH-26JUL28CHAHEI-CHA,Tennis,,KXITFMATCH,5ba6a34a-c169-4b0b-b8fd-b835a2127855,KXITFMATCH-26JUL28CHAHEI,1785299809.0,quote,,1786505400.0,true,70.5000,68.0000,73.0000,155.00,5.00
6,ed2086c87d52482699dee6d41678911f,0,2026-07-29,2026-07-29,29354e42ef0c3a5dcfab2220f035fd1be5874df613426379bae1f33e112f560b,996bed4920d57ac31c4fb24ea30428fd6f75ebf5eff9ad3e616c6bcf81f64d7c,"[""Tennis""]",1785303854.777546,KXITFWMATCH-26JUL29SOZMIL-MIL,Tennis,,KXITFWMATCH,0ba82ca4-7c3d-4fe6-9763-af01f430c473,KXITFWMATCH-26JUL29SOZMIL,1785301725.0,quote,,1786510800.0,true,92.5000,92.0000,93.0000,4541.29,267.02
6,ed2086c87d52482699dee6d41678911f,0,2026-07-29,2026-07-29,29354e42ef0c3a5dcfab2220f035fd1be5874df613426379bae1f33e112f560b,996bed4920d57ac31c4fb24ea30428fd6f75ebf5eff9ad3e616c6bcf81f64d7c,"[""Tennis""]",1785303854.850486,KXITFWMATCH-26JUL29YOSKIM-KIM,Tennis,,KXITFWMATCH,9b9eecb5-c6a0-414a-bcf3-57262192676d,KXITFWMATCH-26JUL29YOSKIM,1785301851.0,quote,,1786510800.0,true,60.5000,60.0000,61.0000,220.88,2452.30
6,ed2086c87d52482699dee6d41678911f,0,2026-07-29,2026-07-29,29354e42ef0c3a5dcfab2220f035fd1be5874df613426379bae1f33e112f560b,996bed4920d57ac31c4fb24ea30428fd6f75ebf5eff9ad3e616c6bcf81f64d7c,"[""Tennis""]",1785303854.922137,KXITFMATCH-26JUL28CHAHEI-HEI,Tennis,,KXITFMATCH,5ba6a34a-c169-4b0b-b8fd-b835a2127855,KXITFMATCH-26JUL28CHAHEI,1785299809.0,quote,,1786505400.0,true,30.0000,28.0000,32.0000,1.00,30.00
6,ed2086c87d52482699dee6d41678911f,0,2026-07-29,2026-07-29,29354e42ef0c3a5dcfab2220f035fd1be5874df613426379bae1f33e112f560b,996bed4920d57ac31c4fb24ea30428fd6f75ebf5eff9ad3e616c6bcf81f64d7c,"[""Tennis""]",1785303854.993726,KXITFWMATCH-26JUL29SOZMIL-SOZ,Tennis,,KXITFWMATCH,0ba82ca4-7c3d-4fe6-9763-af01f430c473,KXITFWMATCH-26JUL29SOZMIL,1785301725.0,quote,,1786510800.0,true,7.5000,7.0000,8.0000,509.19,6435.77
6,ed2086c87d52482699dee6d41678911f,0,2026-07-29,2026-07-29,29354e42ef0c3a5dcfab2220f035fd1be5874df613426379bae1f33e112f560b,996bed4920d57ac31c4fb24ea30428fd6f75ebf5eff9ad3e616c6bcf81f64d7c,"[""Tennis""]",1785303855.064888,KXITFMATCH-26JUL29BRAPIE-PIE,Tennis,,KXITFMATCH,e7bed978-f0a4-4bc6-8904-d9b6730590e4,KXITFMATCH-26JUL29BRAPIE,1785305498.0,quote,,1786514400.0,true,85.5000,85.0000,86.0000,3461.00,1059.07
6,ed2086c87d52482699dee6d41678911f,0,2026-07-29,2026-07-29,29354e42ef0c3a5dcfab2220f035fd1be5874df613426379bae1f33e112f560b,996bed4920d57ac31c4fb24ea30428fd6f75ebf5eff9ad3e616c6bcf81f64d7c,"[""Tennis""]",1785303855.134561,KXITFWMATCH-26JUL29HOSDYU-DYU,Tennis,,KXITFWMATCH,eff22484-a537-4944-bd0e-5664e98b54bd,KXITFWMATCH-26JUL29HOSDYU,1785301687.0,quote,,1786510800.0,true,77.5000,76.0000,79.0000,108.38,1395.27
6,ed2086c87d52482699dee6d41678911f,0,2026-07-29,2026-07-29,29354e42ef0c3a5dcfab2220f035fd1be5874df613426379bae1f33e112f560b,996bed4920d57ac31c4fb24ea30428fd6f75ebf5eff9ad3e616c6bcf81f64d7c,"[""Tennis""]",1785303856.711997,KXITFMATCH-26JUL28PADSAT-PAD,Tennis,,KXITFMATCH,03e1243d-7dee-4056-a032-cb914b77515a,KXITFMATCH-26JUL28PADSAT,1785294636.0,quote,,1786501800.0,true,45.0000,44.0000,46.0000,3225.00,349.00
6,ed2086c87d52482699dee6d41678911f,0,2026-07-29,2026-07-29,29354e42ef0c3a5dcfab2220f035fd1be5874df613426379bae1f33e112f560b,996bed4920d57ac31c4fb24ea30428fd6f75ebf5eff9ad3e616c6bcf81f64d7c,"[""Tennis""]",1785303856.864304,KXITFMATCH-26JUL28WENJON-JON,Tennis,,KXITFMATCH,5195be65-3a9b-423a-9e35-55f2f5840354,KXITFMATCH-26JUL28WENJON,1785299448.0,quote,,1786501800.0,true,73.5000,73.0000,74.0000,10721.55,15624.00
6,ed2086c87d52482699dee6d41678911f,0,2026-07-29,2026-07-29,29354e42ef0c3a5dcfab2220f035fd1be5874df613426379bae1f33e112f560b,996bed4920d57ac31c4fb24ea30428fd6f75ebf5eff9ad3e616c6bcf81f64d7c,"[""Tennis""]",1785303856.935856,KXITFMATCH-26JUL28WENJON-WEN,Tennis,,KXITFMATCH,5195be65-3a9b-423a-9e35-55f2f5840354,KXITFMATCH-26JUL28WENJON,1785299448.0,quote,,1786501800.0,true,26.5000,26.0000,27.0000,7480.00,16657.20
6,ed2086c87d52482699dee6d41678911f,0,2026-07-29,2026-07-29,29354e42ef0c3a5dcfab2220f035fd1be5874df613426379bae1f33e112f560b,996bed4920d57ac31c4fb24ea30428fd6f75ebf5eff9ad3e616c6bcf81f64d7c,"[""Tennis""]",1785303857.019779,KXITFMATCH-26JUL28CHAHEI-CHA,Tennis,,KXITFMATCH,5ba6a34a-c169-4b0b-b8fd-b835a2127855,KXITFMATCH-26JUL28CHAHEI,1785299809.0,quote,,1786505400.0,true,70.5000,68.0000,73.0000,155.00,5.00
6,ed2086c87d52482699dee6d41678911f,0,2026-07-29,2026-07-29,29354e42ef0c3a5dcfab2220f035fd1be5874df613426379bae1f33e112f560b,996bed4920d57ac31c4fb24ea30428fd6f75ebf5eff9ad3e616c6bcf81f64d7c,"[""Tennis""]",1785303857.088973,KXITFWMATCH-26JUL29SOZMIL-MIL,Tennis,,KXITFWMATCH,0ba82ca4-7c3d-4fe6-9763-af01f430c473,KXITFWMATCH-26JUL29SOZMIL,1785301725.0,quote,,1786510800.0,true,92.5000,92.0000,93.0000,4541.29,267.02
6,ed2086c87d52482699dee6d41678911f,0,2026-07-29,2026-07-29,29354e42ef0c3a5dcfab2220f035fd1be5874df613426379bae1f33e112f560b,996bed4920d57ac31c4fb24ea30428fd6f75ebf5eff9ad3e616c6bcf81f64d7c,"[""Tennis""]",1785303857.1596339,KXITFWMATCH-26JUL29YOSKIM-KIM,Tennis,,KXITFWMATCH,9b9eecb5-c6a0-414a-bcf3-57262192676d,KXITFWMATCH-26JUL29YOSKIM,1785301851.0,quote,,1786510800.0,true,60.5000,60.0000,61.0000,220.88,2452.30
6,ed2086c87d52482699dee6d41678911f,0,2026-07-29,2026-07-29,29354e42ef0c3a5dcfab2220f035fd1be5874df613426379bae1f33e112f560b,996bed4920d57ac31c4fb24ea30428fd6f75ebf5eff9ad3e616c6bcf81f64d7c,"[""Tennis""]",1785303857.2310321,KXITFMATCH-26JUL28CHAHEI-HEI,Tennis,,KXITFMATCH,5ba6a34a-c169-4b0b-b8fd-b835a2127855,KXITFMATCH-26JUL28CHAHEI,1785299809.0,quote,,1786505400.0,true,30.0000,28.0000,32.0000,1.00,30.00
6,ed2086c87d52482699dee6d41678911f,0,2026-07-29,2026-07-29,29354e42ef0c3a5dcfab2220f035fd1be5874df613426379bae1f33e112f560b,996bed4920d57ac31c4fb24ea30428fd6f75ebf5eff9ad3e616c6bcf81f64d7c,"[""Tennis""]",1785303857.335702,KXITFWMATCH-26JUL29SOZMIL-SOZ,Tennis,,KXITFWMATCH,0ba82ca4-7c3d-4fe6-9763-af01f430c473,KXITFWMATCH-26JUL29SOZMIL,1785301725.0,quote,,1786510800.0,true,6.5000,6.0000,7.0000,1941.73,5356.51
6,ed2086c87d52482699dee6d41678911f,0,2026-07-29,2026-07-29,29354e42ef0c3a5dcfab2220f035fd1be5874df613426379bae1f33e112f560b,996bed4920d57ac31c4fb24ea30428fd6f75ebf5eff9ad3e616c6bcf81f64d7c,"[""Tennis""]",1785303857.406039,KXITFMATCH-26JUL29BRAPIE-PIE,Tennis,,KXITFMATCH,e7bed978-f0a4-4bc6-8904-d9b6730590e4,KXITFMATCH-26JUL29BRAPIE,1785305498.0,quote,,1786514400.0,true,85.5000,85.0000,86.0000,3461.00,1059.07
6,ed2086c87d52482699dee6d41678911f,0,2026-07-29,2026-07-29,29354e42ef0c3a5dcfab2220f035fd1be5874df613426379bae1f33e112f560b,996bed4920d57ac31c4fb24ea30428fd6f75ebf5eff9ad3e616c6bcf81f64d7c,"[""Tennis""]",1785303857.4770691,KXITFWMATCH-26JUL29HOSDYU-DYU,Tennis,,KXITFWMATCH,eff22484-a537-4944-bd0e-5664e98b54bd,KXITFWMATCH-26JUL29HOSDYU,1785301687.0,quote,,1786510800.0,true,77.5000,76.0000,79.0000,108.38,1395.27
6,ed2086c87d52482699dee6d41678911f,0,2026-07-29,2026-07-29,29354e42ef0c3a5dcfab2220f035fd1be5874df613426379bae1f33e112f560b,996bed4920d57ac31c4fb24ea30428fd6f75ebf5eff9ad3e616c6bcf81f64d7c,"[""Tennis""]",1785303859.059059,KXITFMATCH-26JUL28PADSAT-PAD,Tennis,,KXITFMATCH,03e1243d-7dee-4056-a032-cb914b77515a,KXITFMATCH-26JUL28PADSAT,1785294636.0,quote,,1786501800.0,true,45.0000,44.0000,46.0000,3225.00,349.00
6,ed2086c87d52482699dee6d41678911f,0,2026-07-29,2026-07-29,29354e42ef0c3a5dcfab2220f035fd1be5874df613426379bae1f33e112f560b,996bed4920d57ac31c4fb24ea30428fd6f75ebf5eff9ad3e616c6bcf81f64d7c,"[""Tennis""]",1785303859.1311228,KXITFMATCH-26JUL28WENJON-JON,Tennis,,KXITFMATCH,5195be65-3a9b-423a-9e35-55f2f5840354,KXITFMATCH-26JUL28WENJON,1785299448.0,quote,,1786501800.0,true,73.5000,73.0000,74.0000,1995.00,3.00
6,ed2086c87d52482699dee6d41678911f,0,2026-07-29,2026-07-29,29354e42ef0c3a5dcfab2220f035fd1be5874df613426379bae1f33e112f560b,996bed4920d57ac31c4fb24ea30428fd6f75ebf5eff9ad3e616c6bcf81f64d7c,"[""Tennis""]",1785303859.2017658,KXITFMATCH-26JUL28WENJON-WEN,Tennis,,KXITFMATCH,5195be65-3a9b-423a-9e35-55f2f5840354,KXITFMATCH-26JUL28WENJON,1785299448.0,quote,,1786501800.0,true,26.5000,26.0000,27.0000,4930.00,12027.77
6,ed2086c87d52482699dee6d41678911f,0,2026-07-29,2026-07-29,29354e42ef0c3a5dcfab2220f035fd1be5874df613426379bae1f33e112f560b,996bed4920d57ac31c4fb24ea30428fd6f75ebf5eff9ad3e616c6bcf81f64d7c,"[""Tennis""]",1785303859.2737842,KXITFMATCH-26JUL28CHAHEI-CHA,Tennis,,KXITFMATCH,5ba6a34a-c169-4b0b-b8fd-b835a2127855,KXITFMATCH-26JUL28CHAHEI,1785299809.0,quote,,1786505400.0,true,70.5000,68.0000,73.0000,155.00,5.00
6,ed2086c87d52482699dee6d41678911f,0,2026-07-29,2026-07-29,29354e42ef0c3a5dcfab2220f035fd1be5874df613426379bae1f33e112f560b,996bed4920d57ac31c4fb24ea30428fd6f75ebf5eff9ad3e616c6bcf81f64d7c,"[""Tennis""]",1785303859.4333272,KXITFWMATCH-26JUL29SOZMIL-MIL,Tennis,,KXITFWMATCH,0ba82ca4-7c3d-4fe6-9763-af01f430c473,KXITFWMATCH-26JUL29SOZMIL,1785301725.0,quote,,1786510800.0,true,93.5000,93.0000,94.0000,3305.15,2673.68
6,ed2086c87d52482699dee6d41678911f,0,2026-07-29,2026-07-29,29354e42ef0c3a5dcfab2220f035fd1be5874df613426379bae1f33e112f560b,996bed4920d57ac31c4fb24ea30428fd6f75ebf5eff9ad3e616c6bcf81f64d7c,"[""Tennis""]",1785303859.5044649,KXITFWMATCH-26JUL29YOSKIM-KIM,Tennis,,KXITFWMATCH,9b9eecb5-c6a0-414a-bcf3-57262192676d,KXITFWMATCH-26JUL29YOSKIM,1785301851.0,quote,,1786510800.0,true,60.5000,60.0000,61.0000,220.88,2452.30
6,ed2086c87d52482699dee6d41678911f,0,2026-07-29,2026-07-29,29354e42ef0c3a5dcfab2220f035fd1be5874df613426379bae1f33e112f560b,996bed4920d57ac31c4fb24ea30428fd6f75ebf5eff9ad3e616c6bcf81f64d7c,"[""Tennis""]",1785303859.5751328,KXITFMATCH-26JUL28CHAHEI-HEI,Tennis,,KXITFMATCH,5ba6a34a-c169-4b0b-b8fd-b835a2127855,KXITFMATCH-26JUL28CHAHEI,1785299809.0,quote,,1786505400.0,true,23.5000,23.0000,24.0000,3370.64,5177.64
6,ed2086c87d52482699dee6d41678911f,0,2026-07-29,2026-07-29,29354e42ef0c3a5dcfab2220f035fd1be5874df613426379bae1f33e112f560b,996bed4920d57ac31c4fb24ea30428fd6f75ebf5eff9ad3e616c6bcf81f64d7c,"[""Tennis""]",1785303859.646712,KXITFWMATCH-26JUL29SOZMIL-SOZ,Tennis,,KXITFWMATCH,0ba82ca4-7c3d-4fe6-9763-af01f430c473,KXITFWMATCH-26JUL29SOZMIL,1785301725.0,quote,,1786510800.0,true,6.5000,6.0000,7.0000,1941.73,5356.51
6,ed2086c87d52482699dee6d41678911f,0,2026-07-29,2026-07-29,29354e42ef0c3a5dcfab2220f035fd1be5874df613426379bae1f33e112f560b,996bed4920d57ac31c4fb24ea30428fd6f75ebf5eff9ad3e616c6bcf81f64d7c,"[""Tennis""]",1785303859.71968,KXITFMATCH-26JUL29BRAPIE-PIE,Tennis,,KXITFMATCH,e7bed978-f0a4-4bc6-8904-d9b6730590e4,KXITFMATCH-26JUL29BRAPIE,1785305498.0,quote,,1786514400.0,true,85.5000,85.0000,86.0000,3461.00,1059.07
6,ed2086c87d52482699dee6d41678911f,0,2026-07-29,2026-07-29,29354e42ef0c3a5dcfab2220f035fd1be5874df613426379bae1f33e112f560b,996bed4920d57ac31c4fb24ea30428fd6f75ebf5eff9ad3e616c6bcf81f64d7c,"[""Tennis""]",1785303859.790175,KXITFWMATCH-26JUL29HOSDYU-DYU,Tennis,,KXITFWMATCH,eff22484-a537-4944-bd0e-5664e98b54bd,KXITFWMATCH-26JUL29HOSDYU,1785301687.0,quote,,1786510800.0,true,77.5000,76.0000,79.0000,108.38,1395.27
6,ed2086c87d52482699dee6d41678911f,0,2026-07-29,2026-07-29,29354e42ef0c3a5dcfab2220f035fd1be5874df613426379bae1f33e112f560b,996bed4920d57ac31c4fb24ea30428fd6f75ebf5eff9ad3e616c6bcf81f64d7c,"[""Tennis""]",1785303861.3666172,KXITFMATCH-26JUL28PADSAT-PAD,Tennis,,KXITFMATCH,03e1243d-7dee-4056-a032-cb914b77515a,KXITFMATCH-26JUL28PADSAT,1785294636.0,quote,,1786501800.0,true,46.5000,46.0000,47.0000,24016.11,62951.80
6,ed2086c87d52482699dee6d41678911f,0,2026-07-29,2026-07-29,29354e42ef0c3a5dcfab2220f035fd1be5874df613426379bae1f33e112f560b,996bed4920d57ac31c4fb24ea30428fd6f75ebf5eff9ad3e616c6bcf81f64d7c,"[""Tennis""]",1785303861.436953,KXITFMATCH-26JUL28WENJON-JON,Tennis,,KXITFMATCH,5195be65-3a9b-423a-9e35-55f2f5840354,KXITFMATCH-26JUL28WENJON,1785299448.0,quote,,1786501800.0,true,73.5000,73.0000,74.0000,1995.00,3.00
6,ed2086c87d52482699dee6d41678911f,0,2026-07-29,2026-07-29,29354e42ef0c3a5dcfab2220f035fd1be5874df613426379bae1f33e112f560b,996bed4920d57ac31c4fb24ea30428fd6f75ebf5eff9ad3e616c6bcf81f64d7c,"[""Tennis""]",1785303861.59199,KXITFMATCH-26JUL28WENJON-WEN,Tennis,,KXITFMATCH,5195be65-3a9b-423a-9e35-55f2f5840354,KXITFMATCH-26JUL28WENJON,1785299448.0,quote,,1786501800.0,true,26.5000,26.0000,27.0000,4930.00,12027.77
6,ed2086c87d52482699dee6d41678911f,0,2026-07-29,2026-07-29,29354e42ef0c3a5dcfab2220f035fd1be5874df613426379bae1f33e112f560b,996bed4920d57ac31c4fb24ea30428fd6f75ebf5eff9ad3e616c6bcf81f64d7c,"[""Tennis""]",1785303861.6623302,KXITFMATCH-26JUL28CHAHEI-CHA,Tennis,,KXITFMATCH,5ba6a34a-c169-4b0b-b8fd-b835a2127855,KXITFMATCH-26JUL28CHAHEI,1785299809.0,quote,,1786505400.0,true,76.5000,76.0000,77.0000,4173.89,2056.62
6,ed2086c87d52482699dee6d41678911f,0,2026-07-29,2026-07-29,29354e42ef0c3a5dcfab2220f035fd1be5874df613426379bae1f33e112f560b,996bed4920d57ac31c4fb24ea30428fd6f75ebf5eff9ad3e616c6bcf81f64d7c,"[""Tennis""]",1785303861.732697,KXITFWMATCH-26JUL29SOZMIL-MIL,Tennis,,KXITFWMATCH,0ba82ca4-7c3d-4fe6-9763-af01f430c473,KXITFWMATCH-26JUL29SOZMIL,1785301725.0,quote,,1786510800.0,true,93.5000,93.0000,94.0000,3305.15,2673.68
6,ed2086c87d52482699dee6d41678911f,0,2026-07-29,2026-07-29,29354e42ef0c3a5dcfab2220f035fd1be5874df613426379bae1f33e112f560b,996bed4920d57ac31c4fb24ea30428fd6f75ebf5eff9ad3e616c6bcf81f64d7c,"[""Tennis""]",1785303861.803806,KXITFWMATCH-26JUL29YOSKIM-KIM,Tennis,,KXITFWMATCH,9b9eecb5-c6a0-414a-bcf3-57262192676d,KXITFWMATCH-26JUL29YOSKIM,1785301851.0,quote,,1786510800.0,true,60.5000,60.0000,61.0000,220.88,2452.30
6,ed2086c87d52482699dee6d41678911f,0,2026-07-29,2026-07-29,29354e42ef0c3a5dcfab2220f035fd1be5874df613426379bae1f33e112f560b,996bed4920d57ac31c4fb24ea30428fd6f75ebf5eff9ad3e616c6bcf81f64d7c,"[""Tennis""]",1785303861.873492,KXITFMATCH-26JUL28CHAHEI-HEI,Tennis,,KXITFMATCH,5ba6a34a-c169-4b0b-b8fd-b835a2127855,KXITFMATCH-26JUL28CHAHEI,1785299809.0,quote,,1786505400.0,true,23.5000,23.0000,24.0000,3370.64,5177.64
6,ed2086c87d52482699dee6d41678911f,0,2026-07-29,2026-07-29,29354e42ef0c3a5dcfab2220f035fd1be5874df613426379bae1f33e112f560b,996bed4920d57ac31c4fb24ea30428fd6f75ebf5eff9ad3e616c6bcf81f64d7c,"[""Tennis""]",1785303861.9444501,KXITFWMATCH-26JUL29SOZMIL-SOZ,Tennis,,KXITFWMATCH,0ba82ca4-7c3d-4fe6-9763-af01f430c473,KXITFWMATCH-26JUL29SOZMIL,1785301725.0,quote,,1786510800.0,true,6.5000,6.0000,7.0000,1941.73,5356.51
6,ed2086c87d52482699dee6d41678911f,0,2026-07-29,2026-07-29,29354e42ef0c3a5dcfab2220f035fd1be5874df613426379bae1f33e112f560b,996bed4920d57ac31c4fb24ea30428fd6f75ebf5eff9ad3e616c6bcf81f64d7c,"[""Tennis""]",1785303862.048317,KXITFMATCH-26JUL29BRAPIE-PIE,Tennis,,KXITFMATCH,e7bed978-f0a4-4bc6-8904-d9b6730590e4,KXITFMATCH-26JUL29BRAPIE,1785305498.0,quote,,1786514400.0,true,85.5000,85.0000,86.0000,3461.00,1059.07
6,ed2086c87d52482699dee6d41678911f,0,2026-07-29,2026-07-29,29354e42ef0c3a5dcfab2220f035fd1be5874df613426379bae1f33e112f560b,996bed4920d57ac31c4fb24ea30428fd6f75ebf5eff9ad3e616c6bcf81f64d7c,"[""Tennis""]",1785303862.1197598,KXITFWMATCH-26JUL29HOSDYU-DYU,Tennis,,KXITFWMATCH,eff22484-a537-4944-bd0e-5664e98b54bd,KXITFWMATCH-26JUL29HOSDYU,1785301687.0,quote,,1786510800.0,true,77.5000,76.0000,79.0000,25.00,1395.27
6,ed2086c87d52482699dee6d41678911f,0,2026-07-29,2026-07-29,29354e42ef0c3a5dcfab2220f035fd1be5874df613426379bae1f33e112f560b,996bed4920d57ac31c4fb24ea30428fd6f75ebf5eff9ad3e616c6bcf81f64d7c,"[""Tennis""]",1785303863.703962,KXITFMATCH-26JUL28PADSAT-PAD,Tennis,,KXITFMATCH,03e1243d-7dee-4056-a032-cb914b77515a,KXITFMATCH-26JUL28PADSAT,1785294636.0,quote,,1786501800.0,true,46.5000,46.0000,47.0000,24016.11,62951.80
6,ed2086c87d52482699dee6d41678911f,0,2026-07-29,2026-07-29,29354e42ef0c3a5dcfab2220f035fd1be5874df613426379bae1f33e112f560b,996bed4920d57ac31c4fb24ea30428fd6f75ebf5eff9ad3e616c6bcf81f64d7c,"[""Tennis""]",1785303863.7796228,KXITFMATCH-26JUL28WENJON-JON,Tennis,,KXITFMATCH,5195be65-3a9b-423a-9e35-55f2f5840354,KXITFMATCH-26JUL28WENJON,1785299448.0,quote,,1786501800.0,true,73.5000,73.0000,74.0000,1995.00,3.00
6,ed2086c87d52482699dee6d41678911f,0,2026-07-29,2026-07-29,29354e42ef0c3a5dcfab2220f035fd1be5874df613426379bae1f33e112f560b,996bed4920d57ac31c4fb24ea30428fd6f75ebf5eff9ad3e616c6bcf81f64d7c,"[""Tennis""]",1785303863.851537,KXITFMATCH-26JUL28WENJON-WEN,Tennis,,KXITFMATCH,5195be65-3a9b-423a-9e35-55f2f5840354,KXITFMATCH-26JUL28WENJON,1785299448.0,quote,,1786501800.0,true,26.5000,26.0000,27.0000,4930.00,12027.77
6,ed2086c87d52482699dee6d41678911f,0,2026-07-29,2026-07-29,29354e42ef0c3a5dcfab2220f035fd1be5874df613426379bae1f33e112f560b,996bed4920d57ac31c4fb24ea30428fd6f75ebf5eff9ad3e616c6bcf81f64d7c,"[""Tennis""]",1785303863.922561,KXITFMATCH-26JUL28CHAHEI-CHA,Tennis,,KXITFMATCH,5ba6a34a-c169-4b0b-b8fd-b835a2127855,KXITFMATCH-26JUL28CHAHEI,1785299809.0,quote,,1786505400.0,true,76.5000,76.0000,77.0000,4173.89,2056.62
6,ed2086c87d52482699dee6d41678911f,0,2026-07-29,2026-07-29,29354e42ef0c3a5dcfab2220f035fd1be5874df613426379bae1f33e112f560b,996bed4920d57ac31c4fb24ea30428fd6f75ebf5eff9ad3e616c6bcf81f64d7c,"[""Tennis""]",1785303863.994711,KXITFWMATCH-26JUL29SOZMIL-MIL,Tennis,,KXITFWMATCH,0ba82ca4-7c3d-4fe6-9763-af01f430c473,KXITFWMATCH-26JUL29SOZMIL,1785301725.0,quote,,1786510800.0,true,93.5000,93.0000,94.0000,3305.15,2673.68
6,ed2086c87d52482699dee6d41678911f,0,2026-07-29,2026-07-29,29354e42ef0c3a5dcfab2220f035fd1be5874df613426379bae1f33e112f560b,996bed4920d57ac31c4fb24ea30428fd6f75ebf5eff9ad3e616c6bcf81f64d7c,"[""Tennis""]",1785303864.145474,KXITFWMATCH-26JUL29YOSKIM-KIM,Tennis,,KXITFWMATCH,9b9eecb5-c6a0-414a-bcf3-57262192676d,KXITFWMATCH-26JUL29YOSKIM,1785301851.0,quote,,1786510800.0,true,60.5000,60.0000,61.0000,220.88,2452.30
6,ed2086c87d52482699dee6d41678911f,0,2026-07-29,2026-07-29,29354e42ef0c3a5dcfab2220f035fd1be5874df613426379bae1f33e112f560b,996bed4920d57ac31c4fb24ea30428fd6f75ebf5eff9ad3e616c6bcf81f64d7c,"[""Tennis""]",1785303864.21741,KXITFMATCH-26JUL28CHAHEI-HEI,Tennis,,KXITFMATCH,5ba6a34a-c169-4b0b-b8fd-b835a2127855,KXITFMATCH-26JUL28CHAHEI,1785299809.0,quote,,1786505400.0,true,23.5000,23.0000,24.0000,3370.64,5177.64
6,ed2086c87d52482699dee6d41678911f,0,2026-07-29,2026-07-29,29354e42ef0c3a5dcfab2220f035fd1be5874df613426379bae1f33e112f560b,996bed4920d57ac31c4fb24ea30428fd6f75ebf5eff9ad3e616c6bcf81f64d7c,"[""Tennis""]",1785303864.2893,KXITFWMATCH-26JUL29SOZMIL-SOZ,Tennis,,KXITFWMATCH,0ba82ca4-7c3d-4fe6-9763-af01f430c473,KXITFWMATCH-26JUL29SOZMIL,1785301725.0,quote,,1786510800.0,true,6.5000,6.0000,7.0000,1941.73,5356.51
6,ed2086c87d52482699dee6d41678911f,0,2026-07-29,2026-07-29,29354e42ef0c3a5dcfab2220f035fd1be5874df613426379bae1f33e112f560b,996bed4920d57ac31c4fb24ea30428fd6f75ebf5eff9ad3e616c6bcf81f64d7c,"[""Tennis""]",1785303864.359621,KXITFMATCH-26JUL29BRAPIE-PIE,Tennis,,KXITFMATCH,e7bed978-f0a4-4bc6-8904-d9b6730590e4,KXITFMATCH-26JUL29BRAPIE,1785305498.0,quote,,1786514400.0,true,85.5000,85.0000,86.0000,3461.00,1059.07
6,ed2086c87d52482699dee6d41678911f,0,2026-07-29,2026-07-29,29354e42ef0c3a5dcfab2220f035fd1be5874df613426379bae1f33e112f560b,996bed4920d57ac31c4fb24ea30428fd6f75ebf5eff9ad3e616c6bcf81f64d7c,"[""Tennis""]",1785303864.4304352,KXITFWMATCH-26JUL29HOSDYU-DYU,Tennis,,KXITFWMATCH,eff22484-a537-4944-bd0e-5664e98b54bd,KXITFWMATCH-26JUL29HOSDYU,1785301687.0,quote,,1786510800.0,true,77.5000,76.0000,79.0000,25.00,1395.27
6,ed2086c87d52482699dee6d41678911f,0,2026-07-29,2026-07-29,29354e42ef0c3a5dcfab2220f035fd1be5874df613426379bae1f33e112f560b,996bed4920d57ac31c4fb24ea30428fd6f75ebf5eff9ad3e616c6bcf81f64d7c,"[""Tennis""]",1785303866.012185,KXITFMATCH-26JUL28PADSAT-PAD,Tennis,,KXITFMATCH,03e1243d-7dee-4056-a032-cb914b77515a,KXITFMATCH-26JUL28PADSAT,1785294636.0,quote,,1786501800.0,true,46.5000,46.0000,47.0000,24016.11,62951.80
6,ed2086c87d52482699dee6d41678911f,0,2026-07-29,2026-07-29,29354e42ef0c3a5dcfab2220f035fd1be5874df613426379bae1f33e112f560b,996bed4920d57ac31c4fb24ea30428fd6f75ebf5eff9ad3e616c6bcf81f64d7c,"[""Tennis""]",1785303866.0825589,KXITFMATCH-26JUL28WENJON-JON,Tennis,,KXITFMATCH,5195be65-3a9b-423a-9e35-55f2f5840354,KXITFMATCH-26JUL28WENJON,1785299448.0,quote,,1786501800.0,true,73.5000,73.0000,74.0000,1995.00,3.00
6,ed2086c87d52482699dee6d41678911f,0,2026-07-29,2026-07-29,29354e42ef0c3a5dcfab2220f035fd1be5874df613426379bae1f33e112f560b,996bed4920d57ac31c4fb24ea30428fd6f75ebf5eff9ad3e616c6bcf81f64d7c,"[""Tennis""]",1785303866.1543622,KXITFMATCH-26JUL28WENJON-WEN,Tennis,,KXITFMATCH,5195be65-3a9b-423a-9e35-55f2f5840354,KXITFMATCH-26JUL28WENJON,1785299448.0,quote,,1786501800.0,true,26.5000,26.0000,27.0000,4930.00,12027.77
6,ed2086c87d52482699dee6d41678911f,0,2026-07-29,2026-07-29,29354e42ef0c3a5dcfab2220f035fd1be5874df613426379bae1f33e112f560b,996bed4920d57ac31c4fb24ea30428fd6f75ebf5eff9ad3e616c6bcf81f64d7c,"[""Tennis""]",1785303866.3105578,KXITFMATCH-26JUL28CHAHEI-CHA,Tennis,,KXITFMATCH,5ba6a34a-c169-4b0b-b8fd-b835a2127855,KXITFMATCH-26JUL28CHAHEI,1785299809.0,quote,,1786505400.0,true,76.5000,76.0000,77.0000,4173.89,2056.62
6,ed2086c87d52482699dee6d41678911f,0,2026-07-29,2026-07-29,29354e42ef0c3a5dcfab2220f035fd1be5874df613426379bae1f33e112f560b,996bed4920d57ac31c4fb24ea30428fd6f75ebf5eff9ad3e616c6bcf81f64d7c,"[""Tennis""]",1785303866.380552,KXITFWMATCH-26JUL29SOZMIL-MIL,Tennis,,KXITFWMATCH,0ba82ca4-7c3d-4fe6-9763-af01f430c473,KXITFWMATCH-26JUL29SOZMIL,1785301725.0,quote,,1786510800.0,true,93.5000,93.0000,94.0000,3305.15,2673.68
6,ed2086c87d52482699dee6d41678911f,0,2026-07-29,2026-07-29,29354e42ef0c3a5dcfab2220f035fd1be5874df613426379bae1f33e112f560b,996bed4920d57ac31c4fb24ea30428fd6f75ebf5eff9ad3e616c6bcf81f64d7c,"[""Tennis""]",1785303866.450888,KXITFWMATCH-26JUL29YOSKIM-KIM,Tennis,,KXITFWMATCH,9b9eecb5-c6a0-414a-bcf3-57262192676d,KXITFWMATCH-26JUL29YOSKIM,1785301851.0,quote,,1786510800.0,true,60.5000,60.0000,61.0000,220.88,2452.30
6,ed2086c87d52482699dee6d41678911f,0,2026-07-29,2026-07-29,29354e42ef0c3a5dcfab2220f035fd1be5874df613426379bae1f33e112f560b,996bed4920d57ac31c4fb24ea30428fd6f75ebf5eff9ad3e616c6bcf81f64d7c,"[""Tennis""]",1785303866.5225291,KXITFMATCH-26JUL28CHAHEI-HEI,Tennis,,KXITFMATCH,5ba6a34a-c169-4b0b-b8fd-b835a2127855,KXITFMATCH-26JUL28CHAHEI,1785299809.0,quote,,1786505400.0,true,23.5000,23.0000,24.0000,3370.64,5177.64
6,ed2086c87d52482699dee6d41678911f,0,2026-07-29,2026-07-29,29354e42ef0c3a5dcfab2220f035fd1be5874df613426379bae1f33e112f560b,996bed4920d57ac31c4fb24ea30428fd6f75ebf5eff9ad3e616c6bcf81f64d7c,"[""Tennis""]",1785303866.5954309,KXITFWMATCH-26JUL29SOZMIL-SOZ,Tennis,,KXITFWMATCH,0ba82ca4-7c3d-4fe6-9763-af01f430c473,KXITFWMATCH-26JUL29SOZMIL,1785301725.0,quote,,1786510800.0,true,6.5000,6.0000,7.0000,1930.99,3682.71
6,ed2086c87d52482699dee6d41678911f,0,2026-07-29,2026-07-29,29354e42ef0c3a5dcfab2220f035fd1be5874df613426379bae1f33e112f560b,996bed4920d57ac31c4fb24ea30428fd6f75ebf5eff9ad3e616c6bcf81f64d7c,"[""Tennis""]",1785303866.665312,KXITFMATCH-26JUL29BRAPIE-PIE,Tennis,,KXITFMATCH,e7bed978-f0a4-4bc6-8904-d9b6730590e4,KXITFMATCH-26JUL29BRAPIE,1785305498.0,quote,,1786514400.0,true,85.5000,85.0000,86.0000,3461.00,1059.07
6,ed2086c87d52482699dee6d41678911f,0,2026-07-29,2026-07-29,29354e42ef0c3a5dcfab2220f035fd1be5874df613426379bae1f33e112f560b,996bed4920d57ac31c4fb24ea30428fd6f75ebf5eff9ad3e616c6bcf81f64d7c,"[""Tennis""]",1785303866.771134,KXITFWMATCH-26JUL29HOSDYU-DYU,Tennis,,KXITFWMATCH,eff22484-a537-4944-bd0e-5664e98b54bd,KXITFWMATCH-26JUL29HOSDYU,1785301687.0,quote,,1786510800.0,true,77.5000,76.0000,79.0000,25.00,1395.27
6,ed2086c87d52482699dee6d41678911f,0,2026-07-29,2026-07-29,29354e42ef0c3a5dcfab2220f035fd1be5874df613426379bae1f33e112f560b,996bed4920d57ac31c4fb24ea30428fd6f75ebf5eff9ad3e616c6bcf81f64d7c,"[""Tennis""]",1785303868.403407,KXITFMATCH-26JUL28PADSAT-PAD,Tennis,,KXITFMATCH,03e1243d-7dee-4056-a032-cb914b77515a,KXITFMATCH-26JUL28PADSAT,1785294636.0,quote,,1786501800.0,true,46.5000,46.0000,47.0000,24016.11,62951.80
6,ed2086c87d52482699dee6d41678911f,0,2026-07-29,2026-07-29,29354e42ef0c3a5dcfab2220f035fd1be5874df613426379bae1f33e112f560b,996bed4920d57ac31c4fb24ea30428fd6f75ebf5eff9ad3e616c6bcf81f64d7c,"[""Tennis""]",1785303868.4764102,KXITFMATCH-26JUL28WENJON-JON,Tennis,,KXITFMATCH,5195be65-3a9b-423a-9e35-55f2f5840354,KXITFMATCH-26JUL28WENJON,1785299448.0,quote,,1786501800.0,true,73.5000,73.0000,74.0000,1995.00,3.00
6,ed2086c87d52482699dee6d41678911f,0,2026-07-29,2026-07-29,29354e42ef0c3a5dcfab2220f035fd1be5874df613426379bae1f33e112f560b,996bed4920d57ac31c4fb24ea30428fd6f75ebf5eff9ad3e616c6bcf81f64d7c,"[""Tennis""]",1785303868.548255,KXITFMATCH-26JUL28WENJON-WEN,Tennis,,KXITFMATCH,5195be65-3a9b-423a-9e35-55f2f5840354,KXITFMATCH-26JUL28WENJON,1785299448.0,quote,,1786501800.0,true,28.5000,28.0000,29.0000,8206.31,18398.53
6,ed2086c87d52482699dee6d41678911f,0,2026-07-29,2026-07-29,29354e42ef0c3a5dcfab2220f035fd1be5874df613426379bae1f33e112f560b,996bed4920d57ac31c4fb24ea30428fd6f75ebf5eff9ad3e616c6bcf81f64d7c,"[""Tennis""]",1785303868.619859,KXITFMATCH-26JUL28CHAHEI-CHA,Tennis,,KXITFMATCH,5ba6a34a-c169-4b0b-b8fd-b835a2127855,KXITFMATCH-26JUL28CHAHEI,1785299809.0,quote,,1786505400.0,true,76.5000,76.0000,77.0000,4173.89,2056.62
6,ed2086c87d52482699dee6d41678911f,0,2026-07-29,2026-07-29,29354e42ef0c3a5dcfab2220f035fd1be5874df613426379bae1f33e112f560b,996bed4920d57ac31c4fb24ea30428fd6f75ebf5eff9ad3e616c6bcf81f64d7c,"[""Tennis""]",1785303868.69528,KXITFWMATCH-26JUL29SOZMIL-MIL,Tennis,,KXITFWMATCH,0ba82ca4-7c3d-4fe6-9763-af01f430c473,KXITFWMATCH-26JUL29SOZMIL,1785301725.0,quote,,1786510800.0,true,93.5000,93.0000,94.0000,2341.71,2688.99
6,ed2086c87d52482699dee6d41678911f,0,2026-07-29,2026-07-29,29354e42ef0c3a5dcfab2220f035fd1be5874df613426379bae1f33e112f560b,996bed4920d57ac31c4fb24ea30428fd6f75ebf5eff9ad3e616c6bcf81f64d7c,"[""Tennis""]",1785303868.7671602,KXITFWMATCH-26JUL29YOSKIM-KIM,Tennis,,KXITFWMATCH,9b9eecb5-c6a0-414a-bcf3-57262192676d,KXITFWMATCH-26JUL29YOSKIM,1785301851.0,quote,,1786510800.0,true,60.5000,60.0000,61.0000,220.88,2452.30
6,ed2086c87d52482699dee6d41678911f,0,2026-07-29,2026-07-29,29354e42ef0c3a5dcfab2220f035fd1be5874df613426379bae1f33e112f560b,996bed4920d57ac31c4fb24ea30428fd6f75ebf5eff9ad3e616c6bcf81f64d7c,"[""Tennis""]",1785303868.869401,KXITFMATCH-26JUL28CHAHEI-HEI,Tennis,,KXITFMATCH,5ba6a34a-c169-4b0b-b8fd-b835a2127855,KXITFMATCH-26JUL28CHAHEI,1785299809.0,quote,,1786505400.0,true,23.5000,23.0000,24.0000,3370.64,5177.64
6,ed2086c87d52482699dee6d41678911f,0,2026-07-29,2026-07-29,29354e42ef0c3a5dcfab2220f035fd1be5874df613426379bae1f33e112f560b,996bed4920d57ac31c4fb24ea30428fd6f75ebf5eff9ad3e616c6bcf81f64d7c,"[""Tennis""]",1785303868.942796,KXITFWMATCH-26JUL29SOZMIL-SOZ,Tennis,,KXITFWMATCH,0ba82ca4-7c3d-4fe6-9763-af01f430c473,KXITFWMATCH-26JUL29SOZMIL,1785301725.0,quote,,1786510800.0,true,6.5000,6.0000,7.0000,1930.99,3682.71
6,ed2086c87d52482699dee6d41678911f,0,2026-07-29,2026-07-29,29354e42ef0c3a5dcfab2220f035fd1be5874df613426379bae1f33e112f560b,996bed4920d57ac31c4fb24ea30428fd6f75ebf5eff9ad3e616c6bcf81f64d7c,"[""Tennis""]",1785303869.016646,KXITFMATCH-26JUL29BRAPIE-PIE,Tennis,,KXITFMATCH,e7bed978-f0a4-4bc6-8904-d9b6730590e4,KXITFMATCH-26JUL29BRAPIE,1785305498.0,quote,,1786514400.0,true,85.5000,85.0000,86.0000,3461.00,1059.07
6,ed2086c87d52482699dee6d41678911f,0,2026-07-29,2026-07-29,29354e42ef0c3a5dcfab2220f035fd1be5874df613426379bae1f33e112f560b,996bed4920d57ac31c4fb24ea30428fd6f75ebf5eff9ad3e616c6bcf81f64d7c,"[""Tennis""]",1785303869.087253,KXITFWMATCH-26JUL29HOSDYU-DYU,Tennis,,KXITFWMATCH,eff22484-a537-4944-bd0e-5664e98b54bd,KXITFWMATCH-26JUL29HOSDYU,1785301687.0,quote,,1786510800.0,true,77.5000,76.0000,79.0000,25.00,1395.27
6,ed2086c87d52482699dee6d41678911f,0,2026-07-29,2026-07-29,29354e42ef0c3a5dcfab2220f035fd1be5874df613426379bae1f33e112f560b,996bed4920d57ac31c4fb24ea30428fd6f75ebf5eff9ad3e616c6bcf81f64d7c,"[""Tennis""]",1785303870.672479,KXITFMATCH-26JUL28PADSAT-PAD,Tennis,,KXITFMATCH,03e1243d-7dee-4056-a032-cb914b77515a,KXITFMATCH-26JUL28PADSAT,1785294636.0,quote,,1786501800.0,true,46.5000,46.0000,47.0000,21839.15,62499.92
6,ed2086c87d52482699dee6d41678911f,0,2026-07-29,2026-07-29,29354e42ef0c3a5dcfab2220f035fd1be5874df613426379bae1f33e112f560b,996bed4920d57ac31c4fb24ea30428fd6f75ebf5eff9ad3e616c6bcf81f64d7c,"[""Tennis""]",1785303870.743903,KXITFMATCH-26JUL28WENJON-JON,Tennis,,KXITFMATCH,5195be65-3a9b-423a-9e35-55f2f5840354,KXITFMATCH-26JUL28WENJON,1785299448.0,quote,,1786501800.0,true,70.5000,70.0000,71.0000,6349.60,601.33
6,ed2086c87d52482699dee6d41678911f,0,2026-07-29,2026-07-29,29354e42ef0c3a5dcfab2220f035fd1be5874df613426379bae1f33e112f560b,996bed4920d57ac31c4fb24ea30428fd6f75ebf5eff9ad3e616c6bcf81f64d7c,"[""Tennis""]",1785303870.815783,KXITFMATCH-26JUL28WENJON-WEN,Tennis,,KXITFMATCH,5195be65-3a9b-423a-9e35-55f2f5840354,KXITFMATCH-26JUL28WENJON,1785299448.0,quote,,1786501800.0,true,28.5000,28.0000,29.0000,8206.31,18398.53
6,ed2086c87d52482699dee6d41678911f,0,2026-07-29,2026-07-29,29354e42ef0c3a5dcfab2220f035fd1be5874df613426379bae1f33e112f560b,996bed4920d57ac31c4fb24ea30428fd6f75ebf5eff9ad3e616c6bcf81f64d7c,"[""Tennis""]",1785303870.9668999,KXITFMATCH-26JUL28CHAHEI-CHA,Tennis,,KXITFMATCH,5ba6a34a-c169-4b0b-b8fd-b835a2127855,KXITFMATCH-26JUL28CHAHEI,1785299809.0,quote,,1786505400.0,true,76.5000,76.0000,77.0000,4173.89,2056.62
6,ed2086c87d52482699dee6d41678911f,0,2026-07-29,2026-07-29,29354e42ef0c3a5dcfab2220f035fd1be5874df613426379bae1f33e112f560b,996bed4920d57ac31c4fb24ea30428fd6f75ebf5eff9ad3e616c6bcf81f64d7c,"[""Tennis""]",1785303871.0382988,KXITFWMATCH-26JUL29SOZMIL-MIL,Tennis,,KXITFWMATCH,0ba82ca4-7c3d-4fe6-9763-af01f430c473,KXITFWMATCH-26JUL29SOZMIL,1785301725.0,quote,,1786510800.0,true,93.5000,93.0000,94.0000,2341.71,2688.99
6,ed2086c87d52482699dee6d41678911f,0,2026-07-29,2026-07-29,29354e42ef0c3a5dcfab2220f035fd1be5874df613426379bae1f33e112f560b,996bed4920d57ac31c4fb24ea30428fd6f75ebf5eff9ad3e616c6bcf81f64d7c,"[""Tennis""]",1785303871.114198,KXITFWMATCH-26JUL29YOSKIM-KIM,Tennis,,KXITFWMATCH,9b9eecb5-c6a0-414a-bcf3-57262192676d,KXITFWMATCH-26JUL29YOSKIM,1785301851.0,quote,,1786510800.0,true,60.5000,60.0000,61.0000,220.88,2452.30
6,ed2086c87d52482699dee6d41678911f,0,2026-07-29,2026-07-29,29354e42ef0c3a5dcfab2220f035fd1be5874df613426379bae1f33e112f560b,996bed4920d57ac31c4fb24ea30428fd6f75ebf5eff9ad3e616c6bcf81f64d7c,"[""Tennis""]",1785303871.185023,KXITFMATCH-26JUL28CHAHEI-HEI,Tennis,,KXITFMATCH,5ba6a34a-c169-4b0b-b8fd-b835a2127855,KXITFMATCH-26JUL28CHAHEI,1785299809.0,quote,,1786505400.0,true,23.5000,23.0000,24.0000,4219.66,5737.64
6,ed2086c87d52482699dee6d41678911f,0,2026-07-29,2026-07-29,29354e42ef0c3a5dcfab2220f035fd1be5874df613426379bae1f33e112f560b,996bed4920d57ac31c4fb24ea30428fd6f75ebf5eff9ad3e616c6bcf81f64d7c,"[""Tennis""]",1785303871.254913,KXITFWMATCH-26JUL29SOZMIL-SOZ,Tennis,,KXITFWMATCH,0ba82ca4-7c3d-4fe6-9763-af01f430c473,KXITFWMATCH-26JUL29SOZMIL,1785301725.0,quote,,1786510800.0,true,6.5000,6.0000,7.0000,1930.99,3682.71
6,ed2086c87d52482699dee6d41678911f,0,2026-07-29,2026-07-29,29354e42ef0c3a5dcfab2220f035fd1be5874df613426379bae1f33e112f560b,996bed4920d57ac31c4fb24ea30428fd6f75ebf5eff9ad3e616c6bcf81f64d7c,"[""Tennis""]",1785303871.3250098,KXITFMATCH-26JUL29BRAPIE-PIE,Tennis,,KXITFMATCH,e7bed978-f0a4-4bc6-8904-d9b6730590e4,KXITFMATCH-26JUL29BRAPIE,1785305498.0,quote,,1786514400.0,true,85.5000,85.0000,86.0000,3461.00,1059.07
6,ed2086c87d52482699dee6d41678911f,0,2026-07-29,2026-07-29,29354e42ef0c3a5dcfab2220f035fd1be5874df613426379bae1f33e112f560b,996bed4920d57ac31c4fb24ea30428fd6f75ebf5eff9ad3e616c6bcf81f64d7c,"[""Tennis""]",1785303871.395635,KXITFWMATCH-26JUL29HOSDYU-DYU,Tennis,,KXITFWMATCH,eff22484-a537-4944-bd0e-5664e98b54bd,KXITFWMATCH-26JUL29HOSDYU,1785301687.0,quote,,1786510800.0,true,77.5000,76.0000,79.0000,25.00,1395.27
6,ed2086c87d52482699dee6d41678911f,0,2026-07-29,2026-07-29,29354e42ef0c3a5dcfab2220f035fd1be5874df613426379bae1f33e112f560b,996bed4920d57ac31c4fb24ea30428fd6f75ebf5eff9ad3e616c6bcf81f64d7c,"[""Tennis""]",1785303873.065393,KXITFMATCH-26JUL28PADSAT-PAD,Tennis,,KXITFMATCH,03e1243d-7dee-4056-a032-cb914b77515a,KXITFMATCH-26JUL28PADSAT,1785294636.0,quote,,1786501800.0,true,46.5000,46.0000,47.0000,21839.15,62499.92
6,ed2086c87d52482699dee6d41678911f,0,2026-07-29,2026-07-29,29354e42ef0c3a5dcfab2220f035fd1be5874df613426379bae1f33e112f560b,996bed4920d57ac31c4fb24ea30428fd6f75ebf5eff9ad3e616c6bcf81f64d7c,"[""Tennis""]",1785303873.1360378,KXITFMATCH-26JUL28WENJON-JON,Tennis,,KXITFMATCH,5195be65-3a9b-423a-9e35-55f2f5840354,KXITFMATCH-26JUL28WENJON,1785299448.0,quote,,1786501800.0,true,70.5000,70.0000,71.0000,6349.60,601.33
6,ed2086c87d52482699dee6d41678911f,0,2026-07-29,2026-07-29,29354e42ef0c3a5dcfab2220f035fd1be5874df613426379bae1f33e112f560b,996bed4920d57ac31c4fb24ea30428fd6f75ebf5eff9ad3e616c6bcf81f64d7c,"[""Tennis""]",1785303873.206609,KXITFMATCH-26JUL28WENJON-WEN,Tennis,,KXITFMATCH,5195be65-3a9b-423a-9e35-55f2f5840354,KXITFMATCH-26JUL28WENJON,1785299448.0,quote,,1786501800.0,true,28.5000,28.0000,29.0000,8206.31,18398.53
6,ed2086c87d52482699dee6d41678911f,0,2026-07-29,2026-07-29,29354e42ef0c3a5dcfab2220f035fd1be5874df613426379bae1f33e112f560b,996bed4920d57ac31c4fb24ea30428fd6f75ebf5eff9ad3e616c6bcf81f64d7c,"[""Tennis""]",1785303873.275682,KXITFMATCH-26JUL28CHAHEI-CHA,Tennis,,KXITFMATCH,5ba6a34a-c169-4b0b-b8fd-b835a2127855,KXITFMATCH-26JUL28CHAHEI,1785299809.0,quote,,1786505400.0,true,76.5000,76.0000,77.0000,3371.17,5022.23
6,ed2086c87d52482699dee6d41678911f,0,2026-07-29,2026-07-29,29354e42ef0c3a5dcfab2220f035fd1be5874df613426379bae1f33e112f560b,996bed4920d57ac31c4fb24ea30428fd6f75ebf5eff9ad3e616c6bcf81f64d7c,"[""Tennis""]",1785303873.345408,KXITFWMATCH-26JUL29SOZMIL-MIL,Tennis,,KXITFWMATCH,0ba82ca4-7c3d-4fe6-9763-af01f430c473,KXITFWMATCH-26JUL29SOZMIL,1785301725.0,quote,,1786510800.0,true,93.5000,93.0000,94.0000,2341.71,2688.99
6,ed2086c87d52482699dee6d41678911f,0,2026-07-29,2026-07-29,29354e42ef0c3a5dcfab2220f035fd1be5874df613426379bae1f33e112f560b,996bed4920d57ac31c4fb24ea30428fd6f75ebf5eff9ad3e616c6bcf81f64d7c,"[""Tennis""]",1785303873.4159591,KXITFWMATCH-26JUL29YOSKIM-KIM,Tennis,,KXITFWMATCH,9b9eecb5-c6a0-414a-bcf3-57262192676d,KXITFWMATCH-26JUL29YOSKIM,1785301851.0,quote,,1786510800.0,true,60.5000,60.0000,61.0000,220.88,2452.30
6,ed2086c87d52482699dee6d41678911f,0,2026-07-29,2026-07-29,29354e42ef0c3a5dcfab2220f035fd1be5874df613426379bae1f33e112f560b,996bed4920d57ac31c4fb24ea30428fd6f75ebf5eff9ad3e616c6bcf81f64d7c,"[""Tennis""]",1785303873.485779,KXITFMATCH-26JUL28CHAHEI-HEI,Tennis,,KXITFMATCH,5ba6a34a-c169-4b0b-b8fd-b835a2127855,KXITFMATCH-26JUL28CHAHEI,1785299809.0,quote,,1786505400.0,true,23.5000,23.0000,24.0000,4219.66,5737.64
6,ed2086c87d52482699dee6d41678911f,0,2026-07-29,2026-07-29,29354e42ef0c3a5dcfab2220f035fd1be5874df613426379bae1f33e112f560b,996bed4920d57ac31c4fb24ea30428fd6f75ebf5eff9ad3e616c6bcf81f64d7c,"[""Tennis""]",1785303873.583194,KXITFWMATCH-26JUL29SOZMIL-SOZ,Tennis,,KXITFWMATCH,0ba82ca4-7c3d-4fe6-9763-af01f430c473,KXITFWMATCH-26JUL29SOZMIL,1785301725.0,quote,,1786510800.0,true,6.5000,6.0000,7.0000,1930.99,3682.71
6,ed2086c87d52482699dee6d41678911f,0,2026-07-29,2026-07-29,29354e42ef0c3a5dcfab2220f035fd1be5874df613426379bae1f33e112f560b,996bed4920d57ac31c4fb24ea30428fd6f75ebf5eff9ad3e616c6bcf81f64d7c,"[""Tennis""]",1785303873.6521559,KXITFMATCH-26JUL29BRAPIE-PIE,Tennis,,KXITFMATCH,e7bed978-f0a4-4bc6-8904-d9b6730590e4,KXITFMATCH-26JUL29BRAPIE,1785305498.0,quote,,1786514400.0,true,85.5000,85.0000,86.0000,3461.00,1059.07
6,ed2086c87d52482699dee6d41678911f,0,2026-07-29,2026-07-29,29354e42ef0c3a5dcfab2220f035fd1be5874df613426379bae1f33e112f560b,996bed4920d57ac31c4fb24ea30428fd6f75ebf5eff9ad3e616c6bcf81f64d7c,"[""Tennis""]",1785303873.723726,KXITFWMATCH-26JUL29HOSDYU-DYU,Tennis,,KXITFWMATCH,eff22484-a537-4944-bd0e-5664e98b54bd,KXITFWMATCH-26JUL29HOSDYU,1785301687.0,quote,,1786510800.0,true,77.0000,75.0000,79.0000,260.00,3.00
6,ed2086c87d52482699dee6d41678911f,0,2026-07-29,2026-07-29,29354e42ef0c3a5dcfab2220f035fd1be5874df613426379bae1f33e112f560b,996bed4920d57ac31c4fb24ea30428fd6f75ebf5eff9ad3e616c6bcf81f64d7c,"[""Tennis""]",1785303875.296561,KXITFMATCH-26JUL28PADSAT-PAD,Tennis,,KXITFMATCH,03e1243d-7dee-4056-a032-cb914b77515a,KXITFMATCH-26JUL28PADSAT,1785294636.0,quote,,1786501800.0,true,46.5000,46.0000,47.0000,21839.15,62499.92
6,ed2086c87d52482699dee6d41678911f,0,2026-07-29,2026-07-29,29354e42ef0c3a5dcfab2220f035fd1be5874df613426379bae1f33e112f560b,996bed4920d57ac31c4fb24ea30428fd6f75ebf5eff9ad3e616c6bcf81f64d7c,"[""Tennis""]",1785303875.3692532,KXITFMATCH-26JUL28WENJON-JON,Tennis,,KXITFMATCH,5195be65-3a9b-423a-9e35-55f2f5840354,KXITFMATCH-26JUL28WENJON,1785299448.0,quote,,1786501800.0,true,70.5000,70.0000,71.0000,6349.60,601.33
6,ed2086c87d52482699dee6d41678911f,0,2026-07-29,2026-07-29,29354e42ef0c3a5dcfab2220f035fd1be5874df613426379bae1f33e112f560b,996bed4920d57ac31c4fb24ea30428fd6f75ebf5eff9ad3e616c6bcf81f64d7c,"[""Tennis""]",1785303875.441694,KXITFMATCH-26JUL28WENJON-WEN,Tennis,,KXITFMATCH,5195be65-3a9b-423a-9e35-55f2f5840354,KXITFMATCH-26JUL28WENJON,1785299448.0,quote,,1786501800.0,true,28.5000,28.0000,29.0000,8206.31,18398.53
6,ed2086c87d52482699dee6d41678911f,0,2026-07-29,2026-07-29,29354e42ef0c3a5dcfab2220f035fd1be5874df613426379bae1f33e112f560b,996bed4920d57ac31c4fb24ea30428fd6f75ebf5eff9ad3e616c6bcf81f64d7c,"[""Tennis""]",1785303875.512345,KXITFMATCH-26JUL28CHAHEI-CHA,Tennis,,KXITFMATCH,5ba6a34a-c169-4b0b-b8fd-b835a2127855,KXITFMATCH-26JUL28CHAHEI,1785299809.0,quote,,1786505400.0,true,76.5000,76.0000,77.0000,3371.17,5022.23
6,ed2086c87d52482699dee6d41678911f,0,2026-07-29,2026-07-29,29354e42ef0c3a5dcfab2220f035fd1be5874df613426379bae1f33e112f560b,996bed4920d57ac31c4fb24ea30428fd6f75ebf5eff9ad3e616c6bcf81f64d7c,"[""Tennis""]",1785303875.5837262,KXITFWMATCH-26JUL29SOZMIL-MIL,Tennis,,KXITFWMATCH,0ba82ca4-7c3d-4fe6-9763-af01f430c473,KXITFWMATCH-26JUL29SOZMIL,1785301725.0,quote,,1786510800.0,true,93.5000,93.0000,94.0000,2341.71,2688.99
6,ed2086c87d52482699dee6d41678911f,0,2026-07-29,2026-07-29,29354e42ef0c3a5dcfab2220f035fd1be5874df613426379bae1f33e112f560b,996bed4920d57ac31c4fb24ea30428fd6f75ebf5eff9ad3e616c6bcf81f64d7c,"[""Tennis""]",1785303875.68829,KXITFWMATCH-26JUL29YOSKIM-KIM,Tennis,,KXITFWMATCH,9b9eecb5-c6a0-414a-bcf3-57262192676d,KXITFWMATCH-26JUL29YOSKIM,1785301851.0,quote,,1786510800.0,true,60.5000,60.0000,61.0000,2050.78,2445.13
6,ed2086c87d52482699dee6d41678911f,0,2026-07-29,2026-07-29,29354e42ef0c3a5dcfab2220f035fd1be5874df613426379bae1f33e112f560b,996bed4920d57ac31c4fb24ea30428fd6f75ebf5eff9ad3e616c6bcf81f64d7c,"[""Tennis""]",1785303875.762864,KXITFMATCH-26JUL28CHAHEI-HEI,Tennis,,KXITFMATCH,5ba6a34a-c169-4b0b-b8fd-b835a2127855,KXITFMATCH-26JUL28CHAHEI,1785299809.0,quote,,1786505400.0,true,23.5000,23.0000,24.0000,4219.66,5737.64
6,ed2086c87d52482699dee6d41678911f,0,2026-07-29,2026-07-29,29354e42ef0c3a5dcfab2220f035fd1be5874df613426379bae1f33e112f560b,996bed4920d57ac31c4fb24ea30428fd6f75ebf5eff9ad3e616c6bcf81f64d7c,"[""Tennis""]",1785303875.834275,KXITFWMATCH-26JUL29SOZMIL-SOZ,Tennis,,KXITFWMATCH,0ba82ca4-7c3d-4fe6-9763-af01f430c473,KXITFWMATCH-26JUL29SOZMIL,1785301725.0,quote,,1786510800.0,true,6.5000,6.0000,7.0000,1930.99,3682.71
6,ed2086c87d52482699dee6d41678911f,0,2026-07-29,2026-07-29,29354e42ef0c3a5dcfab2220f035fd1be5874df613426379bae1f33e112f560b,996bed4920d57ac31c4fb24ea30428fd6f75ebf5eff9ad3e616c6bcf81f64d7c,"[""Tennis""]",1785303875.909781,KXITFMATCH-26JUL29BRAPIE-PIE,Tennis,,KXITFMATCH,e7bed978-f0a4-4bc6-8904-d9b6730590e4,KXITFMATCH-26JUL29BRAPIE,1785305498.0,quote,,1786514400.0,true,85.5000,85.0000,86.0000,3461.00,1059.07
6,ed2086c87d52482699dee6d41678911f,0,2026-07-29,2026-07-29,29354e42ef0c3a5dcfab2220f035fd1be5874df613426379bae1f33e112f560b,996bed4920d57ac31c4fb24ea30428fd6f75ebf5eff9ad3e616c6bcf81f64d7c,"[""Tennis""]",1785303876.031886,KXITFWMATCH-26JUL29HOSDYU-DYU,Tennis,,KXITFWMATCH,eff22484-a537-4944-bd0e-5664e98b54bd,KXITFWMATCH-26JUL29HOSDYU,1785301687.0,quote,,1786510800.0,true,77.0000,75.0000,79.0000,260.00,3.00
6,ed2086c87d52482699dee6d41678911f,0,2026-07-29,2026-07-29,29354e42ef0c3a5dcfab2220f035fd1be5874df613426379bae1f33e112f560b,996bed4920d57ac31c4fb24ea30428fd6f75ebf5eff9ad3e616c6bcf81f64d7c,"[""Tennis""]",1785303877.609338,KXITFMATCH-26JUL28PADSAT-PAD,Tennis,,KXITFMATCH,03e1243d-7dee-4056-a032-cb914b77515a,KXITFMATCH-26JUL28PADSAT,1785294636.0,quote,,1786501800.0,true,46.5000,46.0000,47.0000,21839.15,62499.92
6,ed2086c87d52482699dee6d41678911f,0,2026-07-29,2026-07-29,29354e42ef0c3a5dcfab2220f035fd1be5874df613426379bae1f33e112f560b,996bed4920d57ac31c4fb24ea30428fd6f75ebf5eff9ad3e616c6bcf81f64d7c,"[""Tennis""]",1785303877.679766,KXITFMATCH-26JUL28WENJON-JON,Tennis,,KXITFMATCH,5195be65-3a9b-423a-9e35-55f2f5840354,KXITFMATCH-26JUL28WENJON,1785299448.0,quote,,1786501800.0,true,70.5000,70.0000,71.0000,6349.60,601.33
6,ed2086c87d52482699dee6d41678911f,0,2026-07-29,2026-07-29,29354e42ef0c3a5dcfab2220f035fd1be5874df613426379bae1f33e112f560b,996bed4920d57ac31c4fb24ea30428fd6f75ebf5eff9ad3e616c6bcf81f64d7c,"[""Tennis""]",1785303877.77858,KXITFMATCH-26JUL28WENJON-WEN,Tennis,,KXITFMATCH,5195be65-3a9b-423a-9e35-55f2f5840354,KXITFMATCH-26JUL28WENJON,1785299448.0,quote,,1786501800.0,true,28.5000,28.0000,29.0000,8206.31,18398.53
6,ed2086c87d52482699dee6d41678911f,0,2026-07-29,2026-07-29,29354e42ef0c3a5dcfab2220f035fd1be5874df613426379bae1f33e112f560b,996bed4920d57ac31c4fb24ea30428fd6f75ebf5eff9ad3e616c6bcf81f64d7c,"[""Tennis""]",1785303877.849589,KXITFMATCH-26JUL28CHAHEI-CHA,Tennis,,KXITFMATCH,5ba6a34a-c169-4b0b-b8fd-b835a2127855,KXITFMATCH-26JUL28CHAHEI,1785299809.0,quote,,1786505400.0,true,76.5000,76.0000,77.0000,3371.17,5022.23
6,ed2086c87d52482699dee6d41678911f,0,2026-07-29,2026-07-29,29354e42ef0c3a5dcfab2220f035fd1be5874df613426379bae1f33e112f560b,996bed4920d57ac31c4fb24ea30428fd6f75ebf5eff9ad3e616c6bcf81f64d7c,"[""Tennis""]",1785303877.920613,KXITFWMATCH-26JUL29SOZMIL-MIL,Tennis,,KXITFWMATCH,0ba82ca4-7c3d-4fe6-9763-af01f430c473,KXITFWMATCH-26JUL29SOZMIL,1785301725.0,quote,,1786510800.0,true,93.5000,93.0000,94.0000,2341.71,2688.99
6,ed2086c87d52482699dee6d41678911f,0,2026-07-29,2026-07-29,29354e42ef0c3a5dcfab2220f035fd1be5874df613426379bae1f33e112f560b,996bed4920d57ac31c4fb24ea30428fd6f75ebf5eff9ad3e616c6bcf81f64d7c,"[""Tennis""]",1785303877.9904902,KXITFWMATCH-26JUL29YOSKIM-KIM,Tennis,,KXITFWMATCH,9b9eecb5-c6a0-414a-bcf3-57262192676d,KXITFWMATCH-26JUL29YOSKIM,1785301851.0,quote,,1786510800.0,true,60.5000,60.0000,61.0000,2050.78,2445.13
6,ed2086c87d52482699dee6d41678911f,0,2026-07-29,2026-07-29,29354e42ef0c3a5dcfab2220f035fd1be5874df613426379bae1f33e112f560b,996bed4920d57ac31c4fb24ea30428fd6f75ebf5eff9ad3e616c6bcf81f64d7c,"[""Tennis""]",1785303878.060061,KXITFMATCH-26JUL28CHAHEI-HEI,Tennis,,KXITFMATCH,5ba6a34a-c169-4b0b-b8fd-b835a2127855,KXITFMATCH-26JUL28CHAHEI,1785299809.0,quote,,1786505400.0,true,23.5000,23.0000,24.0000,4219.66,5737.64
6,ed2086c87d52482699dee6d41678911f,0,2026-07-29,2026-07-29,29354e42ef0c3a5dcfab2220f035fd1be5874df613426379bae1f33e112f560b,996bed4920d57ac31c4fb24ea30428fd6f75ebf5eff9ad3e616c6bcf81f64d7c,"[""Tennis""]",1785303878.1311848,KXITFWMATCH-26JUL29SOZMIL-SOZ,Tennis,,KXITFWMATCH,0ba82ca4-7c3d-4fe6-9763-af01f430c473,KXITFWMATCH-26JUL29SOZMIL,1785301725.0,quote,,1786510800.0,true,6.5000,6.0000,7.0000,1930.99,3491.53
6,ed2086c87d52482699dee6d41678911f,0,2026-07-29,2026-07-29,29354e42ef0c3a5dcfab2220f035fd1be5874df613426379bae1f33e112f560b,996bed4920d57ac31c4fb24ea30428fd6f75ebf5eff9ad3e616c6bcf81f64d7c,"[""Tennis""]",1785303878.2018602,KXITFMATCH-26JUL29BRAPIE-PIE,Tennis,,KXITFMATCH,e7bed978-f0a4-4bc6-8904-d9b6730590e4,KXITFMATCH-26JUL29BRAPIE,1785305498.0,quote,,1786514400.0,true,85.5000,85.0000,86.0000,3461.00,1059.07
6,ed2086c87d52482699dee6d41678911f,0,2026-07-29,2026-07-29,29354e42ef0c3a5dcfab2220f035fd1be5874df613426379bae1f33e112f560b,996bed4920d57ac31c4fb24ea30428fd6f75ebf5eff9ad3e616c6bcf81f64d7c,"[""Tennis""]",1785303878.306439,KXITFWMATCH-26JUL29HOSDYU-DYU,Tennis,,KXITFWMATCH,eff22484-a537-4944-bd0e-5664e98b54bd,KXITFWMATCH-26JUL29HOSDYU,1785301687.0,quote,,1786510800.0,true,77.0000,75.0000,79.0000,260.00,3.00
6,ed2086c87d52482699dee6d41678911f,0,2026-07-29,2026-07-29,29354e42ef0c3a5dcfab2220f035fd1be5874df613426379bae1f33e112f560b,996bed4920d57ac31c4fb24ea30428fd6f75ebf5eff9ad3e616c6bcf81f64d7c,"[""Tennis""]",1785303879.938095,KXITFMATCH-26JUL28PADSAT-PAD,Tennis,,KXITFMATCH,03e1243d-7dee-4056-a032-cb914b77515a,KXITFMATCH-26JUL28PADSAT,1785294636.0,quote,,1786501800.0,true,46.5000,46.0000,47.0000,21839.15,62499.92
6,ed2086c87d52482699dee6d41678911f,0,2026-07-29,2026-07-29,29354e42ef0c3a5dcfab2220f035fd1be5874df613426379bae1f33e112f560b,996bed4920d57ac31c4fb24ea30428fd6f75ebf5eff9ad3e616c6bcf81f64d7c,"[""Tennis""]",1785303880.013847,KXITFMATCH-26JUL28WENJON-JON,Tennis,,KXITFMATCH,5195be65-3a9b-423a-9e35-55f2f5840354,KXITFMATCH-26JUL28WENJON,1785299448.0,quote,,1786501800.0,true,70.5000,70.0000,71.0000,9001.60,16337.19
6,ed2086c87d52482699dee6d41678911f,0,2026-07-29,2026-07-29,29354e42ef0c3a5dcfab2220f035fd1be5874df613426379bae1f33e112f560b,996bed4920d57ac31c4fb24ea30428fd6f75ebf5eff9ad3e616c6bcf81f64d7c,"[""Tennis""]",1785303880.08868,KXITFMATCH-26JUL28WENJON-WEN,Tennis,,KXITFMATCH,5195be65-3a9b-423a-9e35-55f2f5840354,KXITFMATCH-26JUL28WENJON,1785299448.0,quote,,1786501800.0,true,29.5000,29.0000,30.0000,11137.32,17365.02
6,ed2086c87d52482699dee6d41678911f,0,2026-07-29,2026-07-29,29354e42ef0c3a5dcfab2220f035fd1be5874df613426379bae1f33e112f560b,996bed4920d57ac31c4fb24ea30428fd6f75ebf5eff9ad3e616c6bcf81f64d7c,"[""Tennis""]",1785303880.161781,KXITFMATCH-26JUL28CHAHEI-CHA,Tennis,,KXITFMATCH,5ba6a34a-c169-4b0b-b8fd-b835a2127855,KXITFMATCH-26JUL28CHAHEI,1785299809.0,quote,,1786505400.0,true,76.5000,76.0000,77.0000,3371.17,5022.23
6,ed2086c87d52482699dee6d41678911f,0,2026-07-29,2026-07-29,29354e42ef0c3a5dcfab2220f035fd1be5874df613426379bae1f33e112f560b,996bed4920d57ac31c4fb24ea30428fd6f75ebf5eff9ad3e616c6bcf81f64d7c,"[""Tennis""]",1785303880.237206,KXITFWMATCH-26JUL29SOZMIL-MIL,Tennis,,KXITFWMATCH,0ba82ca4-7c3d-4fe6-9763-af01f430c473,KXITFWMATCH-26JUL29SOZMIL,1785301725.0,quote,,1786510800.0,true,93.5000,93.0000,94.0000,2341.71,2688.99
6,ed2086c87d52482699dee6d41678911f,0,2026-07-29,2026-07-29,29354e42ef0c3a5dcfab2220f035fd1be5874df613426379bae1f33e112f560b,996bed4920d57ac31c4fb24ea30428fd6f75ebf5eff9ad3e616c6bcf81f64d7c,"[""Tennis""]",1785303880.308065,KXITFWMATCH-26JUL29YOSKIM-KIM,Tennis,,KXITFWMATCH,9b9eecb5-c6a0-414a-bcf3-57262192676d,KXITFWMATCH-26JUL29YOSKIM,1785301851.0,quote,,1786510800.0,true,60.5000,60.0000,61.0000,2050.78,2445.13
6,ed2086c87d52482699dee6d41678911f,0,2026-07-29,2026-07-29,29354e42ef0c3a5dcfab2220f035fd1be5874df613426379bae1f33e112f560b,996bed4920d57ac31c4fb24ea30428fd6f75ebf5eff9ad3e616c6bcf81f64d7c,"[""Tennis""]",1785303880.47003,KXITFMATCH-26JUL28CHAHEI-HEI,Tennis,,KXITFMATCH,5ba6a34a-c169-4b0b-b8fd-b835a2127855,KXITFMATCH-26JUL28CHAHEI,1785299809.0,quote,,1786505400.0,true,23.5000,23.0000,24.0000,4219.66,5737.64
6,ed2086c87d52482699dee6d41678911f,0,2026-07-29,2026-07-29,29354e42ef0c3a5dcfab2220f035fd1be5874df613426379bae1f33e112f560b,996bed4920d57ac31c4fb24ea30428fd6f75ebf5eff9ad3e616c6bcf81f64d7c,"[""Tennis""]",1785303880.544868,KXITFWMATCH-26JUL29SOZMIL-SOZ,Tennis,,KXITFWMATCH,0ba82ca4-7c3d-4fe6-9763-af01f430c473,KXITFWMATCH-26JUL29SOZMIL,1785301725.0,quote,,1786510800.0,true,6.5000,6.0000,7.0000,1930.99,3491.53
6,ed2086c87d52482699dee6d41678911f,0,2026-07-29,2026-07-29,29354e42ef0c3a5dcfab2220f035fd1be5874df613426379bae1f33e112f560b,996bed4920d57ac31c4fb24ea30428fd6f75ebf5eff9ad3e616c6bcf81f64d7c,"[""Tennis""]",1785303880.6192482,KXITFMATCH-26JUL29BRAPIE-PIE,Tennis,,KXITFMATCH,e7bed978-f0a4-4bc6-8904-d9b6730590e4,KXITFMATCH-26JUL29BRAPIE,1785305498.0,quote,,1786514400.0,true,85.5000,85.0000,86.0000,3461.00,1059.07
6,ed2086c87d52482699dee6d41678911f,0,2026-07-29,2026-07-29,29354e42ef0c3a5dcfab2220f035fd1be5874df613426379bae1f33e112f560b,996bed4920d57ac31c4fb24ea30428fd6f75ebf5eff9ad3e616c6bcf81f64d7c,"[""Tennis""]",1785303880.691434,KXITFWMATCH-26JUL29HOSDYU-DYU,Tennis,,KXITFWMATCH,eff22484-a537-4944-bd0e-5664e98b54bd,KXITFWMATCH-26JUL29HOSDYU,1785301687.0,quote,,1786510800.0,true,77.0000,75.0000,79.0000,260.00,3.00
6,ed2086c87d52482699dee6d41678911f,0,2026-07-29,2026-07-29,29354e42ef0c3a5dcfab2220f035fd1be5874df613426379bae1f33e112f560b,996bed4920d57ac31c4fb24ea30428fd6f75ebf5eff9ad3e616c6bcf81f64d7c,"[""Tennis""]",1785303882.274045,KXITFMATCH-26JUL28PADSAT-PAD,Tennis,,KXITFMATCH,03e1243d-7dee-4056-a032-cb914b77515a,KXITFMATCH-26JUL28PADSAT,1785294636.0,quote,,1786501800.0,true,46.5000,46.0000,47.0000,21839.15,63270.91
6,ed2086c87d52482699dee6d41678911f,0,2026-07-29,2026-07-29,29354e42ef0c3a5dcfab2220f035fd1be5874df613426379bae1f33e112f560b,996bed4920d57ac31c4fb24ea30428fd6f75ebf5eff9ad3e616c6bcf81f64d7c,"[""Tennis""]",1785303882.3444211,KXITFMATCH-26JUL28WENJON-JON,Tennis,,KXITFMATCH,5195be65-3a9b-423a-9e35-55f2f5840354,KXITFMATCH-26JUL28WENJON,1785299448.0,quote,,1786501800.0,true,70.5000,70.0000,71.0000,9001.60,16337.19
6,ed2086c87d52482699dee6d41678911f,0,2026-07-29,2026-07-29,29354e42ef0c3a5dcfab2220f035fd1be5874df613426379bae1f33e112f560b,996bed4920d57ac31c4fb24ea30428fd6f75ebf5eff9ad3e616c6bcf81f64d7c,"[""Tennis""]",1785303882.4999738,KXITFMATCH-26JUL28WENJON-WEN,Tennis,,KXITFMATCH,5195be65-3a9b-423a-9e35-55f2f5840354,KXITFMATCH-26JUL28WENJON,1785299448.0,quote,,1786501800.0,true,29.5000,29.0000,30.0000,11137.32,17365.02
6,ed2086c87d52482699dee6d41678911f,0,2026-07-29,2026-07-29,29354e42ef0c3a5dcfab2220f035fd1be5874df613426379bae1f33e112f560b,996bed4920d57ac31c4fb24ea30428fd6f75ebf5eff9ad3e616c6bcf81f64d7c,"[""Tennis""]",1785303882.569549,KXITFMATCH-26JUL28CHAHEI-CHA,Tennis,,KXITFMATCH,5ba6a34a-c169-4b0b-b8fd-b835a2127855,KXITFMATCH-26JUL28CHAHEI,1785299809.0,quote,,1786505400.0,true,77.5000,77.0000,78.0000,3966.62,4743.76
6,ed2086c87d52482699dee6d41678911f,0,2026-07-29,2026-07-29,29354e42ef0c3a5dcfab2220f035fd1be5874df613426379bae1f33e112f560b,996bed4920d57ac31c4fb24ea30428fd6f75ebf5eff9ad3e616c6bcf81f64d7c,"[""Tennis""]",1785303882.641504,KXITFWMATCH-26JUL29SOZMIL-MIL,Tennis,,KXITFWMATCH,0ba82ca4-7c3d-4fe6-9763-af01f430c473,KXITFWMATCH-26JUL29SOZMIL,1785301725.0,quote,,1786510800.0,true,93.5000,93.0000,94.0000,2341.71,2688.99
6,ed2086c87d52482699dee6d41678911f,0,2026-07-29,2026-07-29,29354e42ef0c3a5dcfab2220f035fd1be5874df613426379bae1f33e112f560b,996bed4920d57ac31c4fb24ea30428fd6f75ebf5eff9ad3e616c6bcf81f64d7c,"[""Tennis""]",1785303882.7112901,KXITFWMATCH-26JUL29YOSKIM-KIM,Tennis,,KXITFWMATCH,9b9eecb5-c6a0-414a-bcf3-57262192676d,KXITFWMATCH-26JUL29YOSKIM,1785301851.0,quote,,1786510800.0,true,60.5000,60.0000,61.0000,2050.78,2445.13
6,ed2086c87d52482699dee6d41678911f,0,2026-07-29,2026-07-29,29354e42ef0c3a5dcfab2220f035fd1be5874df613426379bae1f33e112f560b,996bed4920d57ac31c4fb24ea30428fd6f75ebf5eff9ad3e616c6bcf81f64d7c,"[""Tennis""]",1785303882.78388,KXITFMATCH-26JUL28CHAHEI-HEI,Tennis,,KXITFMATCH,5ba6a34a-c169-4b0b-b8fd-b835a2127855,KXITFMATCH-26JUL28CHAHEI,1785299809.0,quote,,1786505400.0,true,22.5000,22.0000,23.0000,4637.93,3935.84
6,ed2086c87d52482699dee6d41678911f,0,2026-07-29,2026-07-29,29354e42ef0c3a5dcfab2220f035fd1be5874df613426379bae1f33e112f560b,996bed4920d57ac31c4fb24ea30428fd6f75ebf5eff9ad3e616c6bcf81f64d7c,"[""Tennis""]",1785303882.8541608,KXITFWMATCH-26JUL29SOZMIL-SOZ,Tennis,,KXITFWMATCH,0ba82ca4-7c3d-4fe6-9763-af01f430c473,KXITFWMATCH-26JUL29SOZMIL,1785301725.0,quote,,1786510800.0,true,6.5000,6.0000,7.0000,1930.99,3491.53
6,ed2086c87d52482699dee6d41678911f,0,2026-07-29,2026-07-29,29354e42ef0c3a5dcfab2220f035fd1be5874df613426379bae1f33e112f560b,996bed4920d57ac31c4fb24ea30428fd6f75ebf5eff9ad3e616c6bcf81f64d7c,"[""Tennis""]",1785303882.927144,KXITFMATCH-26JUL29BRAPIE-PIE,Tennis,,KXITFMATCH,e7bed978-f0a4-4bc6-8904-d9b6730590e4,KXITFMATCH-26JUL29BRAPIE,1785305498.0,quote,,1786514400.0,true,85.5000,85.0000,86.0000,3461.00,1059.07
6,ed2086c87d52482699dee6d41678911f,0,2026-07-29,2026-07-29,29354e42ef0c3a5dcfab2220f035fd1be5874df613426379bae1f33e112f560b,996bed4920d57ac31c4fb24ea30428fd6f75ebf5eff9ad3e616c6bcf81f64d7c,"[""Tennis""]",1785303883.084599,KXITFWMATCH-26JUL29HOSDYU-DYU,Tennis,,KXITFWMATCH,eff22484-a537-4944-bd0e-5664e98b54bd,KXITFWMATCH-26JUL29HOSDYU,1785301687.0,quote,,1786510800.0,true,81.5000,80.0000,83.0000,751.14,1022.48
6,ed2086c87d52482699dee6d41678911f,0,2026-07-29,2026-07-29,29354e42ef0c3a5dcfab2220f035fd1be5874df613426379bae1f33e112f560b,996bed4920d57ac31c4fb24ea30428fd6f75ebf5eff9ad3e616c6bcf81f64d7c,"[""Tennis""]",1785303884.664638,KXITFMATCH-26JUL28PADSAT-PAD,Tennis,,KXITFMATCH,03e1243d-7dee-4056-a032-cb914b77515a,KXITFMATCH-26JUL28PADSAT,1785294636.0,quote,,1786501800.0,true,46.5000,46.0000,47.0000,21839.15,63270.91
6,ed2086c87d52482699dee6d41678911f,0,2026-07-29,2026-07-29,29354e42ef0c3a5dcfab2220f035fd1be5874df613426379bae1f33e112f560b,996bed4920d57ac31c4fb24ea30428fd6f75ebf5eff9ad3e616c6bcf81f64d7c,"[""Tennis""]",1785303884.7348568,KXITFMATCH-26JUL28WENJON-JON,Tennis,,KXITFMATCH,5195be65-3a9b-423a-9e35-55f2f5840354,KXITFMATCH-26JUL28WENJON,1785299448.0,quote,,1786501800.0,true,70.5000,70.0000,71.0000,9001.60,16337.19
6,ed2086c87d52482699dee6d41678911f,0,2026-07-29,2026-07-29,29354e42ef0c3a5dcfab2220f035fd1be5874df613426379bae1f33e112f560b,996bed4920d57ac31c4fb24ea30428fd6f75ebf5eff9ad3e616c6bcf81f64d7c,"[""Tennis""]",1785303884.806078,KXITFMATCH-26JUL28WENJON-WEN,Tennis,,KXITFMATCH,5195be65-3a9b-423a-9e35-55f2f5840354,KXITFMATCH-26JUL28WENJON,1785299448.0,quote,,1786501800.0,true,29.5000,29.0000,30.0000,11137.32,17365.02
6,ed2086c87d52482699dee6d41678911f,0,2026-07-29,2026-07-29,29354e42ef0c3a5dcfab2220f035fd1be5874df613426379bae1f33e112f560b,996bed4920d57ac31c4fb24ea30428fd6f75ebf5eff9ad3e616c6bcf81f64d7c,"[""Tennis""]",1785303884.876599,KXITFMATCH-26JUL28CHAHEI-CHA,Tennis,,KXITFMATCH,5ba6a34a-c169-4b0b-b8fd-b835a2127855,KXITFMATCH-26JUL28CHAHEI,1785299809.0,quote,,1786505400.0,true,77.5000,77.0000,78.0000,3966.62,4743.76
6,ed2086c87d52482699dee6d41678911f,0,2026-07-29,2026-07-29,29354e42ef0c3a5dcfab2220f035fd1be5874df613426379bae1f33e112f560b,996bed4920d57ac31c4fb24ea30428fd6f75ebf5eff9ad3e616c6bcf81f64d7c,"[""Tennis""]",1785303884.947724,KXITFWMATCH-26JUL29SOZMIL-MIL,Tennis,,KXITFWMATCH,0ba82ca4-7c3d-4fe6-9763-af01f430c473,KXITFWMATCH-26JUL29SOZMIL,1785301725.0,quote,,1786510800.0,true,93.5000,93.0000,94.0000,2341.71,2688.99
6,ed2086c87d52482699dee6d41678911f,0,2026-07-29,2026-07-29,29354e42ef0c3a5dcfab2220f035fd1be5874df613426379bae1f33e112f560b,996bed4920d57ac31c4fb24ea30428fd6f75ebf5eff9ad3e616c6bcf81f64d7c,"[""Tennis""]",1785303885.0196962,KXITFWMATCH-26JUL29YOSKIM-KIM,Tennis,,KXITFWMATCH,9b9eecb5-c6a0-414a-bcf3-57262192676d,KXITFWMATCH-26JUL29YOSKIM,1785301851.0,quote,,1786510800.0,true,61.0000,60.0000,62.0000,247.00,79.00
6,ed2086c87d52482699dee6d41678911f,0,2026-07-29,2026-07-29,29354e42ef0c3a5dcfab2220f035fd1be5874df613426379bae1f33e112f560b,996bed4920d57ac31c4fb24ea30428fd6f75ebf5eff9ad3e616c6bcf81f64d7c,"[""Tennis""]",1785303885.118347,KXITFMATCH-26JUL28CHAHEI-HEI,Tennis,,KXITFMATCH,5ba6a34a-c169-4b0b-b8fd-b835a2127855,KXITFMATCH-26JUL28CHAHEI,1785299809.0,quote,,1786505400.0,true,22.5000,22.0000,23.0000,4637.93,3935.84
6,ed2086c87d52482699dee6d41678911f,0,2026-07-29,2026-07-29,29354e42ef0c3a5dcfab2220f035fd1be5874df613426379bae1f33e112f560b,996bed4920d57ac31c4fb24ea30428fd6f75ebf5eff9ad3e616c6bcf81f64d7c,"[""Tennis""]",1785303885.189692,KXITFWMATCH-26JUL29SOZMIL-SOZ,Tennis,,KXITFWMATCH,0ba82ca4-7c3d-4fe6-9763-af01f430c473,KXITFWMATCH-26JUL29SOZMIL,1785301725.0,quote,,1786510800.0,true,6.5000,6.0000,7.0000,1930.99,3491.53
6,ed2086c87d52482699dee6d41678911f,0,2026-07-29,2026-07-29,29354e42ef0c3a5dcfab2220f035fd1be5874df613426379bae1f33e112f560b,996bed4920d57ac31c4fb24ea30428fd6f75ebf5eff9ad3e616c6bcf81f64d7c,"[""Tennis""]",1785303885.259458,KXITFMATCH-26JUL29BRAPIE-PIE,Tennis,,KXITFMATCH,e7bed978-f0a4-4bc6-8904-d9b6730590e4,KXITFMATCH-26JUL29BRAPIE,1785305498.0,quote,,1786514400.0,true,85.5000,85.0000,86.0000,3461.00,1059.07
6,ed2086c87d52482699dee6d41678911f,0,2026-07-29,2026-07-29,29354e42ef0c3a5dcfab2220f035fd1be5874df613426379bae1f33e112f560b,996bed4920d57ac31c4fb24ea30428fd6f75ebf5eff9ad3e616c6bcf81f64d7c,"[""Tennis""]",1785303885.33111,KXITFWMATCH-26JUL29HOSDYU-DYU,Tennis,,KXITFWMATCH,eff22484-a537-4944-bd0e-5664e98b54bd,KXITFWMATCH-26JUL29HOSDYU,1785301687.0,quote,,1786510800.0,true,81.5000,80.0000,83.0000,751.14,1022.48
6,ed2086c87d52482699dee6d41678911f,0,2026-07-29,2026-07-29,29354e42ef0c3a5dcfab2220f035fd1be5874df613426379bae1f33e112f560b,996bed4920d57ac31c4fb24ea30428fd6f75ebf5eff9ad3e616c6bcf81f64d7c,"[""Tennis""]",1785303886.913004,KXITFMATCH-26JUL28PADSAT-PAD,Tennis,,KXITFMATCH,03e1243d-7dee-4056-a032-cb914b77515a,KXITFMATCH-26JUL28PADSAT,1785294636.0,quote,,1786501800.0,true,46.5000,46.0000,47.0000,21839.15,63270.91
6,ed2086c87d52482699dee6d41678911f,0,2026-07-29,2026-07-29,29354e42ef0c3a5dcfab2220f035fd1be5874df613426379bae1f33e112f560b,996bed4920d57ac31c4fb24ea30428fd6f75ebf5eff9ad3e616c6bcf81f64d7c,"[""Tennis""]",1785303886.9834921,KXITFMATCH-26JUL28WENJON-JON,Tennis,,KXITFMATCH,5195be65-3a9b-423a-9e35-55f2f5840354,KXITFMATCH-26JUL28WENJON,1785299448.0,quote,,1786501800.0,true,70.5000,70.0000,71.0000,9001.60,16337.19
6,ed2086c87d52482699dee6d41678911f,0,2026-07-29,2026-07-29,29354e42ef0c3a5dcfab2220f035fd1be5874df613426379bae1f33e112f560b,996bed4920d57ac31c4fb24ea30428fd6f75ebf5eff9ad3e616c6bcf81f64d7c,"[""Tennis""]",1785303887.054101,KXITFMATCH-26JUL28WENJON-WEN,Tennis,,KXITFMATCH,5195be65-3a9b-423a-9e35-55f2f5840354,KXITFMATCH-26JUL28WENJON,1785299448.0,quote,,1786501800.0,true,29.5000,29.0000,30.0000,11137.32,17365.02
6,ed2086c87d52482699dee6d41678911f,0,2026-07-29,2026-07-29,29354e42ef0c3a5dcfab2220f035fd1be5874df613426379bae1f33e112f560b,996bed4920d57ac31c4fb24ea30428fd6f75ebf5eff9ad3e616c6bcf81f64d7c,"[""Tennis""]",1785303887.126473,KXITFMATCH-26JUL28CHAHEI-CHA,Tennis,,KXITFMATCH,5ba6a34a-c169-4b0b-b8fd-b835a2127855,KXITFMATCH-26JUL28CHAHEI,1785299809.0,quote,,1786505400.0,true,77.5000,77.0000,78.0000,3966.62,4743.76
6,ed2086c87d52482699dee6d41678911f,0,2026-07-29,2026-07-29,29354e42ef0c3a5dcfab2220f035fd1be5874df613426379bae1f33e112f560b,996bed4920d57ac31c4fb24ea30428fd6f75ebf5eff9ad3e616c6bcf81f64d7c,"[""Tennis""]",1785303887.277823,KXITFWMATCH-26JUL29SOZMIL-MIL,Tennis,,KXITFWMATCH,0ba82ca4-7c3d-4fe6-9763-af01f430c473,KXITFWMATCH-26JUL29SOZMIL,1785301725.0,quote,,1786510800.0,true,93.5000,93.0000,94.0000,2341.71,2688.99
6,ed2086c87d52482699dee6d41678911f,0,2026-07-29,2026-07-29,29354e42ef0c3a5dcfab2220f035fd1be5874df613426379bae1f33e112f560b,996bed4920d57ac31c4fb24ea30428fd6f75ebf5eff9ad3e616c6bcf81f64d7c,"[""Tennis""]",1785303887.3501592,KXITFWMATCH-26JUL29YOSKIM-KIM,Tennis,,KXITFWMATCH,9b9eecb5-c6a0-414a-bcf3-57262192676d,KXITFWMATCH-26JUL29YOSKIM,1785301851.0,quote,,1786510800.0,true,61.0000,60.0000,62.0000,247.00,79.00
6,ed2086c87d52482699dee6d41678911f,0,2026-07-29,2026-07-29,29354e42ef0c3a5dcfab2220f035fd1be5874df613426379bae1f33e112f560b,996bed4920d57ac31c4fb24ea30428fd6f75ebf5eff9ad3e616c6bcf81f64d7c,"[""Tennis""]",1785303887.4206522,KXITFMATCH-26JUL28CHAHEI-HEI,Tennis,,KXITFMATCH,5ba6a34a-c169-4b0b-b8fd-b835a2127855,KXITFMATCH-26JUL28CHAHEI,1785299809.0,quote,,1786505400.0,true,22.5000,22.0000,23.0000,4637.93,3935.84
6,ed2086c87d52482699dee6d41678911f,0,2026-07-29,2026-07-29,29354e42ef0c3a5dcfab2220f035fd1be5874df613426379bae1f33e112f560b,996bed4920d57ac31c4fb24ea30428fd6f75ebf5eff9ad3e616c6bcf81f64d7c,"[""Tennis""]",1785303887.4925818,KXITFWMATCH-26JUL29SOZMIL-SOZ,Tennis,,KXITFWMATCH,0ba82ca4-7c3d-4fe6-9763-af01f430c473,KXITFWMATCH-26JUL29SOZMIL,1785301725.0,quote,,1786510800.0,true,6.5000,6.0000,7.0000,1930.99,3491.53
6,ed2086c87d52482699dee6d41678911f,0,2026-07-29,2026-07-29,29354e42ef0c3a5dcfab2220f035fd1be5874df613426379bae1f33e112f560b,996bed4920d57ac31c4fb24ea30428fd6f75ebf5eff9ad3e616c6bcf81f64d7c,"[""Tennis""]",1785303887.563245,KXITFMATCH-26JUL29BRAPIE-PIE,Tennis,,KXITFMATCH,e7bed978-f0a4-4bc6-8904-d9b6730590e4,KXITFMATCH-26JUL29BRAPIE,1785305498.0,quote,,1786514400.0,true,85.5000,85.0000,86.0000,3461.00,1059.07
6,ed2086c87d52482699dee6d41678911f,0,2026-07-29,2026-07-29,29354e42ef0c3a5dcfab2220f035fd1be5874df613426379bae1f33e112f560b,996bed4920d57ac31c4fb24ea30428fd6f75ebf5eff9ad3e616c6bcf81f64d7c,"[""Tennis""]",1785303887.6339068,KXITFWMATCH-26JUL29HOSDYU-DYU,Tennis,,KXITFWMATCH,eff22484-a537-4944-bd0e-5664e98b54bd,KXITFWMATCH-26JUL29HOSDYU,1785301687.0,quote,,1786510800.0,true,81.5000,80.0000,83.0000,751.14,1022.48
6,ed2086c87d52482699dee6d41678911f,0,2026-07-29,2026-07-29,29354e42ef0c3a5dcfab2220f035fd1be5874df613426379bae1f33e112f560b,996bed4920d57ac31c4fb24ea30428fd6f75ebf5eff9ad3e616c6bcf81f64d7c,"[""Tennis""]",1785303889.2114098,KXITFMATCH-26JUL28PADSAT-PAD,Tennis,,KXITFMATCH,03e1243d-7dee-4056-a032-cb914b77515a,KXITFMATCH-26JUL28PADSAT,1785294636.0,quote,,1786501800.0,true,46.5000,46.0000,47.0000,21839.15,63270.91
6,ed2086c87d52482699dee6d41678911f,0,2026-07-29,2026-07-29,29354e42ef0c3a5dcfab2220f035fd1be5874df613426379bae1f33e112f560b,996bed4920d57ac31c4fb24ea30428fd6f75ebf5eff9ad3e616c6bcf81f64d7c,"[""Tennis""]",1785303889.311786,KXITFMATCH-26JUL28WENJON-JON,Tennis,,KXITFMATCH,5195be65-3a9b-423a-9e35-55f2f5840354,KXITFMATCH-26JUL28WENJON,1785299448.0,quote,,1786501800.0,true,70.5000,70.0000,71.0000,9001.60,16337.19
6,ed2086c87d52482699dee6d41678911f,0,2026-07-29,2026-07-29,29354e42ef0c3a5dcfab2220f035fd1be5874df613426379bae1f33e112f560b,996bed4920d57ac31c4fb24ea30428fd6f75ebf5eff9ad3e616c6bcf81f64d7c,"[""Tennis""]",1785303889.389389,KXITFMATCH-26JUL28WENJON-WEN,Tennis,,KXITFMATCH,5195be65-3a9b-423a-9e35-55f2f5840354,KXITFMATCH-26JUL28WENJON,1785299448.0,quote,,1786501800.0,true,29.5000,29.0000,30.0000,11137.32,17365.02
6,ed2086c87d52482699dee6d41678911f,0,2026-07-29,2026-07-29,29354e42ef0c3a5dcfab2220f035fd1be5874df613426379bae1f33e112f560b,996bed4920d57ac31c4fb24ea30428fd6f75ebf5eff9ad3e616c6bcf81f64d7c,"[""Tennis""]",1785303889.4623759,KXITFMATCH-26JUL28CHAHEI-CHA,Tennis,,KXITFMATCH,5ba6a34a-c169-4b0b-b8fd-b835a2127855,KXITFMATCH-26JUL28CHAHEI,1785299809.0,quote,,1786505400.0,true,77.5000,77.0000,78.0000,3966.62,4743.76
6,ed2086c87d52482699dee6d41678911f,0,2026-07-29,2026-07-29,29354e42ef0c3a5dcfab2220f035fd1be5874df613426379bae1f33e112f560b,996bed4920d57ac31c4fb24ea30428fd6f75ebf5eff9ad3e616c6bcf81f64d7c,"[""Tennis""]",1785303889.534531,KXITFWMATCH-26JUL29SOZMIL-MIL,Tennis,,KXITFWMATCH,0ba82ca4-7c3d-4fe6-9763-af01f430c473,KXITFWMATCH-26JUL29SOZMIL,1785301725.0,quote,,1786510800.0,true,93.5000,93.0000,94.0000,2341.71,2688.99
6,ed2086c87d52482699dee6d41678911f,0,2026-07-29,2026-07-29,29354e42ef0c3a5dcfab2220f035fd1be5874df613426379bae1f33e112f560b,996bed4920d57ac31c4fb24ea30428fd6f75ebf5eff9ad3e616c6bcf81f64d7c,"[""Tennis""]",1785303889.608654,KXITFWMATCH-26JUL29YOSKIM-KIM,Tennis,,KXITFWMATCH,9b9eecb5-c6a0-414a-bcf3-57262192676d,KXITFWMATCH-26JUL29YOSKIM,1785301851.0,quote,,1786510800.0,true,61.0000,60.0000,62.0000,247.00,79.00
6,ed2086c87d52482699dee6d41678911f,0,2026-07-29,2026-07-29,29354e42ef0c3a5dcfab2220f035fd1be5874df613426379bae1f33e112f560b,996bed4920d57ac31c4fb24ea30428fd6f75ebf5eff9ad3e616c6bcf81f64d7c,"[""Tennis""]",1785303889.682323,KXITFMATCH-26JUL28CHAHEI-HEI,Tennis,,KXITFMATCH,5ba6a34a-c169-4b0b-b8fd-b835a2127855,KXITFMATCH-26JUL28CHAHEI,1785299809.0,quote,,1786505400.0,true,22.5000,22.0000,23.0000,4637.93,3935.84
6,ed2086c87d52482699dee6d41678911f,0,2026-07-29,2026-07-29,29354e42ef0c3a5dcfab2220f035fd1be5874df613426379bae1f33e112f560b,996bed4920d57ac31c4fb24ea30428fd6f75ebf5eff9ad3e616c6bcf81f64d7c,"[""Tennis""]",1785303889.8413382,KXITFWMATCH-26JUL29SOZMIL-SOZ,Tennis,,KXITFWMATCH,0ba82ca4-7c3d-4fe6-9763-af01f430c473,KXITFWMATCH-26JUL29SOZMIL,1785301725.0,quote,,1786510800.0,true,6.0000,5.0000,7.0000,3646.01,351.76
6,ed2086c87d52482699dee6d41678911f,0,2026-07-29,2026-07-29,29354e42ef0c3a5dcfab2220f035fd1be5874df613426379bae1f33e112f560b,996bed4920d57ac31c4fb24ea30428fd6f75ebf5eff9ad3e616c6bcf81f64d7c,"[""Tennis""]",1785303889.9136178,KXITFMATCH-26JUL29BRAPIE-PIE,Tennis,,KXITFMATCH,e7bed978-f0a4-4bc6-8904-d9b6730590e4,KXITFMATCH-26JUL29BRAPIE,1785305498.0,quote,,1786514400.0,true,85.5000,85.0000,86.0000,3461.00,1059.07
6,ed2086c87d52482699dee6d41678911f,0,2026-07-29,2026-07-29,29354e42ef0c3a5dcfab2220f035fd1be5874df613426379bae1f33e112f560b,996bed4920d57ac31c4fb24ea30428fd6f75ebf5eff9ad3e616c6bcf81f64d7c,"[""Tennis""]",1785303889.985693,KXITFWMATCH-26JUL29HOSDYU-DYU,Tennis,,KXITFWMATCH,eff22484-a537-4944-bd0e-5664e98b54bd,KXITFWMATCH-26JUL29HOSDYU,1785301687.0,quote,,1786510800.0,true,81.5000,80.0000,83.0000,751.14,1022.48
6,ed2086c87d52482699dee6d41678911f,0,2026-07-29,2026-07-29,29354e42ef0c3a5dcfab2220f035fd1be5874df613426379bae1f33e112f560b,996bed4920d57ac31c4fb24ea30428fd6f75ebf5eff9ad3e616c6bcf81f64d7c,"[""Tennis""]",1785303891.564428,KXITFMATCH-26JUL28PADSAT-PAD,Tennis,,KXITFMATCH,03e1243d-7dee-4056-a032-cb914b77515a,KXITFMATCH-26JUL28PADSAT,1785294636.0,quote,,1786501800.0,true,46.5000,46.0000,47.0000,21839.15,63270.91
6,ed2086c87d52482699dee6d41678911f,0,2026-07-29,2026-07-29,29354e42ef0c3a5dcfab2220f035fd1be5874df613426379bae1f33e112f560b,996bed4920d57ac31c4fb24ea30428fd6f75ebf5eff9ad3e616c6bcf81f64d7c,"[""Tennis""]",1785303891.6360588,KXITFMATCH-26JUL28WENJON-JON,Tennis,,KXITFMATCH,5195be65-3a9b-423a-9e35-55f2f5840354,KXITFMATCH-26JUL28WENJON,1785299448.0,quote,,1786501800.0,true,69.0000,67.0000,71.0000,389.00,164.00
6,ed2086c87d52482699dee6d41678911f,0,2026-07-29,2026-07-29,29354e42ef0c3a5dcfab2220f035fd1be5874df613426379bae1f33e112f560b,996bed4920d57ac31c4fb24ea30428fd6f75ebf5eff9ad3e616c6bcf81f64d7c,"[""Tennis""]",1785303891.711679,KXITFMATCH-26JUL28WENJON-WEN,Tennis,,KXITFMATCH,5195be65-3a9b-423a-9e35-55f2f5840354,KXITFMATCH-26JUL28WENJON,1785299448.0,quote,,1786501800.0,true,30.5000,30.0000,31.0000,146.70,10.00
6,ed2086c87d52482699dee6d41678911f,0,2026-07-29,2026-07-29,29354e42ef0c3a5dcfab2220f035fd1be5874df613426379bae1f33e112f560b,996bed4920d57ac31c4fb24ea30428fd6f75ebf5eff9ad3e616c6bcf81f64d7c,"[""Tennis""]",1785303891.784252,KXITFMATCH-26JUL28CHAHEI-CHA,Tennis,,KXITFMATCH,5ba6a34a-c169-4b0b-b8fd-b835a2127855,KXITFMATCH-26JUL28CHAHEI,1785299809.0,quote,,1786505400.0,true,77.5000,77.0000,78.0000,3966.62,4743.76
6,ed2086c87d52482699dee6d41678911f,0,2026-07-29,2026-07-29,29354e42ef0c3a5dcfab2220f035fd1be5874df613426379bae1f33e112f560b,996bed4920d57ac31c4fb24ea30428fd6f75ebf5eff9ad3e616c6bcf81f64d7c,"[""Tennis""]",1785303891.938337,KXITFWMATCH-26JUL29SOZMIL-MIL,Tennis,,KXITFWMATCH,0ba82ca4-7c3d-4fe6-9763-af01f430c473,KXITFWMATCH-26JUL29SOZMIL,1785301725.0,quote,,1786510800.0,true,93.0000,92.0000,94.0000,559.25,2260.18
6,ed2086c87d52482699dee6d41678911f,0,2026-07-29,2026-07-29,29354e42ef0c3a5dcfab2220f035fd1be5874df613426379bae1f33e112f560b,996bed4920d57ac31c4fb24ea30428fd6f75ebf5eff9ad3e616c6bcf81f64d7c,"[""Tennis""]",1785303892.0094342,KXITFWMATCH-26JUL29YOSKIM-KIM,Tennis,,KXITFWMATCH,9b9eecb5-c6a0-414a-bcf3-57262192676d,KXITFWMATCH-26JUL29YOSKIM,1785301851.0,quote,,1786510800.0,true,61.0000,60.0000,62.0000,247.00,79.00
6,ed2086c87d52482699dee6d41678911f,0,2026-07-29,2026-07-29,29354e42ef0c3a5dcfab2220f035fd1be5874df613426379bae1f33e112f560b,996bed4920d57ac31c4fb24ea30428fd6f75ebf5eff9ad3e616c6bcf81f64d7c,"[""Tennis""]",1785303892.0822349,KXITFMATCH-26JUL28CHAHEI-HEI,Tennis,,KXITFMATCH,5ba6a34a-c169-4b0b-b8fd-b835a2127855,KXITFMATCH-26JUL28CHAHEI,1785299809.0,quote,,1786505400.0,true,22.5000,22.0000,23.0000,4637.93,3935.84
6,ed2086c87d52482699dee6d41678911f,0,2026-07-29,2026-07-29,29354e42ef0c3a5dcfab2220f035fd1be5874df613426379bae1f33e112f560b,996bed4920d57ac31c4fb24ea30428fd6f75ebf5eff9ad3e616c6bcf81f64d7c,"[""Tennis""]",1785303892.154381,KXITFWMATCH-26JUL29SOZMIL-SOZ,Tennis,,KXITFWMATCH,0ba82ca4-7c3d-4fe6-9763-af01f430c473,KXITFWMATCH-26JUL29SOZMIL,1785301725.0,quote,,1786510800.0,true,6.0000,5.0000,7.0000,3646.01,351.76
6,ed2086c87d52482699dee6d41678911f,0,2026-07-29,2026-07-29,29354e42ef0c3a5dcfab2220f035fd1be5874df613426379bae1f33e112f560b,996bed4920d57ac31c4fb24ea30428fd6f75ebf5eff9ad3e616c6bcf81f64d7c,"[""Tennis""]",1785303892.2253911,KXITFMATCH-26JUL29BRAPIE-PIE,Tennis,,KXITFMATCH,e7bed978-f0a4-4bc6-8904-d9b6730590e4,KXITFMATCH-26JUL29BRAPIE,1785305498.0,quote,,1786514400.0,true,85.5000,85.0000,86.0000,3461.00,1059.07
6,ed2086c87d52482699dee6d41678911f,0,2026-07-29,2026-07-29,29354e42ef0c3a5dcfab2220f035fd1be5874df613426379bae1f33e112f560b,996bed4920d57ac31c4fb24ea30428fd6f75ebf5eff9ad3e616c6bcf81f64d7c,"[""Tennis""]",1785303892.296997,KXITFWMATCH-26JUL29HOSDYU-DYU,Tennis,,KXITFWMATCH,eff22484-a537-4944-bd0e-5664e98b54bd,KXITFWMATCH-26JUL29HOSDYU,1785301687.0,quote,,1786510800.0,true,81.5000,80.0000,83.0000,751.14,1022.48
6,ed2086c87d52482699dee6d41678911f,0,2026-07-29,2026-07-29,29354e42ef0c3a5dcfab2220f035fd1be5874df613426379bae1f33e112f560b,996bed4920d57ac31c4fb24ea30428fd6f75ebf5eff9ad3e616c6bcf81f64d7c,"[""Tennis""]",1785303893.87417,KXITFMATCH-26JUL28PADSAT-PAD,Tennis,,KXITFMATCH,03e1243d-7dee-4056-a032-cb914b77515a,KXITFMATCH-26JUL28PADSAT,1785294636.0,quote,,1786501800.0,true,43.5000,43.0000,44.0000,1.00,8386.42
6,ed2086c87d52482699dee6d41678911f,0,2026-07-29,2026-07-29,29354e42ef0c3a5dcfab2220f035fd1be5874df613426379bae1f33e112f560b,996bed4920d57ac31c4fb24ea30428fd6f75ebf5eff9ad3e616c6bcf81f64d7c,"[""Tennis""]",1785303894.03616,KXITFMATCH-26JUL28WENJON-JON,Tennis,,KXITFMATCH,5195be65-3a9b-423a-9e35-55f2f5840354,KXITFMATCH-26JUL28WENJON,1785299448.0,quote,,1786501800.0,true,69.0000,67.0000,71.0000,389.00,164.00
6,ed2086c87d52482699dee6d41678911f,0,2026-07-29,2026-07-29,29354e42ef0c3a5dcfab2220f035fd1be5874df613426379bae1f33e112f560b,996bed4920d57ac31c4fb24ea30428fd6f75ebf5eff9ad3e616c6bcf81f64d7c,"[""Tennis""]",1785303894.106005,KXITFMATCH-26JUL28WENJON-WEN,Tennis,,KXITFMATCH,5195be65-3a9b-423a-9e35-55f2f5840354,KXITFMATCH-26JUL28WENJON,1785299448.0,quote,,1786501800.0,true,30.5000,30.0000,31.0000,146.70,10.00
6,ed2086c87d52482699dee6d41678911f,0,2026-07-29,2026-07-29,29354e42ef0c3a5dcfab2220f035fd1be5874df613426379bae1f33e112f560b,996bed4920d57ac31c4fb24ea30428fd6f75ebf5eff9ad3e616c6bcf81f64d7c,"[""Tennis""]",1785303894.176117,KXITFMATCH-26JUL28CHAHEI-CHA,Tennis,,KXITFMATCH,5ba6a34a-c169-4b0b-b8fd-b835a2127855,KXITFMATCH-26JUL28CHAHEI,1785299809.0,quote,,1786505400.0,true,77.0000,76.0000,78.0000,652.00,153.00
6,ed2086c87d52482699dee6d41678911f,0,2026-07-29,2026-07-29,29354e42ef0c3a5dcfab2220f035fd1be5874df613426379bae1f33e112f560b,996bed4920d57ac31c4fb24ea30428fd6f75ebf5eff9ad3e616c6bcf81f64d7c,"[""Tennis""]",1785303894.246618,KXITFWMATCH-26JUL29SOZMIL-MIL,Tennis,,KXITFWMATCH,0ba82ca4-7c3d-4fe6-9763-af01f430c473,KXITFWMATCH-26JUL29SOZMIL,1785301725.0,quote,,1786510800.0,true,93.0000,92.0000,94.0000,559.25,2260.18
6,ed2086c87d52482699dee6d41678911f,0,2026-07-29,2026-07-29,29354e42ef0c3a5dcfab2220f035fd1be5874df613426379bae1f33e112f560b,996bed4920d57ac31c4fb24ea30428fd6f75ebf5eff9ad3e616c6bcf81f64d7c,"[""Tennis""]",1785303894.317724,KXITFWMATCH-26JUL29YOSKIM-KIM,Tennis,,KXITFWMATCH,9b9eecb5-c6a0-414a-bcf3-57262192676d,KXITFWMATCH-26JUL29YOSKIM,1785301851.0,quote,,1786510800.0,true,61.0000,60.0000,62.0000,247.00,79.00
6,ed2086c87d52482699dee6d41678911f,0,2026-07-29,2026-07-29,29354e42ef0c3a5dcfab2220f035fd1be5874df613426379bae1f33e112f560b,996bed4920d57ac31c4fb24ea30428fd6f75ebf5eff9ad3e616c6bcf81f64d7c,"[""Tennis""]",1785303894.389344,KXITFMATCH-26JUL28CHAHEI-HEI,Tennis,,KXITFMATCH,5ba6a34a-c169-4b0b-b8fd-b835a2127855,KXITFMATCH-26JUL28CHAHEI,1785299809.0,quote,,1786505400.0,true,22.5000,22.0000,23.0000,3124.96,10.00
6,ed2086c87d52482699dee6d41678911f,0,2026-07-29,2026-07-29,29354e42ef0c3a5dcfab2220f035fd1be5874df613426379bae1f33e112f560b,996bed4920d57ac31c4fb24ea30428fd6f75ebf5eff9ad3e616c6bcf81f64d7c,"[""Tennis""]",1785303894.459022,KXITFWMATCH-26JUL29SOZMIL-SOZ,Tennis,,KXITFWMATCH,0ba82ca4-7c3d-4fe6-9763-af01f430c473,KXITFWMATCH-26JUL29SOZMIL,1785301725.0,quote,,1786510800.0,true,6.0000,5.0000,7.0000,3646.01,351.76
6,ed2086c87d52482699dee6d41678911f,0,2026-07-29,2026-07-29,29354e42ef0c3a5dcfab2220f035fd1be5874df613426379bae1f33e112f560b,996bed4920d57ac31c4fb24ea30428fd6f75ebf5eff9ad3e616c6bcf81f64d7c,"[""Tennis""]",1785303894.6161752,KXITFMATCH-26JUL29BRAPIE-PIE,Tennis,,KXITFMATCH,e7bed978-f0a4-4bc6-8904-d9b6730590e4,KXITFMATCH-26JUL29BRAPIE,1785305498.0,quote,,1786514400.0,true,85.5000,85.0000,86.0000,3461.00,1059.07
6,ed2086c87d52482699dee6d41678911f,0,2026-07-29,2026-07-29,29354e42ef0c3a5dcfab2220f035fd1be5874df613426379bae1f33e112f560b,996bed4920d57ac31c4fb24ea30428fd6f75ebf5eff9ad3e616c6bcf81f64d7c,"[""Tennis""]",1785303894.68475,KXITFWMATCH-26JUL29HOSDYU-DYU,Tennis,,KXITFWMATCH,eff22484-a537-4944-bd0e-5664e98b54bd,KXITFWMATCH-26JUL29HOSDYU,1785301687.0,quote,,1786510800.0,true,81.5000,80.0000,83.0000,751.14,1022.48
6,ed2086c87d52482699dee6d41678911f,0,2026-07-29,2026-07-29,29354e42ef0c3a5dcfab2220f035fd1be5874df613426379bae1f33e112f560b,996bed4920d57ac31c4fb24ea30428fd6f75ebf5eff9ad3e616c6bcf81f64d7c,"[""Tennis""]",1785303896.267643,KXITFMATCH-26JUL28PADSAT-PAD,Tennis,,KXITFMATCH,03e1243d-7dee-4056-a032-cb914b77515a,KXITFMATCH-26JUL28PADSAT,1785294636.0,quote,,1786501800.0,true,43.5000,43.0000,44.0000,1.00,8386.42
6,ed2086c87d52482699dee6d41678911f,0,2026-07-29,2026-07-29,29354e42ef0c3a5dcfab2220f035fd1be5874df613426379bae1f33e112f560b,996bed4920d57ac31c4fb24ea30428fd6f75ebf5eff9ad3e616c6bcf81f64d7c,"[""Tennis""]",1785303896.338186,KXITFMATCH-26JUL28WENJON-JON,Tennis,,KXITFMATCH,5195be65-3a9b-423a-9e35-55f2f5840354,KXITFMATCH-26JUL28WENJON,1785299448.0,quote,,1786501800.0,true,69.0000,67.0000,71.0000,389.00,164.00
6,ed2086c87d52482699dee6d41678911f,0,2026-07-29,2026-07-29,29354e42ef0c3a5dcfab2220f035fd1be5874df613426379bae1f33e112f560b,996bed4920d57ac31c4fb24ea30428fd6f75ebf5eff9ad3e616c6bcf81f64d7c,"[""Tennis""]",1785303896.4097521,KXITFMATCH-26JUL28WENJON-WEN,Tennis,,KXITFMATCH,5195be65-3a9b-423a-9e35-55f2f5840354,KXITFMATCH-26JUL28WENJON,1785299448.0,quote,,1786501800.0,true,30.5000,30.0000,31.0000,146.70,10.00
6,ed2086c87d52482699dee6d41678911f,0,2026-07-29,2026-07-29,29354e42ef0c3a5dcfab2220f035fd1be5874df613426379bae1f33e112f560b,996bed4920d57ac31c4fb24ea30428fd6f75ebf5eff9ad3e616c6bcf81f64d7c,"[""Tennis""]",1785303896.482677,KXITFMATCH-26JUL28CHAHEI-CHA,Tennis,,KXITFMATCH,5ba6a34a-c169-4b0b-b8fd-b835a2127855,KXITFMATCH-26JUL28CHAHEI,1785299809.0,quote,,1786505400.0,true,77.0000,76.0000,78.0000,652.00,153.00
6,ed2086c87d52482699dee6d41678911f,0,2026-07-29,2026-07-29,29354e42ef0c3a5dcfab2220f035fd1be5874df613426379bae1f33e112f560b,996bed4920d57ac31c4fb24ea30428fd6f75ebf5eff9ad3e616c6bcf81f64d7c,"[""Tennis""]",1785303896.552261,KXITFWMATCH-26JUL29SOZMIL-MIL,Tennis,,KXITFWMATCH,0ba82ca4-7c3d-4fe6-9763-af01f430c473,KXITFWMATCH-26JUL29SOZMIL,1785301725.0,quote,,1786510800.0,true,93.0000,92.0000,94.0000,559.25,2260.18
6,ed2086c87d52482699dee6d41678911f,0,2026-07-29,2026-07-29,29354e42ef0c3a5dcfab2220f035fd1be5874df613426379bae1f33e112f560b,996bed4920d57ac31c4fb24ea30428fd6f75ebf5eff9ad3e616c6bcf81f64d7c,"[""Tennis""]",1785303896.6576,KXITFWMATCH-26JUL29YOSKIM-KIM,Tennis,,KXITFWMATCH,9b9eecb5-c6a0-414a-bcf3-57262192676d,KXITFWMATCH-26JUL29YOSKIM,1785301851.0,quote,,1786510800.0,true,61.0000,60.0000,62.0000,247.00,79.00
6,ed2086c87d52482699dee6d41678911f,0,2026-07-29,2026-07-29,29354e42ef0c3a5dcfab2220f035fd1be5874df613426379bae1f33e112f560b,996bed4920d57ac31c4fb24ea30428fd6f75ebf5eff9ad3e616c6bcf81f64d7c,"[""Tennis""]",1785303896.728687,KXITFMATCH-26JUL28CHAHEI-HEI,Tennis,,KXITFMATCH,5ba6a34a-c169-4b0b-b8fd-b835a2127855,KXITFMATCH-26JUL28CHAHEI,1785299809.0,quote,,1786505400.0,true,22.5000,22.0000,23.0000,3124.96,10.00
6,ed2086c87d52482699dee6d41678911f,0,2026-07-29,2026-07-29,29354e42ef0c3a5dcfab2220f035fd1be5874df613426379bae1f33e112f560b,996bed4920d57ac31c4fb24ea30428fd6f75ebf5eff9ad3e616c6bcf81f64d7c,"[""Tennis""]",1785303896.80184,KXITFWMATCH-26JUL29SOZMIL-SOZ,Tennis,,KXITFWMATCH,0ba82ca4-7c3d-4fe6-9763-af01f430c473,KXITFWMATCH-26JUL29SOZMIL,1785301725.0,quote,,1786510800.0,true,6.0000,5.0000,7.0000,3646.01,351.76
6,ed2086c87d52482699dee6d41678911f,0,2026-07-29,2026-07-29,29354e42ef0c3a5dcfab2220f035fd1be5874df613426379bae1f33e112f560b,996bed4920d57ac31c4fb24ea30428fd6f75ebf5eff9ad3e616c6bcf81f64d7c,"[""Tennis""]",1785303896.873298,KXITFMATCH-26JUL29BRAPIE-PIE,Tennis,,KXITFMATCH,e7bed978-f0a4-4bc6-8904-d9b6730590e4,KXITFMATCH-26JUL29BRAPIE,1785305498.0,quote,,1786514400.0,true,85.5000,85.0000,86.0000,3461.00,1059.07
6,ed2086c87d52482699dee6d41678911f,0,2026-07-29,2026-07-29,29354e42ef0c3a5dcfab2220f035fd1be5874df613426379bae1f33e112f560b,996bed4920d57ac31c4fb24ea30428fd6f75ebf5eff9ad3e616c6bcf81f64d7c,"[""Tennis""]",1785303896.945608,KXITFWMATCH-26JUL29HOSDYU-DYU,Tennis,,KXITFWMATCH,eff22484-a537-4944-bd0e-5664e98b54bd,KXITFWMATCH-26JUL29HOSDYU,1785301687.0,quote,,1786510800.0,true,81.5000,80.0000,83.0000,751.14,1022.48
6,ed2086c87d52482699dee6d41678911f,0,2026-07-29,2026-07-29,29354e42ef0c3a5dcfab2220f035fd1be5874df613426379bae1f33e112f560b,996bed4920d57ac31c4fb24ea30428fd6f75ebf5eff9ad3e616c6bcf81f64d7c,"[""Tennis""]",1785303898.521236,KXITFMATCH-26JUL28PADSAT-PAD,Tennis,,KXITFMATCH,03e1243d-7dee-4056-a032-cb914b77515a,KXITFMATCH-26JUL28PADSAT,1785294636.0,quote,,1786501800.0,true,43.5000,43.0000,44.0000,1.00,8386.42
6,ed2086c87d52482699dee6d41678911f,0,2026-07-29,2026-07-29,29354e42ef0c3a5dcfab2220f035fd1be5874df613426379bae1f33e112f560b,996bed4920d57ac31c4fb24ea30428fd6f75ebf5eff9ad3e616c6bcf81f64d7c,"[""Tennis""]",1785303898.5920799,KXITFMATCH-26JUL28WENJON-JON,Tennis,,KXITFMATCH,5195be65-3a9b-423a-9e35-55f2f5840354,KXITFMATCH-26JUL28WENJON,1785299448.0,quote,,1786501800.0,true,69.0000,67.0000,71.0000,389.00,164.00
6,ed2086c87d52482699dee6d41678911f,0,2026-07-29,2026-07-29,29354e42ef0c3a5dcfab2220f035fd1be5874df613426379bae1f33e112f560b,996bed4920d57ac31c4fb24ea30428fd6f75ebf5eff9ad3e616c6bcf81f64d7c,"[""Tennis""]",1785303898.756816,KXITFMATCH-26JUL28WENJON-WEN,Tennis,,KXITFMATCH,5195be65-3a9b-423a-9e35-55f2f5840354,KXITFMATCH-26JUL28WENJON,1785299448.0,quote,,1786501800.0,true,30.5000,30.0000,31.0000,146.70,10.00
6,ed2086c87d52482699dee6d41678911f,0,2026-07-29,2026-07-29,29354e42ef0c3a5dcfab2220f035fd1be5874df613426379bae1f33e112f560b,996bed4920d57ac31c4fb24ea30428fd6f75ebf5eff9ad3e616c6bcf81f64d7c,"[""Tennis""]",1785303898.828516,KXITFMATCH-26JUL28CHAHEI-CHA,Tennis,,KXITFMATCH,5ba6a34a-c169-4b0b-b8fd-b835a2127855,KXITFMATCH-26JUL28CHAHEI,1785299809.0,quote,,1786505400.0,true,77.0000,76.0000,78.0000,652.00,153.00
6,ed2086c87d52482699dee6d41678911f,0,2026-07-29,2026-07-29,29354e42ef0c3a5dcfab2220f035fd1be5874df613426379bae1f33e112f560b,996bed4920d57ac31c4fb24ea30428fd6f75ebf5eff9ad3e616c6bcf81f64d7c,"[""Tennis""]",1785303898.9013708,KXITFWMATCH-26JUL29SOZMIL-MIL,Tennis,,KXITFWMATCH,0ba82ca4-7c3d-4fe6-9763-af01f430c473,KXITFWMATCH-26JUL29SOZMIL,1785301725.0,quote,,1786510800.0,true,93.0000,92.0000,94.0000,559.25,2260.18
6,ed2086c87d52482699dee6d41678911f,0,2026-07-29,2026-07-29,29354e42ef0c3a5dcfab2220f035fd1be5874df613426379bae1f33e112f560b,996bed4920d57ac31c4fb24ea30428fd6f75ebf5eff9ad3e616c6bcf81f64d7c,"[""Tennis""]",1785303898.973925,KXITFWMATCH-26JUL29YOSKIM-KIM,Tennis,,KXITFWMATCH,9b9eecb5-c6a0-414a-bcf3-57262192676d,KXITFWMATCH-26JUL29YOSKIM,1785301851.0,quote,,1786510800.0,true,61.0000,60.0000,62.0000,247.00,79.00
6,ed2086c87d52482699dee6d41678911f,0,2026-07-29,2026-07-29,29354e42ef0c3a5dcfab2220f035fd1be5874df613426379bae1f33e112f560b,996bed4920d57ac31c4fb24ea30428fd6f75ebf5eff9ad3e616c6bcf81f64d7c,"[""Tennis""]",1785303899.0467331,KXITFMATCH-26JUL28CHAHEI-HEI,Tennis,,KXITFMATCH,5ba6a34a-c169-4b0b-b8fd-b835a2127855,KXITFMATCH-26JUL28CHAHEI,1785299809.0,quote,,1786505400.0,true,22.5000,22.0000,23.0000,3124.96,10.00
6,ed2086c87d52482699dee6d41678911f,0,2026-07-29,2026-07-29,29354e42ef0c3a5dcfab2220f035fd1be5874df613426379bae1f33e112f560b,996bed4920d57ac31c4fb24ea30428fd6f75ebf5eff9ad3e616c6bcf81f64d7c,"[""Tennis""]",1785303899.1188428,KXITFWMATCH-26JUL29SOZMIL-SOZ,Tennis,,KXITFWMATCH,0ba82ca4-7c3d-4fe6-9763-af01f430c473,KXITFWMATCH-26JUL29SOZMIL,1785301725.0,quote,,1786510800.0,true,6.0000,5.0000,7.0000,3646.01,351.76
6,ed2086c87d52482699dee6d41678911f,0,2026-07-29,2026-07-29,29354e42ef0c3a5dcfab2220f035fd1be5874df613426379bae1f33e112f560b,996bed4920d57ac31c4fb24ea30428fd6f75ebf5eff9ad3e616c6bcf81f64d7c,"[""Tennis""]",1785303899.277604,KXITFMATCH-26JUL29BRAPIE-PIE,Tennis,,KXITFMATCH,e7bed978-f0a4-4bc6-8904-d9b6730590e4,KXITFMATCH-26JUL29BRAPIE,1785305498.0,quote,,1786514400.0,true,85.5000,85.0000,86.0000,3461.00,1059.07
6,ed2086c87d52482699dee6d41678911f,0,2026-07-29,2026-07-29,29354e42ef0c3a5dcfab2220f035fd1be5874df613426379bae1f33e112f560b,996bed4920d57ac31c4fb24ea30428fd6f75ebf5eff9ad3e616c6bcf81f64d7c,"[""Tennis""]",1785303899.34866,KXITFWMATCH-26JUL29HOSDYU-DYU,Tennis,,KXITFWMATCH,eff22484-a537-4944-bd0e-5664e98b54bd,KXITFWMATCH-26JUL29HOSDYU,1785301687.0,quote,,1786510800.0,true,81.5000,80.0000,83.0000,751.14,1022.48
6,ed2086c87d52482699dee6d41678911f,0,2026-07-29,2026-07-29,29354e42ef0c3a5dcfab2220f035fd1be5874df613426379bae1f33e112f560b,996bed4920d57ac31c4fb24ea30428fd6f75ebf5eff9ad3e616c6bcf81f64d7c,"[""Tennis""]",1785303900.924384,KXITFMATCH-26JUL28PADSAT-PAD,Tennis,,KXITFMATCH,03e1243d-7dee-4056-a032-cb914b77515a,KXITFMATCH-26JUL28PADSAT,1785294636.0,quote,,1786501800.0,true,43.5000,43.0000,44.0000,1.00,8386.42
6,ed2086c87d52482699dee6d41678911f,0,2026-07-29,2026-07-29,29354e42ef0c3a5dcfab2220f035fd1be5874df613426379bae1f33e112f560b,996bed4920d57ac31c4fb24ea30428fd6f75ebf5eff9ad3e616c6bcf81f64d7c,"[""Tennis""]",1785303901.041734,KXITFMATCH-26JUL28WENJON-JON,Tennis,,KXITFMATCH,5195be65-3a9b-423a-9e35-55f2f5840354,KXITFMATCH-26JUL28WENJON,1785299448.0,quote,,1786501800.0,true,69.0000,67.0000,71.0000,389.00,164.00
6,ed2086c87d52482699dee6d41678911f,0,2026-07-29,2026-07-29,29354e42ef0c3a5dcfab2220f035fd1be5874df613426379bae1f33e112f560b,996bed4920d57ac31c4fb24ea30428fd6f75ebf5eff9ad3e616c6bcf81f64d7c,"[""Tennis""]",1785303901.1122181,KXITFMATCH-26JUL28WENJON-WEN,Tennis,,KXITFMATCH,5195be65-3a9b-423a-9e35-55f2f5840354,KXITFMATCH-26JUL28WENJON,1785299448.0,quote,,1786501800.0,true,30.5000,30.0000,31.0000,146.70,10.00
6,ed2086c87d52482699dee6d41678911f,0,2026-07-29,2026-07-29,29354e42ef0c3a5dcfab2220f035fd1be5874df613426379bae1f33e112f560b,996bed4920d57ac31c4fb24ea30428fd6f75ebf5eff9ad3e616c6bcf81f64d7c,"[""Tennis""]",1785303901.181453,KXITFMATCH-26JUL28CHAHEI-CHA,Tennis,,KXITFMATCH,5ba6a34a-c169-4b0b-b8fd-b835a2127855,KXITFMATCH-26JUL28CHAHEI,1785299809.0,quote,,1786505400.0,true,77.0000,76.0000,78.0000,652.00,153.00
6,ed2086c87d52482699dee6d41678911f,0,2026-07-29,2026-07-29,29354e42ef0c3a5dcfab2220f035fd1be5874df613426379bae1f33e112f560b,996bed4920d57ac31c4fb24ea30428fd6f75ebf5eff9ad3e616c6bcf81f64d7c,"[""Tennis""]",1785303901.251572,KXITFWMATCH-26JUL29SOZMIL-MIL,Tennis,,KXITFWMATCH,0ba82ca4-7c3d-4fe6-9763-af01f430c473,KXITFWMATCH-26JUL29SOZMIL,1785301725.0,quote,,1786510800.0,true,93.0000,92.0000,94.0000,559.25,2260.18
6,ed2086c87d52482699dee6d41678911f,0,2026-07-29,2026-07-29,29354e42ef0c3a5dcfab2220f035fd1be5874df613426379bae1f33e112f560b,996bed4920d57ac31c4fb24ea30428fd6f75ebf5eff9ad3e616c6bcf81f64d7c,"[""Tennis""]",1785303901.3758159,KXITFWMATCH-26JUL29YOSKIM-KIM,Tennis,,KXITFWMATCH,9b9eecb5-c6a0-414a-bcf3-57262192676d,KXITFWMATCH-26JUL29YOSKIM,1785301851.0,quote,,1786510800.0,true,61.0000,60.0000,62.0000,247.00,79.00
6,ed2086c87d52482699dee6d41678911f,0,2026-07-29,2026-07-29,29354e42ef0c3a5dcfab2220f035fd1be5874df613426379bae1f33e112f560b,996bed4920d57ac31c4fb24ea30428fd6f75ebf5eff9ad3e616c6bcf81f64d7c,"[""Tennis""]",1785303901.446471,KXITFMATCH-26JUL28CHAHEI-HEI,Tennis,,KXITFMATCH,5ba6a34a-c169-4b0b-b8fd-b835a2127855,KXITFMATCH-26JUL28CHAHEI,1785299809.0,quote,,1786505400.0,true,22.5000,22.0000,23.0000,3124.96,10.00
6,ed2086c87d52482699dee6d41678911f,0,2026-07-29,2026-07-29,29354e42ef0c3a5dcfab2220f035fd1be5874df613426379bae1f33e112f560b,996bed4920d57ac31c4fb24ea30428fd6f75ebf5eff9ad3e616c6bcf81f64d7c,"[""Tennis""]",1785303901.5657852,KXITFWMATCH-26JUL29SOZMIL-SOZ,Tennis,,KXITFWMATCH,0ba82ca4-7c3d-4fe6-9763-af01f430c473,KXITFWMATCH-26JUL29SOZMIL,1785301725.0,quote,,1786510800.0,true,6.5000,6.0000,7.0000,1907.18,1051.76
6,ed2086c87d52482699dee6d41678911f,0,2026-07-29,2026-07-29,29354e42ef0c3a5dcfab2220f035fd1be5874df613426379bae1f33e112f560b,996bed4920d57ac31c4fb24ea30428fd6f75ebf5eff9ad3e616c6bcf81f64d7c,"[""Tennis""]",1785303901.635734,KXITFMATCH-26JUL29BRAPIE-PIE,Tennis,,KXITFMATCH,e7bed978-f0a4-4bc6-8904-d9b6730590e4,KXITFMATCH-26JUL29BRAPIE,1785305498.0,quote,,1786514400.0,true,85.5000,85.0000,86.0000,3461.00,1059.07
6,ed2086c87d52482699dee6d41678911f,0,2026-07-29,2026-07-29,29354e42ef0c3a5dcfab2220f035fd1be5874df613426379bae1f33e112f560b,996bed4920d57ac31c4fb24ea30428fd6f75ebf5eff9ad3e616c6bcf81f64d7c,"[""Tennis""]",1785303901.706887,KXITFWMATCH-26JUL29HOSDYU-DYU,Tennis,,KXITFWMATCH,eff22484-a537-4944-bd0e-5664e98b54bd,KXITFWMATCH-26JUL29HOSDYU,1785301687.0,quote,,1786510800.0,true,81.5000,80.0000,83.0000,751.14,1022.48
6,ed2086c87d52482699dee6d41678911f,0,2026-07-29,2026-07-29,29354e42ef0c3a5dcfab2220f035fd1be5874df613426379bae1f33e112f560b,996bed4920d57ac31c4fb24ea30428fd6f75ebf5eff9ad3e616c6bcf81f64d7c,"[""Tennis""]",1785303903.2857049,KXITFMATCH-26JUL28PADSAT-PAD,Tennis,,KXITFMATCH,03e1243d-7dee-4056-a032-cb914b77515a,KXITFMATCH-26JUL28PADSAT,1785294636.0,quote,,1786501800.0,true,43.5000,43.0000,44.0000,1.00,8386.42
6,ed2086c87d52482699dee6d41678911f,0,2026-07-29,2026-07-29,29354e42ef0c3a5dcfab2220f035fd1be5874df613426379bae1f33e112f560b,996bed4920d57ac31c4fb24ea30428fd6f75ebf5eff9ad3e616c6bcf81f64d7c,"[""Tennis""]",1785303903.356864,KXITFMATCH-26JUL28WENJON-JON,Tennis,,KXITFMATCH,5195be65-3a9b-423a-9e35-55f2f5840354,KXITFMATCH-26JUL28WENJON,1785299448.0,quote,,1786501800.0,true,69.0000,68.0000,70.0000,1922.72,3.00
6,ed2086c87d52482699dee6d41678911f,0,2026-07-29,2026-07-29,29354e42ef0c3a5dcfab2220f035fd1be5874df613426379bae1f33e112f560b,996bed4920d57ac31c4fb24ea30428fd6f75ebf5eff9ad3e616c6bcf81f64d7c,"[""Tennis""]",1785303903.473314,KXITFMATCH-26JUL28WENJON-WEN,Tennis,,KXITFMATCH,5195be65-3a9b-423a-9e35-55f2f5840354,KXITFMATCH-26JUL28WENJON,1785299448.0,quote,,1786501800.0,true,30.5000,30.0000,31.0000,146.70,10.00
6,ed2086c87d52482699dee6d41678911f,0,2026-07-29,2026-07-29,29354e42ef0c3a5dcfab2220f035fd1be5874df613426379bae1f33e112f560b,996bed4920d57ac31c4fb24ea30428fd6f75ebf5eff9ad3e616c6bcf81f64d7c,"[""Tennis""]",1785303903.545589,KXITFMATCH-26JUL28CHAHEI-CHA,Tennis,,KXITFMATCH,5ba6a34a-c169-4b0b-b8fd-b835a2127855,KXITFMATCH-26JUL28CHAHEI,1785299809.0,quote,,1786505400.0,true,77.0000,76.0000,78.0000,652.00,153.00
6,ed2086c87d52482699dee6d41678911f,0,2026-07-29,2026-07-29,29354e42ef0c3a5dcfab2220f035fd1be5874df613426379bae1f33e112f560b,996bed4920d57ac31c4fb24ea30428fd6f75ebf5eff9ad3e616c6bcf81f64d7c,"[""Tennis""]",1785303903.617492,KXITFWMATCH-26JUL29SOZMIL-MIL,Tennis,,KXITFWMATCH,0ba82ca4-7c3d-4fe6-9763-af01f430c473,KXITFWMATCH-26JUL29SOZMIL,1785301725.0,quote,,1786510800.0,true,93.0000,92.0000,94.0000,3248.44,2544.18
6,ed2086c87d52482699dee6d41678911f,0,2026-07-29,2026-07-29,29354e42ef0c3a5dcfab2220f035fd1be5874df613426379bae1f33e112f560b,996bed4920d57ac31c4fb24ea30428fd6f75ebf5eff9ad3e616c6bcf81f64d7c,"[""Tennis""]",1785303903.6889741,KXITFWMATCH-26JUL29YOSKIM-KIM,Tennis,,KXITFWMATCH,9b9eecb5-c6a0-414a-bcf3-57262192676d,KXITFWMATCH-26JUL29YOSKIM,1785301851.0,quote,,1786510800.0,true,61.0000,60.0000,62.0000,247.00,79.00
6,ed2086c87d52482699dee6d41678911f,0,2026-07-29,2026-07-29,29354e42ef0c3a5dcfab2220f035fd1be5874df613426379bae1f33e112f560b,996bed4920d57ac31c4fb24ea30428fd6f75ebf5eff9ad3e616c6bcf81f64d7c,"[""Tennis""]",1785303903.761135,KXITFMATCH-26JUL28CHAHEI-HEI,Tennis,,KXITFMATCH,5ba6a34a-c169-4b0b-b8fd-b835a2127855,KXITFMATCH-26JUL28CHAHEI,1785299809.0,quote,,1786505400.0,true,22.5000,22.0000,23.0000,3124.96,10.00
6,ed2086c87d52482699dee6d41678911f,0,2026-07-29,2026-07-29,29354e42ef0c3a5dcfab2220f035fd1be5874df613426379bae1f33e112f560b,996bed4920d57ac31c4fb24ea30428fd6f75ebf5eff9ad3e616c6bcf81f64d7c,"[""Tennis""]",1785303903.830532,KXITFWMATCH-26JUL29SOZMIL-SOZ,Tennis,,KXITFWMATCH,0ba82ca4-7c3d-4fe6-9763-af01f430c473,KXITFWMATCH-26JUL29SOZMIL,1785301725.0,quote,,1786510800.0,true,6.5000,6.0000,7.0000,1907.18,1051.76
6,ed2086c87d52482699dee6d41678911f,0,2026-07-29,2026-07-29,29354e42ef0c3a5dcfab2220f035fd1be5874df613426379bae1f33e112f560b,996bed4920d57ac31c4fb24ea30428fd6f75ebf5eff9ad3e616c6bcf81f64d7c,"[""Tennis""]",1785303903.90017,KXITFMATCH-26JUL29BRAPIE-PIE,Tennis,,KXITFMATCH,e7bed978-f0a4-4bc6-8904-d9b6730590e4,KXITFMATCH-26JUL29BRAPIE,1785305498.0,quote,,1786514400.0,true,85.5000,85.0000,86.0000,3461.00,1059.07
6,ed2086c87d52482699dee6d41678911f,0,2026-07-29,2026-07-29,29354e42ef0c3a5dcfab2220f035fd1be5874df613426379bae1f33e112f560b,996bed4920d57ac31c4fb24ea30428fd6f75ebf5eff9ad3e616c6bcf81f64d7c,"[""Tennis""]",1785303904.0535848,KXITFWMATCH-26JUL29HOSDYU-DYU,Tennis,,KXITFWMATCH,eff22484-a537-4944-bd0e-5664e98b54bd,KXITFWMATCH-26JUL29HOSDYU,1785301687.0,quote,,1786510800.0,true,81.5000,80.0000,83.0000,751.14,1022.48
6,ed2086c87d52482699dee6d41678911f,0,2026-07-29,2026-07-29,29354e42ef0c3a5dcfab2220f035fd1be5874df613426379bae1f33e112f560b,996bed4920d57ac31c4fb24ea30428fd6f75ebf5eff9ad3e616c6bcf81f64d7c,"[""Tennis""]",1785303905.631847,KXITFMATCH-26JUL28PADSAT-PAD,Tennis,,KXITFMATCH,03e1243d-7dee-4056-a032-cb914b77515a,KXITFMATCH-26JUL28PADSAT,1785294636.0,quote,,1786501800.0,true,40.5000,40.0000,41.0000,15261.34,17431.44
6,ed2086c87d52482699dee6d41678911f,0,2026-07-29,2026-07-29,29354e42ef0c3a5dcfab2220f035fd1be5874df613426379bae1f33e112f560b,996bed4920d57ac31c4fb24ea30428fd6f75ebf5eff9ad3e616c6bcf81f64d7c,"[""Tennis""]",1785303905.701615,KXITFMATCH-26JUL28WENJON-JON,Tennis,,KXITFMATCH,5195be65-3a9b-423a-9e35-55f2f5840354,KXITFMATCH-26JUL28WENJON,1785299448.0,quote,,1786501800.0,true,69.0000,68.0000,70.0000,1922.72,3.00
6,ed2086c87d52482699dee6d41678911f,0,2026-07-29,2026-07-29,29354e42ef0c3a5dcfab2220f035fd1be5874df613426379bae1f33e112f560b,996bed4920d57ac31c4fb24ea30428fd6f75ebf5eff9ad3e616c6bcf81f64d7c,"[""Tennis""]",1785303905.772546,KXITFMATCH-26JUL28WENJON-WEN,Tennis,,KXITFMATCH,5195be65-3a9b-423a-9e35-55f2f5840354,KXITFMATCH-26JUL28WENJON,1785299448.0,quote,,1786501800.0,true,29.5000,28.0000,31.0000,3226.71,540.84
6,ed2086c87d52482699dee6d41678911f,0,2026-07-29,2026-07-29,29354e42ef0c3a5dcfab2220f035fd1be5874df613426379bae1f33e112f560b,996bed4920d57ac31c4fb24ea30428fd6f75ebf5eff9ad3e616c6bcf81f64d7c,"[""Tennis""]",1785303905.8440871,KXITFMATCH-26JUL28CHAHEI-CHA,Tennis,,KXITFMATCH,5ba6a34a-c169-4b0b-b8fd-b835a2127855,KXITFMATCH-26JUL28CHAHEI,1785299809.0,quote,,1786505400.0,true,76.5000,76.0000,77.0000,8029.39,20.00
6,ed2086c87d52482699dee6d41678911f,0,2026-07-29,2026-07-29,29354e42ef0c3a5dcfab2220f035fd1be5874df613426379bae1f33e112f560b,996bed4920d57ac31c4fb24ea30428fd6f75ebf5eff9ad3e616c6bcf81f64d7c,"[""Tennis""]",1785303905.915266,KXITFWMATCH-26JUL29SOZMIL-MIL,Tennis,,KXITFWMATCH,0ba82ca4-7c3d-4fe6-9763-af01f430c473,KXITFWMATCH-26JUL29SOZMIL,1785301725.0,quote,,1786510800.0,true,93.0000,92.0000,94.0000,3248.44,2544.18
6,ed2086c87d52482699dee6d41678911f,0,2026-07-29,2026-07-29,29354e42ef0c3a5dcfab2220f035fd1be5874df613426379bae1f33e112f560b,996bed4920d57ac31c4fb24ea30428fd6f75ebf5eff9ad3e616c6bcf81f64d7c,"[""Tennis""]",1785303905.9868438,KXITFWMATCH-26JUL29YOSKIM-KIM,Tennis,,KXITFWMATCH,9b9eecb5-c6a0-414a-bcf3-57262192676d,KXITFWMATCH-26JUL29YOSKIM,1785301851.0,quote,,1786510800.0,true,61.0000,60.0000,62.0000,247.00,79.00
6,ed2086c87d52482699dee6d41678911f,0,2026-07-29,2026-07-29,29354e42ef0c3a5dcfab2220f035fd1be5874df613426379bae1f33e112f560b,996bed4920d57ac31c4fb24ea30428fd6f75ebf5eff9ad3e616c6bcf81f64d7c,"[""Tennis""]",1785303906.08982,KXITFMATCH-26JUL28CHAHEI-HEI,Tennis,,KXITFMATCH,5ba6a34a-c169-4b0b-b8fd-b835a2127855,KXITFMATCH-26JUL28CHAHEI,1785299809.0,quote,,1786505400.0,true,22.5000,22.0000,23.0000,540.00,5148.03
6,ed2086c87d52482699dee6d41678911f,0,2026-07-29,2026-07-29,29354e42ef0c3a5dcfab2220f035fd1be5874df613426379bae1f33e112f560b,996bed4920d57ac31c4fb24ea30428fd6f75ebf5eff9ad3e616c6bcf81f64d7c,"[""Tennis""]",1785303906.161834,KXITFWMATCH-26JUL29SOZMIL-SOZ,Tennis,,KXITFWMATCH,0ba82ca4-7c3d-4fe6-9763-af01f430c473,KXITFWMATCH-26JUL29SOZMIL,1785301725.0,quote,,1786510800.0,true,6.5000,6.0000,7.0000,1907.18,1051.76
6,ed2086c87d52482699dee6d41678911f,0,2026-07-29,2026-07-29,29354e42ef0c3a5dcfab2220f035fd1be5874df613426379bae1f33e112f560b,996bed4920d57ac31c4fb24ea30428fd6f75ebf5eff9ad3e616c6bcf81f64d7c,"[""Tennis""]",1785303906.232108,KXITFMATCH-26JUL29BRAPIE-PIE,Tennis,,KXITFMATCH,e7bed978-f0a4-4bc6-8904-d9b6730590e4,KXITFMATCH-26JUL29BRAPIE,1785305498.0,quote,,1786514400.0,true,85.5000,85.0000,86.0000,3461.00,1059.07
6,ed2086c87d52482699dee6d41678911f,0,2026-07-29,2026-07-29,29354e42ef0c3a5dcfab2220f035fd1be5874df613426379bae1f33e112f560b,996bed4920d57ac31c4fb24ea30428fd6f75ebf5eff9ad3e616c6bcf81f64d7c,"[""Tennis""]",1785303906.302196,KXITFWMATCH-26JUL29HOSDYU-DYU,Tennis,,KXITFWMATCH,eff22484-a537-4944-bd0e-5664e98b54bd,KXITFWMATCH-26JUL29HOSDYU,1785301687.0,quote,,1786510800.0,true,81.5000,80.0000,83.0000,76.00,1022.48
6,ed2086c87d52482699dee6d41678911f,0,2026-07-29,2026-07-29,29354e42ef0c3a5dcfab2220f035fd1be5874df613426379bae1f33e112f560b,996bed4920d57ac31c4fb24ea30428fd6f75ebf5eff9ad3e616c6bcf81f64d7c,"[""Tennis""]",1785303907.9202108,KXITFMATCH-26JUL28PADSAT-PAD,Tennis,,KXITFMATCH,03e1243d-7dee-4056-a032-cb914b77515a,KXITFMATCH-26JUL28PADSAT,1785294636.0,quote,,1786501800.0,true,40.5000,40.0000,41.0000,15261.34,17431.44
6,ed2086c87d52482699dee6d41678911f,0,2026-07-29,2026-07-29,29354e42ef0c3a5dcfab2220f035fd1be5874df613426379bae1f33e112f560b,996bed4920d57ac31c4fb24ea30428fd6f75ebf5eff9ad3e616c6bcf81f64d7c,"[""Tennis""]",1785303907.993632,KXITFMATCH-26JUL28WENJON-JON,Tennis,,KXITFMATCH,5195be65-3a9b-423a-9e35-55f2f5840354,KXITFMATCH-26JUL28WENJON,1785299448.0,quote,,1786501800.0,true,69.0000,68.0000,70.0000,1922.72,3.00
6,ed2086c87d52482699dee6d41678911f,0,2026-07-29,2026-07-29,29354e42ef0c3a5dcfab2220f035fd1be5874df613426379bae1f33e112f560b,996bed4920d57ac31c4fb24ea30428fd6f75ebf5eff9ad3e616c6bcf81f64d7c,"[""Tennis""]",1785303908.0702138,KXITFMATCH-26JUL28WENJON-WEN,Tennis,,KXITFMATCH,5195be65-3a9b-423a-9e35-55f2f5840354,KXITFMATCH-26JUL28WENJON,1785299448.0,quote,,1786501800.0,true,29.5000,28.0000,31.0000,3226.71,540.84
6,ed2086c87d52482699dee6d41678911f,0,2026-07-29,2026-07-29,29354e42ef0c3a5dcfab2220f035fd1be5874df613426379bae1f33e112f560b,996bed4920d57ac31c4fb24ea30428fd6f75ebf5eff9ad3e616c6bcf81f64d7c,"[""Tennis""]",1785303908.1919072,KXITFMATCH-26JUL28CHAHEI-CHA,Tennis,,KXITFMATCH,5ba6a34a-c169-4b0b-b8fd-b835a2127855,KXITFMATCH-26JUL28CHAHEI,1785299809.0,quote,,1786505400.0,true,76.5000,76.0000,77.0000,8029.39,20.00
6,ed2086c87d52482699dee6d41678911f,0,2026-07-29,2026-07-29,29354e42ef0c3a5dcfab2220f035fd1be5874df613426379bae1f33e112f560b,996bed4920d57ac31c4fb24ea30428fd6f75ebf5eff9ad3e616c6bcf81f64d7c,"[""Tennis""]",1785303908.262114,KXITFWMATCH-26JUL29SOZMIL-MIL,Tennis,,KXITFWMATCH,0ba82ca4-7c3d-4fe6-9763-af01f430c473,KXITFWMATCH-26JUL29SOZMIL,1785301725.0,quote,,1786510800.0,true,93.0000,92.0000,94.0000,3248.44,2544.18
6,ed2086c87d52482699dee6d41678911f,0,2026-07-29,2026-07-29,29354e42ef0c3a5dcfab2220f035fd1be5874df613426379bae1f33e112f560b,996bed4920d57ac31c4fb24ea30428fd6f75ebf5eff9ad3e616c6bcf81f64d7c,"[""Tennis""]",1785303908.382878,KXITFWMATCH-26JUL29YOSKIM-KIM,Tennis,,KXITFWMATCH,9b9eecb5-c6a0-414a-bcf3-57262192676d,KXITFWMATCH-26JUL29YOSKIM,1785301851.0,quote,,1786510800.0,true,60.5000,60.0000,61.0000,1893.22,2633.76
6,ed2086c87d52482699dee6d41678911f,0,2026-07-29,2026-07-29,29354e42ef0c3a5dcfab2220f035fd1be5874df613426379bae1f33e112f560b,996bed4920d57ac31c4fb24ea30428fd6f75ebf5eff9ad3e616c6bcf81f64d7c,"[""Tennis""]",1785303908.4540632,KXITFMATCH-26JUL28CHAHEI-HEI,Tennis,,KXITFMATCH,5ba6a34a-c169-4b0b-b8fd-b835a2127855,KXITFMATCH-26JUL28CHAHEI,1785299809.0,quote,,1786505400.0,true,22.5000,22.0000,23.0000,540.00,5148.03
6,ed2086c87d52482699dee6d41678911f,0,2026-07-29,2026-07-29,29354e42ef0c3a5dcfab2220f035fd1be5874df613426379bae1f33e112f560b,996bed4920d57ac31c4fb24ea30428fd6f75ebf5eff9ad3e616c6bcf81f64d7c,"[""Tennis""]",1785303908.5253801,KXITFWMATCH-26JUL29SOZMIL-SOZ,Tennis,,KXITFWMATCH,0ba82ca4-7c3d-4fe6-9763-af01f430c473,KXITFWMATCH-26JUL29SOZMIL,1785301725.0,quote,,1786510800.0,true,6.5000,6.0000,7.0000,1907.18,1051.76
6,ed2086c87d52482699dee6d41678911f,0,2026-07-29,2026-07-29,29354e42ef0c3a5dcfab2220f035fd1be5874df613426379bae1f33e112f560b,996bed4920d57ac31c4fb24ea30428fd6f75ebf5eff9ad3e616c6bcf81f64d7c,"[""Tennis""]",1785303908.597426,KXITFMATCH-26JUL29BRAPIE-PIE,Tennis,,KXITFMATCH,e7bed978-f0a4-4bc6-8904-d9b6730590e4,KXITFMATCH-26JUL29BRAPIE,1785305498.0,quote,,1786514400.0,true,85.5000,85.0000,86.0000,3461.00,1059.07
6,ed2086c87d52482699dee6d41678911f,0,2026-07-29,2026-07-29,29354e42ef0c3a5dcfab2220f035fd1be5874df613426379bae1f33e112f560b,996bed4920d57ac31c4fb24ea30428fd6f75ebf5eff9ad3e616c6bcf81f64d7c,"[""Tennis""]",1785303908.714823,KXITFWMATCH-26JUL29HOSDYU-DYU,Tennis,,KXITFWMATCH,eff22484-a537-4944-bd0e-5664e98b54bd,KXITFWMATCH-26JUL29HOSDYU,1785301687.0,quote,,1786510800.0,true,81.5000,80.0000,83.0000,76.00,1022.48
6,ed2086c87d52482699dee6d41678911f,0,2026-07-29,2026-07-29,29354e42ef0c3a5dcfab2220f035fd1be5874df613426379bae1f33e112f560b,996bed4920d57ac31c4fb24ea30428fd6f75ebf5eff9ad3e616c6bcf81f64d7c,"[""Tennis""]",1785303910.3454568,KXITFMATCH-26JUL28PADSAT-PAD,Tennis,,KXITFMATCH,03e1243d-7dee-4056-a032-cb914b77515a,KXITFMATCH-26JUL28PADSAT,1785294636.0,quote,,1786501800.0,true,40.5000,40.0000,41.0000,15261.34,17431.44
6,ed2086c87d52482699dee6d41678911f,0,2026-07-29,2026-07-29,29354e42ef0c3a5dcfab2220f035fd1be5874df613426379bae1f33e112f560b,996bed4920d57ac31c4fb24ea30428fd6f75ebf5eff9ad3e616c6bcf81f64d7c,"[""Tennis""]",1785303910.419349,KXITFMATCH-26JUL28WENJON-JON,Tennis,,KXITFMATCH,5195be65-3a9b-423a-9e35-55f2f5840354,KXITFMATCH-26JUL28WENJON,1785299448.0,quote,,1786501800.0,true,69.0000,68.0000,70.0000,1922.72,3.00
6,ed2086c87d52482699dee6d41678911f,0,2026-07-29,2026-07-29,29354e42ef0c3a5dcfab2220f035fd1be5874df613426379bae1f33e112f560b,996bed4920d57ac31c4fb24ea30428fd6f75ebf5eff9ad3e616c6bcf81f64d7c,"[""Tennis""]",1785303910.4914088,KXITFMATCH-26JUL28WENJON-WEN,Tennis,,KXITFMATCH,5195be65-3a9b-423a-9e35-55f2f5840354,KXITFMATCH-26JUL28WENJON,1785299448.0,quote,,1786501800.0,true,29.5000,28.0000,31.0000,3226.71,540.84
6,ed2086c87d52482699dee6d41678911f,0,2026-07-29,2026-07-29,29354e42ef0c3a5dcfab2220f035fd1be5874df613426379bae1f33e112f560b,996bed4920d57ac31c4fb24ea30428fd6f75ebf5eff9ad3e616c6bcf81f64d7c,"[""Tennis""]",1785303910.563138,KXITFMATCH-26JUL28CHAHEI-CHA,Tennis,,KXITFMATCH,5ba6a34a-c169-4b0b-b8fd-b835a2127855,KXITFMATCH-26JUL28CHAHEI,1785299809.0,quote,,1786505400.0,true,76.5000,76.0000,77.0000,8029.39,20.00
6,ed2086c87d52482699dee6d41678911f,0,2026-07-29,2026-07-29,29354e42ef0c3a5dcfab2220f035fd1be5874df613426379bae1f33e112f560b,996bed4920d57ac31c4fb24ea30428fd6f75ebf5eff9ad3e616c6bcf81f64d7c,"[""Tennis""]",1785303910.634439,KXITFWMATCH-26JUL29SOZMIL-MIL,Tennis,,KXITFWMATCH,0ba82ca4-7c3d-4fe6-9763-af01f430c473,KXITFWMATCH-26JUL29SOZMIL,1785301725.0,quote,,1786510800.0,true,93.0000,92.0000,94.0000,3248.44,2544.18
6,ed2086c87d52482699dee6d41678911f,0,2026-07-29,2026-07-29,29354e42ef0c3a5dcfab2220f035fd1be5874df613426379bae1f33e112f560b,996bed4920d57ac31c4fb24ea30428fd6f75ebf5eff9ad3e616c6bcf81f64d7c,"[""Tennis""]",1785303910.705098,KXITFWMATCH-26JUL29YOSKIM-KIM,Tennis,,KXITFWMATCH,9b9eecb5-c6a0-414a-bcf3-57262192676d,KXITFWMATCH-26JUL29YOSKIM,1785301851.0,quote,,1786510800.0,true,60.5000,60.0000,61.0000,1893.22,2633.76
6,ed2086c87d52482699dee6d41678911f,0,2026-07-29,2026-07-29,29354e42ef0c3a5dcfab2220f035fd1be5874df613426379bae1f33e112f560b,996bed4920d57ac31c4fb24ea30428fd6f75ebf5eff9ad3e616c6bcf81f64d7c,"[""Tennis""]",1785303910.813757,KXITFMATCH-26JUL28CHAHEI-HEI,Tennis,,KXITFMATCH,5ba6a34a-c169-4b0b-b8fd-b835a2127855,KXITFMATCH-26JUL28CHAHEI,1785299809.0,quote,,1786505400.0,true,22.5000,22.0000,23.0000,540.00,5148.03
6,ed2086c87d52482699dee6d41678911f,0,2026-07-29,2026-07-29,29354e42ef0c3a5dcfab2220f035fd1be5874df613426379bae1f33e112f560b,996bed4920d57ac31c4fb24ea30428fd6f75ebf5eff9ad3e616c6bcf81f64d7c,"[""Tennis""]",1785303910.8882089,KXITFWMATCH-26JUL29SOZMIL-SOZ,Tennis,,KXITFWMATCH,0ba82ca4-7c3d-4fe6-9763-af01f430c473,KXITFWMATCH-26JUL29SOZMIL,1785301725.0,quote,,1786510800.0,true,6.5000,6.0000,7.0000,1907.18,1051.76
6,ed2086c87d52482699dee6d41678911f,0,2026-07-29,2026-07-29,29354e42ef0c3a5dcfab2220f035fd1be5874df613426379bae1f33e112f560b,996bed4920d57ac31c4fb24ea30428fd6f75ebf5eff9ad3e616c6bcf81f64d7c,"[""Tennis""]",1785303910.9583209,KXITFMATCH-26JUL29BRAPIE-PIE,Tennis,,KXITFMATCH,e7bed978-f0a4-4bc6-8904-d9b6730590e4,KXITFMATCH-26JUL29BRAPIE,1785305498.0,quote,,1786514400.0,true,85.5000,85.0000,86.0000,3461.00,1059.07
6,ed2086c87d52482699dee6d41678911f,0,2026-07-29,2026-07-29,29354e42ef0c3a5dcfab2220f035fd1be5874df613426379bae1f33e112f560b,996bed4920d57ac31c4fb24ea30428fd6f75ebf5eff9ad3e616c6bcf81f64d7c,"[""Tennis""]",1785303911.02862,KXITFWMATCH-26JUL29HOSDYU-DYU,Tennis,,KXITFWMATCH,eff22484-a537-4944-bd0e-5664e98b54bd,KXITFWMATCH-26JUL29HOSDYU,1785301687.0,quote,,1786510800.0,true,81.5000,80.0000,83.0000,76.00,1022.48
6,ed2086c87d52482699dee6d41678911f,0,2026-07-29,2026-07-29,29354e42ef0c3a5dcfab2220f035fd1be5874df613426379bae1f33e112f560b,996bed4920d57ac31c4fb24ea30428fd6f75ebf5eff9ad3e616c6bcf81f64d7c,"[""Tennis""]",1785303912.6123772,KXITFMATCH-26JUL28PADSAT-PAD,Tennis,,KXITFMATCH,03e1243d-7dee-4056-a032-cb914b77515a,KXITFMATCH-26JUL28PADSAT,1785294636.0,quote,,1786501800.0,true,40.5000,40.0000,41.0000,15261.34,17431.44
6,ed2086c87d52482699dee6d41678911f,0,2026-07-29,2026-07-29,29354e42ef0c3a5dcfab2220f035fd1be5874df613426379bae1f33e112f560b,996bed4920d57ac31c4fb24ea30428fd6f75ebf5eff9ad3e616c6bcf81f64d7c,"[""Tennis""]",1785303912.685656,KXITFMATCH-26JUL28WENJON-JON,Tennis,,KXITFMATCH,5195be65-3a9b-423a-9e35-55f2f5840354,KXITFMATCH-26JUL28WENJON,1785299448.0,quote,,1786501800.0,true,66.5000,66.0000,67.0000,240.00,174.00
6,ed2086c87d52482699dee6d41678911f,0,2026-07-29,2026-07-29,29354e42ef0c3a5dcfab2220f035fd1be5874df613426379bae1f33e112f560b,996bed4920d57ac31c4fb24ea30428fd6f75ebf5eff9ad3e616c6bcf81f64d7c,"[""Tennis""]",1785303912.762861,KXITFMATCH-26JUL28WENJON-WEN,Tennis,,KXITFMATCH,5195be65-3a9b-423a-9e35-55f2f5840354,KXITFMATCH-26JUL28WENJON,1785299448.0,quote,,1786501800.0,true,29.5000,28.0000,31.0000,3226.71,540.84
6,ed2086c87d52482699dee6d41678911f,0,2026-07-29,2026-07-29,29354e42ef0c3a5dcfab2220f035fd1be5874df613426379bae1f33e112f560b,996bed4920d57ac31c4fb24ea30428fd6f75ebf5eff9ad3e616c6bcf81f64d7c,"[""Tennis""]",1785303912.9105248,KXITFMATCH-26JUL28CHAHEI-CHA,Tennis,,KXITFMATCH,5ba6a34a-c169-4b0b-b8fd-b835a2127855,KXITFMATCH-26JUL28CHAHEI,1785299809.0,quote,,1786505400.0,true,76.5000,76.0000,77.0000,8029.39,20.00
6,ed2086c87d52482699dee6d41678911f,0,2026-07-29,2026-07-29,29354e42ef0c3a5dcfab2220f035fd1be5874df613426379bae1f33e112f560b,996bed4920d57ac31c4fb24ea30428fd6f75ebf5eff9ad3e616c6bcf81f64d7c,"[""Tennis""]",1785303912.981896,KXITFWMATCH-26JUL29SOZMIL-MIL,Tennis,,KXITFWMATCH,0ba82ca4-7c3d-4fe6-9763-af01f430c473,KXITFWMATCH-26JUL29SOZMIL,1785301725.0,quote,,1786510800.0,true,93.0000,92.0000,94.0000,3248.44,2544.18
6,ed2086c87d52482699dee6d41678911f,0,2026-07-29,2026-07-29,29354e42ef0c3a5dcfab2220f035fd1be5874df613426379bae1f33e112f560b,996bed4920d57ac31c4fb24ea30428fd6f75ebf5eff9ad3e616c6bcf81f64d7c,"[""Tennis""]",1785303913.0533938,KXITFWMATCH-26JUL29YOSKIM-KIM,Tennis,,KXITFWMATCH,9b9eecb5-c6a0-414a-bcf3-57262192676d,KXITFWMATCH-26JUL29YOSKIM,1785301851.0,quote,,1786510800.0,true,60.5000,60.0000,61.0000,1893.22,2633.76
6,ed2086c87d52482699dee6d41678911f,0,2026-07-29,2026-07-29,29354e42ef0c3a5dcfab2220f035fd1be5874df613426379bae1f33e112f560b,996bed4920d57ac31c4fb24ea30428fd6f75ebf5eff9ad3e616c6bcf81f64d7c,"[""Tennis""]",1785303913.126351,KXITFMATCH-26JUL28CHAHEI-HEI,Tennis,,KXITFMATCH,5ba6a34a-c169-4b0b-b8fd-b835a2127855,KXITFMATCH-26JUL28CHAHEI,1785299809.0,quote,,1786505400.0,true,22.5000,22.0000,23.0000,540.00,5148.03
6,ed2086c87d52482699dee6d41678911f,0,2026-07-29,2026-07-29,29354e42ef0c3a5dcfab2220f035fd1be5874df613426379bae1f33e112f560b,996bed4920d57ac31c4fb24ea30428fd6f75ebf5eff9ad3e616c6bcf81f64d7c,"[""Tennis""]",1785303913.1967978,KXITFWMATCH-26JUL29SOZMIL-SOZ,Tennis,,KXITFWMATCH,0ba82ca4-7c3d-4fe6-9763-af01f430c473,KXITFWMATCH-26JUL29SOZMIL,1785301725.0,quote,,1786510800.0,true,6.0000,5.0000,7.0000,2123.00,351.76
6,ed2086c87d52482699dee6d41678911f,0,2026-07-29,2026-07-29,29354e42ef0c3a5dcfab2220f035fd1be5874df613426379bae1f33e112f560b,996bed4920d57ac31c4fb24ea30428fd6f75ebf5eff9ad3e616c6bcf81f64d7c,"[""Tennis""]",1785303913.2687428,KXITFMATCH-26JUL29BRAPIE-PIE,Tennis,,KXITFMATCH,e7bed978-f0a4-4bc6-8904-d9b6730590e4,KXITFMATCH-26JUL29BRAPIE,1785305498.0,quote,,1786514400.0,true,85.5000,85.0000,86.0000,3461.00,1059.07
6,ed2086c87d52482699dee6d41678911f,0,2026-07-29,2026-07-29,29354e42ef0c3a5dcfab2220f035fd1be5874df613426379bae1f33e112f560b,996bed4920d57ac31c4fb24ea30428fd6f75ebf5eff9ad3e616c6bcf81f64d7c,"[""Tennis""]",1785303913.3384929,KXITFWMATCH-26JUL29HOSDYU-DYU,Tennis,,KXITFWMATCH,eff22484-a537-4944-bd0e-5664e98b54bd,KXITFWMATCH-26JUL29HOSDYU,1785301687.0,quote,,1786510800.0,true,81.5000,80.0000,83.0000,76.00,1022.48
6,ed2086c87d52482699dee6d41678911f,0,2026-07-29,2026-07-29,29354e42ef0c3a5dcfab2220f035fd1be5874df613426379bae1f33e112f560b,996bed4920d57ac31c4fb24ea30428fd6f75ebf5eff9ad3e616c6bcf81f64d7c,"[""Tennis""]",1785303914.9166138,KXITFMATCH-26JUL28PADSAT-PAD,Tennis,,KXITFMATCH,03e1243d-7dee-4056-a032-cb914b77515a,KXITFMATCH-26JUL28PADSAT,1785294636.0,quote,,1786501800.0,true,40.5000,40.0000,41.0000,15261.34,17431.44
6,ed2086c87d52482699dee6d41678911f,0,2026-07-29,2026-07-29,29354e42ef0c3a5dcfab2220f035fd1be5874df613426379bae1f33e112f560b,996bed4920d57ac31c4fb24ea30428fd6f75ebf5eff9ad3e616c6bcf81f64d7c,"[""Tennis""]",1785303915.069587,KXITFMATCH-26JUL28WENJON-JON,Tennis,,KXITFMATCH,5195be65-3a9b-423a-9e35-55f2f5840354,KXITFMATCH-26JUL28WENJON,1785299448.0,quote,,1786501800.0,true,66.5000,66.0000,67.0000,240.00,174.00
6,ed2086c87d52482699dee6d41678911f,0,2026-07-29,2026-07-29,29354e42ef0c3a5dcfab2220f035fd1be5874df613426379bae1f33e112f560b,996bed4920d57ac31c4fb24ea30428fd6f75ebf5eff9ad3e616c6bcf81f64d7c,"[""Tennis""]",1785303915.1416771,KXITFMATCH-26JUL28WENJON-WEN,Tennis,,KXITFMATCH,5195be65-3a9b-423a-9e35-55f2f5840354,KXITFMATCH-26JUL28WENJON,1785299448.0,quote,,1786501800.0,true,33.5000,32.0000,35.0000,3093.67,8706.77
6,ed2086c87d52482699dee6d41678911f,0,2026-07-29,2026-07-29,29354e42ef0c3a5dcfab2220f035fd1be5874df613426379bae1f33e112f560b,996bed4920d57ac31c4fb24ea30428fd6f75ebf5eff9ad3e616c6bcf81f64d7c,"[""Tennis""]",1785303915.211976,KXITFMATCH-26JUL28CHAHEI-CHA,Tennis,,KXITFMATCH,5ba6a34a-c169-4b0b-b8fd-b835a2127855,KXITFMATCH-26JUL28CHAHEI,1785299809.0,quote,,1786505400.0,true,76.5000,76.0000,77.0000,8029.39,20.00
6,ed2086c87d52482699dee6d41678911f,0,2026-07-29,2026-07-29,29354e42ef0c3a5dcfab2220f035fd1be5874df613426379bae1f33e112f560b,996bed4920d57ac31c4fb24ea30428fd6f75ebf5eff9ad3e616c6bcf81f64d7c,"[""Tennis""]",1785303915.2870321,KXITFWMATCH-26JUL29SOZMIL-MIL,Tennis,,KXITFWMATCH,0ba82ca4-7c3d-4fe6-9763-af01f430c473,KXITFWMATCH-26JUL29SOZMIL,1785301725.0,quote,,1786510800.0,true,93.0000,92.0000,94.0000,319.25,270.00
6,ed2086c87d52482699dee6d41678911f,0,2026-07-29,2026-07-29,29354e42ef0c3a5dcfab2220f035fd1be5874df613426379bae1f33e112f560b,996bed4920d57ac31c4fb24ea30428fd6f75ebf5eff9ad3e616c6bcf81f64d7c,"[""Tennis""]",1785303915.3570611,KXITFWMATCH-26JUL29YOSKIM-KIM,Tennis,,KXITFWMATCH,9b9eecb5-c6a0-414a-bcf3-57262192676d,KXITFWMATCH-26JUL29YOSKIM,1785301851.0,quote,,1786510800.0,true,60.5000,60.0000,61.0000,1893.22,2633.76
6,ed2086c87d52482699dee6d41678911f,0,2026-07-29,2026-07-29,29354e42ef0c3a5dcfab2220f035fd1be5874df613426379bae1f33e112f560b,996bed4920d57ac31c4fb24ea30428fd6f75ebf5eff9ad3e616c6bcf81f64d7c,"[""Tennis""]",1785303915.426831,KXITFMATCH-26JUL28CHAHEI-HEI,Tennis,,KXITFMATCH,5ba6a34a-c169-4b0b-b8fd-b835a2127855,KXITFMATCH-26JUL28CHAHEI,1785299809.0,quote,,1786505400.0,true,22.5000,22.0000,23.0000,540.00,5148.03
6,ed2086c87d52482699dee6d41678911f,0,2026-07-29,2026-07-29,29354e42ef0c3a5dcfab2220f035fd1be5874df613426379bae1f33e112f560b,996bed4920d57ac31c4fb24ea30428fd6f75ebf5eff9ad3e616c6bcf81f64d7c,"[""Tennis""]",1785303915.526487,KXITFWMATCH-26JUL29SOZMIL-SOZ,Tennis,,KXITFWMATCH,0ba82ca4-7c3d-4fe6-9763-af01f430c473,KXITFWMATCH-26JUL29SOZMIL,1785301725.0,quote,,1786510800.0,true,6.0000,5.0000,7.0000,2123.00,351.76
6,ed2086c87d52482699dee6d41678911f,0,2026-07-29,2026-07-29,29354e42ef0c3a5dcfab2220f035fd1be5874df613426379bae1f33e112f560b,996bed4920d57ac31c4fb24ea30428fd6f75ebf5eff9ad3e616c6bcf81f64d7c,"[""Tennis""]",1785303915.597054,KXITFMATCH-26JUL29BRAPIE-PIE,Tennis,,KXITFMATCH,e7bed978-f0a4-4bc6-8904-d9b6730590e4,KXITFMATCH-26JUL29BRAPIE,1785305498.0,quote,,1786514400.0,true,85.5000,85.0000,86.0000,3461.00,1059.07
6,ed2086c87d52482699dee6d41678911f,0,2026-07-29,2026-07-29,29354e42ef0c3a5dcfab2220f035fd1be5874df613426379bae1f33e112f560b,996bed4920d57ac31c4fb24ea30428fd6f75ebf5eff9ad3e616c6bcf81f64d7c,"[""Tennis""]",1785303915.6707609,KXITFWMATCH-26JUL29HOSDYU-DYU,Tennis,,KXITFWMATCH,eff22484-a537-4944-bd0e-5664e98b54bd,KXITFWMATCH-26JUL29HOSDYU,1785301687.0,quote,,1786510800.0,true,78.5000,77.0000,80.0000,91.00,669.63
6,ed2086c87d52482699dee6d41678911f,0,2026-07-29,2026-07-29,29354e42ef0c3a5dcfab2220f035fd1be5874df613426379bae1f33e112f560b,996bed4920d57ac31c4fb24ea30428fd6f75ebf5eff9ad3e616c6bcf81f64d7c,"[""Tennis""]",1785303917.256342,KXITFMATCH-26JUL28PADSAT-PAD,Tennis,,KXITFMATCH,03e1243d-7dee-4056-a032-cb914b77515a,KXITFMATCH-26JUL28PADSAT,1785294636.0,quote,,1786501800.0,true,37.5000,37.0000,38.0000,2995.25,10829.41
6,ed2086c87d52482699dee6d41678911f,0,2026-07-29,2026-07-29,29354e42ef0c3a5dcfab2220f035fd1be5874df613426379bae1f33e112f560b,996bed4920d57ac31c4fb24ea30428fd6f75ebf5eff9ad3e616c6bcf81f64d7c,"[""Tennis""]",1785303917.327224,KXITFMATCH-26JUL28WENJON-JON,Tennis,,KXITFMATCH,5195be65-3a9b-423a-9e35-55f2f5840354,KXITFMATCH-26JUL28WENJON,1785299448.0,quote,,1786501800.0,true,66.5000,66.0000,67.0000,240.00,174.00
6,ed2086c87d52482699dee6d41678911f,0,2026-07-29,2026-07-29,29354e42ef0c3a5dcfab2220f035fd1be5874df613426379bae1f33e112f560b,996bed4920d57ac31c4fb24ea30428fd6f75ebf5eff9ad3e616c6bcf81f64d7c,"[""Tennis""]",1785303917.3991392,KXITFMATCH-26JUL28WENJON-WEN,Tennis,,KXITFMATCH,5195be65-3a9b-423a-9e35-55f2f5840354,KXITFMATCH-26JUL28WENJON,1785299448.0,quote,,1786501800.0,true,33.5000,32.0000,35.0000,3093.67,8706.77
6,ed2086c87d52482699dee6d41678911f,0,2026-07-29,2026-07-29,29354e42ef0c3a5dcfab2220f035fd1be5874df613426379bae1f33e112f560b,996bed4920d57ac31c4fb24ea30428fd6f75ebf5eff9ad3e616c6bcf81f64d7c,"[""Tennis""]",1785303917.471227,KXITFMATCH-26JUL28CHAHEI-CHA,Tennis,,KXITFMATCH,5ba6a34a-c169-4b0b-b8fd-b835a2127855,KXITFMATCH-26JUL28CHAHEI,1785299809.0,quote,,1786505400.0,true,78.5000,78.0000,79.0000,3827.83,5907.30
6,ed2086c87d52482699dee6d41678911f,0,2026-07-29,2026-07-29,29354e42ef0c3a5dcfab2220f035fd1be5874df613426379bae1f33e112f560b,996bed4920d57ac31c4fb24ea30428fd6f75ebf5eff9ad3e616c6bcf81f64d7c,"[""Tennis""]",1785303917.628721,KXITFWMATCH-26JUL29SOZMIL-MIL,Tennis,,KXITFWMATCH,0ba82ca4-7c3d-4fe6-9763-af01f430c473,KXITFWMATCH-26JUL29SOZMIL,1785301725.0,quote,,1786510800.0,true,93.0000,92.0000,94.0000,319.25,270.00
6,ed2086c87d52482699dee6d41678911f,0,2026-07-29,2026-07-29,29354e42ef0c3a5dcfab2220f035fd1be5874df613426379bae1f33e112f560b,996bed4920d57ac31c4fb24ea30428fd6f75ebf5eff9ad3e616c6bcf81f64d7c,"[""Tennis""]",1785303917.699187,KXITFWMATCH-26JUL29YOSKIM-KIM,Tennis,,KXITFWMATCH,9b9eecb5-c6a0-414a-bcf3-57262192676d,KXITFWMATCH-26JUL29YOSKIM,1785301851.0,quote,,1786510800.0,true,60.5000,60.0000,61.0000,1893.22,2633.76
6,ed2086c87d52482699dee6d41678911f,0,2026-07-29,2026-07-29,29354e42ef0c3a5dcfab2220f035fd1be5874df613426379bae1f33e112f560b,996bed4920d57ac31c4fb24ea30428fd6f75ebf5eff9ad3e616c6bcf81f64d7c,"[""Tennis""]",1785303917.771081,KXITFMATCH-26JUL28CHAHEI-HEI,Tennis,,KXITFMATCH,5ba6a34a-c169-4b0b-b8fd-b835a2127855,KXITFMATCH-26JUL28CHAHEI,1785299809.0,quote,,1786505400.0,true,21.5000,21.0000,22.0000,4726.41,4433.47
6,ed2086c87d52482699dee6d41678911f,0,2026-07-29,2026-07-29,29354e42ef0c3a5dcfab2220f035fd1be5874df613426379bae1f33e112f560b,996bed4920d57ac31c4fb24ea30428fd6f75ebf5eff9ad3e616c6bcf81f64d7c,"[""Tennis""]",1785303917.842252,KXITFWMATCH-26JUL29SOZMIL-SOZ,Tennis,,KXITFWMATCH,0ba82ca4-7c3d-4fe6-9763-af01f430c473,KXITFWMATCH-26JUL29SOZMIL,1785301725.0,quote,,1786510800.0,true,6.0000,5.0000,7.0000,2123.00,351.76
6,ed2086c87d52482699dee6d41678911f,0,2026-07-29,2026-07-29,29354e42ef0c3a5dcfab2220f035fd1be5874df613426379bae1f33e112f560b,996bed4920d57ac31c4fb24ea30428fd6f75ebf5eff9ad3e616c6bcf81f64d7c,"[""Tennis""]",1785303917.9139972,KXITFMATCH-26JUL29BRAPIE-PIE,Tennis,,KXITFMATCH,e7bed978-f0a4-4bc6-8904-d9b6730590e4,KXITFMATCH-26JUL29BRAPIE,1785305498.0,quote,,1786514400.0,true,85.5000,85.0000,86.0000,3461.00,1059.07
6,ed2086c87d52482699dee6d41678911f,0,2026-07-29,2026-07-29,29354e42ef0c3a5dcfab2220f035fd1be5874df613426379bae1f33e112f560b,996bed4920d57ac31c4fb24ea30428fd6f75ebf5eff9ad3e616c6bcf81f64d7c,"[""Tennis""]",1785303917.984767,KXITFWMATCH-26JUL29HOSDYU-DYU,Tennis,,KXITFWMATCH,eff22484-a537-4944-bd0e-5664e98b54bd,KXITFWMATCH-26JUL29HOSDYU,1785301687.0,quote,,1786510800.0,true,78.5000,77.0000,80.0000,91.00,669.63
6,ed2086c87d52482699dee6d41678911f,0,2026-07-29,2026-07-29,29354e42ef0c3a5dcfab2220f035fd1be5874df613426379bae1f33e112f560b,996bed4920d57ac31c4fb24ea30428fd6f75ebf5eff9ad3e616c6bcf81f64d7c,"[""Tennis""]",1785303919.566407,KXITFMATCH-26JUL28PADSAT-PAD,Tennis,,KXITFMATCH,03e1243d-7dee-4056-a032-cb914b77515a,KXITFMATCH-26JUL28PADSAT,1785294636.0,quote,,1786501800.0,true,37.5000,37.0000,38.0000,2995.25,10829.41
6,ed2086c87d52482699dee6d41678911f,0,2026-07-29,2026-07-29,29354e42ef0c3a5dcfab2220f035fd1be5874df613426379bae1f33e112f560b,996bed4920d57ac31c4fb24ea30428fd6f75ebf5eff9ad3e616c6bcf81f64d7c,"[""Tennis""]",1785303919.7257159,KXITFMATCH-26JUL28WENJON-JON,Tennis,,KXITFMATCH,5195be65-3a9b-423a-9e35-55f2f5840354,KXITFMATCH-26JUL28WENJON,1785299448.0,quote,,1786501800.0,true,66.5000,66.0000,67.0000,240.00,174.00
6,ed2086c87d52482699dee6d41678911f,0,2026-07-29,2026-07-29,29354e42ef0c3a5dcfab2220f035fd1be5874df613426379bae1f33e112f560b,996bed4920d57ac31c4fb24ea30428fd6f75ebf5eff9ad3e616c6bcf81f64d7c,"[""Tennis""]",1785303919.797954,KXITFMATCH-26JUL28WENJON-WEN,Tennis,,KXITFMATCH,5195be65-3a9b-423a-9e35-55f2f5840354,KXITFMATCH-26JUL28WENJON,1785299448.0,quote,,1786501800.0,true,33.5000,32.0000,35.0000,3093.67,8706.77
6,ed2086c87d52482699dee6d41678911f,0,2026-07-29,2026-07-29,29354e42ef0c3a5dcfab2220f035fd1be5874df613426379bae1f33e112f560b,996bed4920d57ac31c4fb24ea30428fd6f75ebf5eff9ad3e616c6bcf81f64d7c,"[""Tennis""]",1785303919.8697238,KXITFMATCH-26JUL28CHAHEI-CHA,Tennis,,KXITFMATCH,5ba6a34a-c169-4b0b-b8fd-b835a2127855,KXITFMATCH-26JUL28CHAHEI,1785299809.0,quote,,1786505400.0,true,78.5000,78.0000,79.0000,3827.83,5907.30
6,ed2086c87d52482699dee6d41678911f,0,2026-07-29,2026-07-29,29354e42ef0c3a5dcfab2220f035fd1be5874df613426379bae1f33e112f560b,996bed4920d57ac31c4fb24ea30428fd6f75ebf5eff9ad3e616c6bcf81f64d7c,"[""Tennis""]",1785303919.940545,KXITFWMATCH-26JUL29SOZMIL-MIL,Tennis,,KXITFWMATCH,0ba82ca4-7c3d-4fe6-9763-af01f430c473,KXITFWMATCH-26JUL29SOZMIL,1785301725.0,quote,,1786510800.0,true,93.0000,92.0000,94.0000,319.25,270.00
6,ed2086c87d52482699dee6d41678911f,0,2026-07-29,2026-07-29,29354e42ef0c3a5dcfab2220f035fd1be5874df613426379bae1f33e112f560b,996bed4920d57ac31c4fb24ea30428fd6f75ebf5eff9ad3e616c6bcf81f64d7c,"[""Tennis""]",1785303920.0115871,KXITFWMATCH-26JUL29YOSKIM-KIM,Tennis,,KXITFWMATCH,9b9eecb5-c6a0-414a-bcf3-57262192676d,KXITFWMATCH-26JUL29YOSKIM,1785301851.0,quote,,1786510800.0,true,59.5000,59.0000,60.0000,2103.79,2331.65
6,ed2086c87d52482699dee6d41678911f,0,2026-07-29,2026-07-29,29354e42ef0c3a5dcfab2220f035fd1be5874df613426379bae1f33e112f560b,996bed4920d57ac31c4fb24ea30428fd6f75ebf5eff9ad3e616c6bcf81f64d7c,"[""Tennis""]",1785303920.0845451,KXITFMATCH-26JUL28CHAHEI-HEI,Tennis,,KXITFMATCH,5ba6a34a-c169-4b0b-b8fd-b835a2127855,KXITFMATCH-26JUL28CHAHEI,1785299809.0,quote,,1786505400.0,true,21.5000,21.0000,22.0000,4726.41,4433.47
6,ed2086c87d52482699dee6d41678911f,0,2026-07-29,2026-07-29,29354e42ef0c3a5dcfab2220f035fd1be5874df613426379bae1f33e112f560b,996bed4920d57ac31c4fb24ea30428fd6f75ebf5eff9ad3e616c6bcf81f64d7c,"[""Tennis""]",1785303920.154968,KXITFWMATCH-26JUL29SOZMIL-SOZ,Tennis,,KXITFWMATCH,0ba82ca4-7c3d-4fe6-9763-af01f430c473,KXITFWMATCH-26JUL29SOZMIL,1785301725.0,quote,,1786510800.0,true,6.0000,5.0000,7.0000,2123.00,351.76
6,ed2086c87d52482699dee6d41678911f,0,2026-07-29,2026-07-29,29354e42ef0c3a5dcfab2220f035fd1be5874df613426379bae1f33e112f560b,996bed4920d57ac31c4fb24ea30428fd6f75ebf5eff9ad3e616c6bcf81f64d7c,"[""Tennis""]",1785303920.314395,KXITFMATCH-26JUL29BRAPIE-PIE,Tennis,,KXITFMATCH,e7bed978-f0a4-4bc6-8904-d9b6730590e4,KXITFMATCH-26JUL29BRAPIE,1785305498.0,quote,,1786514400.0,true,85.5000,85.0000,86.0000,3461.00,1059.07
6,ed2086c87d52482699dee6d41678911f,0,2026-07-29,2026-07-29,29354e42ef0c3a5dcfab2220f035fd1be5874df613426379bae1f33e112f560b,996bed4920d57ac31c4fb24ea30428fd6f75ebf5eff9ad3e616c6bcf81f64d7c,"[""Tennis""]",1785303920.385556,KXITFWMATCH-26JUL29HOSDYU-DYU,Tennis,,KXITFWMATCH,eff22484-a537-4944-bd0e-5664e98b54bd,KXITFWMATCH-26JUL29HOSDYU,1785301687.0,quote,,1786510800.0,true,78.5000,77.0000,80.0000,91.00,669.63
6,ed2086c87d52482699dee6d41678911f,0,2026-07-29,2026-07-29,29354e42ef0c3a5dcfab2220f035fd1be5874df613426379bae1f33e112f560b,996bed4920d57ac31c4fb24ea30428fd6f75ebf5eff9ad3e616c6bcf81f64d7c,"[""Tennis""]",1785303921.9743528,KXITFMATCH-26JUL28PADSAT-PAD,Tennis,,KXITFMATCH,03e1243d-7dee-4056-a032-cb914b77515a,KXITFMATCH-26JUL28PADSAT,1785294636.0,quote,,1786501800.0,true,37.5000,37.0000,38.0000,2995.25,10829.41
6,ed2086c87d52482699dee6d41678911f,0,2026-07-29,2026-07-29,29354e42ef0c3a5dcfab2220f035fd1be5874df613426379bae1f33e112f560b,996bed4920d57ac31c4fb24ea30428fd6f75ebf5eff9ad3e616c6bcf81f64d7c,"[""Tennis""]",1785303922.0468621,KXITFMATCH-26JUL28WENJON-JON,Tennis,,KXITFMATCH,5195be65-3a9b-423a-9e35-55f2f5840354,KXITFMATCH-26JUL28WENJON,1785299448.0,quote,,1786501800.0,true,66.5000,66.0000,67.0000,240.00,174.00
6,ed2086c87d52482699dee6d41678911f,0,2026-07-29,2026-07-29,29354e42ef0c3a5dcfab2220f035fd1be5874df613426379bae1f33e112f560b,996bed4920d57ac31c4fb24ea30428fd6f75ebf5eff9ad3e616c6bcf81f64d7c,"[""Tennis""]",1785303922.121293,KXITFMATCH-26JUL28WENJON-WEN,Tennis,,KXITFMATCH,5195be65-3a9b-423a-9e35-55f2f5840354,KXITFMATCH-26JUL28WENJON,1785299448.0,quote,,1786501800.0,true,33.5000,32.0000,35.0000,3093.67,8706.77
6,ed2086c87d52482699dee6d41678911f,0,2026-07-29,2026-07-29,29354e42ef0c3a5dcfab2220f035fd1be5874df613426379bae1f33e112f560b,996bed4920d57ac31c4fb24ea30428fd6f75ebf5eff9ad3e616c6bcf81f64d7c,"[""Tennis""]",1785303922.194091,KXITFMATCH-26JUL28CHAHEI-CHA,Tennis,,KXITFMATCH,5ba6a34a-c169-4b0b-b8fd-b835a2127855,KXITFMATCH-26JUL28CHAHEI,1785299809.0,quote,,1786505400.0,true,78.5000,78.0000,79.0000,3827.83,5907.30
6,ed2086c87d52482699dee6d41678911f,0,2026-07-29,2026-07-29,29354e42ef0c3a5dcfab2220f035fd1be5874df613426379bae1f33e112f560b,996bed4920d57ac31c4fb24ea30428fd6f75ebf5eff9ad3e616c6bcf81f64d7c,"[""Tennis""]",1785303922.3449442,KXITFWMATCH-26JUL29SOZMIL-MIL,Tennis,,KXITFWMATCH,0ba82ca4-7c3d-4fe6-9763-af01f430c473,KXITFWMATCH-26JUL29SOZMIL,1785301725.0,quote,,1786510800.0,true,93.0000,92.0000,94.0000,319.25,270.00
6,ed2086c87d52482699dee6d41678911f,0,2026-07-29,2026-07-29,29354e42ef0c3a5dcfab2220f035fd1be5874df613426379bae1f33e112f560b,996bed4920d57ac31c4fb24ea30428fd6f75ebf5eff9ad3e616c6bcf81f64d7c,"[""Tennis""]",1785303922.417749,KXITFWMATCH-26JUL29YOSKIM-KIM,Tennis,,KXITFWMATCH,9b9eecb5-c6a0-414a-bcf3-57262192676d,KXITFWMATCH-26JUL29YOSKIM,1785301851.0,quote,,1786510800.0,true,59.5000,59.0000,60.0000,2103.79,2331.65
6,ed2086c87d52482699dee6d41678911f,0,2026-07-29,2026-07-29,29354e42ef0c3a5dcfab2220f035fd1be5874df613426379bae1f33e112f560b,996bed4920d57ac31c4fb24ea30428fd6f75ebf5eff9ad3e616c6bcf81f64d7c,"[""Tennis""]",1785303922.492388,KXITFMATCH-26JUL28CHAHEI-HEI,Tennis,,KXITFMATCH,5ba6a34a-c169-4b0b-b8fd-b835a2127855,KXITFMATCH-26JUL28CHAHEI,1785299809.0,quote,,1786505400.0,true,21.5000,21.0000,22.0000,4726.41,4433.47
6,ed2086c87d52482699dee6d41678911f,0,2026-07-29,2026-07-29,29354e42ef0c3a5dcfab2220f035fd1be5874df613426379bae1f33e112f560b,996bed4920d57ac31c4fb24ea30428fd6f75ebf5eff9ad3e616c6bcf81f64d7c,"[""Tennis""]",1785303922.564916,KXITFWMATCH-26JUL29SOZMIL-SOZ,Tennis,,KXITFWMATCH,0ba82ca4-7c3d-4fe6-9763-af01f430c473,KXITFWMATCH-26JUL29SOZMIL,1785301725.0,quote,,1786510800.0,true,6.0000,5.0000,7.0000,2123.00,351.76
6,ed2086c87d52482699dee6d41678911f,0,2026-07-29,2026-07-29,29354e42ef0c3a5dcfab2220f035fd1be5874df613426379bae1f33e112f560b,996bed4920d57ac31c4fb24ea30428fd6f75ebf5eff9ad3e616c6bcf81f64d7c,"[""Tennis""]",1785303922.637595,KXITFMATCH-26JUL29BRAPIE-PIE,Tennis,,KXITFMATCH,e7bed978-f0a4-4bc6-8904-d9b6730590e4,KXITFMATCH-26JUL29BRAPIE,1785305498.0,quote,,1786514400.0,true,85.5000,85.0000,86.0000,3461.00,1059.07
6,ed2086c87d52482699dee6d41678911f,0,2026-07-29,2026-07-29,29354e42ef0c3a5dcfab2220f035fd1be5874df613426379bae1f33e112f560b,996bed4920d57ac31c4fb24ea30428fd6f75ebf5eff9ad3e616c6bcf81f64d7c,"[""Tennis""]",1785303922.710773,KXITFWMATCH-26JUL29HOSDYU-DYU,Tennis,,KXITFWMATCH,eff22484-a537-4944-bd0e-5664e98b54bd,KXITFWMATCH-26JUL29HOSDYU,1785301687.0,quote,,1786510800.0,true,78.5000,77.0000,80.0000,91.00,669.63
6,ed2086c87d52482699dee6d41678911f,0,2026-07-29,2026-07-29,29354e42ef0c3a5dcfab2220f035fd1be5874df613426379bae1f33e112f560b,996bed4920d57ac31c4fb24ea30428fd6f75ebf5eff9ad3e616c6bcf81f64d7c,"[""Tennis""]",1785303924.291935,KXITFMATCH-26JUL28PADSAT-PAD,Tennis,,KXITFMATCH,03e1243d-7dee-4056-a032-cb914b77515a,KXITFMATCH-26JUL28PADSAT,1785294636.0,quote,,1786501800.0,true,37.5000,37.0000,38.0000,2995.25,10829.41
6,ed2086c87d52482699dee6d41678911f,0,2026-07-29,2026-07-29,29354e42ef0c3a5dcfab2220f035fd1be5874df613426379bae1f33e112f560b,996bed4920d57ac31c4fb24ea30428fd6f75ebf5eff9ad3e616c6bcf81f64d7c,"[""Tennis""]",1785303924.445601,KXITFMATCH-26JUL28WENJON-JON,Tennis,,KXITFMATCH,5195be65-3a9b-423a-9e35-55f2f5840354,KXITFMATCH-26JUL28WENJON,1785299448.0,quote,,1786501800.0,true,65.5000,65.0000,66.0000,12386.17,22620.61
6,ed2086c87d52482699dee6d41678911f,0,2026-07-29,2026-07-29,29354e42ef0c3a5dcfab2220f035fd1be5874df613426379bae1f33e112f560b,996bed4920d57ac31c4fb24ea30428fd6f75ebf5eff9ad3e616c6bcf81f64d7c,"[""Tennis""]",1785303924.5158908,KXITFMATCH-26JUL28WENJON-WEN,Tennis,,KXITFMATCH,5195be65-3a9b-423a-9e35-55f2f5840354,KXITFMATCH-26JUL28WENJON,1785299448.0,quote,,1786501800.0,true,34.5000,34.0000,35.0000,8274.66,25924.38
6,ed2086c87d52482699dee6d41678911f,0,2026-07-29,2026-07-29,29354e42ef0c3a5dcfab2220f035fd1be5874df613426379bae1f33e112f560b,996bed4920d57ac31c4fb24ea30428fd6f75ebf5eff9ad3e616c6bcf81f64d7c,"[""Tennis""]",1785303924.5866811,KXITFMATCH-26JUL28CHAHEI-CHA,Tennis,,KXITFMATCH,5ba6a34a-c169-4b0b-b8fd-b835a2127855,KXITFMATCH-26JUL28CHAHEI,1785299809.0,quote,,1786505400.0,true,78.5000,78.0000,79.0000,3827.83,5907.30
6,ed2086c87d52482699dee6d41678911f,0,2026-07-29,2026-07-29,29354e42ef0c3a5dcfab2220f035fd1be5874df613426379bae1f33e112f560b,996bed4920d57ac31c4fb24ea30428fd6f75ebf5eff9ad3e616c6bcf81f64d7c,"[""Tennis""]",1785303924.65762,KXITFWMATCH-26JUL29SOZMIL-MIL,Tennis,,KXITFWMATCH,0ba82ca4-7c3d-4fe6-9763-af01f430c473,KXITFWMATCH-26JUL29SOZMIL,1785301725.0,quote,,1786510800.0,true,93.0000,92.0000,94.0000,319.25,270.00
6,ed2086c87d52482699dee6d41678911f,0,2026-07-29,2026-07-29,29354e42ef0c3a5dcfab2220f035fd1be5874df613426379bae1f33e112f560b,996bed4920d57ac31c4fb24ea30428fd6f75ebf5eff9ad3e616c6bcf81f64d7c,"[""Tennis""]",1785303924.7283719,KXITFWMATCH-26JUL29YOSKIM-KIM,Tennis,,KXITFWMATCH,9b9eecb5-c6a0-414a-bcf3-57262192676d,KXITFWMATCH-26JUL29YOSKIM,1785301851.0,quote,,1786510800.0,true,59.5000,59.0000,60.0000,2103.79,2331.65
6,ed2086c87d52482699dee6d41678911f,0,2026-07-29,2026-07-29,29354e42ef0c3a5dcfab2220f035fd1be5874df613426379bae1f33e112f560b,996bed4920d57ac31c4fb24ea30428fd6f75ebf5eff9ad3e616c6bcf81f64d7c,"[""Tennis""]",1785303924.8001778,KXITFMATCH-26JUL28CHAHEI-HEI,Tennis,,KXITFMATCH,5ba6a34a-c169-4b0b-b8fd-b835a2127855,KXITFMATCH-26JUL28CHAHEI,1785299809.0,quote,,1786505400.0,true,21.5000,21.0000,22.0000,4726.41,4433.47
6,ed2086c87d52482699dee6d41678911f,0,2026-07-29,2026-07-29,29354e42ef0c3a5dcfab2220f035fd1be5874df613426379bae1f33e112f560b,996bed4920d57ac31c4fb24ea30428fd6f75ebf5eff9ad3e616c6bcf81f64d7c,"[""Tennis""]",1785303924.8712351,KXITFWMATCH-26JUL29SOZMIL-SOZ,Tennis,,KXITFWMATCH,0ba82ca4-7c3d-4fe6-9763-af01f430c473,KXITFWMATCH-26JUL29SOZMIL,1785301725.0,quote,,1786510800.0,true,6.5000,6.0000,7.0000,2294.52,951.76
6,ed2086c87d52482699dee6d41678911f,0,2026-07-29,2026-07-29,29354e42ef0c3a5dcfab2220f035fd1be5874df613426379bae1f33e112f560b,996bed4920d57ac31c4fb24ea30428fd6f75ebf5eff9ad3e616c6bcf81f64d7c,"[""Tennis""]",1785303925.0330591,KXITFMATCH-26JUL29BRAPIE-PIE,Tennis,,KXITFMATCH,e7bed978-f0a4-4bc6-8904-d9b6730590e4,KXITFMATCH-26JUL29BRAPIE,1785305498.0,quote,,1786514400.0,true,85.5000,85.0000,86.0000,3461.00,1059.07
6,ed2086c87d52482699dee6d41678911f,0,2026-07-29,2026-07-29,29354e42ef0c3a5dcfab2220f035fd1be5874df613426379bae1f33e112f560b,996bed4920d57ac31c4fb24ea30428fd6f75ebf5eff9ad3e616c6bcf81f64d7c,"[""Tennis""]",1785303925.103796,KXITFWMATCH-26JUL29HOSDYU-DYU,Tennis,,KXITFWMATCH,eff22484-a537-4944-bd0e-5664e98b54bd,KXITFWMATCH-26JUL29HOSDYU,1785301687.0,quote,,1786510800.0,true,78.5000,77.0000,80.0000,91.00,669.63
6,ed2086c87d52482699dee6d41678911f,0,2026-07-29,2026-07-29,29354e42ef0c3a5dcfab2220f035fd1be5874df613426379bae1f33e112f560b,996bed4920d57ac31c4fb24ea30428fd6f75ebf5eff9ad3e616c6bcf81f64d7c,"[""Tennis""]",1785303926.679159,KXITFMATCH-26JUL28PADSAT-PAD,Tennis,,KXITFMATCH,03e1243d-7dee-4056-a032-cb914b77515a,KXITFMATCH-26JUL28PADSAT,1785294636.0,quote,,1786501800.0,true,35.5000,35.0000,36.0000,20804.06,37047.24
6,ed2086c87d52482699dee6d41678911f,0,2026-07-29,2026-07-29,29354e42ef0c3a5dcfab2220f035fd1be5874df613426379bae1f33e112f560b,996bed4920d57ac31c4fb24ea30428fd6f75ebf5eff9ad3e616c6bcf81f64d7c,"[""Tennis""]",1785303926.7504342,KXITFMATCH-26JUL28WENJON-JON,Tennis,,KXITFMATCH,5195be65-3a9b-423a-9e35-55f2f5840354,KXITFMATCH-26JUL28WENJON,1785299448.0,quote,,1786501800.0,true,65.5000,65.0000,66.0000,12386.17,22620.61
6,ed2086c87d52482699dee6d41678911f,0,2026-07-29,2026-07-29,29354e42ef0c3a5dcfab2220f035fd1be5874df613426379bae1f33e112f560b,996bed4920d57ac31c4fb24ea30428fd6f75ebf5eff9ad3e616c6bcf81f64d7c,"[""Tennis""]",1785303926.823796,KXITFMATCH-26JUL28WENJON-WEN,Tennis,,KXITFMATCH,5195be65-3a9b-423a-9e35-55f2f5840354,KXITFMATCH-26JUL28WENJON,1785299448.0,quote,,1786501800.0,true,34.5000,34.0000,35.0000,8274.66,25924.38
6,ed2086c87d52482699dee6d41678911f,0,2026-07-29,2026-07-29,29354e42ef0c3a5dcfab2220f035fd1be5874df613426379bae1f33e112f560b,996bed4920d57ac31c4fb24ea30428fd6f75ebf5eff9ad3e616c6bcf81f64d7c,"[""Tennis""]",1785303926.894773,KXITFMATCH-26JUL28CHAHEI-CHA,Tennis,,KXITFMATCH,5ba6a34a-c169-4b0b-b8fd-b835a2127855,KXITFMATCH-26JUL28CHAHEI,1785299809.0,quote,,1786505400.0,true,78.5000,78.0000,79.0000,3827.83,5391.42
6,ed2086c87d52482699dee6d41678911f,0,2026-07-29,2026-07-29,29354e42ef0c3a5dcfab2220f035fd1be5874df613426379bae1f33e112f560b,996bed4920d57ac31c4fb24ea30428fd6f75ebf5eff9ad3e616c6bcf81f64d7c,"[""Tennis""]",1785303926.966969,KXITFWMATCH-26JUL29SOZMIL-MIL,Tennis,,KXITFWMATCH,0ba82ca4-7c3d-4fe6-9763-af01f430c473,KXITFWMATCH-26JUL29SOZMIL,1785301725.0,quote,,1786510800.0,true,93.0000,92.0000,94.0000,3192.25,2701.52
6,ed2086c87d52482699dee6d41678911f,0,2026-07-29,2026-07-29,29354e42ef0c3a5dcfab2220f035fd1be5874df613426379bae1f33e112f560b,996bed4920d57ac31c4fb24ea30428fd6f75ebf5eff9ad3e616c6bcf81f64d7c,"[""Tennis""]",1785303927.128098,KXITFWMATCH-26JUL29YOSKIM-KIM,Tennis,,KXITFWMATCH,9b9eecb5-c6a0-414a-bcf3-57262192676d,KXITFWMATCH-26JUL29YOSKIM,1785301851.0,quote,,1786510800.0,true,59.5000,59.0000,60.0000,2103.79,2331.65
6,ed2086c87d52482699dee6d41678911f,0,2026-07-29,2026-07-29,29354e42ef0c3a5dcfab2220f035fd1be5874df613426379bae1f33e112f560b,996bed4920d57ac31c4fb24ea30428fd6f75ebf5eff9ad3e616c6bcf81f64d7c,"[""Tennis""]",1785303927.1999202,KXITFMATCH-26JUL28CHAHEI-HEI,Tennis,,KXITFMATCH,5ba6a34a-c169-4b0b-b8fd-b835a2127855,KXITFMATCH-26JUL28CHAHEI,1785299809.0,quote,,1786505400.0,true,21.5000,21.0000,22.0000,4726.41,4433.47
6,ed2086c87d52482699dee6d41678911f,0,2026-07-29,2026-07-29,29354e42ef0c3a5dcfab2220f035fd1be5874df613426379bae1f33e112f560b,996bed4920d57ac31c4fb24ea30428fd6f75ebf5eff9ad3e616c6bcf81f64d7c,"[""Tennis""]",1785303927.269286,KXITFWMATCH-26JUL29SOZMIL-SOZ,Tennis,,KXITFWMATCH,0ba82ca4-7c3d-4fe6-9763-af01f430c473,KXITFWMATCH-26JUL29SOZMIL,1785301725.0,quote,,1786510800.0,true,6.5000,6.0000,7.0000,2294.52,951.76
6,ed2086c87d52482699dee6d41678911f,0,2026-07-29,2026-07-29,29354e42ef0c3a5dcfab2220f035fd1be5874df613426379bae1f33e112f560b,996bed4920d57ac31c4fb24ea30428fd6f75ebf5eff9ad3e616c6bcf81f64d7c,"[""Tennis""]",1785303927.340758,KXITFMATCH-26JUL29BRAPIE-PIE,Tennis,,KXITFMATCH,e7bed978-f0a4-4bc6-8904-d9b6730590e4,KXITFMATCH-26JUL29BRAPIE,1785305498.0,quote,,1786514400.0,true,85.5000,85.0000,86.0000,3461.00,1059.07
6,ed2086c87d52482699dee6d41678911f,0,2026-07-29,2026-07-29,29354e42ef0c3a5dcfab2220f035fd1be5874df613426379bae1f33e112f560b,996bed4920d57ac31c4fb24ea30428fd6f75ebf5eff9ad3e616c6bcf81f64d7c,"[""Tennis""]",1785303927.413719,KXITFWMATCH-26JUL29HOSDYU-DYU,Tennis,,KXITFWMATCH,eff22484-a537-4944-bd0e-5664e98b54bd,KXITFWMATCH-26JUL29HOSDYU,1785301687.0,quote,,1786510800.0,true,78.5000,77.0000,80.0000,87.00,669.63
6,ed2086c87d52482699dee6d41678911f,0,2026-07-29,2026-07-29,29354e42ef0c3a5dcfab2220f035fd1be5874df613426379bae1f33e112f560b,996bed4920d57ac31c4fb24ea30428fd6f75ebf5eff9ad3e616c6bcf81f64d7c,"[""Tennis""]",1785303928.989663,KXITFMATCH-26JUL28PADSAT-PAD,Tennis,,KXITFMATCH,03e1243d-7dee-4056-a032-cb914b77515a,KXITFMATCH-26JUL28PADSAT,1785294636.0,quote,,1786501800.0,true,35.5000,35.0000,36.0000,20804.06,37047.24
6,ed2086c87d52482699dee6d41678911f,0,2026-07-29,2026-07-29,29354e42ef0c3a5dcfab2220f035fd1be5874df613426379bae1f33e112f560b,996bed4920d57ac31c4fb24ea30428fd6f75ebf5eff9ad3e616c6bcf81f64d7c,"[""Tennis""]",1785303929.061989,KXITFMATCH-26JUL28WENJON-JON,Tennis,,KXITFMATCH,5195be65-3a9b-423a-9e35-55f2f5840354,KXITFMATCH-26JUL28WENJON,1785299448.0,quote,,1786501800.0,true,65.5000,65.0000,66.0000,12386.17,22620.61
6,ed2086c87d52482699dee6d41678911f,0,2026-07-29,2026-07-29,29354e42ef0c3a5dcfab2220f035fd1be5874df613426379bae1f33e112f560b,996bed4920d57ac31c4fb24ea30428fd6f75ebf5eff9ad3e616c6bcf81f64d7c,"[""Tennis""]",1785303929.1588778,KXITFMATCH-26JUL28WENJON-WEN,Tennis,,KXITFMATCH,5195be65-3a9b-423a-9e35-55f2f5840354,KXITFMATCH-26JUL28WENJON,1785299448.0,quote,,1786501800.0,true,34.5000,34.0000,35.0000,8274.66,25924.38
6,ed2086c87d52482699dee6d41678911f,0,2026-07-29,2026-07-29,29354e42ef0c3a5dcfab2220f035fd1be5874df613426379bae1f33e112f560b,996bed4920d57ac31c4fb24ea30428fd6f75ebf5eff9ad3e616c6bcf81f64d7c,"[""Tennis""]",1785303929.231195,KXITFMATCH-26JUL28CHAHEI-CHA,Tennis,,KXITFMATCH,5ba6a34a-c169-4b0b-b8fd-b835a2127855,KXITFMATCH-26JUL28CHAHEI,1785299809.0,quote,,1786505400.0,true,78.5000,78.0000,79.0000,3827.83,5391.42
6,ed2086c87d52482699dee6d41678911f,0,2026-07-29,2026-07-29,29354e42ef0c3a5dcfab2220f035fd1be5874df613426379bae1f33e112f560b,996bed4920d57ac31c4fb24ea30428fd6f75ebf5eff9ad3e616c6bcf81f64d7c,"[""Tennis""]",1785303929.3022342,KXITFWMATCH-26JUL29SOZMIL-MIL,Tennis,,KXITFWMATCH,0ba82ca4-7c3d-4fe6-9763-af01f430c473,KXITFWMATCH-26JUL29SOZMIL,1785301725.0,quote,,1786510800.0,true,93.0000,92.0000,94.0000,3192.25,2701.52
6,ed2086c87d52482699dee6d41678911f,0,2026-07-29,2026-07-29,29354e42ef0c3a5dcfab2220f035fd1be5874df613426379bae1f33e112f560b,996bed4920d57ac31c4fb24ea30428fd6f75ebf5eff9ad3e616c6bcf81f64d7c,"[""Tennis""]",1785303929.37411,KXITFWMATCH-26JUL29YOSKIM-KIM,Tennis,,KXITFWMATCH,9b9eecb5-c6a0-414a-bcf3-57262192676d,KXITFWMATCH-26JUL29YOSKIM,1785301851.0,quote,,1786510800.0,true,59.5000,59.0000,60.0000,2103.79,2331.65
6,ed2086c87d52482699dee6d41678911f,0,2026-07-29,2026-07-29,29354e42ef0c3a5dcfab2220f035fd1be5874df613426379bae1f33e112f560b,996bed4920d57ac31c4fb24ea30428fd6f75ebf5eff9ad3e616c6bcf81f64d7c,"[""Tennis""]",1785303929.444663,KXITFMATCH-26JUL28CHAHEI-HEI,Tennis,,KXITFMATCH,5ba6a34a-c169-4b0b-b8fd-b835a2127855,KXITFMATCH-26JUL28CHAHEI,1785299809.0,quote,,1786505400.0,true,21.5000,21.0000,22.0000,391.00,70.40
6,ed2086c87d52482699dee6d41678911f,0,2026-07-29,2026-07-29,29354e42ef0c3a5dcfab2220f035fd1be5874df613426379bae1f33e112f560b,996bed4920d57ac31c4fb24ea30428fd6f75ebf5eff9ad3e616c6bcf81f64d7c,"[""Tennis""]",1785303929.514907,KXITFWMATCH-26JUL29SOZMIL-SOZ,Tennis,,KXITFWMATCH,0ba82ca4-7c3d-4fe6-9763-af01f430c473,KXITFWMATCH-26JUL29SOZMIL,1785301725.0,quote,,1786510800.0,true,6.5000,6.0000,7.0000,2294.52,951.76
6,ed2086c87d52482699dee6d41678911f,0,2026-07-29,2026-07-29,29354e42ef0c3a5dcfab2220f035fd1be5874df613426379bae1f33e112f560b,996bed4920d57ac31c4fb24ea30428fd6f75ebf5eff9ad3e616c6bcf81f64d7c,"[""Tennis""]",1785303929.5855129,KXITFMATCH-26JUL29BRAPIE-PIE,Tennis,,KXITFMATCH,e7bed978-f0a4-4bc6-8904-d9b6730590e4,KXITFMATCH-26JUL29BRAPIE,1785305498.0,quote,,1786514400.0,true,85.5000,85.0000,86.0000,3461.00,1059.07
6,ed2086c87d52482699dee6d41678911f,0,2026-07-29,2026-07-29,29354e42ef0c3a5dcfab2220f035fd1be5874df613426379bae1f33e112f560b,996bed4920d57ac31c4fb24ea30428fd6f75ebf5eff9ad3e616c6bcf81f64d7c,"[""Tennis""]",1785303929.689352,KXITFWMATCH-26JUL29HOSDYU-DYU,Tennis,,KXITFWMATCH,eff22484-a537-4944-bd0e-5664e98b54bd,KXITFWMATCH-26JUL29HOSDYU,1785301687.0,quote,,1786510800.0,true,78.5000,77.0000,80.0000,87.00,669.63
6,ed2086c87d52482699dee6d41678911f,0,2026-07-29,2026-07-29,29354e42ef0c3a5dcfab2220f035fd1be5874df613426379bae1f33e112f560b,996bed4920d57ac31c4fb24ea30428fd6f75ebf5eff9ad3e616c6bcf81f64d7c,"[""Tennis""]",1785303931.3215191,KXITFMATCH-26JUL28PADSAT-PAD,Tennis,,KXITFMATCH,03e1243d-7dee-4056-a032-cb914b77515a,KXITFMATCH-26JUL28PADSAT,1785294636.0,quote,,1786501800.0,true,35.5000,35.0000,36.0000,20804.06,37047.24
6,ed2086c87d52482699dee6d41678911f,0,2026-07-29,2026-07-29,29354e42ef0c3a5dcfab2220f035fd1be5874df613426379bae1f33e112f560b,996bed4920d57ac31c4fb24ea30428fd6f75ebf5eff9ad3e616c6bcf81f64d7c,"[""Tennis""]",1785303931.392846,KXITFMATCH-26JUL28WENJON-JON,Tennis,,KXITFMATCH,5195be65-3a9b-423a-9e35-55f2f5840354,KXITFMATCH-26JUL28WENJON,1785299448.0,quote,,1786501800.0,true,65.5000,65.0000,66.0000,12386.17,22620.61
6,ed2086c87d52482699dee6d41678911f,0,2026-07-29,2026-07-29,29354e42ef0c3a5dcfab2220f035fd1be5874df613426379bae1f33e112f560b,996bed4920d57ac31c4fb24ea30428fd6f75ebf5eff9ad3e616c6bcf81f64d7c,"[""Tennis""]",1785303931.4650502,KXITFMATCH-26JUL28WENJON-WEN,Tennis,,KXITFMATCH,5195be65-3a9b-423a-9e35-55f2f5840354,KXITFMATCH-26JUL28WENJON,1785299448.0,quote,,1786501800.0,true,34.5000,34.0000,35.0000,8274.66,25924.38
6,ed2086c87d52482699dee6d41678911f,0,2026-07-29,2026-07-29,29354e42ef0c3a5dcfab2220f035fd1be5874df613426379bae1f33e112f560b,996bed4920d57ac31c4fb24ea30428fd6f75ebf5eff9ad3e616c6bcf81f64d7c,"[""Tennis""]",1785303931.535799,KXITFMATCH-26JUL28CHAHEI-CHA,Tennis,,KXITFMATCH,5ba6a34a-c169-4b0b-b8fd-b835a2127855,KXITFMATCH-26JUL28CHAHEI,1785299809.0,quote,,1786505400.0,true,78.5000,78.0000,79.0000,3827.83,5391.42
6,ed2086c87d52482699dee6d41678911f,0,2026-07-29,2026-07-29,29354e42ef0c3a5dcfab2220f035fd1be5874df613426379bae1f33e112f560b,996bed4920d57ac31c4fb24ea30428fd6f75ebf5eff9ad3e616c6bcf81f64d7c,"[""Tennis""]",1785303931.609697,KXITFWMATCH-26JUL29SOZMIL-MIL,Tennis,,KXITFWMATCH,0ba82ca4-7c3d-4fe6-9763-af01f430c473,KXITFWMATCH-26JUL29SOZMIL,1785301725.0,quote,,1786510800.0,true,93.0000,92.0000,94.0000,3192.25,2701.52
6,ed2086c87d52482699dee6d41678911f,0,2026-07-29,2026-07-29,29354e42ef0c3a5dcfab2220f035fd1be5874df613426379bae1f33e112f560b,996bed4920d57ac31c4fb24ea30428fd6f75ebf5eff9ad3e616c6bcf81f64d7c,"[""Tennis""]",1785303931.68155,KXITFWMATCH-26JUL29YOSKIM-KIM,Tennis,,KXITFWMATCH,9b9eecb5-c6a0-414a-bcf3-57262192676d,KXITFWMATCH-26JUL29YOSKIM,1785301851.0,quote,,1786510800.0,true,58.5000,58.0000,59.0000,688.61,188.00
6,ed2086c87d52482699dee6d41678911f,0,2026-07-29,2026-07-29,29354e42ef0c3a5dcfab2220f035fd1be5874df613426379bae1f33e112f560b,996bed4920d57ac31c4fb24ea30428fd6f75ebf5eff9ad3e616c6bcf81f64d7c,"[""Tennis""]",1785303931.7853131,KXITFMATCH-26JUL28CHAHEI-HEI,Tennis,,KXITFMATCH,5ba6a34a-c169-4b0b-b8fd-b835a2127855,KXITFMATCH-26JUL28CHAHEI,1785299809.0,quote,,1786505400.0,true,21.5000,21.0000,22.0000,391.00,70.40
6,ed2086c87d52482699dee6d41678911f,0,2026-07-29,2026-07-29,29354e42ef0c3a5dcfab2220f035fd1be5874df613426379bae1f33e112f560b,996bed4920d57ac31c4fb24ea30428fd6f75ebf5eff9ad3e616c6bcf81f64d7c,"[""Tennis""]",1785303931.856467,KXITFWMATCH-26JUL29SOZMIL-SOZ,Tennis,,KXITFWMATCH,0ba82ca4-7c3d-4fe6-9763-af01f430c473,KXITFWMATCH-26JUL29SOZMIL,1785301725.0,quote,,1786510800.0,true,6.5000,6.0000,7.0000,2294.52,951.76
6,ed2086c87d52482699dee6d41678911f,0,2026-07-29,2026-07-29,29354e42ef0c3a5dcfab2220f035fd1be5874df613426379bae1f33e112f560b,996bed4920d57ac31c4fb24ea30428fd6f75ebf5eff9ad3e616c6bcf81f64d7c,"[""Tennis""]",1785303931.927822,KXITFMATCH-26JUL29BRAPIE-PIE,Tennis,,KXITFMATCH,e7bed978-f0a4-4bc6-8904-d9b6730590e4,KXITFMATCH-26JUL29BRAPIE,1785305498.0,quote,,1786514400.0,true,85.5000,85.0000,86.0000,3461.00,1059.07
6,ed2086c87d52482699dee6d41678911f,0,2026-07-29,2026-07-29,29354e42ef0c3a5dcfab2220f035fd1be5874df613426379bae1f33e112f560b,996bed4920d57ac31c4fb24ea30428fd6f75ebf5eff9ad3e616c6bcf81f64d7c,"[""Tennis""]",1785303931.999776,KXITFWMATCH-26JUL29HOSDYU-DYU,Tennis,,KXITFWMATCH,eff22484-a537-4944-bd0e-5664e98b54bd,KXITFWMATCH-26JUL29HOSDYU,1785301687.0,quote,,1786510800.0,true,78.5000,77.0000,80.0000,87.00,669.63
6,ed2086c87d52482699dee6d41678911f,0,2026-07-29,2026-07-29,29354e42ef0c3a5dcfab2220f035fd1be5874df613426379bae1f33e112f560b,996bed4920d57ac31c4fb24ea30428fd6f75ebf5eff9ad3e616c6bcf81f64d7c,"[""Tennis""]",1785303933.5834339,KXITFMATCH-26JUL28PADSAT-PAD,Tennis,,KXITFMATCH,03e1243d-7dee-4056-a032-cb914b77515a,KXITFMATCH-26JUL28PADSAT,1785294636.0,quote,,1786501800.0,true,35.5000,35.0000,36.0000,20804.06,37047.24
6,ed2086c87d52482699dee6d41678911f,0,2026-07-29,2026-07-29,29354e42ef0c3a5dcfab2220f035fd1be5874df613426379bae1f33e112f560b,996bed4920d57ac31c4fb24ea30428fd6f75ebf5eff9ad3e616c6bcf81f64d7c,"[""Tennis""]",1785303933.653663,KXITFMATCH-26JUL28WENJON-JON,Tennis,,KXITFMATCH,5195be65-3a9b-423a-9e35-55f2f5840354,KXITFMATCH-26JUL28WENJON,1785299448.0,quote,,1786501800.0,true,65.5000,65.0000,66.0000,12386.17,21970.61
6,ed2086c87d52482699dee6d41678911f,0,2026-07-29,2026-07-29,29354e42ef0c3a5dcfab2220f035fd1be5874df613426379bae1f33e112f560b,996bed4920d57ac31c4fb24ea30428fd6f75ebf5eff9ad3e616c6bcf81f64d7c,"[""Tennis""]",1785303933.7248828,KXITFMATCH-26JUL28WENJON-WEN,Tennis,,KXITFMATCH,5195be65-3a9b-423a-9e35-55f2f5840354,KXITFMATCH-26JUL28WENJON,1785299448.0,quote,,1786501800.0,true,34.5000,34.0000,35.0000,8274.66,25924.38
6,ed2086c87d52482699dee6d41678911f,0,2026-07-29,2026-07-29,29354e42ef0c3a5dcfab2220f035fd1be5874df613426379bae1f33e112f560b,996bed4920d57ac31c4fb24ea30428fd6f75ebf5eff9ad3e616c6bcf81f64d7c,"[""Tennis""]",1785303933.882824,KXITFMATCH-26JUL28CHAHEI-CHA,Tennis,,KXITFMATCH,5ba6a34a-c169-4b0b-b8fd-b835a2127855,KXITFMATCH-26JUL28CHAHEI,1785299809.0,quote,,1786505400.0,true,78.5000,78.0000,79.0000,3827.83,5391.42
6,ed2086c87d52482699dee6d41678911f,0,2026-07-29,2026-07-29,29354e42ef0c3a5dcfab2220f035fd1be5874df613426379bae1f33e112f560b,996bed4920d57ac31c4fb24ea30428fd6f75ebf5eff9ad3e616c6bcf81f64d7c,"[""Tennis""]",1785303933.954802,KXITFWMATCH-26JUL29SOZMIL-MIL,Tennis,,KXITFWMATCH,0ba82ca4-7c3d-4fe6-9763-af01f430c473,KXITFWMATCH-26JUL29SOZMIL,1785301725.0,quote,,1786510800.0,true,93.0000,92.0000,94.0000,3192.25,2701.52
6,ed2086c87d52482699dee6d41678911f,0,2026-07-29,2026-07-29,29354e42ef0c3a5dcfab2220f035fd1be5874df613426379bae1f33e112f560b,996bed4920d57ac31c4fb24ea30428fd6f75ebf5eff9ad3e616c6bcf81f64d7c,"[""Tennis""]",1785303934.0250099,KXITFWMATCH-26JUL29YOSKIM-KIM,Tennis,,KXITFWMATCH,9b9eecb5-c6a0-414a-bcf3-57262192676d,KXITFWMATCH-26JUL29YOSKIM,1785301851.0,quote,,1786510800.0,true,58.5000,58.0000,59.0000,688.61,188.00
6,ed2086c87d52482699dee6d41678911f,0,2026-07-29,2026-07-29,29354e42ef0c3a5dcfab2220f035fd1be5874df613426379bae1f33e112f560b,996bed4920d57ac31c4fb24ea30428fd6f75ebf5eff9ad3e616c6bcf81f64d7c,"[""Tennis""]",1785303934.0968478,KXITFMATCH-26JUL28CHAHEI-HEI,Tennis,,KXITFMATCH,5ba6a34a-c169-4b0b-b8fd-b835a2127855,KXITFMATCH-26JUL28CHAHEI,1785299809.0,quote,,1786505400.0,true,21.5000,21.0000,22.0000,391.00,70.40
6,ed2086c87d52482699dee6d41678911f,0,2026-07-29,2026-07-29,29354e42ef0c3a5dcfab2220f035fd1be5874df613426379bae1f33e112f560b,996bed4920d57ac31c4fb24ea30428fd6f75ebf5eff9ad3e616c6bcf81f64d7c,"[""Tennis""]",1785303934.167122,KXITFWMATCH-26JUL29SOZMIL-SOZ,Tennis,,KXITFWMATCH,0ba82ca4-7c3d-4fe6-9763-af01f430c473,KXITFWMATCH-26JUL29SOZMIL,1785301725.0,quote,,1786510800.0,true,6.5000,6.0000,7.0000,2294.52,951.76
6,ed2086c87d52482699dee6d41678911f,0,2026-07-29,2026-07-29,29354e42ef0c3a5dcfab2220f035fd1be5874df613426379bae1f33e112f560b,996bed4920d57ac31c4fb24ea30428fd6f75ebf5eff9ad3e616c6bcf81f64d7c,"[""Tennis""]",1785303934.237283,KXITFMATCH-26JUL29BRAPIE-PIE,Tennis,,KXITFMATCH,e7bed978-f0a4-4bc6-8904-d9b6730590e4,KXITFMATCH-26JUL29BRAPIE,1785305498.0,quote,,1786514400.0,true,85.5000,85.0000,86.0000,3461.00,1059.07
6,ed2086c87d52482699dee6d41678911f,0,2026-07-29,2026-07-29,29354e42ef0c3a5dcfab2220f035fd1be5874df613426379bae1f33e112f560b,996bed4920d57ac31c4fb24ea30428fd6f75ebf5eff9ad3e616c6bcf81f64d7c,"[""Tennis""]",1785303934.3101282,KXITFWMATCH-26JUL29HOSDYU-DYU,Tennis,,KXITFWMATCH,eff22484-a537-4944-bd0e-5664e98b54bd,KXITFWMATCH-26JUL29HOSDYU,1785301687.0,quote,,1786510800.0,true,78.5000,77.0000,80.0000,87.00,669.63
6,ed2086c87d52482699dee6d41678911f,0,2026-07-29,2026-07-29,29354e42ef0c3a5dcfab2220f035fd1be5874df613426379bae1f33e112f560b,996bed4920d57ac31c4fb24ea30428fd6f75ebf5eff9ad3e616c6bcf81f64d7c,"[""Tennis""]",1785303935.9803991,KXITFMATCH-26JUL28PADSAT-PAD,Tennis,,KXITFMATCH,03e1243d-7dee-4056-a032-cb914b77515a,KXITFMATCH-26JUL28PADSAT,1785294636.0,quote,,1786501800.0,true,35.5000,35.0000,36.0000,20804.06,37047.24
6,ed2086c87d52482699dee6d41678911f,0,2026-07-29,2026-07-29,29354e42ef0c3a5dcfab2220f035fd1be5874df613426379bae1f33e112f560b,996bed4920d57ac31c4fb24ea30428fd6f75ebf5eff9ad3e616c6bcf81f64d7c,"[""Tennis""]",1785303936.051678,KXITFMATCH-26JUL28WENJON-JON,Tennis,,KXITFMATCH,5195be65-3a9b-423a-9e35-55f2f5840354,KXITFMATCH-26JUL28WENJON,1785299448.0,quote,,1786501800.0,true,65.5000,65.0000,66.0000,12386.17,21970.61
6,ed2086c87d52482699dee6d41678911f,0,2026-07-29,2026-07-29,29354e42ef0c3a5dcfab2220f035fd1be5874df613426379bae1f33e112f560b,996bed4920d57ac31c4fb24ea30428fd6f75ebf5eff9ad3e616c6bcf81f64d7c,"[""Tennis""]",1785303936.1237278,KXITFMATCH-26JUL28WENJON-WEN,Tennis,,KXITFMATCH,5195be65-3a9b-423a-9e35-55f2f5840354,KXITFMATCH-26JUL28WENJON,1785299448.0,quote,,1786501800.0,true,34.5000,34.0000,35.0000,9623.03,24925.42
6,ed2086c87d52482699dee6d41678911f,0,2026-07-29,2026-07-29,29354e42ef0c3a5dcfab2220f035fd1be5874df613426379bae1f33e112f560b,996bed4920d57ac31c4fb24ea30428fd6f75ebf5eff9ad3e616c6bcf81f64d7c,"[""Tennis""]",1785303936.198215,KXITFMATCH-26JUL28CHAHEI-CHA,Tennis,,KXITFMATCH,5ba6a34a-c169-4b0b-b8fd-b835a2127855,KXITFMATCH-26JUL28CHAHEI,1785299809.0,quote,,1786505400.0,true,78.5000,77.0000,80.0000,1496.83,1235.39
6,ed2086c87d52482699dee6d41678911f,0,2026-07-29,2026-07-29,29354e42ef0c3a5dcfab2220f035fd1be5874df613426379bae1f33e112f560b,996bed4920d57ac31c4fb24ea30428fd6f75ebf5eff9ad3e616c6bcf81f64d7c,"[""Tennis""]",1785303936.268472,KXITFWMATCH-26JUL29SOZMIL-MIL,Tennis,,KXITFWMATCH,0ba82ca4-7c3d-4fe6-9763-af01f430c473,KXITFWMATCH-26JUL29SOZMIL,1785301725.0,quote,,1786510800.0,true,93.0000,92.0000,94.0000,3192.25,2701.52
6,ed2086c87d52482699dee6d41678911f,0,2026-07-29,2026-07-29,29354e42ef0c3a5dcfab2220f035fd1be5874df613426379bae1f33e112f560b,996bed4920d57ac31c4fb24ea30428fd6f75ebf5eff9ad3e616c6bcf81f64d7c,"[""Tennis""]",1785303936.339046,KXITFWMATCH-26JUL29YOSKIM-KIM,Tennis,,KXITFWMATCH,9b9eecb5-c6a0-414a-bcf3-57262192676d,KXITFWMATCH-26JUL29YOSKIM,1785301851.0,quote,,1786510800.0,true,58.5000,58.0000,59.0000,688.61,188.00
6,ed2086c87d52482699dee6d41678911f,0,2026-07-29,2026-07-29,29354e42ef0c3a5dcfab2220f035fd1be5874df613426379bae1f33e112f560b,996bed4920d57ac31c4fb24ea30428fd6f75ebf5eff9ad3e616c6bcf81f64d7c,"[""Tennis""]",1785303936.410089,KXITFMATCH-26JUL28CHAHEI-HEI,Tennis,,KXITFMATCH,5ba6a34a-c169-4b0b-b8fd-b835a2127855,KXITFMATCH-26JUL28CHAHEI,1785299809.0,quote,,1786505400.0,true,21.5000,21.0000,22.0000,391.00,70.40
6,ed2086c87d52482699dee6d41678911f,0,2026-07-29,2026-07-29,29354e42ef0c3a5dcfab2220f035fd1be5874df613426379bae1f33e112f560b,996bed4920d57ac31c4fb24ea30428fd6f75ebf5eff9ad3e616c6bcf81f64d7c,"[""Tennis""]",1785303936.561019,KXITFWMATCH-26JUL29SOZMIL-SOZ,Tennis,,KXITFWMATCH,0ba82ca4-7c3d-4fe6-9763-af01f430c473,KXITFWMATCH-26JUL29SOZMIL,1785301725.0,quote,,1786510800.0,true,6.5000,6.0000,7.0000,1910.54,4980.75
6,ed2086c87d52482699dee6d41678911f,0,2026-07-29,2026-07-29,29354e42ef0c3a5dcfab2220f035fd1be5874df613426379bae1f33e112f560b,996bed4920d57ac31c4fb24ea30428fd6f75ebf5eff9ad3e616c6bcf81f64d7c,"[""Tennis""]",1785303936.633627,KXITFMATCH-26JUL29BRAPIE-PIE,Tennis,,KXITFMATCH,e7bed978-f0a4-4bc6-8904-d9b6730590e4,KXITFMATCH-26JUL29BRAPIE,1785305498.0,quote,,1786514400.0,true,85.5000,85.0000,86.0000,3461.00,1059.07
6,ed2086c87d52482699dee6d41678911f,0,2026-07-29,2026-07-29,29354e42ef0c3a5dcfab2220f035fd1be5874df613426379bae1f33e112f560b,996bed4920d57ac31c4fb24ea30428fd6f75ebf5eff9ad3e616c6bcf81f64d7c,"[""Tennis""]",1785303936.705733,KXITFWMATCH-26JUL29HOSDYU-DYU,Tennis,,KXITFWMATCH,eff22484-a537-4944-bd0e-5664e98b54bd,KXITFWMATCH-26JUL29HOSDYU,1785301687.0,quote,,1786510800.0,true,78.5000,77.0000,80.0000,87.00,669.63
6,ed2086c87d52482699dee6d41678911f,0,2026-07-29,2026-07-29,29354e42ef0c3a5dcfab2220f035fd1be5874df613426379bae1f33e112f560b,996bed4920d57ac31c4fb24ea30428fd6f75ebf5eff9ad3e616c6bcf81f64d7c,"[""Tennis""]",1785303938.291093,KXITFMATCH-26JUL28PADSAT-PAD,Tennis,,KXITFMATCH,03e1243d-7dee-4056-a032-cb914b77515a,KXITFMATCH-26JUL28PADSAT,1785294636.0,quote,,1786501800.0,true,37.0000,36.0000,38.0000,165.00,7.00
6,ed2086c87d52482699dee6d41678911f,0,2026-07-29,2026-07-29,29354e42ef0c3a5dcfab2220f035fd1be5874df613426379bae1f33e112f560b,996bed4920d57ac31c4fb24ea30428fd6f75ebf5eff9ad3e616c6bcf81f64d7c,"[""Tennis""]",1785303938.361794,KXITFMATCH-26JUL28WENJON-JON,Tennis,,KXITFMATCH,5195be65-3a9b-423a-9e35-55f2f5840354,KXITFMATCH-26JUL28WENJON,1785299448.0,quote,,1786501800.0,true,65.5000,65.0000,66.0000,12386.17,21970.61
6,ed2086c87d52482699dee6d41678911f,0,2026-07-29,2026-07-29,29354e42ef0c3a5dcfab2220f035fd1be5874df613426379bae1f33e112f560b,996bed4920d57ac31c4fb24ea30428fd6f75ebf5eff9ad3e616c6bcf81f64d7c,"[""Tennis""]",1785303938.43246,KXITFMATCH-26JUL28WENJON-WEN,Tennis,,KXITFMATCH,5195be65-3a9b-423a-9e35-55f2f5840354,KXITFMATCH-26JUL28WENJON,1785299448.0,quote,,1786501800.0,true,34.5000,34.0000,35.0000,9623.03,24925.42
6,ed2086c87d52482699dee6d41678911f,0,2026-07-29,2026-07-29,29354e42ef0c3a5dcfab2220f035fd1be5874df613426379bae1f33e112f560b,996bed4920d57ac31c4fb24ea30428fd6f75ebf5eff9ad3e616c6bcf81f64d7c,"[""Tennis""]",1785303938.502872,KXITFMATCH-26JUL28CHAHEI-CHA,Tennis,,KXITFMATCH,5ba6a34a-c169-4b0b-b8fd-b835a2127855,KXITFMATCH-26JUL28CHAHEI,1785299809.0,quote,,1786505400.0,true,78.5000,77.0000,80.0000,1496.83,1235.39
6,ed2086c87d52482699dee6d41678911f,0,2026-07-29,2026-07-29,29354e42ef0c3a5dcfab2220f035fd1be5874df613426379bae1f33e112f560b,996bed4920d57ac31c4fb24ea30428fd6f75ebf5eff9ad3e616c6bcf81f64d7c,"[""Tennis""]",1785303938.663122,KXITFWMATCH-26JUL29SOZMIL-MIL,Tennis,,KXITFWMATCH,0ba82ca4-7c3d-4fe6-9763-af01f430c473,KXITFWMATCH-26JUL29SOZMIL,1785301725.0,quote,,1786510800.0,true,93.5000,93.0000,94.0000,3288.86,2782.52
6,ed2086c87d52482699dee6d41678911f,0,2026-07-29,2026-07-29,29354e42ef0c3a5dcfab2220f035fd1be5874df613426379bae1f33e112f560b,996bed4920d57ac31c4fb24ea30428fd6f75ebf5eff9ad3e616c6bcf81f64d7c,"[""Tennis""]",1785303938.732548,KXITFWMATCH-26JUL29YOSKIM-KIM,Tennis,,KXITFWMATCH,9b9eecb5-c6a0-414a-bcf3-57262192676d,KXITFWMATCH-26JUL29YOSKIM,1785301851.0,quote,,1786510800.0,true,58.5000,58.0000,59.0000,688.61,188.00
6,ed2086c87d52482699dee6d41678911f,0,2026-07-29,2026-07-29,29354e42ef0c3a5dcfab2220f035fd1be5874df613426379bae1f33e112f560b,996bed4920d57ac31c4fb24ea30428fd6f75ebf5eff9ad3e616c6bcf81f64d7c,"[""Tennis""]",1785303938.802363,KXITFMATCH-26JUL28CHAHEI-HEI,Tennis,,KXITFMATCH,5ba6a34a-c169-4b0b-b8fd-b835a2127855,KXITFMATCH-26JUL28CHAHEI,1785299809.0,quote,,1786505400.0,true,21.5000,21.0000,22.0000,391.00,70.40
6,ed2086c87d52482699dee6d41678911f,0,2026-07-29,2026-07-29,29354e42ef0c3a5dcfab2220f035fd1be5874df613426379bae1f33e112f560b,996bed4920d57ac31c4fb24ea30428fd6f75ebf5eff9ad3e616c6bcf81f64d7c,"[""Tennis""]",1785303938.873378,KXITFWMATCH-26JUL29SOZMIL-SOZ,Tennis,,KXITFWMATCH,0ba82ca4-7c3d-4fe6-9763-af01f430c473,KXITFWMATCH-26JUL29SOZMIL,1785301725.0,quote,,1786510800.0,true,6.5000,6.0000,7.0000,1910.54,4980.75
6,ed2086c87d52482699dee6d41678911f,0,2026-07-29,2026-07-29,29354e42ef0c3a5dcfab2220f035fd1be5874df613426379bae1f33e112f560b,996bed4920d57ac31c4fb24ea30428fd6f75ebf5eff9ad3e616c6bcf81f64d7c,"[""Tennis""]",1785303938.9437141,KXITFMATCH-26JUL29BRAPIE-PIE,Tennis,,KXITFMATCH,e7bed978-f0a4-4bc6-8904-d9b6730590e4,KXITFMATCH-26JUL29BRAPIE,1785305498.0,quote,,1786514400.0,true,85.5000,85.0000,86.0000,3461.00,1059.07
6,ed2086c87d52482699dee6d41678911f,0,2026-07-29,2026-07-29,29354e42ef0c3a5dcfab2220f035fd1be5874df613426379bae1f33e112f560b,996bed4920d57ac31c4fb24ea30428fd6f75ebf5eff9ad3e616c6bcf81f64d7c,"[""Tennis""]",1785303939.0139241,KXITFWMATCH-26JUL29HOSDYU-DYU,Tennis,,KXITFWMATCH,eff22484-a537-4944-bd0e-5664e98b54bd,KXITFWMATCH-26JUL29HOSDYU,1785301687.0,quote,,1786510800.0,true,78.5000,77.0000,80.0000,49.00,24.00
6,ed2086c87d52482699dee6d41678911f,0,2026-07-29,2026-07-29,29354e42ef0c3a5dcfab2220f035fd1be5874df613426379bae1f33e112f560b,996bed4920d57ac31c4fb24ea30428fd6f75ebf5eff9ad3e616c6bcf81f64d7c,"[""Tennis""]",1785303940.589047,KXITFMATCH-26JUL28PADSAT-PAD,Tennis,,KXITFMATCH,03e1243d-7dee-4056-a032-cb914b77515a,KXITFMATCH-26JUL28PADSAT,1785294636.0,quote,,1786501800.0,true,37.0000,36.0000,38.0000,165.00,7.00
6,ed2086c87d52482699dee6d41678911f,0,2026-07-29,2026-07-29,29354e42ef0c3a5dcfab2220f035fd1be5874df613426379bae1f33e112f560b,996bed4920d57ac31c4fb24ea30428fd6f75ebf5eff9ad3e616c6bcf81f64d7c,"[""Tennis""]",1785303940.6927092,KXITFMATCH-26JUL28WENJON-JON,Tennis,,KXITFMATCH,5195be65-3a9b-423a-9e35-55f2f5840354,KXITFMATCH-26JUL28WENJON,1785299448.0,quote,,1786501800.0,true,65.5000,65.0000,66.0000,12386.17,21970.61
6,ed2086c87d52482699dee6d41678911f,0,2026-07-29,2026-07-29,29354e42ef0c3a5dcfab2220f035fd1be5874df613426379bae1f33e112f560b,996bed4920d57ac31c4fb24ea30428fd6f75ebf5eff9ad3e616c6bcf81f64d7c,"[""Tennis""]",1785303940.7627552,KXITFMATCH-26JUL28WENJON-WEN,Tennis,,KXITFMATCH,5195be65-3a9b-423a-9e35-55f2f5840354,KXITFMATCH-26JUL28WENJON,1785299448.0,quote,,1786501800.0,true,34.5000,34.0000,35.0000,9623.03,24925.42
6,ed2086c87d52482699dee6d41678911f,0,2026-07-29,2026-07-29,29354e42ef0c3a5dcfab2220f035fd1be5874df613426379bae1f33e112f560b,996bed4920d57ac31c4fb24ea30428fd6f75ebf5eff9ad3e616c6bcf81f64d7c,"[""Tennis""]",1785303940.8323798,KXITFMATCH-26JUL28CHAHEI-CHA,Tennis,,KXITFMATCH,5ba6a34a-c169-4b0b-b8fd-b835a2127855,KXITFMATCH-26JUL28CHAHEI,1785299809.0,quote,,1786505400.0,true,78.5000,77.0000,80.0000,1496.83,1235.39
6,ed2086c87d52482699dee6d41678911f,0,2026-07-29,2026-07-29,29354e42ef0c3a5dcfab2220f035fd1be5874df613426379bae1f33e112f560b,996bed4920d57ac31c4fb24ea30428fd6f75ebf5eff9ad3e616c6bcf81f64d7c,"[""Tennis""]",1785303940.902868,KXITFWMATCH-26JUL29SOZMIL-MIL,Tennis,,KXITFWMATCH,0ba82ca4-7c3d-4fe6-9763-af01f430c473,KXITFWMATCH-26JUL29SOZMIL,1785301725.0,quote,,1786510800.0,true,93.5000,93.0000,94.0000,3288.86,2782.52
6,ed2086c87d52482699dee6d41678911f,0,2026-07-29,2026-07-29,29354e42ef0c3a5dcfab2220f035fd1be5874df613426379bae1f33e112f560b,996bed4920d57ac31c4fb24ea30428fd6f75ebf5eff9ad3e616c6bcf81f64d7c,"[""Tennis""]",1785303940.974137,KXITFWMATCH-26JUL29YOSKIM-KIM,Tennis,,KXITFWMATCH,9b9eecb5-c6a0-414a-bcf3-57262192676d,KXITFWMATCH-26JUL29YOSKIM,1785301851.0,quote,,1786510800.0,true,58.5000,58.0000,59.0000,688.61,188.00
6,ed2086c87d52482699dee6d41678911f,0,2026-07-29,2026-07-29,29354e42ef0c3a5dcfab2220f035fd1be5874df613426379bae1f33e112f560b,996bed4920d57ac31c4fb24ea30428fd6f75ebf5eff9ad3e616c6bcf81f64d7c,"[""Tennis""]",1785303941.0448902,KXITFMATCH-26JUL28CHAHEI-HEI,Tennis,,KXITFMATCH,5ba6a34a-c169-4b0b-b8fd-b835a2127855,KXITFMATCH-26JUL28CHAHEI,1785299809.0,quote,,1786505400.0,true,23.0000,22.0000,24.0000,4280.68,2660.00
6,ed2086c87d52482699dee6d41678911f,0,2026-07-29,2026-07-29,29354e42ef0c3a5dcfab2220f035fd1be5874df613426379bae1f33e112f560b,996bed4920d57ac31c4fb24ea30428fd6f75ebf5eff9ad3e616c6bcf81f64d7c,"[""Tennis""]",1785303941.1154938,KXITFWMATCH-26JUL29SOZMIL-SOZ,Tennis,,KXITFWMATCH,0ba82ca4-7c3d-4fe6-9763-af01f430c473,KXITFWMATCH-26JUL29SOZMIL,1785301725.0,quote,,1786510800.0,true,6.5000,6.0000,7.0000,1910.54,4980.75
6,ed2086c87d52482699dee6d41678911f,0,2026-07-29,2026-07-29,29354e42ef0c3a5dcfab2220f035fd1be5874df613426379bae1f33e112f560b,996bed4920d57ac31c4fb24ea30428fd6f75ebf5eff9ad3e616c6bcf81f64d7c,"[""Tennis""]",1785303941.222927,KXITFMATCH-26JUL29BRAPIE-PIE,Tennis,,KXITFMATCH,e7bed978-f0a4-4bc6-8904-d9b6730590e4,KXITFMATCH-26JUL29BRAPIE,1785305498.0,quote,,1786514400.0,true,85.5000,85.0000,86.0000,3461.00,1059.07
6,ed2086c87d52482699dee6d41678911f,0,2026-07-29,2026-07-29,29354e42ef0c3a5dcfab2220f035fd1be5874df613426379bae1f33e112f560b,996bed4920d57ac31c4fb24ea30428fd6f75ebf5eff9ad3e616c6bcf81f64d7c,"[""Tennis""]",1785303941.2956212,KXITFWMATCH-26JUL29HOSDYU-DYU,Tennis,,KXITFWMATCH,eff22484-a537-4944-bd0e-5664e98b54bd,KXITFWMATCH-26JUL29HOSDYU,1785301687.0,quote,,1786510800.0,true,78.5000,77.0000,80.0000,49.00,24.00
6,ed2086c87d52482699dee6d41678911f,0,2026-07-29,2026-07-29,29354e42ef0c3a5dcfab2220f035fd1be5874df613426379bae1f33e112f560b,996bed4920d57ac31c4fb24ea30428fd6f75ebf5eff9ad3e616c6bcf81f64d7c,"[""Tennis""]",1785303942.871456,KXITFMATCH-26JUL28PADSAT-PAD,Tennis,,KXITFMATCH,03e1243d-7dee-4056-a032-cb914b77515a,KXITFMATCH-26JUL28PADSAT,1785294636.0,quote,,1786501800.0,true,37.0000,36.0000,38.0000,165.00,7.00
6,ed2086c87d52482699dee6d41678911f,0,2026-07-29,2026-07-29,29354e42ef0c3a5dcfab2220f035fd1be5874df613426379bae1f33e112f560b,996bed4920d57ac31c4fb24ea30428fd6f75ebf5eff9ad3e616c6bcf81f64d7c,"[""Tennis""]",1785303942.9502988,KXITFMATCH-26JUL28WENJON-JON,Tennis,,KXITFMATCH,5195be65-3a9b-423a-9e35-55f2f5840354,KXITFMATCH-26JUL28WENJON,1785299448.0,quote,,1786501800.0,true,65.5000,65.0000,66.0000,12386.17,21970.61
6,ed2086c87d52482699dee6d41678911f,0,2026-07-29,2026-07-29,29354e42ef0c3a5dcfab2220f035fd1be5874df613426379bae1f33e112f560b,996bed4920d57ac31c4fb24ea30428fd6f75ebf5eff9ad3e616c6bcf81f64d7c,"[""Tennis""]",1785303943.0217118,KXITFMATCH-26JUL28WENJON-WEN,Tennis,,KXITFMATCH,5195be65-3a9b-423a-9e35-55f2f5840354,KXITFMATCH-26JUL28WENJON,1785299448.0,quote,,1786501800.0,true,34.5000,34.0000,35.0000,9623.03,24925.42
6,ed2086c87d52482699dee6d41678911f,0,2026-07-29,2026-07-29,29354e42ef0c3a5dcfab2220f035fd1be5874df613426379bae1f33e112f560b,996bed4920d57ac31c4fb24ea30428fd6f75ebf5eff9ad3e616c6bcf81f64d7c,"[""Tennis""]",1785303943.092934,KXITFMATCH-26JUL28CHAHEI-CHA,Tennis,,KXITFMATCH,5ba6a34a-c169-4b0b-b8fd-b835a2127855,KXITFMATCH-26JUL28CHAHEI,1785299809.0,quote,,1786505400.0,true,78.5000,77.0000,80.0000,1496.83,1235.39
6,ed2086c87d52482699dee6d41678911f,0,2026-07-29,2026-07-29,29354e42ef0c3a5dcfab2220f035fd1be5874df613426379bae1f33e112f560b,996bed4920d57ac31c4fb24ea30428fd6f75ebf5eff9ad3e616c6bcf81f64d7c,"[""Tennis""]",1785303943.163007,KXITFWMATCH-26JUL29SOZMIL-MIL,Tennis,,KXITFWMATCH,0ba82ca4-7c3d-4fe6-9763-af01f430c473,KXITFWMATCH-26JUL29SOZMIL,1785301725.0,quote,,1786510800.0,true,93.5000,93.0000,94.0000,3288.86,2782.52
6,ed2086c87d52482699dee6d41678911f,0,2026-07-29,2026-07-29,29354e42ef0c3a5dcfab2220f035fd1be5874df613426379bae1f33e112f560b,996bed4920d57ac31c4fb24ea30428fd6f75ebf5eff9ad3e616c6bcf81f64d7c,"[""Tennis""]",1785303943.3203762,KXITFWMATCH-26JUL29YOSKIM-KIM,Tennis,,KXITFWMATCH,9b9eecb5-c6a0-414a-bcf3-57262192676d,KXITFWMATCH-26JUL29YOSKIM,1785301851.0,quote,,1786510800.0,true,59.5000,59.0000,60.0000,2263.98,2256.22
6,ed2086c87d52482699dee6d41678911f,0,2026-07-29,2026-07-29,29354e42ef0c3a5dcfab2220f035fd1be5874df613426379bae1f33e112f560b,996bed4920d57ac31c4fb24ea30428fd6f75ebf5eff9ad3e616c6bcf81f64d7c,"[""Tennis""]",1785303943.390934,KXITFMATCH-26JUL28CHAHEI-HEI,Tennis,,KXITFMATCH,5ba6a34a-c169-4b0b-b8fd-b835a2127855,KXITFMATCH-26JUL28CHAHEI,1785299809.0,quote,,1786505400.0,true,23.0000,22.0000,24.0000,4280.68,2660.00
6,ed2086c87d52482699dee6d41678911f,0,2026-07-29,2026-07-29,29354e42ef0c3a5dcfab2220f035fd1be5874df613426379bae1f33e112f560b,996bed4920d57ac31c4fb24ea30428fd6f75ebf5eff9ad3e616c6bcf81f64d7c,"[""Tennis""]",1785303943.462741,KXITFWMATCH-26JUL29SOZMIL-SOZ,Tennis,,KXITFWMATCH,0ba82ca4-7c3d-4fe6-9763-af01f430c473,KXITFWMATCH-26JUL29SOZMIL,1785301725.0,quote,,1786510800.0,true,6.5000,6.0000,7.0000,1910.54,4980.75
6,ed2086c87d52482699dee6d41678911f,0,2026-07-29,2026-07-29,29354e42ef0c3a5dcfab2220f035fd1be5874df613426379bae1f33e112f560b,996bed4920d57ac31c4fb24ea30428fd6f75ebf5eff9ad3e616c6bcf81f64d7c,"[""Tennis""]",1785303943.5342562,KXITFMATCH-26JUL29BRAPIE-PIE,Tennis,,KXITFMATCH,e7bed978-f0a4-4bc6-8904-d9b6730590e4,KXITFMATCH-26JUL29BRAPIE,1785305498.0,quote,,1786514400.0,true,85.5000,85.0000,86.0000,3461.00,1059.07
6,ed2086c87d52482699dee6d41678911f,0,2026-07-29,2026-07-29,29354e42ef0c3a5dcfab2220f035fd1be5874df613426379bae1f33e112f560b,996bed4920d57ac31c4fb24ea30428fd6f75ebf5eff9ad3e616c6bcf81f64d7c,"[""Tennis""]",1785303943.6056478,KXITFWMATCH-26JUL29HOSDYU-DYU,Tennis,,KXITFWMATCH,eff22484-a537-4944-bd0e-5664e98b54bd,KXITFWMATCH-26JUL29HOSDYU,1785301687.0,quote,,1786510800.0,true,78.5000,77.0000,80.0000,49.00,24.00
6,ed2086c87d52482699dee6d41678911f,0,2026-07-29,2026-07-29,29354e42ef0c3a5dcfab2220f035fd1be5874df613426379bae1f33e112f560b,996bed4920d57ac31c4fb24ea30428fd6f75ebf5eff9ad3e616c6bcf81f64d7c,"[""Tennis""]",1785303945.1869922,KXITFMATCH-26JUL28PADSAT-PAD,Tennis,,KXITFMATCH,03e1243d-7dee-4056-a032-cb914b77515a,KXITFMATCH-26JUL28PADSAT,1785294636.0,quote,,1786501800.0,true,37.0000,36.0000,38.0000,165.00,7.00
6,ed2086c87d52482699dee6d41678911f,0,2026-07-29,2026-07-29,29354e42ef0c3a5dcfab2220f035fd1be5874df613426379bae1f33e112f560b,996bed4920d57ac31c4fb24ea30428fd6f75ebf5eff9ad3e616c6bcf81f64d7c,"[""Tennis""]",1785303945.258956,KXITFMATCH-26JUL28WENJON-JON,Tennis,,KXITFMATCH,5195be65-3a9b-423a-9e35-55f2f5840354,KXITFMATCH-26JUL28WENJON,1785299448.0,quote,,1786501800.0,true,65.5000,65.0000,66.0000,11636.17,23814.61
6,ed2086c87d52482699dee6d41678911f,0,2026-07-29,2026-07-29,29354e42ef0c3a5dcfab2220f035fd1be5874df613426379bae1f33e112f560b,996bed4920d57ac31c4fb24ea30428fd6f75ebf5eff9ad3e616c6bcf81f64d7c,"[""Tennis""]",1785303945.415454,KXITFMATCH-26JUL28WENJON-WEN,Tennis,,KXITFMATCH,5195be65-3a9b-423a-9e35-55f2f5840354,KXITFMATCH-26JUL28WENJON,1785299448.0,quote,,1786501800.0,true,34.5000,34.0000,35.0000,9550.40,24305.69
6,ed2086c87d52482699dee6d41678911f,0,2026-07-29,2026-07-29,29354e42ef0c3a5dcfab2220f035fd1be5874df613426379bae1f33e112f560b,996bed4920d57ac31c4fb24ea30428fd6f75ebf5eff9ad3e616c6bcf81f64d7c,"[""Tennis""]",1785303945.485108,KXITFMATCH-26JUL28CHAHEI-CHA,Tennis,,KXITFMATCH,5ba6a34a-c169-4b0b-b8fd-b835a2127855,KXITFMATCH-26JUL28CHAHEI,1785299809.0,quote,,1786505400.0,true,78.5000,77.0000,80.0000,1496.83,1235.39
6,ed2086c87d52482699dee6d41678911f,0,2026-07-29,2026-07-29,29354e42ef0c3a5dcfab2220f035fd1be5874df613426379bae1f33e112f560b,996bed4920d57ac31c4fb24ea30428fd6f75ebf5eff9ad3e616c6bcf81f64d7c,"[""Tennis""]",1785303945.5572832,KXITFWMATCH-26JUL29SOZMIL-MIL,Tennis,,KXITFWMATCH,0ba82ca4-7c3d-4fe6-9763-af01f430c473,KXITFWMATCH-26JUL29SOZMIL,1785301725.0,quote,,1786510800.0,true,93.5000,93.0000,94.0000,3288.86,2782.52
6,ed2086c87d52482699dee6d41678911f,0,2026-07-29,2026-07-29,29354e42ef0c3a5dcfab2220f035fd1be5874df613426379bae1f33e112f560b,996bed4920d57ac31c4fb24ea30428fd6f75ebf5eff9ad3e616c6bcf81f64d7c,"[""Tennis""]",1785303945.627872,KXITFWMATCH-26JUL29YOSKIM-KIM,Tennis,,KXITFWMATCH,9b9eecb5-c6a0-414a-bcf3-57262192676d,KXITFWMATCH-26JUL29YOSKIM,1785301851.0,quote,,1786510800.0,true,59.5000,59.0000,60.0000,2263.98,2256.22
6,ed2086c87d52482699dee6d41678911f,0,2026-07-29,2026-07-29,29354e42ef0c3a5dcfab2220f035fd1be5874df613426379bae1f33e112f560b,996bed4920d57ac31c4fb24ea30428fd6f75ebf5eff9ad3e616c6bcf81f64d7c,"[""Tennis""]",1785303945.69705,KXITFMATCH-26JUL28CHAHEI-HEI,Tennis,,KXITFMATCH,5ba6a34a-c169-4b0b-b8fd-b835a2127855,KXITFMATCH-26JUL28CHAHEI,1785299809.0,quote,,1786505400.0,true,23.0000,22.0000,24.0000,4280.68,2660.00
6,ed2086c87d52482699dee6d41678911f,0,2026-07-29,2026-07-29,29354e42ef0c3a5dcfab2220f035fd1be5874df613426379bae1f33e112f560b,996bed4920d57ac31c4fb24ea30428fd6f75ebf5eff9ad3e616c6bcf81f64d7c,"[""Tennis""]",1785303945.767261,KXITFWMATCH-26JUL29SOZMIL-SOZ,Tennis,,KXITFWMATCH,0ba82ca4-7c3d-4fe6-9763-af01f430c473,KXITFWMATCH-26JUL29SOZMIL,1785301725.0,quote,,1786510800.0,true,6.5000,6.0000,7.0000,1910.54,4980.75
6,ed2086c87d52482699dee6d41678911f,0,2026-07-29,2026-07-29,29354e42ef0c3a5dcfab2220f035fd1be5874df613426379bae1f33e112f560b,996bed4920d57ac31c4fb24ea30428fd6f75ebf5eff9ad3e616c6bcf81f64d7c,"[""Tennis""]",1785303945.8377569,KXITFMATCH-26JUL29BRAPIE-PIE,Tennis,,KXITFMATCH,e7bed978-f0a4-4bc6-8904-d9b6730590e4,KXITFMATCH-26JUL29BRAPIE,1785305498.0,quote,,1786514400.0,true,85.5000,85.0000,86.0000,3461.00,1059.07
6,ed2086c87d52482699dee6d41678911f,0,2026-07-29,2026-07-29,29354e42ef0c3a5dcfab2220f035fd1be5874df613426379bae1f33e112f560b,996bed4920d57ac31c4fb24ea30428fd6f75ebf5eff9ad3e616c6bcf81f64d7c,"[""Tennis""]",1785303945.9356549,KXITFWMATCH-26JUL29HOSDYU-DYU,Tennis,,KXITFWMATCH,eff22484-a537-4944-bd0e-5664e98b54bd,KXITFWMATCH-26JUL29HOSDYU,1785301687.0,quote,,1786510800.0,true,78.5000,77.0000,80.0000,49.00,24.00
6,ed2086c87d52482699dee6d41678911f,0,2026-07-29,2026-07-29,29354e42ef0c3a5dcfab2220f035fd1be5874df613426379bae1f33e112f560b,996bed4920d57ac31c4fb24ea30428fd6f75ebf5eff9ad3e616c6bcf81f64d7c,"[""Tennis""]",1785303947.575695,KXITFMATCH-26JUL28PADSAT-PAD,Tennis,,KXITFMATCH,03e1243d-7dee-4056-a032-cb914b77515a,KXITFMATCH-26JUL28PADSAT,1785294636.0,quote,,1786501800.0,true,37.0000,36.0000,38.0000,165.00,7.00
6,ed2086c87d52482699dee6d41678911f,0,2026-07-29,2026-07-29,29354e42ef0c3a5dcfab2220f035fd1be5874df613426379bae1f33e112f560b,996bed4920d57ac31c4fb24ea30428fd6f75ebf5eff9ad3e616c6bcf81f64d7c,"[""Tennis""]",1785303947.646799,KXITFMATCH-26JUL28WENJON-JON,Tennis,,KXITFMATCH,5195be65-3a9b-423a-9e35-55f2f5840354,KXITFMATCH-26JUL28WENJON,1785299448.0,quote,,1786501800.0,true,65.5000,65.0000,66.0000,11636.17,23814.61
6,ed2086c87d52482699dee6d41678911f,0,2026-07-29,2026-07-29,29354e42ef0c3a5dcfab2220f035fd1be5874df613426379bae1f33e112f560b,996bed4920d57ac31c4fb24ea30428fd6f75ebf5eff9ad3e616c6bcf81f64d7c,"[""Tennis""]",1785303947.7155032,KXITFMATCH-26JUL28WENJON-WEN,Tennis,,KXITFMATCH,5195be65-3a9b-423a-9e35-55f2f5840354,KXITFMATCH-26JUL28WENJON,1785299448.0,quote,,1786501800.0,true,34.5000,34.0000,35.0000,9550.40,24305.69
6,ed2086c87d52482699dee6d41678911f,0,2026-07-29,2026-07-29,29354e42ef0c3a5dcfab2220f035fd1be5874df613426379bae1f33e112f560b,996bed4920d57ac31c4fb24ea30428fd6f75ebf5eff9ad3e616c6bcf81f64d7c,"[""Tennis""]",1785303947.784498,KXITFMATCH-26JUL28CHAHEI-CHA,Tennis,,KXITFMATCH,5ba6a34a-c169-4b0b-b8fd-b835a2127855,KXITFMATCH-26JUL28CHAHEI,1785299809.0,quote,,1786505400.0,true,76.5000,76.0000,77.0000,3692.68,4247.68
6,ed2086c87d52482699dee6d41678911f,0,2026-07-29,2026-07-29,29354e42ef0c3a5dcfab2220f035fd1be5874df613426379bae1f33e112f560b,996bed4920d57ac31c4fb24ea30428fd6f75ebf5eff9ad3e616c6bcf81f64d7c,"[""Tennis""]",1785303947.8555279,KXITFWMATCH-26JUL29SOZMIL-MIL,Tennis,,KXITFWMATCH,0ba82ca4-7c3d-4fe6-9763-af01f430c473,KXITFWMATCH-26JUL29SOZMIL,1785301725.0,quote,,1786510800.0,true,93.5000,93.0000,94.0000,3288.86,2782.52
6,ed2086c87d52482699dee6d41678911f,0,2026-07-29,2026-07-29,29354e42ef0c3a5dcfab2220f035fd1be5874df613426379bae1f33e112f560b,996bed4920d57ac31c4fb24ea30428fd6f75ebf5eff9ad3e616c6bcf81f64d7c,"[""Tennis""]",1785303947.923179,KXITFWMATCH-26JUL29YOSKIM-KIM,Tennis,,KXITFWMATCH,9b9eecb5-c6a0-414a-bcf3-57262192676d,KXITFWMATCH-26JUL29YOSKIM,1785301851.0,quote,,1786510800.0,true,59.5000,59.0000,60.0000,2263.98,2256.22
6,ed2086c87d52482699dee6d41678911f,0,2026-07-29,2026-07-29,29354e42ef0c3a5dcfab2220f035fd1be5874df613426379bae1f33e112f560b,996bed4920d57ac31c4fb24ea30428fd6f75ebf5eff9ad3e616c6bcf81f64d7c,"[""Tennis""]",1785303948.033639,KXITFMATCH-26JUL28CHAHEI-HEI,Tennis,,KXITFMATCH,5ba6a34a-c169-4b0b-b8fd-b835a2127855,KXITFMATCH-26JUL28CHAHEI,1785299809.0,quote,,1786505400.0,true,23.0000,22.0000,24.0000,4280.68,2660.00
6,ed2086c87d52482699dee6d41678911f,0,2026-07-29,2026-07-29,29354e42ef0c3a5dcfab2220f035fd1be5874df613426379bae1f33e112f560b,996bed4920d57ac31c4fb24ea30428fd6f75ebf5eff9ad3e616c6bcf81f64d7c,"[""Tennis""]",1785303948.1039958,KXITFWMATCH-26JUL29SOZMIL-SOZ,Tennis,,KXITFWMATCH,0ba82ca4-7c3d-4fe6-9763-af01f430c473,KXITFWMATCH-26JUL29SOZMIL,1785301725.0,quote,,1786510800.0,true,6.5000,6.0000,7.0000,1910.54,4767.64
6,ed2086c87d52482699dee6d41678911f,0,2026-07-29,2026-07-29,29354e42ef0c3a5dcfab2220f035fd1be5874df613426379bae1f33e112f560b,996bed4920d57ac31c4fb24ea30428fd6f75ebf5eff9ad3e616c6bcf81f64d7c,"[""Tennis""]",1785303948.175431,KXITFMATCH-26JUL29BRAPIE-PIE,Tennis,,KXITFMATCH,e7bed978-f0a4-4bc6-8904-d9b6730590e4,KXITFMATCH-26JUL29BRAPIE,1785305498.0,quote,,1786514400.0,true,85.5000,85.0000,86.0000,3461.00,1059.07
6,ed2086c87d52482699dee6d41678911f,0,2026-07-29,2026-07-29,29354e42ef0c3a5dcfab2220f035fd1be5874df613426379bae1f33e112f560b,996bed4920d57ac31c4fb24ea30428fd6f75ebf5eff9ad3e616c6bcf81f64d7c,"[""Tennis""]",1785303948.246807,KXITFWMATCH-26JUL29HOSDYU-DYU,Tennis,,KXITFWMATCH,eff22484-a537-4944-bd0e-5664e98b54bd,KXITFWMATCH-26JUL29HOSDYU,1785301687.0,quote,,1786510800.0,true,78.5000,77.0000,80.0000,49.00,24.00
6,ed2086c87d52482699dee6d41678911f,0,2026-07-29,2026-07-29,29354e42ef0c3a5dcfab2220f035fd1be5874df613426379bae1f33e112f560b,996bed4920d57ac31c4fb24ea30428fd6f75ebf5eff9ad3e616c6bcf81f64d7c,"[""Tennis""]",1785303949.8331509,KXITFMATCH-26JUL28PADSAT-PAD,Tennis,,KXITFMATCH,03e1243d-7dee-4056-a032-cb914b77515a,KXITFMATCH-26JUL28PADSAT,1785294636.0,quote,,1786501800.0,true,36.5000,35.0000,38.0000,180.70,5.00
6,ed2086c87d52482699dee6d41678911f,0,2026-07-29,2026-07-29,29354e42ef0c3a5dcfab2220f035fd1be5874df613426379bae1f33e112f560b,996bed4920d57ac31c4fb24ea30428fd6f75ebf5eff9ad3e616c6bcf81f64d7c,"[""Tennis""]",1785303949.9045491,KXITFMATCH-26JUL28WENJON-JON,Tennis,,KXITFMATCH,5195be65-3a9b-423a-9e35-55f2f5840354,KXITFMATCH-26JUL28WENJON,1785299448.0,quote,,1786501800.0,true,65.5000,65.0000,66.0000,11636.17,23814.61
6,ed2086c87d52482699dee6d41678911f,0,2026-07-29,2026-07-29,29354e42ef0c3a5dcfab2220f035fd1be5874df613426379bae1f33e112f560b,996bed4920d57ac31c4fb24ea30428fd6f75ebf5eff9ad3e616c6bcf81f64d7c,"[""Tennis""]",1785303949.976631,KXITFMATCH-26JUL28WENJON-WEN,Tennis,,KXITFMATCH,5195be65-3a9b-423a-9e35-55f2f5840354,KXITFMATCH-26JUL28WENJON,1785299448.0,quote,,1786501800.0,true,34.5000,34.0000,35.0000,9550.40,24305.69
6,ed2086c87d52482699dee6d41678911f,0,2026-07-29,2026-07-29,29354e42ef0c3a5dcfab2220f035fd1be5874df613426379bae1f33e112f560b,996bed4920d57ac31c4fb24ea30428fd6f75ebf5eff9ad3e616c6bcf81f64d7c,"[""Tennis""]",1785303950.136713,KXITFMATCH-26JUL28CHAHEI-CHA,Tennis,,KXITFMATCH,5ba6a34a-c169-4b0b-b8fd-b835a2127855,KXITFMATCH-26JUL28CHAHEI,1785299809.0,quote,,1786505400.0,true,76.5000,76.0000,77.0000,3692.68,4247.68
6,ed2086c87d52482699dee6d41678911f,0,2026-07-29,2026-07-29,29354e42ef0c3a5dcfab2220f035fd1be5874df613426379bae1f33e112f560b,996bed4920d57ac31c4fb24ea30428fd6f75ebf5eff9ad3e616c6bcf81f64d7c,"[""Tennis""]",1785303950.207587,KXITFWMATCH-26JUL29SOZMIL-MIL,Tennis,,KXITFWMATCH,0ba82ca4-7c3d-4fe6-9763-af01f430c473,KXITFWMATCH-26JUL29SOZMIL,1785301725.0,quote,,1786510800.0,true,93.5000,93.0000,94.0000,3288.86,2782.52
6,ed2086c87d52482699dee6d41678911f,0,2026-07-29,2026-07-29,29354e42ef0c3a5dcfab2220f035fd1be5874df613426379bae1f33e112f560b,996bed4920d57ac31c4fb24ea30428fd6f75ebf5eff9ad3e616c6bcf81f64d7c,"[""Tennis""]",1785303950.2781508,KXITFWMATCH-26JUL29YOSKIM-KIM,Tennis,,KXITFWMATCH,9b9eecb5-c6a0-414a-bcf3-57262192676d,KXITFWMATCH-26JUL29YOSKIM,1785301851.0,quote,,1786510800.0,true,59.5000,59.0000,60.0000,2263.98,2256.22
6,ed2086c87d52482699dee6d41678911f,0,2026-07-29,2026-07-29,29354e42ef0c3a5dcfab2220f035fd1be5874df613426379bae1f33e112f560b,996bed4920d57ac31c4fb24ea30428fd6f75ebf5eff9ad3e616c6bcf81f64d7c,"[""Tennis""]",1785303950.348447,KXITFMATCH-26JUL28CHAHEI-HEI,Tennis,,KXITFMATCH,5ba6a34a-c169-4b0b-b8fd-b835a2127855,KXITFMATCH-26JUL28CHAHEI,1785299809.0,quote,,1786505400.0,true,23.5000,23.0000,24.0000,3368.21,4106.68
6,ed2086c87d52482699dee6d41678911f,0,2026-07-29,2026-07-29,29354e42ef0c3a5dcfab2220f035fd1be5874df613426379bae1f33e112f560b,996bed4920d57ac31c4fb24ea30428fd6f75ebf5eff9ad3e616c6bcf81f64d7c,"[""Tennis""]",1785303950.418869,KXITFWMATCH-26JUL29SOZMIL-SOZ,Tennis,,KXITFWMATCH,0ba82ca4-7c3d-4fe6-9763-af01f430c473,KXITFWMATCH-26JUL29SOZMIL,1785301725.0,quote,,1786510800.0,true,6.5000,6.0000,7.0000,1910.54,4767.64
6,ed2086c87d52482699dee6d41678911f,0,2026-07-29,2026-07-29,29354e42ef0c3a5dcfab2220f035fd1be5874df613426379bae1f33e112f560b,996bed4920d57ac31c4fb24ea30428fd6f75ebf5eff9ad3e616c6bcf81f64d7c,"[""Tennis""]",1785303950.4905658,KXITFMATCH-26JUL29BRAPIE-PIE,Tennis,,KXITFMATCH,e7bed978-f0a4-4bc6-8904-d9b6730590e4,KXITFMATCH-26JUL29BRAPIE,1785305498.0,quote,,1786514400.0,true,85.5000,85.0000,86.0000,3461.00,1059.07
6,ed2086c87d52482699dee6d41678911f,0,2026-07-29,2026-07-29,29354e42ef0c3a5dcfab2220f035fd1be5874df613426379bae1f33e112f560b,996bed4920d57ac31c4fb24ea30428fd6f75ebf5eff9ad3e616c6bcf81f64d7c,"[""Tennis""]",1785303950.561022,KXITFWMATCH-26JUL29HOSDYU-DYU,Tennis,,KXITFWMATCH,eff22484-a537-4944-bd0e-5664e98b54bd,KXITFWMATCH-26JUL29HOSDYU,1785301687.0,quote,,1786510800.0,true,77.0000,76.0000,78.0000,41.75,47.00
6,ed2086c87d52482699dee6d41678911f,0,2026-07-29,2026-07-29,29354e42ef0c3a5dcfab2220f035fd1be5874df613426379bae1f33e112f560b,996bed4920d57ac31c4fb24ea30428fd6f75ebf5eff9ad3e616c6bcf81f64d7c,"[""Tennis""]",1785303952.138654,KXITFMATCH-26JUL28PADSAT-PAD,Tennis,,KXITFMATCH,03e1243d-7dee-4056-a032-cb914b77515a,KXITFMATCH-26JUL28PADSAT,1785294636.0,quote,,1786501800.0,true,36.5000,35.0000,38.0000,180.70,5.00
6,ed2086c87d52482699dee6d41678911f,0,2026-07-29,2026-07-29,29354e42ef0c3a5dcfab2220f035fd1be5874df613426379bae1f33e112f560b,996bed4920d57ac31c4fb24ea30428fd6f75ebf5eff9ad3e616c6bcf81f64d7c,"[""Tennis""]",1785303952.29091,KXITFMATCH-26JUL28WENJON-JON,Tennis,,KXITFMATCH,5195be65-3a9b-423a-9e35-55f2f5840354,KXITFMATCH-26JUL28WENJON,1785299448.0,quote,,1786501800.0,true,65.5000,65.0000,66.0000,11636.17,23814.61
6,ed2086c87d52482699dee6d41678911f,0,2026-07-29,2026-07-29,29354e42ef0c3a5dcfab2220f035fd1be5874df613426379bae1f33e112f560b,996bed4920d57ac31c4fb24ea30428fd6f75ebf5eff9ad3e616c6bcf81f64d7c,"[""Tennis""]",1785303952.3618429,KXITFMATCH-26JUL28WENJON-WEN,Tennis,,KXITFMATCH,5195be65-3a9b-423a-9e35-55f2f5840354,KXITFMATCH-26JUL28WENJON,1785299448.0,quote,,1786501800.0,true,34.5000,34.0000,35.0000,9550.40,24305.69
6,ed2086c87d52482699dee6d41678911f,0,2026-07-29,2026-07-29,29354e42ef0c3a5dcfab2220f035fd1be5874df613426379bae1f33e112f560b,996bed4920d57ac31c4fb24ea30428fd6f75ebf5eff9ad3e616c6bcf81f64d7c,"[""Tennis""]",1785303952.433861,KXITFMATCH-26JUL28CHAHEI-CHA,Tennis,,KXITFMATCH,5ba6a34a-c169-4b0b-b8fd-b835a2127855,KXITFMATCH-26JUL28CHAHEI,1785299809.0,quote,,1786505400.0,true,76.5000,76.0000,77.0000,3692.68,4247.68
6,ed2086c87d52482699dee6d41678911f,0,2026-07-29,2026-07-29,29354e42ef0c3a5dcfab2220f035fd1be5874df613426379bae1f33e112f560b,996bed4920d57ac31c4fb24ea30428fd6f75ebf5eff9ad3e616c6bcf81f64d7c,"[""Tennis""]",1785303952.505433,KXITFWMATCH-26JUL29SOZMIL-MIL,Tennis,,KXITFWMATCH,0ba82ca4-7c3d-4fe6-9763-af01f430c473,KXITFWMATCH-26JUL29SOZMIL,1785301725.0,quote,,1786510800.0,true,93.5000,93.0000,94.0000,3288.86,2782.52
6,ed2086c87d52482699dee6d41678911f,0,2026-07-29,2026-07-29,29354e42ef0c3a5dcfab2220f035fd1be5874df613426379bae1f33e112f560b,996bed4920d57ac31c4fb24ea30428fd6f75ebf5eff9ad3e616c6bcf81f64d7c,"[""Tennis""]",1785303952.577125,KXITFWMATCH-26JUL29YOSKIM-KIM,Tennis,,KXITFWMATCH,9b9eecb5-c6a0-414a-bcf3-57262192676d,KXITFWMATCH-26JUL29YOSKIM,1785301851.0,quote,,1786510800.0,true,59.5000,59.0000,60.0000,2263.98,2256.22
6,ed2086c87d52482699dee6d41678911f,0,2026-07-29,2026-07-29,29354e42ef0c3a5dcfab2220f035fd1be5874df613426379bae1f33e112f560b,996bed4920d57ac31c4fb24ea30428fd6f75ebf5eff9ad3e616c6bcf81f64d7c,"[""Tennis""]",1785303952.647676,KXITFMATCH-26JUL28CHAHEI-HEI,Tennis,,KXITFMATCH,5ba6a34a-c169-4b0b-b8fd-b835a2127855,KXITFMATCH-26JUL28CHAHEI,1785299809.0,quote,,1786505400.0,true,23.5000,23.0000,24.0000,3368.21,4106.68
6,ed2086c87d52482699dee6d41678911f,0,2026-07-29,2026-07-29,29354e42ef0c3a5dcfab2220f035fd1be5874df613426379bae1f33e112f560b,996bed4920d57ac31c4fb24ea30428fd6f75ebf5eff9ad3e616c6bcf81f64d7c,"[""Tennis""]",1785303952.754637,KXITFWMATCH-26JUL29SOZMIL-SOZ,Tennis,,KXITFWMATCH,0ba82ca4-7c3d-4fe6-9763-af01f430c473,KXITFWMATCH-26JUL29SOZMIL,1785301725.0,quote,,1786510800.0,true,6.5000,6.0000,7.0000,1910.54,4767.64
6,ed2086c87d52482699dee6d41678911f,0,2026-07-29,2026-07-29,29354e42ef0c3a5dcfab2220f035fd1be5874df613426379bae1f33e112f560b,996bed4920d57ac31c4fb24ea30428fd6f75ebf5eff9ad3e616c6bcf81f64d7c,"[""Tennis""]",1785303952.8260732,KXITFMATCH-26JUL29BRAPIE-PIE,Tennis,,KXITFMATCH,e7bed978-f0a4-4bc6-8904-d9b6730590e4,KXITFMATCH-26JUL29BRAPIE,1785305498.0,quote,,1786514400.0,true,85.5000,85.0000,86.0000,3461.00,1059.07
6,ed2086c87d52482699dee6d41678911f,0,2026-07-29,2026-07-29,29354e42ef0c3a5dcfab2220f035fd1be5874df613426379bae1f33e112f560b,996bed4920d57ac31c4fb24ea30428fd6f75ebf5eff9ad3e616c6bcf81f64d7c,"[""Tennis""]",1785303952.898006,KXITFWMATCH-26JUL29HOSDYU-DYU,Tennis,,KXITFWMATCH,eff22484-a537-4944-bd0e-5664e98b54bd,KXITFWMATCH-26JUL29HOSDYU,1785301687.0,quote,,1786510800.0,true,77.0000,76.0000,78.0000,41.75,47.00
6,ed2086c87d52482699dee6d41678911f,0,2026-07-29,2026-07-29,29354e42ef0c3a5dcfab2220f035fd1be5874df613426379bae1f33e112f560b,996bed4920d57ac31c4fb24ea30428fd6f75ebf5eff9ad3e616c6bcf81f64d7c,"[""Tennis""]",1785303954.481738,KXITFMATCH-26JUL28PADSAT-PAD,Tennis,,KXITFMATCH,03e1243d-7dee-4056-a032-cb914b77515a,KXITFMATCH-26JUL28PADSAT,1785294636.0,quote,,1786501800.0,true,36.5000,35.0000,38.0000,180.70,5.00
6,ed2086c87d52482699dee6d41678911f,0,2026-07-29,2026-07-29,29354e42ef0c3a5dcfab2220f035fd1be5874df613426379bae1f33e112f560b,996bed4920d57ac31c4fb24ea30428fd6f75ebf5eff9ad3e616c6bcf81f64d7c,"[""Tennis""]",1785303954.553911,KXITFMATCH-26JUL28WENJON-JON,Tennis,,KXITFMATCH,5195be65-3a9b-423a-9e35-55f2f5840354,KXITFMATCH-26JUL28WENJON,1785299448.0,quote,,1786501800.0,true,65.5000,65.0000,66.0000,11636.17,23814.61
6,ed2086c87d52482699dee6d41678911f,0,2026-07-29,2026-07-29,29354e42ef0c3a5dcfab2220f035fd1be5874df613426379bae1f33e112f560b,996bed4920d57ac31c4fb24ea30428fd6f75ebf5eff9ad3e616c6bcf81f64d7c,"[""Tennis""]",1785303954.6243598,KXITFMATCH-26JUL28WENJON-WEN,Tennis,,KXITFMATCH,5195be65-3a9b-423a-9e35-55f2f5840354,KXITFMATCH-26JUL28WENJON,1785299448.0,quote,,1786501800.0,true,34.5000,34.0000,35.0000,9550.40,24305.69
6,ed2086c87d52482699dee6d41678911f,0,2026-07-29,2026-07-29,29354e42ef0c3a5dcfab2220f035fd1be5874df613426379bae1f33e112f560b,996bed4920d57ac31c4fb24ea30428fd6f75ebf5eff9ad3e616c6bcf81f64d7c,"[""Tennis""]",1785303954.695897,KXITFMATCH-26JUL28CHAHEI-CHA,Tennis,,KXITFMATCH,5ba6a34a-c169-4b0b-b8fd-b835a2127855,KXITFMATCH-26JUL28CHAHEI,1785299809.0,quote,,1786505400.0,true,76.5000,76.0000,77.0000,3692.68,4247.68
6,ed2086c87d52482699dee6d41678911f,0,2026-07-29,2026-07-29,29354e42ef0c3a5dcfab2220f035fd1be5874df613426379bae1f33e112f560b,996bed4920d57ac31c4fb24ea30428fd6f75ebf5eff9ad3e616c6bcf81f64d7c,"[""Tennis""]",1785303954.854576,KXITFWMATCH-26JUL29SOZMIL-MIL,Tennis,,KXITFWMATCH,0ba82ca4-7c3d-4fe6-9763-af01f430c473,KXITFWMATCH-26JUL29SOZMIL,1785301725.0,quote,,1786510800.0,true,93.5000,93.0000,94.0000,3288.86,2782.52
6,ed2086c87d52482699dee6d41678911f,0,2026-07-29,2026-07-29,29354e42ef0c3a5dcfab2220f035fd1be5874df613426379bae1f33e112f560b,996bed4920d57ac31c4fb24ea30428fd6f75ebf5eff9ad3e616c6bcf81f64d7c,"[""Tennis""]",1785303954.924854,KXITFWMATCH-26JUL29YOSKIM-KIM,Tennis,,KXITFWMATCH,9b9eecb5-c6a0-414a-bcf3-57262192676d,KXITFWMATCH-26JUL29YOSKIM,1785301851.0,quote,,1786510800.0,true,59.5000,59.0000,60.0000,2263.98,2248.12
6,ed2086c87d52482699dee6d41678911f,0,2026-07-29,2026-07-29,29354e42ef0c3a5dcfab2220f035fd1be5874df613426379bae1f33e112f560b,996bed4920d57ac31c4fb24ea30428fd6f75ebf5eff9ad3e616c6bcf81f64d7c,"[""Tennis""]",1785303954.996005,KXITFMATCH-26JUL28CHAHEI-HEI,Tennis,,KXITFMATCH,5ba6a34a-c169-4b0b-b8fd-b835a2127855,KXITFMATCH-26JUL28CHAHEI,1785299809.0,quote,,1786505400.0,true,23.5000,23.0000,24.0000,3368.21,4106.68
6,ed2086c87d52482699dee6d41678911f,0,2026-07-29,2026-07-29,29354e42ef0c3a5dcfab2220f035fd1be5874df613426379bae1f33e112f560b,996bed4920d57ac31c4fb24ea30428fd6f75ebf5eff9ad3e616c6bcf81f64d7c,"[""Tennis""]",1785303955.065939,KXITFWMATCH-26JUL29SOZMIL-SOZ,Tennis,,KXITFWMATCH,0ba82ca4-7c3d-4fe6-9763-af01f430c473,KXITFWMATCH-26JUL29SOZMIL,1785301725.0,quote,,1786510800.0,true,6.5000,6.0000,7.0000,1910.54,4767.64
6,ed2086c87d52482699dee6d41678911f,0,2026-07-29,2026-07-29,29354e42ef0c3a5dcfab2220f035fd1be5874df613426379bae1f33e112f560b,996bed4920d57ac31c4fb24ea30428fd6f75ebf5eff9ad3e616c6bcf81f64d7c,"[""Tennis""]",1785303955.136555,KXITFMATCH-26JUL29BRAPIE-PIE,Tennis,,KXITFMATCH,e7bed978-f0a4-4bc6-8904-d9b6730590e4,KXITFMATCH-26JUL29BRAPIE,1785305498.0,quote,,1786514400.0,true,85.5000,85.0000,86.0000,3461.00,1059.07
6,ed2086c87d52482699dee6d41678911f,0,2026-07-29,2026-07-29,29354e42ef0c3a5dcfab2220f035fd1be5874df613426379bae1f33e112f560b,996bed4920d57ac31c4fb24ea30428fd6f75ebf5eff9ad3e616c6bcf81f64d7c,"[""Tennis""]",1785303955.207676,KXITFWMATCH-26JUL29HOSDYU-DYU,Tennis,,KXITFWMATCH,eff22484-a537-4944-bd0e-5664e98b54bd,KXITFWMATCH-26JUL29HOSDYU,1785301687.0,quote,,1786510800.0,true,77.0000,76.0000,78.0000,41.75,47.00
6,ed2086c87d52482699dee6d41678911f,0,2026-07-29,2026-07-29,29354e42ef0c3a5dcfab2220f035fd1be5874df613426379bae1f33e112f560b,996bed4920d57ac31c4fb24ea30428fd6f75ebf5eff9ad3e616c6bcf81f64d7c,"[""Tennis""]",1785303956.784383,KXITFMATCH-26JUL28PADSAT-PAD,Tennis,,KXITFMATCH,03e1243d-7dee-4056-a032-cb914b77515a,KXITFMATCH-26JUL28PADSAT,1785294636.0,quote,,1786501800.0,true,36.5000,35.0000,38.0000,180.70,5.00
6,ed2086c87d52482699dee6d41678911f,0,2026-07-29,2026-07-29,29354e42ef0c3a5dcfab2220f035fd1be5874df613426379bae1f33e112f560b,996bed4920d57ac31c4fb24ea30428fd6f75ebf5eff9ad3e616c6bcf81f64d7c,"[""Tennis""]",1785303956.8550851,KXITFMATCH-26JUL28WENJON-JON,Tennis,,KXITFMATCH,5195be65-3a9b-423a-9e35-55f2f5840354,KXITFMATCH-26JUL28WENJON,1785299448.0,quote,,1786501800.0,true,65.5000,65.0000,66.0000,11949.17,24498.87
6,ed2086c87d52482699dee6d41678911f,0,2026-07-29,2026-07-29,29354e42ef0c3a5dcfab2220f035fd1be5874df613426379bae1f33e112f560b,996bed4920d57ac31c4fb24ea30428fd6f75ebf5eff9ad3e616c6bcf81f64d7c,"[""Tennis""]",1785303957.014552,KXITFMATCH-26JUL28WENJON-WEN,Tennis,,KXITFMATCH,5195be65-3a9b-423a-9e35-55f2f5840354,KXITFMATCH-26JUL28WENJON,1785299448.0,quote,,1786501800.0,true,34.5000,34.0000,35.0000,10305.28,23623.84
6,ed2086c87d52482699dee6d41678911f,0,2026-07-29,2026-07-29,29354e42ef0c3a5dcfab2220f035fd1be5874df613426379bae1f33e112f560b,996bed4920d57ac31c4fb24ea30428fd6f75ebf5eff9ad3e616c6bcf81f64d7c,"[""Tennis""]",1785303957.086825,KXITFMATCH-26JUL28CHAHEI-CHA,Tennis,,KXITFMATCH,5ba6a34a-c169-4b0b-b8fd-b835a2127855,KXITFMATCH-26JUL28CHAHEI,1785299809.0,quote,,1786505400.0,true,76.5000,76.0000,77.0000,3692.68,4247.68
6,ed2086c87d52482699dee6d41678911f,0,2026-07-29,2026-07-29,29354e42ef0c3a5dcfab2220f035fd1be5874df613426379bae1f33e112f560b,996bed4920d57ac31c4fb24ea30428fd6f75ebf5eff9ad3e616c6bcf81f64d7c,"[""Tennis""]",1785303957.1578,KXITFWMATCH-26JUL29SOZMIL-MIL,Tennis,,KXITFWMATCH,0ba82ca4-7c3d-4fe6-9763-af01f430c473,KXITFWMATCH-26JUL29SOZMIL,1785301725.0,quote,,1786510800.0,true,93.5000,93.0000,94.0000,3288.86,2782.52
6,ed2086c87d52482699dee6d41678911f,0,2026-07-29,2026-07-29,29354e42ef0c3a5dcfab2220f035fd1be5874df613426379bae1f33e112f560b,996bed4920d57ac31c4fb24ea30428fd6f75ebf5eff9ad3e616c6bcf81f64d7c,"[""Tennis""]",1785303957.228831,KXITFWMATCH-26JUL29YOSKIM-KIM,Tennis,,KXITFWMATCH,9b9eecb5-c6a0-414a-bcf3-57262192676d,KXITFWMATCH-26JUL29YOSKIM,1785301851.0,quote,,1786510800.0,true,59.5000,59.0000,60.0000,2263.98,2248.12
6,ed2086c87d52482699dee6d41678911f,0,2026-07-29,2026-07-29,29354e42ef0c3a5dcfab2220f035fd1be5874df613426379bae1f33e112f560b,996bed4920d57ac31c4fb24ea30428fd6f75ebf5eff9ad3e616c6bcf81f64d7c,"[""Tennis""]",1785303957.299968,KXITFMATCH-26JUL28CHAHEI-HEI,Tennis,,KXITFMATCH,5ba6a34a-c169-4b0b-b8fd-b835a2127855,KXITFMATCH-26JUL28CHAHEI,1785299809.0,quote,,1786505400.0,true,23.5000,23.0000,24.0000,3368.21,4106.68
6,ed2086c87d52482699dee6d41678911f,0,2026-07-29,2026-07-29,29354e42ef0c3a5dcfab2220f035fd1be5874df613426379bae1f33e112f560b,996bed4920d57ac31c4fb24ea30428fd6f75ebf5eff9ad3e616c6bcf81f64d7c,"[""Tennis""]",1785303957.370262,KXITFWMATCH-26JUL29SOZMIL-SOZ,Tennis,,KXITFWMATCH,0ba82ca4-7c3d-4fe6-9763-af01f430c473,KXITFWMATCH-26JUL29SOZMIL,1785301725.0,quote,,1786510800.0,true,6.5000,6.0000,7.0000,1910.54,4767.64
6,ed2086c87d52482699dee6d41678911f,0,2026-07-29,2026-07-29,29354e42ef0c3a5dcfab2220f035fd1be5874df613426379bae1f33e112f560b,996bed4920d57ac31c4fb24ea30428fd6f75ebf5eff9ad3e616c6bcf81f64d7c,"[""Tennis""]",1785303957.469633,KXITFMATCH-26JUL29BRAPIE-PIE,Tennis,,KXITFMATCH,e7bed978-f0a4-4bc6-8904-d9b6730590e4,KXITFMATCH-26JUL29BRAPIE,1785305498.0,quote,,1786514400.0,true,85.5000,85.0000,86.0000,3461.00,1059.07
6,ed2086c87d52482699dee6d41678911f,0,2026-07-29,2026-07-29,29354e42ef0c3a5dcfab2220f035fd1be5874df613426379bae1f33e112f560b,996bed4920d57ac31c4fb24ea30428fd6f75ebf5eff9ad3e616c6bcf81f64d7c,"[""Tennis""]",1785303957.541121,KXITFWMATCH-26JUL29HOSDYU-DYU,Tennis,,KXITFWMATCH,eff22484-a537-4944-bd0e-5664e98b54bd,KXITFWMATCH-26JUL29HOSDYU,1785301687.0,quote,,1786510800.0,true,77.0000,76.0000,78.0000,41.75,47.00
6,ed2086c87d52482699dee6d41678911f,0,2026-07-29,2026-07-29,29354e42ef0c3a5dcfab2220f035fd1be5874df613426379bae1f33e112f560b,996bed4920d57ac31c4fb24ea30428fd6f75ebf5eff9ad3e616c6bcf81f64d7c,"[""Tennis""]",1785303959.115445,KXITFMATCH-26JUL28PADSAT-PAD,Tennis,,KXITFMATCH,03e1243d-7dee-4056-a032-cb914b77515a,KXITFMATCH-26JUL28PADSAT,1785294636.0,quote,,1786501800.0,true,36.5000,35.0000,38.0000,180.70,5.00
6,ed2086c87d52482699dee6d41678911f,0,2026-07-29,2026-07-29,29354e42ef0c3a5dcfab2220f035fd1be5874df613426379bae1f33e112f560b,996bed4920d57ac31c4fb24ea30428fd6f75ebf5eff9ad3e616c6bcf81f64d7c,"[""Tennis""]",1785303959.186174,KXITFMATCH-26JUL28WENJON-JON,Tennis,,KXITFMATCH,5195be65-3a9b-423a-9e35-55f2f5840354,KXITFMATCH-26JUL28WENJON,1785299448.0,quote,,1786501800.0,true,65.5000,65.0000,66.0000,11949.17,24498.87
6,ed2086c87d52482699dee6d41678911f,0,2026-07-29,2026-07-29,29354e42ef0c3a5dcfab2220f035fd1be5874df613426379bae1f33e112f560b,996bed4920d57ac31c4fb24ea30428fd6f75ebf5eff9ad3e616c6bcf81f64d7c,"[""Tennis""]",1785303959.2576902,KXITFMATCH-26JUL28WENJON-WEN,Tennis,,KXITFMATCH,5195be65-3a9b-423a-9e35-55f2f5840354,KXITFMATCH-26JUL28WENJON,1785299448.0,quote,,1786501800.0,true,34.5000,34.0000,35.0000,10305.28,23623.84
6,ed2086c87d52482699dee6d41678911f,0,2026-07-29,2026-07-29,29354e42ef0c3a5dcfab2220f035fd1be5874df613426379bae1f33e112f560b,996bed4920d57ac31c4fb24ea30428fd6f75ebf5eff9ad3e616c6bcf81f64d7c,"[""Tennis""]",1785303959.329899,KXITFMATCH-26JUL28CHAHEI-CHA,Tennis,,KXITFMATCH,5ba6a34a-c169-4b0b-b8fd-b835a2127855,KXITFMATCH-26JUL28CHAHEI,1785299809.0,quote,,1786505400.0,true,76.5000,76.0000,77.0000,3692.68,4247.68
6,ed2086c87d52482699dee6d41678911f,0,2026-07-29,2026-07-29,29354e42ef0c3a5dcfab2220f035fd1be5874df613426379bae1f33e112f560b,996bed4920d57ac31c4fb24ea30428fd6f75ebf5eff9ad3e616c6bcf81f64d7c,"[""Tennis""]",1785303959.403265,KXITFWMATCH-26JUL29SOZMIL-MIL,Tennis,,KXITFWMATCH,0ba82ca4-7c3d-4fe6-9763-af01f430c473,KXITFWMATCH-26JUL29SOZMIL,1785301725.0,quote,,1786510800.0,true,92.5000,92.0000,93.0000,4421.29,107.29
6,ed2086c87d52482699dee6d41678911f,0,2026-07-29,2026-07-29,29354e42ef0c3a5dcfab2220f035fd1be5874df613426379bae1f33e112f560b,996bed4920d57ac31c4fb24ea30428fd6f75ebf5eff9ad3e616c6bcf81f64d7c,"[""Tennis""]",1785303959.473446,KXITFWMATCH-26JUL29YOSKIM-KIM,Tennis,,KXITFWMATCH,9b9eecb5-c6a0-414a-bcf3-57262192676d,KXITFWMATCH-26JUL29YOSKIM,1785301851.0,quote,,1786510800.0,true,59.5000,59.0000,60.0000,2263.98,2248.12
6,ed2086c87d52482699dee6d41678911f,0,2026-07-29,2026-07-29,29354e42ef0c3a5dcfab2220f035fd1be5874df613426379bae1f33e112f560b,996bed4920d57ac31c4fb24ea30428fd6f75ebf5eff9ad3e616c6bcf81f64d7c,"[""Tennis""]",1785303959.628472,KXITFMATCH-26JUL28CHAHEI-HEI,Tennis,,KXITFMATCH,5ba6a34a-c169-4b0b-b8fd-b835a2127855,KXITFMATCH-26JUL28CHAHEI,1785299809.0,quote,,1786505400.0,true,23.5000,23.0000,24.0000,3368.21,4106.68
6,ed2086c87d52482699dee6d41678911f,0,2026-07-29,2026-07-29,29354e42ef0c3a5dcfab2220f035fd1be5874df613426379bae1f33e112f560b,996bed4920d57ac31c4fb24ea30428fd6f75ebf5eff9ad3e616c6bcf81f64d7c,"[""Tennis""]",1785303959.6986701,KXITFWMATCH-26JUL29SOZMIL-SOZ,Tennis,,KXITFWMATCH,0ba82ca4-7c3d-4fe6-9763-af01f430c473,KXITFWMATCH-26JUL29SOZMIL,1785301725.0,quote,,1786510800.0,true,6.5000,6.0000,7.0000,2552.31,3364.77
6,ed2086c87d52482699dee6d41678911f,0,2026-07-29,2026-07-29,29354e42ef0c3a5dcfab2220f035fd1be5874df613426379bae1f33e112f560b,996bed4920d57ac31c4fb24ea30428fd6f75ebf5eff9ad3e616c6bcf81f64d7c,"[""Tennis""]",1785303959.768478,KXITFMATCH-26JUL29BRAPIE-PIE,Tennis,,KXITFMATCH,e7bed978-f0a4-4bc6-8904-d9b6730590e4,KXITFMATCH-26JUL29BRAPIE,1785305498.0,quote,,1786514400.0,true,85.5000,85.0000,86.0000,3461.00,1059.07
6,ed2086c87d52482699dee6d41678911f,0,2026-07-29,2026-07-29,29354e42ef0c3a5dcfab2220f035fd1be5874df613426379bae1f33e112f560b,996bed4920d57ac31c4fb24ea30428fd6f75ebf5eff9ad3e616c6bcf81f64d7c,"[""Tennis""]",1785303959.838677,KXITFWMATCH-26JUL29HOSDYU-DYU,Tennis,,KXITFWMATCH,eff22484-a537-4944-bd0e-5664e98b54bd,KXITFWMATCH-26JUL29HOSDYU,1785301687.0,quote,,1786510800.0,true,77.0000,76.0000,78.0000,41.75,47.00
6,ed2086c87d52482699dee6d41678911f,0,2026-07-29,2026-07-29,29354e42ef0c3a5dcfab2220f035fd1be5874df613426379bae1f33e112f560b,996bed4920d57ac31c4fb24ea30428fd6f75ebf5eff9ad3e616c6bcf81f64d7c,"[""Tennis""]",1785303961.422434,KXITFMATCH-26JUL28PADSAT-PAD,Tennis,,KXITFMATCH,03e1243d-7dee-4056-a032-cb914b77515a,KXITFMATCH-26JUL28PADSAT,1785294636.0,quote,,1786501800.0,true,39.5000,39.0000,40.0000,18154.52,42081.00
6,ed2086c87d52482699dee6d41678911f,0,2026-07-29,2026-07-29,29354e42ef0c3a5dcfab2220f035fd1be5874df613426379bae1f33e112f560b,996bed4920d57ac31c4fb24ea30428fd6f75ebf5eff9ad3e616c6bcf81f64d7c,"[""Tennis""]",1785303961.494205,KXITFMATCH-26JUL28WENJON-JON,Tennis,,KXITFMATCH,5195be65-3a9b-423a-9e35-55f2f5840354,KXITFMATCH-26JUL28WENJON,1785299448.0,quote,,1786501800.0,true,65.5000,65.0000,66.0000,11949.17,24498.87
6,ed2086c87d52482699dee6d41678911f,0,2026-07-29,2026-07-29,29354e42ef0c3a5dcfab2220f035fd1be5874df613426379bae1f33e112f560b,996bed4920d57ac31c4fb24ea30428fd6f75ebf5eff9ad3e616c6bcf81f64d7c,"[""Tennis""]",1785303961.565575,KXITFMATCH-26JUL28WENJON-WEN,Tennis,,KXITFMATCH,5195be65-3a9b-423a-9e35-55f2f5840354,KXITFMATCH-26JUL28WENJON,1785299448.0,quote,,1786501800.0,true,34.5000,34.0000,35.0000,10305.28,23623.84
6,ed2086c87d52482699dee6d41678911f,0,2026-07-29,2026-07-29,29354e42ef0c3a5dcfab2220f035fd1be5874df613426379bae1f33e112f560b,996bed4920d57ac31c4fb24ea30428fd6f75ebf5eff9ad3e616c6bcf81f64d7c,"[""Tennis""]",1785303961.66941,KXITFMATCH-26JUL28CHAHEI-CHA,Tennis,,KXITFMATCH,5ba6a34a-c169-4b0b-b8fd-b835a2127855,KXITFMATCH-26JUL28CHAHEI,1785299809.0,quote,,1786505400.0,true,76.5000,76.0000,77.0000,3692.68,4247.68
6,ed2086c87d52482699dee6d41678911f,0,2026-07-29,2026-07-29,29354e42ef0c3a5dcfab2220f035fd1be5874df613426379bae1f33e112f560b,996bed4920d57ac31c4fb24ea30428fd6f75ebf5eff9ad3e616c6bcf81f64d7c,"[""Tennis""]",1785303961.751405,KXITFWMATCH-26JUL29SOZMIL-MIL,Tennis,,KXITFWMATCH,0ba82ca4-7c3d-4fe6-9763-af01f430c473,KXITFWMATCH-26JUL29SOZMIL,1785301725.0,quote,,1786510800.0,true,92.5000,92.0000,93.0000,4421.29,107.29
6,ed2086c87d52482699dee6d41678911f,0,2026-07-29,2026-07-29,29354e42ef0c3a5dcfab2220f035fd1be5874df613426379bae1f33e112f560b,996bed4920d57ac31c4fb24ea30428fd6f75ebf5eff9ad3e616c6bcf81f64d7c,"[""Tennis""]",1785303961.822216,KXITFWMATCH-26JUL29YOSKIM-KIM,Tennis,,KXITFWMATCH,9b9eecb5-c6a0-414a-bcf3-57262192676d,KXITFWMATCH-26JUL29YOSKIM,1785301851.0,quote,,1786510800.0,true,59.5000,59.0000,60.0000,2263.98,2248.12
6,ed2086c87d52482699dee6d41678911f,0,2026-07-29,2026-07-29,29354e42ef0c3a5dcfab2220f035fd1be5874df613426379bae1f33e112f560b,996bed4920d57ac31c4fb24ea30428fd6f75ebf5eff9ad3e616c6bcf81f64d7c,"[""Tennis""]",1785303961.892031,KXITFMATCH-26JUL28CHAHEI-HEI,Tennis,,KXITFMATCH,5ba6a34a-c169-4b0b-b8fd-b835a2127855,KXITFMATCH-26JUL28CHAHEI,1785299809.0,quote,,1786505400.0,true,23.5000,23.0000,24.0000,3315.04,3691.82
6,ed2086c87d52482699dee6d41678911f,0,2026-07-29,2026-07-29,29354e42ef0c3a5dcfab2220f035fd1be5874df613426379bae1f33e112f560b,996bed4920d57ac31c4fb24ea30428fd6f75ebf5eff9ad3e616c6bcf81f64d7c,"[""Tennis""]",1785303961.964235,KXITFWMATCH-26JUL29SOZMIL-SOZ,Tennis,,KXITFWMATCH,0ba82ca4-7c3d-4fe6-9763-af01f430c473,KXITFWMATCH-26JUL29SOZMIL,1785301725.0,quote,,1786510800.0,true,6.5000,6.0000,7.0000,2552.31,3364.77
6,ed2086c87d52482699dee6d41678911f,0,2026-07-29,2026-07-29,29354e42ef0c3a5dcfab2220f035fd1be5874df613426379bae1f33e112f560b,996bed4920d57ac31c4fb24ea30428fd6f75ebf5eff9ad3e616c6bcf81f64d7c,"[""Tennis""]",1785303962.0366058,KXITFMATCH-26JUL29BRAPIE-PIE,Tennis,,KXITFMATCH,e7bed978-f0a4-4bc6-8904-d9b6730590e4,KXITFMATCH-26JUL29BRAPIE,1785305498.0,quote,,1786514400.0,true,85.5000,85.0000,86.0000,3461.00,1059.07
6,ed2086c87d52482699dee6d41678911f,0,2026-07-29,2026-07-29,29354e42ef0c3a5dcfab2220f035fd1be5874df613426379bae1f33e112f560b,996bed4920d57ac31c4fb24ea30428fd6f75ebf5eff9ad3e616c6bcf81f64d7c,"[""Tennis""]",1785303962.1939101,KXITFWMATCH-26JUL29HOSDYU-DYU,Tennis,,KXITFWMATCH,eff22484-a537-4944-bd0e-5664e98b54bd,KXITFWMATCH-26JUL29HOSDYU,1785301687.0,quote,,1786510800.0,true,76.5000,75.0000,78.0000,33.00,548.93
6,ed2086c87d52482699dee6d41678911f,0,2026-07-29,2026-07-29,29354e42ef0c3a5dcfab2220f035fd1be5874df613426379bae1f33e112f560b,996bed4920d57ac31c4fb24ea30428fd6f75ebf5eff9ad3e616c6bcf81f64d7c,"[""Tennis""]",1785303963.824162,KXITFMATCH-26JUL28PADSAT-PAD,Tennis,,KXITFMATCH,03e1243d-7dee-4056-a032-cb914b77515a,KXITFMATCH-26JUL28PADSAT,1785294636.0,quote,,1786501800.0,true,39.5000,39.0000,40.0000,18154.52,42081.00
6,ed2086c87d52482699dee6d41678911f,0,2026-07-29,2026-07-29,29354e42ef0c3a5dcfab2220f035fd1be5874df613426379bae1f33e112f560b,996bed4920d57ac31c4fb24ea30428fd6f75ebf5eff9ad3e616c6bcf81f64d7c,"[""Tennis""]",1785303963.895278,KXITFMATCH-26JUL28WENJON-JON,Tennis,,KXITFMATCH,5195be65-3a9b-423a-9e35-55f2f5840354,KXITFMATCH-26JUL28WENJON,1785299448.0,quote,,1786501800.0,true,65.5000,65.0000,66.0000,11949.17,24498.87
6,ed2086c87d52482699dee6d41678911f,0,2026-07-29,2026-07-29,29354e42ef0c3a5dcfab2220f035fd1be5874df613426379bae1f33e112f560b,996bed4920d57ac31c4fb24ea30428fd6f75ebf5eff9ad3e616c6bcf81f64d7c,"[""Tennis""]",1785303963.966721,KXITFMATCH-26JUL28WENJON-WEN,Tennis,,KXITFMATCH,5195be65-3a9b-423a-9e35-55f2f5840354,KXITFMATCH-26JUL28WENJON,1785299448.0,quote,,1786501800.0,true,34.5000,34.0000,35.0000,10305.28,23623.84
6,ed2086c87d52482699dee6d41678911f,0,2026-07-29,2026-07-29,29354e42ef0c3a5dcfab2220f035fd1be5874df613426379bae1f33e112f560b,996bed4920d57ac31c4fb24ea30428fd6f75ebf5eff9ad3e616c6bcf81f64d7c,"[""Tennis""]",1785303964.0383701,KXITFMATCH-26JUL28CHAHEI-CHA,Tennis,,KXITFMATCH,5ba6a34a-c169-4b0b-b8fd-b835a2127855,KXITFMATCH-26JUL28CHAHEI,1785299809.0,quote,,1786505400.0,true,76.5000,76.0000,77.0000,3692.68,4247.68
6,ed2086c87d52482699dee6d41678911f,0,2026-07-29,2026-07-29,29354e42ef0c3a5dcfab2220f035fd1be5874df613426379bae1f33e112f560b,996bed4920d57ac31c4fb24ea30428fd6f75ebf5eff9ad3e616c6bcf81f64d7c,"[""Tennis""]",1785303964.1100092,KXITFWMATCH-26JUL29SOZMIL-MIL,Tennis,,KXITFWMATCH,0ba82ca4-7c3d-4fe6-9763-af01f430c473,KXITFWMATCH-26JUL29SOZMIL,1785301725.0,quote,,1786510800.0,true,92.5000,92.0000,93.0000,4421.29,107.29
6,ed2086c87d52482699dee6d41678911f,0,2026-07-29,2026-07-29,29354e42ef0c3a5dcfab2220f035fd1be5874df613426379bae1f33e112f560b,996bed4920d57ac31c4fb24ea30428fd6f75ebf5eff9ad3e616c6bcf81f64d7c,"[""Tennis""]",1785303964.181963,KXITFWMATCH-26JUL29YOSKIM-KIM,Tennis,,KXITFWMATCH,9b9eecb5-c6a0-414a-bcf3-57262192676d,KXITFWMATCH-26JUL29YOSKIM,1785301851.0,quote,,1786510800.0,true,59.5000,59.0000,60.0000,2263.98,2248.12
6,ed2086c87d52482699dee6d41678911f,0,2026-07-29,2026-07-29,29354e42ef0c3a5dcfab2220f035fd1be5874df613426379bae1f33e112f560b,996bed4920d57ac31c4fb24ea30428fd6f75ebf5eff9ad3e616c6bcf81f64d7c,"[""Tennis""]",1785303964.291509,KXITFMATCH-26JUL28CHAHEI-HEI,Tennis,,KXITFMATCH,5ba6a34a-c169-4b0b-b8fd-b835a2127855,KXITFMATCH-26JUL28CHAHEI,1785299809.0,quote,,1786505400.0,true,23.5000,23.0000,24.0000,3315.04,3691.82
6,ed2086c87d52482699dee6d41678911f,0,2026-07-29,2026-07-29,29354e42ef0c3a5dcfab2220f035fd1be5874df613426379bae1f33e112f560b,996bed4920d57ac31c4fb24ea30428fd6f75ebf5eff9ad3e616c6bcf81f64d7c,"[""Tennis""]",1785303964.3620899,KXITFWMATCH-26JUL29SOZMIL-SOZ,Tennis,,KXITFWMATCH,0ba82ca4-7c3d-4fe6-9763-af01f430c473,KXITFWMATCH-26JUL29SOZMIL,1785301725.0,quote,,1786510800.0,true,6.5000,6.0000,7.0000,2552.31,3364.77
6,ed2086c87d52482699dee6d41678911f,0,2026-07-29,2026-07-29,29354e42ef0c3a5dcfab2220f035fd1be5874df613426379bae1f33e112f560b,996bed4920d57ac31c4fb24ea30428fd6f75ebf5eff9ad3e616c6bcf81f64d7c,"[""Tennis""]",1785303964.432513,KXITFMATCH-26JUL29BRAPIE-PIE,Tennis,,KXITFMATCH,e7bed978-f0a4-4bc6-8904-d9b6730590e4,KXITFMATCH-26JUL29BRAPIE,1785305498.0,quote,,1786514400.0,true,85.5000,85.0000,86.0000,3461.00,1059.07
6,ed2086c87d52482699dee6d41678911f,0,2026-07-29,2026-07-29,29354e42ef0c3a5dcfab2220f035fd1be5874df613426379bae1f33e112f560b,996bed4920d57ac31c4fb24ea30428fd6f75ebf5eff9ad3e616c6bcf81f64d7c,"[""Tennis""]",1785303964.505116,KXITFWMATCH-26JUL29HOSDYU-DYU,Tennis,,KXITFWMATCH,eff22484-a537-4944-bd0e-5664e98b54bd,KXITFWMATCH-26JUL29HOSDYU,1785301687.0,quote,,1786510800.0,true,76.5000,75.0000,78.0000,33.00,548.93
6,ed2086c87d52482699dee6d41678911f,0,2026-07-29,2026-07-29,29354e42ef0c3a5dcfab2220f035fd1be5874df613426379bae1f33e112f560b,996bed4920d57ac31c4fb24ea30428fd6f75ebf5eff9ad3e616c6bcf81f64d7c,"[""Tennis""]",1785303966.090067,KXITFMATCH-26JUL28PADSAT-PAD,Tennis,,KXITFMATCH,03e1243d-7dee-4056-a032-cb914b77515a,KXITFMATCH-26JUL28PADSAT,1785294636.0,quote,,1786501800.0,true,39.5000,39.0000,40.0000,18154.52,42081.00
6,ed2086c87d52482699dee6d41678911f,0,2026-07-29,2026-07-29,29354e42ef0c3a5dcfab2220f035fd1be5874df613426379bae1f33e112f560b,996bed4920d57ac31c4fb24ea30428fd6f75ebf5eff9ad3e616c6bcf81f64d7c,"[""Tennis""]",1785303966.161292,KXITFMATCH-26JUL28WENJON-JON,Tennis,,KXITFMATCH,5195be65-3a9b-423a-9e35-55f2f5840354,KXITFMATCH-26JUL28WENJON,1785299448.0,quote,,1786501800.0,true,65.5000,65.0000,66.0000,11699.17,23247.40
6,ed2086c87d52482699dee6d41678911f,0,2026-07-29,2026-07-29,29354e42ef0c3a5dcfab2220f035fd1be5874df613426379bae1f33e112f560b,996bed4920d57ac31c4fb24ea30428fd6f75ebf5eff9ad3e616c6bcf81f64d7c,"[""Tennis""]",1785303966.231894,KXITFMATCH-26JUL28WENJON-WEN,Tennis,,KXITFMATCH,5195be65-3a9b-423a-9e35-55f2f5840354,KXITFMATCH-26JUL28WENJON,1785299448.0,quote,,1786501800.0,true,34.5000,34.0000,35.0000,10305.28,23623.84
6,ed2086c87d52482699dee6d41678911f,0,2026-07-29,2026-07-29,29354e42ef0c3a5dcfab2220f035fd1be5874df613426379bae1f33e112f560b,996bed4920d57ac31c4fb24ea30428fd6f75ebf5eff9ad3e616c6bcf81f64d7c,"[""Tennis""]",1785303966.387786,KXITFMATCH-26JUL28CHAHEI-CHA,Tennis,,KXITFMATCH,5ba6a34a-c169-4b0b-b8fd-b835a2127855,KXITFMATCH-26JUL28CHAHEI,1785299809.0,quote,,1786505400.0,true,76.5000,76.0000,77.0000,3692.68,4247.68
6,ed2086c87d52482699dee6d41678911f,0,2026-07-29,2026-07-29,29354e42ef0c3a5dcfab2220f035fd1be5874df613426379bae1f33e112f560b,996bed4920d57ac31c4fb24ea30428fd6f75ebf5eff9ad3e616c6bcf81f64d7c,"[""Tennis""]",1785303966.457918,KXITFWMATCH-26JUL29SOZMIL-MIL,Tennis,,KXITFWMATCH,0ba82ca4-7c3d-4fe6-9763-af01f430c473,KXITFWMATCH-26JUL29SOZMIL,1785301725.0,quote,,1786510800.0,true,92.5000,92.0000,93.0000,4421.29,107.29
6,ed2086c87d52482699dee6d41678911f,0,2026-07-29,2026-07-29,29354e42ef0c3a5dcfab2220f035fd1be5874df613426379bae1f33e112f560b,996bed4920d57ac31c4fb24ea30428fd6f75ebf5eff9ad3e616c6bcf81f64d7c,"[""Tennis""]",1785303966.527512,KXITFWMATCH-26JUL29YOSKIM-KIM,Tennis,,KXITFWMATCH,9b9eecb5-c6a0-414a-bcf3-57262192676d,KXITFWMATCH-26JUL29YOSKIM,1785301851.0,quote,,1786510800.0,true,59.5000,59.0000,60.0000,2263.98,2246.50
6,ed2086c87d52482699dee6d41678911f,0,2026-07-29,2026-07-29,29354e42ef0c3a5dcfab2220f035fd1be5874df613426379bae1f33e112f560b,996bed4920d57ac31c4fb24ea30428fd6f75ebf5eff9ad3e616c6bcf81f64d7c,"[""Tennis""]",1785303966.598778,KXITFMATCH-26JUL28CHAHEI-HEI,Tennis,,KXITFMATCH,5ba6a34a-c169-4b0b-b8fd-b835a2127855,KXITFMATCH-26JUL28CHAHEI,1785299809.0,quote,,1786505400.0,true,23.5000,23.0000,24.0000,3315.04,3691.82
6,ed2086c87d52482699dee6d41678911f,0,2026-07-29,2026-07-29,29354e42ef0c3a5dcfab2220f035fd1be5874df613426379bae1f33e112f560b,996bed4920d57ac31c4fb24ea30428fd6f75ebf5eff9ad3e616c6bcf81f64d7c,"[""Tennis""]",1785303966.669952,KXITFWMATCH-26JUL29SOZMIL-SOZ,Tennis,,KXITFWMATCH,0ba82ca4-7c3d-4fe6-9763-af01f430c473,KXITFWMATCH-26JUL29SOZMIL,1785301725.0,quote,,1786510800.0,true,6.5000,6.0000,7.0000,2552.31,3364.77
6,ed2086c87d52482699dee6d41678911f,0,2026-07-29,2026-07-29,29354e42ef0c3a5dcfab2220f035fd1be5874df613426379bae1f33e112f560b,996bed4920d57ac31c4fb24ea30428fd6f75ebf5eff9ad3e616c6bcf81f64d7c,"[""Tennis""]",1785303966.740383,KXITFMATCH-26JUL29BRAPIE-PIE,Tennis,,KXITFMATCH,e7bed978-f0a4-4bc6-8904-d9b6730590e4,KXITFMATCH-26JUL29BRAPIE,1785305498.0,quote,,1786514400.0,true,85.5000,85.0000,86.0000,3461.00,1059.07
6,ed2086c87d52482699dee6d41678911f,0,2026-07-29,2026-07-29,29354e42ef0c3a5dcfab2220f035fd1be5874df613426379bae1f33e112f560b,996bed4920d57ac31c4fb24ea30428fd6f75ebf5eff9ad3e616c6bcf81f64d7c,"[""Tennis""]",1785303966.8125389,KXITFWMATCH-26JUL29HOSDYU-DYU,Tennis,,KXITFWMATCH,eff22484-a537-4944-bd0e-5664e98b54bd,KXITFWMATCH-26JUL29HOSDYU,1785301687.0,quote,,1786510800.0,true,76.5000,75.0000,78.0000,33.00,548.93
6,ed2086c87d52482699dee6d41678911f,0,2026-07-29,2026-07-29,29354e42ef0c3a5dcfab2220f035fd1be5874df613426379bae1f33e112f560b,996bed4920d57ac31c4fb24ea30428fd6f75ebf5eff9ad3e616c6bcf81f64d7c,"[""Tennis""]",1785303968.388368,KXITFMATCH-26JUL28PADSAT-PAD,Tennis,,KXITFMATCH,03e1243d-7dee-4056-a032-cb914b77515a,KXITFMATCH-26JUL28PADSAT,1785294636.0,quote,,1786501800.0,true,39.5000,39.0000,40.0000,18154.52,42081.00
6,ed2086c87d52482699dee6d41678911f,0,2026-07-29,2026-07-29,29354e42ef0c3a5dcfab2220f035fd1be5874df613426379bae1f33e112f560b,996bed4920d57ac31c4fb24ea30428fd6f75ebf5eff9ad3e616c6bcf81f64d7c,"[""Tennis""]",1785303968.549439,KXITFMATCH-26JUL28WENJON-JON,Tennis,,KXITFMATCH,5195be65-3a9b-423a-9e35-55f2f5840354,KXITFMATCH-26JUL28WENJON,1785299448.0,quote,,1786501800.0,true,65.5000,65.0000,66.0000,11699.17,23247.40
6,ed2086c87d52482699dee6d41678911f,0,2026-07-29,2026-07-29,29354e42ef0c3a5dcfab2220f035fd1be5874df613426379bae1f33e112f560b,996bed4920d57ac31c4fb24ea30428fd6f75ebf5eff9ad3e616c6bcf81f64d7c,"[""Tennis""]",1785303968.619711,KXITFMATCH-26JUL28WENJON-WEN,Tennis,,KXITFMATCH,5195be65-3a9b-423a-9e35-55f2f5840354,KXITFMATCH-26JUL28WENJON,1785299448.0,quote,,1786501800.0,true,34.5000,34.0000,35.0000,8371.61,23265.23
6,ed2086c87d52482699dee6d41678911f,0,2026-07-29,2026-07-29,29354e42ef0c3a5dcfab2220f035fd1be5874df613426379bae1f33e112f560b,996bed4920d57ac31c4fb24ea30428fd6f75ebf5eff9ad3e616c6bcf81f64d7c,"[""Tennis""]",1785303968.69025,KXITFMATCH-26JUL28CHAHEI-CHA,Tennis,,KXITFMATCH,5ba6a34a-c169-4b0b-b8fd-b835a2127855,KXITFMATCH-26JUL28CHAHEI,1785299809.0,quote,,1786505400.0,true,75.0000,74.0000,76.0000,34.00,113.00
6,ed2086c87d52482699dee6d41678911f,0,2026-07-29,2026-07-29,29354e42ef0c3a5dcfab2220f035fd1be5874df613426379bae1f33e112f560b,996bed4920d57ac31c4fb24ea30428fd6f75ebf5eff9ad3e616c6bcf81f64d7c,"[""Tennis""]",1785303968.759577,KXITFWMATCH-26JUL29SOZMIL-MIL,Tennis,,KXITFWMATCH,0ba82ca4-7c3d-4fe6-9763-af01f430c473,KXITFWMATCH-26JUL29SOZMIL,1785301725.0,quote,,1786510800.0,true,92.5000,92.0000,93.0000,4421.29,107.29
6,ed2086c87d52482699dee6d41678911f,0,2026-07-29,2026-07-29,29354e42ef0c3a5dcfab2220f035fd1be5874df613426379bae1f33e112f560b,996bed4920d57ac31c4fb24ea30428fd6f75ebf5eff9ad3e616c6bcf81f64d7c,"[""Tennis""]",1785303968.8322911,KXITFWMATCH-26JUL29YOSKIM-KIM,Tennis,,KXITFWMATCH,9b9eecb5-c6a0-414a-bcf3-57262192676d,KXITFWMATCH-26JUL29YOSKIM,1785301851.0,quote,,1786510800.0,true,59.5000,59.0000,60.0000,2263.98,2246.50
6,ed2086c87d52482699dee6d41678911f,0,2026-07-29,2026-07-29,29354e42ef0c3a5dcfab2220f035fd1be5874df613426379bae1f33e112f560b,996bed4920d57ac31c4fb24ea30428fd6f75ebf5eff9ad3e616c6bcf81f64d7c,"[""Tennis""]",1785303968.903983,KXITFMATCH-26JUL28CHAHEI-HEI,Tennis,,KXITFMATCH,5ba6a34a-c169-4b0b-b8fd-b835a2127855,KXITFMATCH-26JUL28CHAHEI,1785299809.0,quote,,1786505400.0,true,23.5000,23.0000,24.0000,3315.04,3691.82
6,ed2086c87d52482699dee6d41678911f,0,2026-07-29,2026-07-29,29354e42ef0c3a5dcfab2220f035fd1be5874df613426379bae1f33e112f560b,996bed4920d57ac31c4fb24ea30428fd6f75ebf5eff9ad3e616c6bcf81f64d7c,"[""Tennis""]",1785303969.0036402,KXITFWMATCH-26JUL29SOZMIL-SOZ,Tennis,,KXITFWMATCH,0ba82ca4-7c3d-4fe6-9763-af01f430c473,KXITFWMATCH-26JUL29SOZMIL,1785301725.0,quote,,1786510800.0,true,6.5000,6.0000,7.0000,2552.31,3364.77
6,ed2086c87d52482699dee6d41678911f,0,2026-07-29,2026-07-29,29354e42ef0c3a5dcfab2220f035fd1be5874df613426379bae1f33e112f560b,996bed4920d57ac31c4fb24ea30428fd6f75ebf5eff9ad3e616c6bcf81f64d7c,"[""Tennis""]",1785303969.0738518,KXITFMATCH-26JUL29BRAPIE-PIE,Tennis,,KXITFMATCH,e7bed978-f0a4-4bc6-8904-d9b6730590e4,KXITFMATCH-26JUL29BRAPIE,1785305498.0,quote,,1786514400.0,true,85.5000,85.0000,86.0000,3461.00,1059.07
6,ed2086c87d52482699dee6d41678911f,0,2026-07-29,2026-07-29,29354e42ef0c3a5dcfab2220f035fd1be5874df613426379bae1f33e112f560b,996bed4920d57ac31c4fb24ea30428fd6f75ebf5eff9ad3e616c6bcf81f64d7c,"[""Tennis""]",1785303969.1444411,KXITFWMATCH-26JUL29HOSDYU-DYU,Tennis,,KXITFWMATCH,eff22484-a537-4944-bd0e-5664e98b54bd,KXITFWMATCH-26JUL29HOSDYU,1785301687.0,quote,,1786510800.0,true,76.5000,75.0000,78.0000,33.00,548.93
6,ed2086c87d52482699dee6d41678911f,0,2026-07-29,2026-07-29,29354e42ef0c3a5dcfab2220f035fd1be5874df613426379bae1f33e112f560b,996bed4920d57ac31c4fb24ea30428fd6f75ebf5eff9ad3e616c6bcf81f64d7c,"[""Tennis""]",1785303970.7265122,KXITFMATCH-26JUL28PADSAT-PAD,Tennis,,KXITFMATCH,03e1243d-7dee-4056-a032-cb914b77515a,KXITFMATCH-26JUL28PADSAT,1785294636.0,quote,,1786501800.0,true,39.5000,39.0000,40.0000,18154.52,42081.00
6,ed2086c87d52482699dee6d41678911f,0,2026-07-29,2026-07-29,29354e42ef0c3a5dcfab2220f035fd1be5874df613426379bae1f33e112f560b,996bed4920d57ac31c4fb24ea30428fd6f75ebf5eff9ad3e616c6bcf81f64d7c,"[""Tennis""]",1785303970.7976341,KXITFMATCH-26JUL28WENJON-JON,Tennis,,KXITFMATCH,5195be65-3a9b-423a-9e35-55f2f5840354,KXITFMATCH-26JUL28WENJON,1785299448.0,quote,,1786501800.0,true,65.5000,65.0000,66.0000,11699.17,23247.40
6,ed2086c87d52482699dee6d41678911f,0,2026-07-29,2026-07-29,29354e42ef0c3a5dcfab2220f035fd1be5874df613426379bae1f33e112f560b,996bed4920d57ac31c4fb24ea30428fd6f75ebf5eff9ad3e616c6bcf81f64d7c,"[""Tennis""]",1785303970.868671,KXITFMATCH-26JUL28WENJON-WEN,Tennis,,KXITFMATCH,5195be65-3a9b-423a-9e35-55f2f5840354,KXITFMATCH-26JUL28WENJON,1785299448.0,quote,,1786501800.0,true,34.5000,34.0000,35.0000,8371.61,23265.23
6,ed2086c87d52482699dee6d41678911f,0,2026-07-29,2026-07-29,29354e42ef0c3a5dcfab2220f035fd1be5874df613426379bae1f33e112f560b,996bed4920d57ac31c4fb24ea30428fd6f75ebf5eff9ad3e616c6bcf81f64d7c,"[""Tennis""]",1785303970.939144,KXITFMATCH-26JUL28CHAHEI-CHA,Tennis,,KXITFMATCH,5ba6a34a-c169-4b0b-b8fd-b835a2127855,KXITFMATCH-26JUL28CHAHEI,1785299809.0,quote,,1786505400.0,true,75.0000,74.0000,76.0000,34.00,113.00
6,ed2086c87d52482699dee6d41678911f,0,2026-07-29,2026-07-29,29354e42ef0c3a5dcfab2220f035fd1be5874df613426379bae1f33e112f560b,996bed4920d57ac31c4fb24ea30428fd6f75ebf5eff9ad3e616c6bcf81f64d7c,"[""Tennis""]",1785303971.012674,KXITFWMATCH-26JUL29SOZMIL-MIL,Tennis,,KXITFWMATCH,0ba82ca4-7c3d-4fe6-9763-af01f430c473,KXITFWMATCH-26JUL29SOZMIL,1785301725.0,quote,,1786510800.0,true,92.5000,92.0000,93.0000,4421.29,105.15
6,ed2086c87d52482699dee6d41678911f,0,2026-07-29,2026-07-29,29354e42ef0c3a5dcfab2220f035fd1be5874df613426379bae1f33e112f560b,996bed4920d57ac31c4fb24ea30428fd6f75ebf5eff9ad3e616c6bcf81f64d7c,"[""Tennis""]",1785303971.17288,KXITFWMATCH-26JUL29YOSKIM-KIM,Tennis,,KXITFWMATCH,9b9eecb5-c6a0-414a-bcf3-57262192676d,KXITFWMATCH-26JUL29YOSKIM,1785301851.0,quote,,1786510800.0,true,59.5000,59.0000,60.0000,2263.98,2246.50
6,ed2086c87d52482699dee6d41678911f,0,2026-07-29,2026-07-29,29354e42ef0c3a5dcfab2220f035fd1be5874df613426379bae1f33e112f560b,996bed4920d57ac31c4fb24ea30428fd6f75ebf5eff9ad3e616c6bcf81f64d7c,"[""Tennis""]",1785303971.251523,KXITFMATCH-26JUL28CHAHEI-HEI,Tennis,,KXITFMATCH,5ba6a34a-c169-4b0b-b8fd-b835a2127855,KXITFMATCH-26JUL28CHAHEI,1785299809.0,quote,,1786505400.0,true,23.5000,23.0000,24.0000,3315.04,3691.82
6,ed2086c87d52482699dee6d41678911f,0,2026-07-29,2026-07-29,29354e42ef0c3a5dcfab2220f035fd1be5874df613426379bae1f33e112f560b,996bed4920d57ac31c4fb24ea30428fd6f75ebf5eff9ad3e616c6bcf81f64d7c,"[""Tennis""]",1785303971.325877,KXITFWMATCH-26JUL29SOZMIL-SOZ,Tennis,,KXITFWMATCH,0ba82ca4-7c3d-4fe6-9763-af01f430c473,KXITFWMATCH-26JUL29SOZMIL,1785301725.0,quote,,1786510800.0,true,6.5000,6.0000,7.0000,2552.31,4945.94
6,ed2086c87d52482699dee6d41678911f,0,2026-07-29,2026-07-29,29354e42ef0c3a5dcfab2220f035fd1be5874df613426379bae1f33e112f560b,996bed4920d57ac31c4fb24ea30428fd6f75ebf5eff9ad3e616c6bcf81f64d7c,"[""Tennis""]",1785303971.39815,KXITFMATCH-26JUL29BRAPIE-PIE,Tennis,,KXITFMATCH,e7bed978-f0a4-4bc6-8904-d9b6730590e4,KXITFMATCH-26JUL29BRAPIE,1785305498.0,quote,,1786514400.0,true,85.5000,85.0000,86.0000,3461.00,1059.07
6,ed2086c87d52482699dee6d41678911f,0,2026-07-29,2026-07-29,29354e42ef0c3a5dcfab2220f035fd1be5874df613426379bae1f33e112f560b,996bed4920d57ac31c4fb24ea30428fd6f75ebf5eff9ad3e616c6bcf81f64d7c,"[""Tennis""]",1785303971.4693959,KXITFWMATCH-26JUL29HOSDYU-DYU,Tennis,,KXITFWMATCH,eff22484-a537-4944-bd0e-5664e98b54bd,KXITFWMATCH-26JUL29HOSDYU,1785301687.0,quote,,1786510800.0,true,76.5000,75.0000,78.0000,33.00,548.93
6,ed2086c87d52482699dee6d41678911f,0,2026-07-29,2026-07-29,29354e42ef0c3a5dcfab2220f035fd1be5874df613426379bae1f33e112f560b,996bed4920d57ac31c4fb24ea30428fd6f75ebf5eff9ad3e616c6bcf81f64d7c,"[""Tennis""]",1785303973.0467148,KXITFMATCH-26JUL28PADSAT-PAD,Tennis,,KXITFMATCH,03e1243d-7dee-4056-a032-cb914b77515a,KXITFMATCH-26JUL28PADSAT,1785294636.0,quote,,1786501800.0,true,39.5000,39.0000,40.0000,21312.83,43455.78
6,ed2086c87d52482699dee6d41678911f,0,2026-07-29,2026-07-29,29354e42ef0c3a5dcfab2220f035fd1be5874df613426379bae1f33e112f560b,996bed4920d57ac31c4fb24ea30428fd6f75ebf5eff9ad3e616c6bcf81f64d7c,"[""Tennis""]",1785303973.1995142,KXITFMATCH-26JUL28WENJON-JON,Tennis,,KXITFMATCH,5195be65-3a9b-423a-9e35-55f2f5840354,KXITFMATCH-26JUL28WENJON,1785299448.0,quote,,1786501800.0,true,65.5000,65.0000,66.0000,11699.17,23247.40
6,ed2086c87d52482699dee6d41678911f,0,2026-07-29,2026-07-29,29354e42ef0c3a5dcfab2220f035fd1be5874df613426379bae1f33e112f560b,996bed4920d57ac31c4fb24ea30428fd6f75ebf5eff9ad3e616c6bcf81f64d7c,"[""Tennis""]",1785303973.270464,KXITFMATCH-26JUL28WENJON-WEN,Tennis,,KXITFMATCH,5195be65-3a9b-423a-9e35-55f2f5840354,KXITFMATCH-26JUL28WENJON,1785299448.0,quote,,1786501800.0,true,34.5000,34.0000,35.0000,8371.61,23265.23
6,ed2086c87d52482699dee6d41678911f,0,2026-07-29,2026-07-29,29354e42ef0c3a5dcfab2220f035fd1be5874df613426379bae1f33e112f560b,996bed4920d57ac31c4fb24ea30428fd6f75ebf5eff9ad3e616c6bcf81f64d7c,"[""Tennis""]",1785303973.342295,KXITFMATCH-26JUL28CHAHEI-CHA,Tennis,,KXITFMATCH,5ba6a34a-c169-4b0b-b8fd-b835a2127855,KXITFMATCH-26JUL28CHAHEI,1785299809.0,quote,,1786505400.0,true,75.0000,74.0000,76.0000,34.00,113.00
6,ed2086c87d52482699dee6d41678911f,0,2026-07-29,2026-07-29,29354e42ef0c3a5dcfab2220f035fd1be5874df613426379bae1f33e112f560b,996bed4920d57ac31c4fb24ea30428fd6f75ebf5eff9ad3e616c6bcf81f64d7c,"[""Tennis""]",1785303973.414593,KXITFWMATCH-26JUL29SOZMIL-MIL,Tennis,,KXITFWMATCH,0ba82ca4-7c3d-4fe6-9763-af01f430c473,KXITFWMATCH-26JUL29SOZMIL,1785301725.0,quote,,1786510800.0,true,92.5000,92.0000,93.0000,4421.29,105.15
6,ed2086c87d52482699dee6d41678911f,0,2026-07-29,2026-07-29,29354e42ef0c3a5dcfab2220f035fd1be5874df613426379bae1f33e112f560b,996bed4920d57ac31c4fb24ea30428fd6f75ebf5eff9ad3e616c6bcf81f64d7c,"[""Tennis""]",1785303973.487385,KXITFWMATCH-26JUL29YOSKIM-KIM,Tennis,,KXITFWMATCH,9b9eecb5-c6a0-414a-bcf3-57262192676d,KXITFWMATCH-26JUL29YOSKIM,1785301851.0,quote,,1786510800.0,true,59.5000,59.0000,60.0000,2263.98,2246.50
6,ed2086c87d52482699dee6d41678911f,0,2026-07-29,2026-07-29,29354e42ef0c3a5dcfab2220f035fd1be5874df613426379bae1f33e112f560b,996bed4920d57ac31c4fb24ea30428fd6f75ebf5eff9ad3e616c6bcf81f64d7c,"[""Tennis""]",1785303973.5619662,KXITFMATCH-26JUL28CHAHEI-HEI,Tennis,,KXITFMATCH,5ba6a34a-c169-4b0b-b8fd-b835a2127855,KXITFMATCH-26JUL28CHAHEI,1785299809.0,quote,,1786505400.0,true,24.0000,23.0000,25.0000,1970.41,1.34
6,ed2086c87d52482699dee6d41678911f,0,2026-07-29,2026-07-29,29354e42ef0c3a5dcfab2220f035fd1be5874df613426379bae1f33e112f560b,996bed4920d57ac31c4fb24ea30428fd6f75ebf5eff9ad3e616c6bcf81f64d7c,"[""Tennis""]",1785303973.6317692,KXITFWMATCH-26JUL29SOZMIL-SOZ,Tennis,,KXITFWMATCH,0ba82ca4-7c3d-4fe6-9763-af01f430c473,KXITFWMATCH-26JUL29SOZMIL,1785301725.0,quote,,1786510800.0,true,6.5000,6.0000,7.0000,2552.31,4945.94
6,ed2086c87d52482699dee6d41678911f,0,2026-07-29,2026-07-29,29354e42ef0c3a5dcfab2220f035fd1be5874df613426379bae1f33e112f560b,996bed4920d57ac31c4fb24ea30428fd6f75ebf5eff9ad3e616c6bcf81f64d7c,"[""Tennis""]",1785303973.791942,KXITFMATCH-26JUL29BRAPIE-PIE,Tennis,,KXITFMATCH,e7bed978-f0a4-4bc6-8904-d9b6730590e4,KXITFMATCH-26JUL29BRAPIE,1785305498.0,quote,,1786514400.0,true,85.5000,85.0000,86.0000,3461.00,1059.07
6,ed2086c87d52482699dee6d41678911f,0,2026-07-29,2026-07-29,29354e42ef0c3a5dcfab2220f035fd1be5874df613426379bae1f33e112f560b,996bed4920d57ac31c4fb24ea30428fd6f75ebf5eff9ad3e616c6bcf81f64d7c,"[""Tennis""]",1785303973.867897,KXITFWMATCH-26JUL29HOSDYU-DYU,Tennis,,KXITFWMATCH,eff22484-a537-4944-bd0e-5664e98b54bd,KXITFWMATCH-26JUL29HOSDYU,1785301687.0,quote,,1786510800.0,true,76.5000,75.0000,78.0000,33.00,548.93
6,ed2086c87d52482699dee6d41678911f,0,2026-07-29,2026-07-29,29354e42ef0c3a5dcfab2220f035fd1be5874df613426379bae1f33e112f560b,996bed4920d57ac31c4fb24ea30428fd6f75ebf5eff9ad3e616c6bcf81f64d7c,"[""Tennis""]",1785303975.454413,KXITFMATCH-26JUL28PADSAT-PAD,Tennis,,KXITFMATCH,03e1243d-7dee-4056-a032-cb914b77515a,KXITFMATCH-26JUL28PADSAT,1785294636.0,quote,,1786501800.0,true,39.5000,39.0000,40.0000,21312.83,43455.78
6,ed2086c87d52482699dee6d41678911f,0,2026-07-29,2026-07-29,29354e42ef0c3a5dcfab2220f035fd1be5874df613426379bae1f33e112f560b,996bed4920d57ac31c4fb24ea30428fd6f75ebf5eff9ad3e616c6bcf81f64d7c,"[""Tennis""]",1785303975.52661,KXITFMATCH-26JUL28WENJON-JON,Tennis,,KXITFMATCH,5195be65-3a9b-423a-9e35-55f2f5840354,KXITFMATCH-26JUL28WENJON,1785299448.0,quote,,1786501800.0,true,65.5000,65.0000,66.0000,11699.17,23247.40
6,ed2086c87d52482699dee6d41678911f,0,2026-07-29,2026-07-29,29354e42ef0c3a5dcfab2220f035fd1be5874df613426379bae1f33e112f560b,996bed4920d57ac31c4fb24ea30428fd6f75ebf5eff9ad3e616c6bcf81f64d7c,"[""Tennis""]",1785303975.598686,KXITFMATCH-26JUL28WENJON-WEN,Tennis,,KXITFMATCH,5195be65-3a9b-423a-9e35-55f2f5840354,KXITFMATCH-26JUL28WENJON,1785299448.0,quote,,1786501800.0,true,34.5000,34.0000,35.0000,8371.61,23265.23
6,ed2086c87d52482699dee6d41678911f,0,2026-07-29,2026-07-29,29354e42ef0c3a5dcfab2220f035fd1be5874df613426379bae1f33e112f560b,996bed4920d57ac31c4fb24ea30428fd6f75ebf5eff9ad3e616c6bcf81f64d7c,"[""Tennis""]",1785303975.67453,KXITFMATCH-26JUL28CHAHEI-CHA,Tennis,,KXITFMATCH,5ba6a34a-c169-4b0b-b8fd-b835a2127855,KXITFMATCH-26JUL28CHAHEI,1785299809.0,quote,,1786505400.0,true,75.0000,74.0000,76.0000,34.00,113.00
6,ed2086c87d52482699dee6d41678911f,0,2026-07-29,2026-07-29,29354e42ef0c3a5dcfab2220f035fd1be5874df613426379bae1f33e112f560b,996bed4920d57ac31c4fb24ea30428fd6f75ebf5eff9ad3e616c6bcf81f64d7c,"[""Tennis""]",1785303975.8245409,KXITFWMATCH-26JUL29SOZMIL-MIL,Tennis,,KXITFWMATCH,0ba82ca4-7c3d-4fe6-9763-af01f430c473,KXITFWMATCH-26JUL29SOZMIL,1785301725.0,quote,,1786510800.0,true,92.5000,92.0000,93.0000,4421.29,105.15
6,ed2086c87d52482699dee6d41678911f,0,2026-07-29,2026-07-29,29354e42ef0c3a5dcfab2220f035fd1be5874df613426379bae1f33e112f560b,996bed4920d57ac31c4fb24ea30428fd6f75ebf5eff9ad3e616c6bcf81f64d7c,"[""Tennis""]",1785303975.8945222,KXITFWMATCH-26JUL29YOSKIM-KIM,Tennis,,KXITFWMATCH,9b9eecb5-c6a0-414a-bcf3-57262192676d,KXITFWMATCH-26JUL29YOSKIM,1785301851.0,quote,,1786510800.0,true,59.5000,59.0000,60.0000,2263.98,2246.50
6,ed2086c87d52482699dee6d41678911f,0,2026-07-29,2026-07-29,29354e42ef0c3a5dcfab2220f035fd1be5874df613426379bae1f33e112f560b,996bed4920d57ac31c4fb24ea30428fd6f75ebf5eff9ad3e616c6bcf81f64d7c,"[""Tennis""]",1785303975.9643142,KXITFMATCH-26JUL28CHAHEI-HEI,Tennis,,KXITFMATCH,5ba6a34a-c169-4b0b-b8fd-b835a2127855,KXITFMATCH-26JUL28CHAHEI,1785299809.0,quote,,1786505400.0,true,24.0000,23.0000,25.0000,1970.41,1.34
6,ed2086c87d52482699dee6d41678911f,0,2026-07-29,2026-07-29,29354e42ef0c3a5dcfab2220f035fd1be5874df613426379bae1f33e112f560b,996bed4920d57ac31c4fb24ea30428fd6f75ebf5eff9ad3e616c6bcf81f64d7c,"[""Tennis""]",1785303976.0352829,KXITFWMATCH-26JUL29SOZMIL-SOZ,Tennis,,KXITFWMATCH,0ba82ca4-7c3d-4fe6-9763-af01f430c473,KXITFWMATCH-26JUL29SOZMIL,1785301725.0,quote,,1786510800.0,true,6.5000,6.0000,7.0000,2552.31,4945.94
6,ed2086c87d52482699dee6d41678911f,0,2026-07-29,2026-07-29,29354e42ef0c3a5dcfab2220f035fd1be5874df613426379bae1f33e112f560b,996bed4920d57ac31c4fb24ea30428fd6f75ebf5eff9ad3e616c6bcf81f64d7c,"[""Tennis""]",1785303976.105206,KXITFMATCH-26JUL29BRAPIE-PIE,Tennis,,KXITFMATCH,e7bed978-f0a4-4bc6-8904-d9b6730590e4,KXITFMATCH-26JUL29BRAPIE,1785305498.0,quote,,1786514400.0,true,85.5000,85.0000,86.0000,3461.00,1059.07
6,ed2086c87d52482699dee6d41678911f,0,2026-07-29,2026-07-29,29354e42ef0c3a5dcfab2220f035fd1be5874df613426379bae1f33e112f560b,996bed4920d57ac31c4fb24ea30428fd6f75ebf5eff9ad3e616c6bcf81f64d7c,"[""Tennis""]",1785303976.176316,KXITFWMATCH-26JUL29HOSDYU-DYU,Tennis,,KXITFWMATCH,eff22484-a537-4944-bd0e-5664e98b54bd,KXITFWMATCH-26JUL29HOSDYU,1785301687.0,quote,,1786510800.0,true,76.5000,75.0000,78.0000,33.00,548.93
6,ed2086c87d52482699dee6d41678911f,0,2026-07-29,2026-07-29,29354e42ef0c3a5dcfab2220f035fd1be5874df613426379bae1f33e112f560b,996bed4920d57ac31c4fb24ea30428fd6f75ebf5eff9ad3e616c6bcf81f64d7c,"[""Tennis""]",1785303977.75307,KXITFMATCH-26JUL28PADSAT-PAD,Tennis,,KXITFMATCH,03e1243d-7dee-4056-a032-cb914b77515a,KXITFMATCH-26JUL28PADSAT,1785294636.0,quote,,1786501800.0,true,39.5000,39.0000,40.0000,21312.83,43455.78
6,ed2086c87d52482699dee6d41678911f,0,2026-07-29,2026-07-29,29354e42ef0c3a5dcfab2220f035fd1be5874df613426379bae1f33e112f560b,996bed4920d57ac31c4fb24ea30428fd6f75ebf5eff9ad3e616c6bcf81f64d7c,"[""Tennis""]",1785303977.823702,KXITFMATCH-26JUL28WENJON-JON,Tennis,,KXITFMATCH,5195be65-3a9b-423a-9e35-55f2f5840354,KXITFMATCH-26JUL28WENJON,1785299448.0,quote,,1786501800.0,true,65.5000,65.0000,66.0000,11699.17,23247.40
6,ed2086c87d52482699dee6d41678911f,0,2026-07-29,2026-07-29,29354e42ef0c3a5dcfab2220f035fd1be5874df613426379bae1f33e112f560b,996bed4920d57ac31c4fb24ea30428fd6f75ebf5eff9ad3e616c6bcf81f64d7c,"[""Tennis""]",1785303977.984679,KXITFMATCH-26JUL28WENJON-WEN,Tennis,,KXITFMATCH,5195be65-3a9b-423a-9e35-55f2f5840354,KXITFMATCH-26JUL28WENJON,1785299448.0,quote,,1786501800.0,true,34.5000,34.0000,35.0000,8119.62,23235.91
6,ed2086c87d52482699dee6d41678911f,0,2026-07-29,2026-07-29,29354e42ef0c3a5dcfab2220f035fd1be5874df613426379bae1f33e112f560b,996bed4920d57ac31c4fb24ea30428fd6f75ebf5eff9ad3e616c6bcf81f64d7c,"[""Tennis""]",1785303978.055209,KXITFMATCH-26JUL28CHAHEI-CHA,Tennis,,KXITFMATCH,5ba6a34a-c169-4b0b-b8fd-b835a2127855,KXITFMATCH-26JUL28CHAHEI,1785299809.0,quote,,1786505400.0,true,75.0000,74.0000,76.0000,34.00,113.00
6,ed2086c87d52482699dee6d41678911f,0,2026-07-29,2026-07-29,29354e42ef0c3a5dcfab2220f035fd1be5874df613426379bae1f33e112f560b,996bed4920d57ac31c4fb24ea30428fd6f75ebf5eff9ad3e616c6bcf81f64d7c,"[""Tennis""]",1785303978.127984,KXITFWMATCH-26JUL29SOZMIL-MIL,Tennis,,KXITFWMATCH,0ba82ca4-7c3d-4fe6-9763-af01f430c473,KXITFWMATCH-26JUL29SOZMIL,1785301725.0,quote,,1786510800.0,true,92.5000,92.0000,93.0000,4421.29,105.15
6,ed2086c87d52482699dee6d41678911f,0,2026-07-29,2026-07-29,29354e42ef0c3a5dcfab2220f035fd1be5874df613426379bae1f33e112f560b,996bed4920d57ac31c4fb24ea30428fd6f75ebf5eff9ad3e616c6bcf81f64d7c,"[""Tennis""]",1785303978.201213,KXITFWMATCH-26JUL29YOSKIM-KIM,Tennis,,KXITFWMATCH,9b9eecb5-c6a0-414a-bcf3-57262192676d,KXITFWMATCH-26JUL29YOSKIM,1785301851.0,quote,,1786510800.0,true,59.5000,59.0000,60.0000,2261.98,2246.50
6,ed2086c87d52482699dee6d41678911f,0,2026-07-29,2026-07-29,29354e42ef0c3a5dcfab2220f035fd1be5874df613426379bae1f33e112f560b,996bed4920d57ac31c4fb24ea30428fd6f75ebf5eff9ad3e616c6bcf81f64d7c,"[""Tennis""]",1785303978.2711139,KXITFMATCH-26JUL28CHAHEI-HEI,Tennis,,KXITFMATCH,5ba6a34a-c169-4b0b-b8fd-b835a2127855,KXITFMATCH-26JUL28CHAHEI,1785299809.0,quote,,1786505400.0,true,24.0000,23.0000,25.0000,1970.41,1.34
6,ed2086c87d52482699dee6d41678911f,0,2026-07-29,2026-07-29,29354e42ef0c3a5dcfab2220f035fd1be5874df613426379bae1f33e112f560b,996bed4920d57ac31c4fb24ea30428fd6f75ebf5eff9ad3e616c6bcf81f64d7c,"[""Tennis""]",1785303978.342617,KXITFWMATCH-26JUL29SOZMIL-SOZ,Tennis,,KXITFWMATCH,0ba82ca4-7c3d-4fe6-9763-af01f430c473,KXITFWMATCH-26JUL29SOZMIL,1785301725.0,quote,,1786510800.0,true,6.5000,6.0000,7.0000,2552.31,4945.94
6,ed2086c87d52482699dee6d41678911f,0,2026-07-29,2026-07-29,29354e42ef0c3a5dcfab2220f035fd1be5874df613426379bae1f33e112f560b,996bed4920d57ac31c4fb24ea30428fd6f75ebf5eff9ad3e616c6bcf81f64d7c,"[""Tennis""]",1785303978.441111,KXITFMATCH-26JUL29BRAPIE-PIE,Tennis,,KXITFMATCH,e7bed978-f0a4-4bc6-8904-d9b6730590e4,KXITFMATCH-26JUL29BRAPIE,1785305498.0,quote,,1786514400.0,true,85.5000,85.0000,86.0000,3461.00,1059.07
6,ed2086c87d52482699dee6d41678911f,0,2026-07-29,2026-07-29,29354e42ef0c3a5dcfab2220f035fd1be5874df613426379bae1f33e112f560b,996bed4920d57ac31c4fb24ea30428fd6f75ebf5eff9ad3e616c6bcf81f64d7c,"[""Tennis""]",1785303978.5148532,KXITFWMATCH-26JUL29HOSDYU-DYU,Tennis,,KXITFWMATCH,eff22484-a537-4944-bd0e-5664e98b54bd,KXITFWMATCH-26JUL29HOSDYU,1785301687.0,quote,,1786510800.0,true,76.5000,75.0000,78.0000,33.00,548.93
6,ed2086c87d52482699dee6d41678911f,0,2026-07-29,2026-07-29,29354e42ef0c3a5dcfab2220f035fd1be5874df613426379bae1f33e112f560b,996bed4920d57ac31c4fb24ea30428fd6f75ebf5eff9ad3e616c6bcf81f64d7c,"[""Tennis""]",1785303980.090847,KXITFMATCH-26JUL28PADSAT-PAD,Tennis,,KXITFMATCH,03e1243d-7dee-4056-a032-cb914b77515a,KXITFMATCH-26JUL28PADSAT,1785294636.0,quote,,1786501800.0,true,39.5000,39.0000,40.0000,21312.83,43455.78
6,ed2086c87d52482699dee6d41678911f,0,2026-07-29,2026-07-29,29354e42ef0c3a5dcfab2220f035fd1be5874df613426379bae1f33e112f560b,996bed4920d57ac31c4fb24ea30428fd6f75ebf5eff9ad3e616c6bcf81f64d7c,"[""Tennis""]",1785303980.165212,KXITFMATCH-26JUL28WENJON-JON,Tennis,,KXITFMATCH,5195be65-3a9b-423a-9e35-55f2f5840354,KXITFMATCH-26JUL28WENJON,1785299448.0,quote,,1786501800.0,true,65.5000,65.0000,66.0000,11699.17,23247.40
6,ed2086c87d52482699dee6d41678911f,0,2026-07-29,2026-07-29,29354e42ef0c3a5dcfab2220f035fd1be5874df613426379bae1f33e112f560b,996bed4920d57ac31c4fb24ea30428fd6f75ebf5eff9ad3e616c6bcf81f64d7c,"[""Tennis""]",1785303980.239305,KXITFMATCH-26JUL28WENJON-WEN,Tennis,,KXITFMATCH,5195be65-3a9b-423a-9e35-55f2f5840354,KXITFMATCH-26JUL28WENJON,1785299448.0,quote,,1786501800.0,true,34.5000,34.0000,35.0000,8119.62,23235.91
6,ed2086c87d52482699dee6d41678911f,0,2026-07-29,2026-07-29,29354e42ef0c3a5dcfab2220f035fd1be5874df613426379bae1f33e112f560b,996bed4920d57ac31c4fb24ea30428fd6f75ebf5eff9ad3e616c6bcf81f64d7c,"[""Tennis""]",1785303980.309731,KXITFMATCH-26JUL28CHAHEI-CHA,Tennis,,KXITFMATCH,5ba6a34a-c169-4b0b-b8fd-b835a2127855,KXITFMATCH-26JUL28CHAHEI,1785299809.0,quote,,1786505400.0,true,75.0000,74.0000,76.0000,34.00,525.00
6,ed2086c87d52482699dee6d41678911f,0,2026-07-29,2026-07-29,29354e42ef0c3a5dcfab2220f035fd1be5874df613426379bae1f33e112f560b,996bed4920d57ac31c4fb24ea30428fd6f75ebf5eff9ad3e616c6bcf81f64d7c,"[""Tennis""]",1785303980.3806121,KXITFWMATCH-26JUL29SOZMIL-MIL,Tennis,,KXITFWMATCH,0ba82ca4-7c3d-4fe6-9763-af01f430c473,KXITFWMATCH-26JUL29SOZMIL,1785301725.0,quote,,1786510800.0,true,92.5000,92.0000,93.0000,4421.29,105.15
6,ed2086c87d52482699dee6d41678911f,0,2026-07-29,2026-07-29,29354e42ef0c3a5dcfab2220f035fd1be5874df613426379bae1f33e112f560b,996bed4920d57ac31c4fb24ea30428fd6f75ebf5eff9ad3e616c6bcf81f64d7c,"[""Tennis""]",1785303980.543801,KXITFWMATCH-26JUL29YOSKIM-KIM,Tennis,,KXITFWMATCH,9b9eecb5-c6a0-414a-bcf3-57262192676d,KXITFWMATCH-26JUL29YOSKIM,1785301851.0,quote,,1786510800.0,true,59.5000,59.0000,60.0000,2261.98,2246.50
6,ed2086c87d52482699dee6d41678911f,0,2026-07-29,2026-07-29,29354e42ef0c3a5dcfab2220f035fd1be5874df613426379bae1f33e112f560b,996bed4920d57ac31c4fb24ea30428fd6f75ebf5eff9ad3e616c6bcf81f64d7c,"[""Tennis""]",1785303980.612963,KXITFMATCH-26JUL28CHAHEI-HEI,Tennis,,KXITFMATCH,5ba6a34a-c169-4b0b-b8fd-b835a2127855,KXITFMATCH-26JUL28CHAHEI,1785299809.0,quote,,1786505400.0,true,24.0000,23.0000,25.0000,1970.41,1.34
6,ed2086c87d52482699dee6d41678911f,0,2026-07-29,2026-07-29,29354e42ef0c3a5dcfab2220f035fd1be5874df613426379bae1f33e112f560b,996bed4920d57ac31c4fb24ea30428fd6f75ebf5eff9ad3e616c6bcf81f64d7c,"[""Tennis""]",1785303980.682411,KXITFWMATCH-26JUL29SOZMIL-SOZ,Tennis,,KXITFWMATCH,0ba82ca4-7c3d-4fe6-9763-af01f430c473,KXITFWMATCH-26JUL29SOZMIL,1785301725.0,quote,,1786510800.0,true,6.5000,6.0000,7.0000,2552.31,4945.94
6,ed2086c87d52482699dee6d41678911f,0,2026-07-29,2026-07-29,29354e42ef0c3a5dcfab2220f035fd1be5874df613426379bae1f33e112f560b,996bed4920d57ac31c4fb24ea30428fd6f75ebf5eff9ad3e616c6bcf81f64d7c,"[""Tennis""]",1785303980.753773,KXITFMATCH-26JUL29BRAPIE-PIE,Tennis,,KXITFMATCH,e7bed978-f0a4-4bc6-8904-d9b6730590e4,KXITFMATCH-26JUL29BRAPIE,1785305498.0,quote,,1786514400.0,true,85.5000,85.0000,86.0000,3461.00,1059.07
6,ed2086c87d52482699dee6d41678911f,0,2026-07-29,2026-07-29,29354e42ef0c3a5dcfab2220f035fd1be5874df613426379bae1f33e112f560b,996bed4920d57ac31c4fb24ea30428fd6f75ebf5eff9ad3e616c6bcf81f64d7c,"[""Tennis""]",1785303980.824476,KXITFWMATCH-26JUL29HOSDYU-DYU,Tennis,,KXITFWMATCH,eff22484-a537-4944-bd0e-5664e98b54bd,KXITFWMATCH-26JUL29HOSDYU,1785301687.0,quote,,1786510800.0,true,76.5000,75.0000,78.0000,33.00,548.93
6,ed2086c87d52482699dee6d41678911f,0,2026-07-29,2026-07-29,29354e42ef0c3a5dcfab2220f035fd1be5874df613426379bae1f33e112f560b,996bed4920d57ac31c4fb24ea30428fd6f75ebf5eff9ad3e616c6bcf81f64d7c,"[""Tennis""]",1785303982.406225,KXITFMATCH-26JUL28PADSAT-PAD,Tennis,,KXITFMATCH,03e1243d-7dee-4056-a032-cb914b77515a,KXITFMATCH-26JUL28PADSAT,1785294636.0,quote,,1786501800.0,true,39.5000,39.0000,40.0000,21312.83,43455.78
6,ed2086c87d52482699dee6d41678911f,0,2026-07-29,2026-07-29,29354e42ef0c3a5dcfab2220f035fd1be5874df613426379bae1f33e112f560b,996bed4920d57ac31c4fb24ea30428fd6f75ebf5eff9ad3e616c6bcf81f64d7c,"[""Tennis""]",1785303982.48105,KXITFMATCH-26JUL28WENJON-JON,Tennis,,KXITFMATCH,5195be65-3a9b-423a-9e35-55f2f5840354,KXITFMATCH-26JUL28WENJON,1785299448.0,quote,,1786501800.0,true,65.5000,65.0000,66.0000,11699.17,23247.40
6,ed2086c87d52482699dee6d41678911f,0,2026-07-29,2026-07-29,29354e42ef0c3a5dcfab2220f035fd1be5874df613426379bae1f33e112f560b,996bed4920d57ac31c4fb24ea30428fd6f75ebf5eff9ad3e616c6bcf81f64d7c,"[""Tennis""]",1785303982.6417432,KXITFMATCH-26JUL28WENJON-WEN,Tennis,,KXITFMATCH,5195be65-3a9b-423a-9e35-55f2f5840354,KXITFMATCH-26JUL28WENJON,1785299448.0,quote,,1786501800.0,true,34.5000,34.0000,35.0000,8119.62,23235.91
6,ed2086c87d52482699dee6d41678911f,0,2026-07-29,2026-07-29,29354e42ef0c3a5dcfab2220f035fd1be5874df613426379bae1f33e112f560b,996bed4920d57ac31c4fb24ea30428fd6f75ebf5eff9ad3e616c6bcf81f64d7c,"[""Tennis""]",1785303982.713526,KXITFMATCH-26JUL28CHAHEI-CHA,Tennis,,KXITFMATCH,5ba6a34a-c169-4b0b-b8fd-b835a2127855,KXITFMATCH-26JUL28CHAHEI,1785299809.0,quote,,1786505400.0,true,75.0000,74.0000,76.0000,34.00,525.00
6,ed2086c87d52482699dee6d41678911f,0,2026-07-29,2026-07-29,29354e42ef0c3a5dcfab2220f035fd1be5874df613426379bae1f33e112f560b,996bed4920d57ac31c4fb24ea30428fd6f75ebf5eff9ad3e616c6bcf81f64d7c,"[""Tennis""]",1785303982.785558,KXITFWMATCH-26JUL29SOZMIL-MIL,Tennis,,KXITFWMATCH,0ba82ca4-7c3d-4fe6-9763-af01f430c473,KXITFWMATCH-26JUL29SOZMIL,1785301725.0,quote,,1786510800.0,true,92.5000,92.0000,93.0000,4578.29,105.15
6,ed2086c87d52482699dee6d41678911f,0,2026-07-29,2026-07-29,29354e42ef0c3a5dcfab2220f035fd1be5874df613426379bae1f33e112f560b,996bed4920d57ac31c4fb24ea30428fd6f75ebf5eff9ad3e616c6bcf81f64d7c,"[""Tennis""]",1785303982.856479,KXITFWMATCH-26JUL29YOSKIM-KIM,Tennis,,KXITFWMATCH,9b9eecb5-c6a0-414a-bcf3-57262192676d,KXITFWMATCH-26JUL29YOSKIM,1785301851.0,quote,,1786510800.0,true,59.5000,59.0000,60.0000,2261.98,2246.50
6,ed2086c87d52482699dee6d41678911f,0,2026-07-29,2026-07-29,29354e42ef0c3a5dcfab2220f035fd1be5874df613426379bae1f33e112f560b,996bed4920d57ac31c4fb24ea30428fd6f75ebf5eff9ad3e616c6bcf81f64d7c,"[""Tennis""]",1785303982.928309,KXITFMATCH-26JUL28CHAHEI-HEI,Tennis,,KXITFMATCH,5ba6a34a-c169-4b0b-b8fd-b835a2127855,KXITFMATCH-26JUL28CHAHEI,1785299809.0,quote,,1786505400.0,true,24.0000,23.0000,25.0000,1970.41,1.34
6,ed2086c87d52482699dee6d41678911f,0,2026-07-29,2026-07-29,29354e42ef0c3a5dcfab2220f035fd1be5874df613426379bae1f33e112f560b,996bed4920d57ac31c4fb24ea30428fd6f75ebf5eff9ad3e616c6bcf81f64d7c,"[""Tennis""]",1785303983.000132,KXITFWMATCH-26JUL29SOZMIL-SOZ,Tennis,,KXITFWMATCH,0ba82ca4-7c3d-4fe6-9763-af01f430c473,KXITFWMATCH-26JUL29SOZMIL,1785301725.0,quote,,1786510800.0,true,6.5000,6.0000,7.0000,2552.31,4945.94
6,ed2086c87d52482699dee6d41678911f,0,2026-07-29,2026-07-29,29354e42ef0c3a5dcfab2220f035fd1be5874df613426379bae1f33e112f560b,996bed4920d57ac31c4fb24ea30428fd6f75ebf5eff9ad3e616c6bcf81f64d7c,"[""Tennis""]",1785303983.072321,KXITFMATCH-26JUL29BRAPIE-PIE,Tennis,,KXITFMATCH,e7bed978-f0a4-4bc6-8904-d9b6730590e4,KXITFMATCH-26JUL29BRAPIE,1785305498.0,quote,,1786514400.0,true,85.5000,85.0000,86.0000,3461.00,1059.07
6,ed2086c87d52482699dee6d41678911f,0,2026-07-29,2026-07-29,29354e42ef0c3a5dcfab2220f035fd1be5874df613426379bae1f33e112f560b,996bed4920d57ac31c4fb24ea30428fd6f75ebf5eff9ad3e616c6bcf81f64d7c,"[""Tennis""]",1785303983.231415,KXITFWMATCH-26JUL29HOSDYU-DYU,Tennis,,KXITFWMATCH,eff22484-a537-4944-bd0e-5664e98b54bd,KXITFWMATCH-26JUL29HOSDYU,1785301687.0,quote,,1786510800.0,true,76.5000,75.0000,78.0000,33.00,548.93
6,ed2086c87d52482699dee6d41678911f,0,2026-07-29,2026-07-29,29354e42ef0c3a5dcfab2220f035fd1be5874df613426379bae1f33e112f560b,996bed4920d57ac31c4fb24ea30428fd6f75ebf5eff9ad3e616c6bcf81f64d7c,"[""Tennis""]",1785303984.813662,KXITFMATCH-26JUL28PADSAT-PAD,Tennis,,KXITFMATCH,03e1243d-7dee-4056-a032-cb914b77515a,KXITFMATCH-26JUL28PADSAT,1785294636.0,quote,,1786501800.0,true,39.5000,39.0000,40.0000,21312.83,42892.26
6,ed2086c87d52482699dee6d41678911f,0,2026-07-29,2026-07-29,29354e42ef0c3a5dcfab2220f035fd1be5874df613426379bae1f33e112f560b,996bed4920d57ac31c4fb24ea30428fd6f75ebf5eff9ad3e616c6bcf81f64d7c,"[""Tennis""]",1785303984.884109,KXITFMATCH-26JUL28WENJON-JON,Tennis,,KXITFMATCH,5195be65-3a9b-423a-9e35-55f2f5840354,KXITFMATCH-26JUL28WENJON,1785299448.0,quote,,1786501800.0,true,65.5000,65.0000,66.0000,11699.17,23247.40
6,ed2086c87d52482699dee6d41678911f,0,2026-07-29,2026-07-29,29354e42ef0c3a5dcfab2220f035fd1be5874df613426379bae1f33e112f560b,996bed4920d57ac31c4fb24ea30428fd6f75ebf5eff9ad3e616c6bcf81f64d7c,"[""Tennis""]",1785303984.9552808,KXITFMATCH-26JUL28WENJON-WEN,Tennis,,KXITFMATCH,5195be65-3a9b-423a-9e35-55f2f5840354,KXITFMATCH-26JUL28WENJON,1785299448.0,quote,,1786501800.0,true,34.5000,34.0000,35.0000,8119.62,23235.91
6,ed2086c87d52482699dee6d41678911f,0,2026-07-29,2026-07-29,29354e42ef0c3a5dcfab2220f035fd1be5874df613426379bae1f33e112f560b,996bed4920d57ac31c4fb24ea30428fd6f75ebf5eff9ad3e616c6bcf81f64d7c,"[""Tennis""]",1785303985.0266519,KXITFMATCH-26JUL28CHAHEI-CHA,Tennis,,KXITFMATCH,5ba6a34a-c169-4b0b-b8fd-b835a2127855,KXITFMATCH-26JUL28CHAHEI,1785299809.0,quote,,1786505400.0,true,75.0000,74.0000,76.0000,34.00,525.00
6,ed2086c87d52482699dee6d41678911f,0,2026-07-29,2026-07-29,29354e42ef0c3a5dcfab2220f035fd1be5874df613426379bae1f33e112f560b,996bed4920d57ac31c4fb24ea30428fd6f75ebf5eff9ad3e616c6bcf81f64d7c,"[""Tennis""]",1785303985.097302,KXITFWMATCH-26JUL29SOZMIL-MIL,Tennis,,KXITFWMATCH,0ba82ca4-7c3d-4fe6-9763-af01f430c473,KXITFWMATCH-26JUL29SOZMIL,1785301725.0,quote,,1786510800.0,true,92.5000,92.0000,93.0000,4578.29,105.15
6,ed2086c87d52482699dee6d41678911f,0,2026-07-29,2026-07-29,29354e42ef0c3a5dcfab2220f035fd1be5874df613426379bae1f33e112f560b,996bed4920d57ac31c4fb24ea30428fd6f75ebf5eff9ad3e616c6bcf81f64d7c,"[""Tennis""]",1785303985.168128,KXITFWMATCH-26JUL29YOSKIM-KIM,Tennis,,KXITFWMATCH,9b9eecb5-c6a0-414a-bcf3-57262192676d,KXITFWMATCH-26JUL29YOSKIM,1785301851.0,quote,,1786510800.0,true,59.5000,59.0000,60.0000,2261.98,2246.50
6,ed2086c87d52482699dee6d41678911f,0,2026-07-29,2026-07-29,29354e42ef0c3a5dcfab2220f035fd1be5874df613426379bae1f33e112f560b,996bed4920d57ac31c4fb24ea30428fd6f75ebf5eff9ad3e616c6bcf81f64d7c,"[""Tennis""]",1785303985.325139,KXITFMATCH-26JUL28CHAHEI-HEI,Tennis,,KXITFMATCH,5ba6a34a-c169-4b0b-b8fd-b835a2127855,KXITFMATCH-26JUL28CHAHEI,1785299809.0,quote,,1786505400.0,true,23.5000,22.0000,25.0000,525.00,61.25
6,ed2086c87d52482699dee6d41678911f,0,2026-07-29,2026-07-29,29354e42ef0c3a5dcfab2220f035fd1be5874df613426379bae1f33e112f560b,996bed4920d57ac31c4fb24ea30428fd6f75ebf5eff9ad3e616c6bcf81f64d7c,"[""Tennis""]",1785303985.453805,KXITFWMATCH-26JUL29SOZMIL-SOZ,Tennis,,KXITFWMATCH,0ba82ca4-7c3d-4fe6-9763-af01f430c473,KXITFWMATCH-26JUL29SOZMIL,1785301725.0,quote,,1786510800.0,true,6.5000,6.0000,7.0000,2552.31,4945.94
6,ed2086c87d52482699dee6d41678911f,0,2026-07-29,2026-07-29,29354e42ef0c3a5dcfab2220f035fd1be5874df613426379bae1f33e112f560b,996bed4920d57ac31c4fb24ea30428fd6f75ebf5eff9ad3e616c6bcf81f64d7c,"[""Tennis""]",1785303985.53398,KXITFMATCH-26JUL29BRAPIE-PIE,Tennis,,KXITFMATCH,e7bed978-f0a4-4bc6-8904-d9b6730590e4,KXITFMATCH-26JUL29BRAPIE,1785305498.0,quote,,1786514400.0,true,85.5000,85.0000,86.0000,3461.00,1059.07
6,ed2086c87d52482699dee6d41678911f,0,2026-07-29,2026-07-29,29354e42ef0c3a5dcfab2220f035fd1be5874df613426379bae1f33e112f560b,996bed4920d57ac31c4fb24ea30428fd6f75ebf5eff9ad3e616c6bcf81f64d7c,"[""Tennis""]",1785303985.6039538,KXITFWMATCH-26JUL29HOSDYU-DYU,Tennis,,KXITFWMATCH,eff22484-a537-4944-bd0e-5664e98b54bd,KXITFWMATCH-26JUL29HOSDYU,1785301687.0,quote,,1786510800.0,true,76.5000,75.0000,78.0000,33.00,548.93
6,ed2086c87d52482699dee6d41678911f,0,2026-07-29,2026-07-29,29354e42ef0c3a5dcfab2220f035fd1be5874df613426379bae1f33e112f560b,996bed4920d57ac31c4fb24ea30428fd6f75ebf5eff9ad3e616c6bcf81f64d7c,"[""Tennis""]",1785303987.1774,KXITFMATCH-26JUL28PADSAT-PAD,Tennis,,KXITFMATCH,03e1243d-7dee-4056-a032-cb914b77515a,KXITFMATCH-26JUL28PADSAT,1785294636.0,quote,,1786501800.0,true,39.5000,39.0000,40.0000,21312.83,42892.26
6,ed2086c87d52482699dee6d41678911f,0,2026-07-29,2026-07-29,29354e42ef0c3a5dcfab2220f035fd1be5874df613426379bae1f33e112f560b,996bed4920d57ac31c4fb24ea30428fd6f75ebf5eff9ad3e616c6bcf81f64d7c,"[""Tennis""]",1785303987.247287,KXITFMATCH-26JUL28WENJON-JON,Tennis,,KXITFMATCH,5195be65-3a9b-423a-9e35-55f2f5840354,KXITFMATCH-26JUL28WENJON,1785299448.0,quote,,1786501800.0,true,65.5000,65.0000,66.0000,11449.17,23247.40
6,ed2086c87d52482699dee6d41678911f,0,2026-07-29,2026-07-29,29354e42ef0c3a5dcfab2220f035fd1be5874df613426379bae1f33e112f560b,996bed4920d57ac31c4fb24ea30428fd6f75ebf5eff9ad3e616c6bcf81f64d7c,"[""Tennis""]",1785303987.359002,KXITFMATCH-26JUL28WENJON-WEN,Tennis,,KXITFMATCH,5195be65-3a9b-423a-9e35-55f2f5840354,KXITFMATCH-26JUL28WENJON,1785299448.0,quote,,1786501800.0,true,34.5000,34.0000,35.0000,8119.62,23235.91
6,ed2086c87d52482699dee6d41678911f,0,2026-07-29,2026-07-29,29354e42ef0c3a5dcfab2220f035fd1be5874df613426379bae1f33e112f560b,996bed4920d57ac31c4fb24ea30428fd6f75ebf5eff9ad3e616c6bcf81f64d7c,"[""Tennis""]",1785303987.430264,KXITFMATCH-26JUL28CHAHEI-CHA,Tennis,,KXITFMATCH,5ba6a34a-c169-4b0b-b8fd-b835a2127855,KXITFMATCH-26JUL28CHAHEI,1785299809.0,quote,,1786505400.0,true,75.0000,74.0000,76.0000,34.00,525.00
6,ed2086c87d52482699dee6d41678911f,0,2026-07-29,2026-07-29,29354e42ef0c3a5dcfab2220f035fd1be5874df613426379bae1f33e112f560b,996bed4920d57ac31c4fb24ea30428fd6f75ebf5eff9ad3e616c6bcf81f64d7c,"[""Tennis""]",1785303987.500885,KXITFWMATCH-26JUL29SOZMIL-MIL,Tennis,,KXITFWMATCH,0ba82ca4-7c3d-4fe6-9763-af01f430c473,KXITFWMATCH-26JUL29SOZMIL,1785301725.0,quote,,1786510800.0,true,92.5000,92.0000,93.0000,4578.29,105.15
6,ed2086c87d52482699dee6d41678911f,0,2026-07-29,2026-07-29,29354e42ef0c3a5dcfab2220f035fd1be5874df613426379bae1f33e112f560b,996bed4920d57ac31c4fb24ea30428fd6f75ebf5eff9ad3e616c6bcf81f64d7c,"[""Tennis""]",1785303987.571887,KXITFWMATCH-26JUL29YOSKIM-KIM,Tennis,,KXITFWMATCH,9b9eecb5-c6a0-414a-bcf3-57262192676d,KXITFWMATCH-26JUL29YOSKIM,1785301851.0,quote,,1786510800.0,true,59.5000,59.0000,60.0000,2261.98,2246.50
6,ed2086c87d52482699dee6d41678911f,0,2026-07-29,2026-07-29,29354e42ef0c3a5dcfab2220f035fd1be5874df613426379bae1f33e112f560b,996bed4920d57ac31c4fb24ea30428fd6f75ebf5eff9ad3e616c6bcf81f64d7c,"[""Tennis""]",1785303987.64473,KXITFMATCH-26JUL28CHAHEI-HEI,Tennis,,KXITFMATCH,5ba6a34a-c169-4b0b-b8fd-b835a2127855,KXITFMATCH-26JUL28CHAHEI,1785299809.0,quote,,1786505400.0,true,23.5000,22.0000,25.0000,525.00,61.25
6,ed2086c87d52482699dee6d41678911f,0,2026-07-29,2026-07-29,29354e42ef0c3a5dcfab2220f035fd1be5874df613426379bae1f33e112f560b,996bed4920d57ac31c4fb24ea30428fd6f75ebf5eff9ad3e616c6bcf81f64d7c,"[""Tennis""]",1785303987.71599,KXITFWMATCH-26JUL29SOZMIL-SOZ,Tennis,,KXITFWMATCH,0ba82ca4-7c3d-4fe6-9763-af01f430c473,KXITFWMATCH-26JUL29SOZMIL,1785301725.0,quote,,1786510800.0,true,6.5000,6.0000,7.0000,2552.31,4945.94
6,ed2086c87d52482699dee6d41678911f,0,2026-07-29,2026-07-29,29354e42ef0c3a5dcfab2220f035fd1be5874df613426379bae1f33e112f560b,996bed4920d57ac31c4fb24ea30428fd6f75ebf5eff9ad3e616c6bcf81f64d7c,"[""Tennis""]",1785303987.7871969,KXITFMATCH-26JUL29BRAPIE-PIE,Tennis,,KXITFMATCH,e7bed978-f0a4-4bc6-8904-d9b6730590e4,KXITFMATCH-26JUL29BRAPIE,1785305498.0,quote,,1786514400.0,true,85.5000,85.0000,86.0000,3461.00,1059.07
6,ed2086c87d52482699dee6d41678911f,0,2026-07-29,2026-07-29,29354e42ef0c3a5dcfab2220f035fd1be5874df613426379bae1f33e112f560b,996bed4920d57ac31c4fb24ea30428fd6f75ebf5eff9ad3e616c6bcf81f64d7c,"[""Tennis""]",1785303987.942272,KXITFWMATCH-26JUL29HOSDYU-DYU,Tennis,,KXITFWMATCH,eff22484-a537-4944-bd0e-5664e98b54bd,KXITFWMATCH-26JUL29HOSDYU,1785301687.0,quote,,1786510800.0,true,76.5000,75.0000,78.0000,33.00,548.93
6,ed2086c87d52482699dee6d41678911f,0,2026-07-29,2026-07-29,29354e42ef0c3a5dcfab2220f035fd1be5874df613426379bae1f33e112f560b,996bed4920d57ac31c4fb24ea30428fd6f75ebf5eff9ad3e616c6bcf81f64d7c,"[""Tennis""]",1785303989.518039,KXITFMATCH-26JUL28PADSAT-PAD,Tennis,,KXITFMATCH,03e1243d-7dee-4056-a032-cb914b77515a,KXITFMATCH-26JUL28PADSAT,1785294636.0,quote,,1786501800.0,true,39.5000,39.0000,40.0000,21312.83,42892.26
6,ed2086c87d52482699dee6d41678911f,0,2026-07-29,2026-07-29,29354e42ef0c3a5dcfab2220f035fd1be5874df613426379bae1f33e112f560b,996bed4920d57ac31c4fb24ea30428fd6f75ebf5eff9ad3e616c6bcf81f64d7c,"[""Tennis""]",1785303989.6494322,KXITFMATCH-26JUL28WENJON-JON,Tennis,,KXITFMATCH,5195be65-3a9b-423a-9e35-55f2f5840354,KXITFMATCH-26JUL28WENJON,1785299448.0,quote,,1786501800.0,true,65.5000,65.0000,66.0000,11449.17,23247.40
6,ed2086c87d52482699dee6d41678911f,0,2026-07-29,2026-07-29,29354e42ef0c3a5dcfab2220f035fd1be5874df613426379bae1f33e112f560b,996bed4920d57ac31c4fb24ea30428fd6f75ebf5eff9ad3e616c6bcf81f64d7c,"[""Tennis""]",1785303989.7208772,KXITFMATCH-26JUL28WENJON-WEN,Tennis,,KXITFMATCH,5195be65-3a9b-423a-9e35-55f2f5840354,KXITFMATCH-26JUL28WENJON,1785299448.0,quote,,1786501800.0,true,34.5000,34.0000,35.0000,7952.84,23228.47
6,ed2086c87d52482699dee6d41678911f,0,2026-07-29,2026-07-29,29354e42ef0c3a5dcfab2220f035fd1be5874df613426379bae1f33e112f560b,996bed4920d57ac31c4fb24ea30428fd6f75ebf5eff9ad3e616c6bcf81f64d7c,"[""Tennis""]",1785303989.792863,KXITFMATCH-26JUL28CHAHEI-CHA,Tennis,,KXITFMATCH,5ba6a34a-c169-4b0b-b8fd-b835a2127855,KXITFMATCH-26JUL28CHAHEI,1785299809.0,quote,,1786505400.0,true,75.0000,74.0000,76.0000,34.00,525.00
6,ed2086c87d52482699dee6d41678911f,0,2026-07-29,2026-07-29,29354e42ef0c3a5dcfab2220f035fd1be5874df613426379bae1f33e112f560b,996bed4920d57ac31c4fb24ea30428fd6f75ebf5eff9ad3e616c6bcf81f64d7c,"[""Tennis""]",1785303989.864081,KXITFWMATCH-26JUL29SOZMIL-MIL,Tennis,,KXITFWMATCH,0ba82ca4-7c3d-4fe6-9763-af01f430c473,KXITFWMATCH-26JUL29SOZMIL,1785301725.0,quote,,1786510800.0,true,92.5000,92.0000,93.0000,4578.29,105.15
6,ed2086c87d52482699dee6d41678911f,0,2026-07-29,2026-07-29,29354e42ef0c3a5dcfab2220f035fd1be5874df613426379bae1f33e112f560b,996bed4920d57ac31c4fb24ea30428fd6f75ebf5eff9ad3e616c6bcf81f64d7c,"[""Tennis""]",1785303989.976607,KXITFWMATCH-26JUL29YOSKIM-KIM,Tennis,,KXITFWMATCH,9b9eecb5-c6a0-414a-bcf3-57262192676d,KXITFWMATCH-26JUL29YOSKIM,1785301851.0,quote,,1786510800.0,true,59.5000,58.0000,61.0000,554.00,188.00
6,ed2086c87d52482699dee6d41678911f,0,2026-07-29,2026-07-29,29354e42ef0c3a5dcfab2220f035fd1be5874df613426379bae1f33e112f560b,996bed4920d57ac31c4fb24ea30428fd6f75ebf5eff9ad3e616c6bcf81f64d7c,"[""Tennis""]",1785303990.047989,KXITFMATCH-26JUL28CHAHEI-HEI,Tennis,,KXITFMATCH,5ba6a34a-c169-4b0b-b8fd-b835a2127855,KXITFMATCH-26JUL28CHAHEI,1785299809.0,quote,,1786505400.0,true,23.5000,22.0000,25.0000,525.00,61.25
6,ed2086c87d52482699dee6d41678911f,0,2026-07-29,2026-07-29,29354e42ef0c3a5dcfab2220f035fd1be5874df613426379bae1f33e112f560b,996bed4920d57ac31c4fb24ea30428fd6f75ebf5eff9ad3e616c6bcf81f64d7c,"[""Tennis""]",1785303990.118269,KXITFWMATCH-26JUL29SOZMIL-SOZ,Tennis,,KXITFWMATCH,0ba82ca4-7c3d-4fe6-9763-af01f430c473,KXITFWMATCH-26JUL29SOZMIL,1785301725.0,quote,,1786510800.0,true,6.5000,6.0000,7.0000,2552.31,4945.94
6,ed2086c87d52482699dee6d41678911f,0,2026-07-29,2026-07-29,29354e42ef0c3a5dcfab2220f035fd1be5874df613426379bae1f33e112f560b,996bed4920d57ac31c4fb24ea30428fd6f75ebf5eff9ad3e616c6bcf81f64d7c,"[""Tennis""]",1785303990.19223,KXITFMATCH-26JUL29BRAPIE-PIE,Tennis,,KXITFMATCH,e7bed978-f0a4-4bc6-8904-d9b6730590e4,KXITFMATCH-26JUL29BRAPIE,1785305498.0,quote,,1786514400.0,true,85.5000,85.0000,86.0000,3461.00,1059.07
6,ed2086c87d52482699dee6d41678911f,0,2026-07-29,2026-07-29,29354e42ef0c3a5dcfab2220f035fd1be5874df613426379bae1f33e112f560b,996bed4920d57ac31c4fb24ea30428fd6f75ebf5eff9ad3e616c6bcf81f64d7c,"[""Tennis""]",1785303990.261896,KXITFWMATCH-26JUL29HOSDYU-DYU,Tennis,,KXITFWMATCH,eff22484-a537-4944-bd0e-5664e98b54bd,KXITFWMATCH-26JUL29HOSDYU,1785301687.0,quote,,1786510800.0,true,76.5000,75.0000,78.0000,33.00,548.93
6,ed2086c87d52482699dee6d41678911f,0,2026-07-29,2026-07-29,29354e42ef0c3a5dcfab2220f035fd1be5874df613426379bae1f33e112f560b,996bed4920d57ac31c4fb24ea30428fd6f75ebf5eff9ad3e616c6bcf81f64d7c,"[""Tennis""]",1785303991.838454,KXITFMATCH-26JUL28PADSAT-PAD,Tennis,,KXITFMATCH,03e1243d-7dee-4056-a032-cb914b77515a,KXITFMATCH-26JUL28PADSAT,1785294636.0,quote,,1786501800.0,true,39.5000,39.0000,40.0000,21312.83,42892.26
6,ed2086c87d52482699dee6d41678911f,0,2026-07-29,2026-07-29,29354e42ef0c3a5dcfab2220f035fd1be5874df613426379bae1f33e112f560b,996bed4920d57ac31c4fb24ea30428fd6f75ebf5eff9ad3e616c6bcf81f64d7c,"[""Tennis""]",1785303991.9112809,KXITFMATCH-26JUL28WENJON-JON,Tennis,,KXITFMATCH,5195be65-3a9b-423a-9e35-55f2f5840354,KXITFMATCH-26JUL28WENJON,1785299448.0,quote,,1786501800.0,true,65.5000,65.0000,66.0000,11449.17,23247.40
6,ed2086c87d52482699dee6d41678911f,0,2026-07-29,2026-07-29,29354e42ef0c3a5dcfab2220f035fd1be5874df613426379bae1f33e112f560b,996bed4920d57ac31c4fb24ea30428fd6f75ebf5eff9ad3e616c6bcf81f64d7c,"[""Tennis""]",1785303991.9834628,KXITFMATCH-26JUL28WENJON-WEN,Tennis,,KXITFMATCH,5195be65-3a9b-423a-9e35-55f2f5840354,KXITFMATCH-26JUL28WENJON,1785299448.0,quote,,1786501800.0,true,34.5000,34.0000,35.0000,7952.84,23228.47
6,ed2086c87d52482699dee6d41678911f,0,2026-07-29,2026-07-29,29354e42ef0c3a5dcfab2220f035fd1be5874df613426379bae1f33e112f560b,996bed4920d57ac31c4fb24ea30428fd6f75ebf5eff9ad3e616c6bcf81f64d7c,"[""Tennis""]",1785303992.140466,KXITFMATCH-26JUL28CHAHEI-CHA,Tennis,,KXITFMATCH,5ba6a34a-c169-4b0b-b8fd-b835a2127855,KXITFMATCH-26JUL28CHAHEI,1785299809.0,quote,,1786505400.0,true,75.0000,74.0000,76.0000,569.00,2.00
6,ed2086c87d52482699dee6d41678911f,0,2026-07-29,2026-07-29,29354e42ef0c3a5dcfab2220f035fd1be5874df613426379bae1f33e112f560b,996bed4920d57ac31c4fb24ea30428fd6f75ebf5eff9ad3e616c6bcf81f64d7c,"[""Tennis""]",1785303992.270418,KXITFWMATCH-26JUL29SOZMIL-MIL,Tennis,,KXITFWMATCH,0ba82ca4-7c3d-4fe6-9763-af01f430c473,KXITFWMATCH-26JUL29SOZMIL,1785301725.0,quote,,1786510800.0,true,92.5000,92.0000,93.0000,4578.29,105.15
6,ed2086c87d52482699dee6d41678911f,0,2026-07-29,2026-07-29,29354e42ef0c3a5dcfab2220f035fd1be5874df613426379bae1f33e112f560b,996bed4920d57ac31c4fb24ea30428fd6f75ebf5eff9ad3e616c6bcf81f64d7c,"[""Tennis""]",1785303992.3442822,KXITFWMATCH-26JUL29YOSKIM-KIM,Tennis,,KXITFWMATCH,9b9eecb5-c6a0-414a-bcf3-57262192676d,KXITFWMATCH-26JUL29YOSKIM,1785301851.0,quote,,1786510800.0,true,59.5000,58.0000,61.0000,554.00,188.00
6,ed2086c87d52482699dee6d41678911f,0,2026-07-29,2026-07-29,29354e42ef0c3a5dcfab2220f035fd1be5874df613426379bae1f33e112f560b,996bed4920d57ac31c4fb24ea30428fd6f75ebf5eff9ad3e616c6bcf81f64d7c,"[""Tennis""]",1785303992.419538,KXITFMATCH-26JUL28CHAHEI-HEI,Tennis,,KXITFMATCH,5ba6a34a-c169-4b0b-b8fd-b835a2127855,KXITFMATCH-26JUL28CHAHEI,1785299809.0,quote,,1786505400.0,true,23.5000,22.0000,25.0000,525.00,61.25
6,ed2086c87d52482699dee6d41678911f,0,2026-07-29,2026-07-29,29354e42ef0c3a5dcfab2220f035fd1be5874df613426379bae1f33e112f560b,996bed4920d57ac31c4fb24ea30428fd6f75ebf5eff9ad3e616c6bcf81f64d7c,"[""Tennis""]",1785303992.492362,KXITFWMATCH-26JUL29SOZMIL-SOZ,Tennis,,KXITFWMATCH,0ba82ca4-7c3d-4fe6-9763-af01f430c473,KXITFWMATCH-26JUL29SOZMIL,1785301725.0,quote,,1786510800.0,true,6.5000,6.0000,7.0000,2552.31,4945.94
6,ed2086c87d52482699dee6d41678911f,0,2026-07-29,2026-07-29,29354e42ef0c3a5dcfab2220f035fd1be5874df613426379bae1f33e112f560b,996bed4920d57ac31c4fb24ea30428fd6f75ebf5eff9ad3e616c6bcf81f64d7c,"[""Tennis""]",1785303992.603106,KXITFMATCH-26JUL29BRAPIE-PIE,Tennis,,KXITFMATCH,e7bed978-f0a4-4bc6-8904-d9b6730590e4,KXITFMATCH-26JUL29BRAPIE,1785305498.0,quote,,1786514400.0,true,85.5000,85.0000,86.0000,3461.00,1059.07
6,ed2086c87d52482699dee6d41678911f,0,2026-07-29,2026-07-29,29354e42ef0c3a5dcfab2220f035fd1be5874df613426379bae1f33e112f560b,996bed4920d57ac31c4fb24ea30428fd6f75ebf5eff9ad3e616c6bcf81f64d7c,"[""Tennis""]",1785303992.6760042,KXITFWMATCH-26JUL29HOSDYU-DYU,Tennis,,KXITFWMATCH,eff22484-a537-4944-bd0e-5664e98b54bd,KXITFWMATCH-26JUL29HOSDYU,1785301687.0,quote,,1786510800.0,true,76.5000,75.0000,78.0000,33.00,548.93
6,ed2086c87d52482699dee6d41678911f,0,2026-07-29,2026-07-29,29354e42ef0c3a5dcfab2220f035fd1be5874df613426379bae1f33e112f560b,996bed4920d57ac31c4fb24ea30428fd6f75ebf5eff9ad3e616c6bcf81f64d7c,"[""Tennis""]",1785303994.254543,KXITFMATCH-26JUL28PADSAT-PAD,Tennis,,KXITFMATCH,03e1243d-7dee-4056-a032-cb914b77515a,KXITFMATCH-26JUL28PADSAT,1785294636.0,quote,,1786501800.0,true,36.5000,36.0000,37.0000,281.00,26123.17
6,ed2086c87d52482699dee6d41678911f,0,2026-07-29,2026-07-29,29354e42ef0c3a5dcfab2220f035fd1be5874df613426379bae1f33e112f560b,996bed4920d57ac31c4fb24ea30428fd6f75ebf5eff9ad3e616c6bcf81f64d7c,"[""Tennis""]",1785303994.32729,KXITFMATCH-26JUL28WENJON-JON,Tennis,,KXITFMATCH,5195be65-3a9b-423a-9e35-55f2f5840354,KXITFMATCH-26JUL28WENJON,1785299448.0,quote,,1786501800.0,true,65.5000,65.0000,66.0000,11449.17,23247.40
6,ed2086c87d52482699dee6d41678911f,0,2026-07-29,2026-07-29,29354e42ef0c3a5dcfab2220f035fd1be5874df613426379bae1f33e112f560b,996bed4920d57ac31c4fb24ea30428fd6f75ebf5eff9ad3e616c6bcf81f64d7c,"[""Tennis""]",1785303994.3966222,KXITFMATCH-26JUL28WENJON-WEN,Tennis,,KXITFMATCH,5195be65-3a9b-423a-9e35-55f2f5840354,KXITFMATCH-26JUL28WENJON,1785299448.0,quote,,1786501800.0,true,34.5000,34.0000,35.0000,7952.84,23228.47
6,ed2086c87d52482699dee6d41678911f,0,2026-07-29,2026-07-29,29354e42ef0c3a5dcfab2220f035fd1be5874df613426379bae1f33e112f560b,996bed4920d57ac31c4fb24ea30428fd6f75ebf5eff9ad3e616c6bcf81f64d7c,"[""Tennis""]",1785303994.466252,KXITFMATCH-26JUL28CHAHEI-CHA,Tennis,,KXITFMATCH,5ba6a34a-c169-4b0b-b8fd-b835a2127855,KXITFMATCH-26JUL28CHAHEI,1785299809.0,quote,,1786505400.0,true,75.0000,74.0000,76.0000,569.00,2.00
6,ed2086c87d52482699dee6d41678911f,0,2026-07-29,2026-07-29,29354e42ef0c3a5dcfab2220f035fd1be5874df613426379bae1f33e112f560b,996bed4920d57ac31c4fb24ea30428fd6f75ebf5eff9ad3e616c6bcf81f64d7c,"[""Tennis""]",1785303994.534837,KXITFWMATCH-26JUL29SOZMIL-MIL,Tennis,,KXITFWMATCH,0ba82ca4-7c3d-4fe6-9763-af01f430c473,KXITFWMATCH-26JUL29SOZMIL,1785301725.0,quote,,1786510800.0,true,92.5000,92.0000,93.0000,4421.29,105.15
6,ed2086c87d52482699dee6d41678911f,0,2026-07-29,2026-07-29,29354e42ef0c3a5dcfab2220f035fd1be5874df613426379bae1f33e112f560b,996bed4920d57ac31c4fb24ea30428fd6f75ebf5eff9ad3e616c6bcf81f64d7c,"[""Tennis""]",1785303994.6059961,KXITFWMATCH-26JUL29YOSKIM-KIM,Tennis,,KXITFWMATCH,9b9eecb5-c6a0-414a-bcf3-57262192676d,KXITFWMATCH-26JUL29YOSKIM,1785301851.0,quote,,1786510800.0,true,59.5000,58.0000,61.0000,554.00,188.00
6,ed2086c87d52482699dee6d41678911f,0,2026-07-29,2026-07-29,29354e42ef0c3a5dcfab2220f035fd1be5874df613426379bae1f33e112f560b,996bed4920d57ac31c4fb24ea30428fd6f75ebf5eff9ad3e616c6bcf81f64d7c,"[""Tennis""]",1785303994.762194,KXITFMATCH-26JUL28CHAHEI-HEI,Tennis,,KXITFMATCH,5ba6a34a-c169-4b0b-b8fd-b835a2127855,KXITFMATCH-26JUL28CHAHEI,1785299809.0,quote,,1786505400.0,true,23.5000,22.0000,25.0000,525.00,61.25
6,ed2086c87d52482699dee6d41678911f,0,2026-07-29,2026-07-29,29354e42ef0c3a5dcfab2220f035fd1be5874df613426379bae1f33e112f560b,996bed4920d57ac31c4fb24ea30428fd6f75ebf5eff9ad3e616c6bcf81f64d7c,"[""Tennis""]",1785303994.8316789,KXITFWMATCH-26JUL29SOZMIL-SOZ,Tennis,,KXITFWMATCH,0ba82ca4-7c3d-4fe6-9763-af01f430c473,KXITFWMATCH-26JUL29SOZMIL,1785301725.0,quote,,1786510800.0,true,6.5000,6.0000,7.0000,2552.31,3475.54
6,ed2086c87d52482699dee6d41678911f,0,2026-07-29,2026-07-29,29354e42ef0c3a5dcfab2220f035fd1be5874df613426379bae1f33e112f560b,996bed4920d57ac31c4fb24ea30428fd6f75ebf5eff9ad3e616c6bcf81f64d7c,"[""Tennis""]",1785303994.902432,KXITFMATCH-26JUL29BRAPIE-PIE,Tennis,,KXITFMATCH,e7bed978-f0a4-4bc6-8904-d9b6730590e4,KXITFMATCH-26JUL29BRAPIE,1785305498.0,quote,,1786514400.0,true,85.5000,85.0000,86.0000,3461.00,1059.07
6,ed2086c87d52482699dee6d41678911f,0,2026-07-29,2026-07-29,29354e42ef0c3a5dcfab2220f035fd1be5874df613426379bae1f33e112f560b,996bed4920d57ac31c4fb24ea30428fd6f75ebf5eff9ad3e616c6bcf81f64d7c,"[""Tennis""]",1785303994.972746,KXITFWMATCH-26JUL29HOSDYU-DYU,Tennis,,KXITFWMATCH,eff22484-a537-4944-bd0e-5664e98b54bd,KXITFWMATCH-26JUL29HOSDYU,1785301687.0,quote,,1786510800.0,true,76.5000,75.0000,78.0000,33.00,516.41
6,ed2086c87d52482699dee6d41678911f,0,2026-07-29,2026-07-29,29354e42ef0c3a5dcfab2220f035fd1be5874df613426379bae1f33e112f560b,996bed4920d57ac31c4fb24ea30428fd6f75ebf5eff9ad3e616c6bcf81f64d7c,"[""Tennis""]",1785303996.5526779,KXITFMATCH-26JUL28PADSAT-PAD,Tennis,,KXITFMATCH,03e1243d-7dee-4056-a032-cb914b77515a,KXITFMATCH-26JUL28PADSAT,1785294636.0,quote,,1786501800.0,true,36.5000,36.0000,37.0000,281.00,26123.17
6,ed2086c87d52482699dee6d41678911f,0,2026-07-29,2026-07-29,29354e42ef0c3a5dcfab2220f035fd1be5874df613426379bae1f33e112f560b,996bed4920d57ac31c4fb24ea30428fd6f75ebf5eff9ad3e616c6bcf81f64d7c,"[""Tennis""]",1785303996.622467,KXITFMATCH-26JUL28WENJON-JON,Tennis,,KXITFMATCH,5195be65-3a9b-423a-9e35-55f2f5840354,KXITFMATCH-26JUL28WENJON,1785299448.0,quote,,1786501800.0,true,65.5000,65.0000,66.0000,11449.17,23247.40
6,ed2086c87d52482699dee6d41678911f,0,2026-07-29,2026-07-29,29354e42ef0c3a5dcfab2220f035fd1be5874df613426379bae1f33e112f560b,996bed4920d57ac31c4fb24ea30428fd6f75ebf5eff9ad3e616c6bcf81f64d7c,"[""Tennis""]",1785303996.692311,KXITFMATCH-26JUL28WENJON-WEN,Tennis,,KXITFMATCH,5195be65-3a9b-423a-9e35-55f2f5840354,KXITFMATCH-26JUL28WENJON,1785299448.0,quote,,1786501800.0,true,34.5000,34.0000,35.0000,7952.84,23228.47
6,ed2086c87d52482699dee6d41678911f,0,2026-07-29,2026-07-29,29354e42ef0c3a5dcfab2220f035fd1be5874df613426379bae1f33e112f560b,996bed4920d57ac31c4fb24ea30428fd6f75ebf5eff9ad3e616c6bcf81f64d7c,"[""Tennis""]",1785303996.79689,KXITFMATCH-26JUL28CHAHEI-CHA,Tennis,,KXITFMATCH,5ba6a34a-c169-4b0b-b8fd-b835a2127855,KXITFMATCH-26JUL28CHAHEI,1785299809.0,quote,,1786505400.0,true,75.0000,74.0000,76.0000,569.00,2.00
6,ed2086c87d52482699dee6d41678911f,0,2026-07-29,2026-07-29,29354e42ef0c3a5dcfab2220f035fd1be5874df613426379bae1f33e112f560b,996bed4920d57ac31c4fb24ea30428fd6f75ebf5eff9ad3e616c6bcf81f64d7c,"[""Tennis""]",1785303996.866899,KXITFWMATCH-26JUL29SOZMIL-MIL,Tennis,,KXITFWMATCH,0ba82ca4-7c3d-4fe6-9763-af01f430c473,KXITFWMATCH-26JUL29SOZMIL,1785301725.0,quote,,1786510800.0,true,92.5000,92.0000,93.0000,4421.29,105.15
6,ed2086c87d52482699dee6d41678911f,0,2026-07-29,2026-07-29,29354e42ef0c3a5dcfab2220f035fd1be5874df613426379bae1f33e112f560b,996bed4920d57ac31c4fb24ea30428fd6f75ebf5eff9ad3e616c6bcf81f64d7c,"[""Tennis""]",1785303996.936091,KXITFWMATCH-26JUL29YOSKIM-KIM,Tennis,,KXITFWMATCH,9b9eecb5-c6a0-414a-bcf3-57262192676d,KXITFWMATCH-26JUL29YOSKIM,1785301851.0,quote,,1786510800.0,true,59.5000,58.0000,61.0000,554.00,188.00
6,ed2086c87d52482699dee6d41678911f,0,2026-07-29,2026-07-29,29354e42ef0c3a5dcfab2220f035fd1be5874df613426379bae1f33e112f560b,996bed4920d57ac31c4fb24ea30428fd6f75ebf5eff9ad3e616c6bcf81f64d7c,"[""Tennis""]",1785303997.007475,KXITFMATCH-26JUL28CHAHEI-HEI,Tennis,,KXITFMATCH,5ba6a34a-c169-4b0b-b8fd-b835a2127855,KXITFMATCH-26JUL28CHAHEI,1785299809.0,quote,,1786505400.0,true,24.0000,23.0000,25.0000,159.00,61.25
6,ed2086c87d52482699dee6d41678911f,0,2026-07-29,2026-07-29,29354e42ef0c3a5dcfab2220f035fd1be5874df613426379bae1f33e112f560b,996bed4920d57ac31c4fb24ea30428fd6f75ebf5eff9ad3e616c6bcf81f64d7c,"[""Tennis""]",1785303997.077499,KXITFWMATCH-26JUL29SOZMIL-SOZ,Tennis,,KXITFWMATCH,0ba82ca4-7c3d-4fe6-9763-af01f430c473,KXITFWMATCH-26JUL29SOZMIL,1785301725.0,quote,,1786510800.0,true,6.5000,6.0000,7.0000,2552.31,3475.54
6,ed2086c87d52482699dee6d41678911f,0,2026-07-29,2026-07-29,29354e42ef0c3a5dcfab2220f035fd1be5874df613426379bae1f33e112f560b,996bed4920d57ac31c4fb24ea30428fd6f75ebf5eff9ad3e616c6bcf81f64d7c,"[""Tennis""]",1785303997.148067,KXITFMATCH-26JUL29BRAPIE-PIE,Tennis,,KXITFMATCH,e7bed978-f0a4-4bc6-8904-d9b6730590e4,KXITFMATCH-26JUL29BRAPIE,1785305498.0,quote,,1786514400.0,true,85.5000,85.0000,86.0000,3461.00,1059.07
6,ed2086c87d52482699dee6d41678911f,0,2026-07-29,2026-07-29,29354e42ef0c3a5dcfab2220f035fd1be5874df613426379bae1f33e112f560b,996bed4920d57ac31c4fb24ea30428fd6f75ebf5eff9ad3e616c6bcf81f64d7c,"[""Tennis""]",1785303997.217671,KXITFWMATCH-26JUL29HOSDYU-DYU,Tennis,,KXITFWMATCH,eff22484-a537-4944-bd0e-5664e98b54bd,KXITFWMATCH-26JUL29HOSDYU,1785301687.0,quote,,1786510800.0,true,76.5000,75.0000,78.0000,33.00,516.41
6,ed2086c87d52482699dee6d41678911f,0,2026-07-29,2026-07-29,29354e42ef0c3a5dcfab2220f035fd1be5874df613426379bae1f33e112f560b,996bed4920d57ac31c4fb24ea30428fd6f75ebf5eff9ad3e616c6bcf81f64d7c,"[""Tennis""]",1785303998.791193,KXITFMATCH-26JUL28PADSAT-PAD,Tennis,,KXITFMATCH,03e1243d-7dee-4056-a032-cb914b77515a,KXITFMATCH-26JUL28PADSAT,1785294636.0,quote,,1786501800.0,true,36.5000,36.0000,37.0000,281.00,26123.17
6,ed2086c87d52482699dee6d41678911f,0,2026-07-29,2026-07-29,29354e42ef0c3a5dcfab2220f035fd1be5874df613426379bae1f33e112f560b,996bed4920d57ac31c4fb24ea30428fd6f75ebf5eff9ad3e616c6bcf81f64d7c,"[""Tennis""]",1785303998.895317,KXITFMATCH-26JUL28WENJON-JON,Tennis,,KXITFMATCH,5195be65-3a9b-423a-9e35-55f2f5840354,KXITFMATCH-26JUL28WENJON,1785299448.0,quote,,1786501800.0,true,65.5000,65.0000,66.0000,11449.17,23247.40
6,ed2086c87d52482699dee6d41678911f,0,2026-07-29,2026-07-29,29354e42ef0c3a5dcfab2220f035fd1be5874df613426379bae1f33e112f560b,996bed4920d57ac31c4fb24ea30428fd6f75ebf5eff9ad3e616c6bcf81f64d7c,"[""Tennis""]",1785303998.967236,KXITFMATCH-26JUL28WENJON-WEN,Tennis,,KXITFMATCH,5195be65-3a9b-423a-9e35-55f2f5840354,KXITFMATCH-26JUL28WENJON,1785299448.0,quote,,1786501800.0,true,34.5000,34.0000,35.0000,7952.84,23228.47
6,ed2086c87d52482699dee6d41678911f,0,2026-07-29,2026-07-29,29354e42ef0c3a5dcfab2220f035fd1be5874df613426379bae1f33e112f560b,996bed4920d57ac31c4fb24ea30428fd6f75ebf5eff9ad3e616c6bcf81f64d7c,"[""Tennis""]",1785303999.038244,KXITFMATCH-26JUL28CHAHEI-CHA,Tennis,,KXITFMATCH,5ba6a34a-c169-4b0b-b8fd-b835a2127855,KXITFMATCH-26JUL28CHAHEI,1785299809.0,quote,,1786505400.0,true,75.0000,74.0000,76.0000,569.00,2.00
6,ed2086c87d52482699dee6d41678911f,0,2026-07-29,2026-07-29,29354e42ef0c3a5dcfab2220f035fd1be5874df613426379bae1f33e112f560b,996bed4920d57ac31c4fb24ea30428fd6f75ebf5eff9ad3e616c6bcf81f64d7c,"[""Tennis""]",1785303999.109529,KXITFWMATCH-26JUL29SOZMIL-MIL,Tennis,,KXITFWMATCH,0ba82ca4-7c3d-4fe6-9763-af01f430c473,KXITFWMATCH-26JUL29SOZMIL,1785301725.0,quote,,1786510800.0,true,92.5000,92.0000,93.0000,4421.29,105.15
6,ed2086c87d52482699dee6d41678911f,0,2026-07-29,2026-07-29,29354e42ef0c3a5dcfab2220f035fd1be5874df613426379bae1f33e112f560b,996bed4920d57ac31c4fb24ea30428fd6f75ebf5eff9ad3e616c6bcf81f64d7c,"[""Tennis""]",1785303999.1799932,KXITFWMATCH-26JUL29YOSKIM-KIM,Tennis,,KXITFWMATCH,9b9eecb5-c6a0-414a-bcf3-57262192676d,KXITFWMATCH-26JUL29YOSKIM,1785301851.0,quote,,1786510800.0,true,59.5000,58.0000,61.0000,554.00,188.00
6,ed2086c87d52482699dee6d41678911f,0,2026-07-29,2026-07-29,29354e42ef0c3a5dcfab2220f035fd1be5874df613426379bae1f33e112f560b,996bed4920d57ac31c4fb24ea30428fd6f75ebf5eff9ad3e616c6bcf81f64d7c,"[""Tennis""]",1785303999.250446,KXITFMATCH-26JUL28CHAHEI-HEI,Tennis,,KXITFMATCH,5ba6a34a-c169-4b0b-b8fd-b835a2127855,KXITFMATCH-26JUL28CHAHEI,1785299809.0,quote,,1786505400.0,true,24.0000,23.0000,25.0000,159.00,61.25
6,ed2086c87d52482699dee6d41678911f,0,2026-07-29,2026-07-29,29354e42ef0c3a5dcfab2220f035fd1be5874df613426379bae1f33e112f560b,996bed4920d57ac31c4fb24ea30428fd6f75ebf5eff9ad3e616c6bcf81f64d7c,"[""Tennis""]",1785303999.323006,KXITFWMATCH-26JUL29SOZMIL-SOZ,Tennis,,KXITFWMATCH,0ba82ca4-7c3d-4fe6-9763-af01f430c473,KXITFWMATCH-26JUL29SOZMIL,1785301725.0,quote,,1786510800.0,true,6.5000,6.0000,7.0000,2552.31,3475.54
6,ed2086c87d52482699dee6d41678911f,0,2026-07-29,2026-07-29,29354e42ef0c3a5dcfab2220f035fd1be5874df613426379bae1f33e112f560b,996bed4920d57ac31c4fb24ea30428fd6f75ebf5eff9ad3e616c6bcf81f64d7c,"[""Tennis""]",1785303999.474866,KXITFMATCH-26JUL29BRAPIE-PIE,Tennis,,KXITFMATCH,e7bed978-f0a4-4bc6-8904-d9b6730590e4,KXITFMATCH-26JUL29BRAPIE,1785305498.0,quote,,1786514400.0,true,85.5000,85.0000,86.0000,3461.00,1059.07
6,ed2086c87d52482699dee6d41678911f,0,2026-07-29,2026-07-29,29354e42ef0c3a5dcfab2220f035fd1be5874df613426379bae1f33e112f560b,996bed4920d57ac31c4fb24ea30428fd6f75ebf5eff9ad3e616c6bcf81f64d7c,"[""Tennis""]",1785303999.5440269,KXITFWMATCH-26JUL29HOSDYU-DYU,Tennis,,KXITFWMATCH,eff22484-a537-4944-bd0e-5664e98b54bd,KXITFWMATCH-26JUL29HOSDYU,1785301687.0,quote,,1786510800.0,true,76.5000,75.0000,78.0000,33.00,516.41
6,ed2086c87d52482699dee6d41678911f,0,2026-07-29,2026-07-29,29354e42ef0c3a5dcfab2220f035fd1be5874df613426379bae1f33e112f560b,996bed4920d57ac31c4fb24ea30428fd6f75ebf5eff9ad3e616c6bcf81f64d7c,"[""Tennis""]",1785304001.121108,KXITFMATCH-26JUL28PADSAT-PAD,Tennis,,KXITFMATCH,03e1243d-7dee-4056-a032-cb914b77515a,KXITFMATCH-26JUL28PADSAT,1785294636.0,quote,,1786501800.0,true,36.5000,36.0000,37.0000,281.00,26123.17
6,ed2086c87d52482699dee6d41678911f,0,2026-07-29,2026-07-29,29354e42ef0c3a5dcfab2220f035fd1be5874df613426379bae1f33e112f560b,996bed4920d57ac31c4fb24ea30428fd6f75ebf5eff9ad3e616c6bcf81f64d7c,"[""Tennis""]",1785304001.192109,KXITFMATCH-26JUL28WENJON-JON,Tennis,,KXITFMATCH,5195be65-3a9b-423a-9e35-55f2f5840354,KXITFMATCH-26JUL28WENJON,1785299448.0,quote,,1786501800.0,true,65.5000,65.0000,66.0000,11449.17,23247.40
6,ed2086c87d52482699dee6d41678911f,0,2026-07-29,2026-07-29,29354e42ef0c3a5dcfab2220f035fd1be5874df613426379bae1f33e112f560b,996bed4920d57ac31c4fb24ea30428fd6f75ebf5eff9ad3e616c6bcf81f64d7c,"[""Tennis""]",1785304001.262506,KXITFMATCH-26JUL28WENJON-WEN,Tennis,,KXITFMATCH,5195be65-3a9b-423a-9e35-55f2f5840354,KXITFMATCH-26JUL28WENJON,1785299448.0,quote,,1786501800.0,true,34.5000,34.0000,35.0000,7952.84,22440.90
6,ed2086c87d52482699dee6d41678911f,0,2026-07-29,2026-07-29,29354e42ef0c3a5dcfab2220f035fd1be5874df613426379bae1f33e112f560b,996bed4920d57ac31c4fb24ea30428fd6f75ebf5eff9ad3e616c6bcf81f64d7c,"[""Tennis""]",1785304001.3327749,KXITFMATCH-26JUL28CHAHEI-CHA,Tennis,,KXITFMATCH,5ba6a34a-c169-4b0b-b8fd-b835a2127855,KXITFMATCH-26JUL28CHAHEI,1785299809.0,quote,,1786505400.0,true,75.0000,74.0000,76.0000,569.00,2.00
6,ed2086c87d52482699dee6d41678911f,0,2026-07-29,2026-07-29,29354e42ef0c3a5dcfab2220f035fd1be5874df613426379bae1f33e112f560b,996bed4920d57ac31c4fb24ea30428fd6f75ebf5eff9ad3e616c6bcf81f64d7c,"[""Tennis""]",1785304001.403476,KXITFWMATCH-26JUL29SOZMIL-MIL,Tennis,,KXITFWMATCH,0ba82ca4-7c3d-4fe6-9763-af01f430c473,KXITFWMATCH-26JUL29SOZMIL,1785301725.0,quote,,1786510800.0,true,92.5000,92.0000,93.0000,4421.29,105.15
6,ed2086c87d52482699dee6d41678911f,0,2026-07-29,2026-07-29,29354e42ef0c3a5dcfab2220f035fd1be5874df613426379bae1f33e112f560b,996bed4920d57ac31c4fb24ea30428fd6f75ebf5eff9ad3e616c6bcf81f64d7c,"[""Tennis""]",1785304001.516097,KXITFWMATCH-26JUL29YOSKIM-KIM,Tennis,,KXITFWMATCH,9b9eecb5-c6a0-414a-bcf3-57262192676d,KXITFWMATCH-26JUL29YOSKIM,1785301851.0,quote,,1786510800.0,true,60.0000,59.0000,61.0000,321.68,188.00
6,ed2086c87d52482699dee6d41678911f,0,2026-07-29,2026-07-29,29354e42ef0c3a5dcfab2220f035fd1be5874df613426379bae1f33e112f560b,996bed4920d57ac31c4fb24ea30428fd6f75ebf5eff9ad3e616c6bcf81f64d7c,"[""Tennis""]",1785304001.586943,KXITFMATCH-26JUL28CHAHEI-HEI,Tennis,,KXITFMATCH,5ba6a34a-c169-4b0b-b8fd-b835a2127855,KXITFMATCH-26JUL28CHAHEI,1785299809.0,quote,,1786505400.0,true,24.0000,23.0000,25.0000,159.00,61.25
6,ed2086c87d52482699dee6d41678911f,0,2026-07-29,2026-07-29,29354e42ef0c3a5dcfab2220f035fd1be5874df613426379bae1f33e112f560b,996bed4920d57ac31c4fb24ea30428fd6f75ebf5eff9ad3e616c6bcf81f64d7c,"[""Tennis""]",1785304001.657776,KXITFWMATCH-26JUL29SOZMIL-SOZ,Tennis,,KXITFWMATCH,0ba82ca4-7c3d-4fe6-9763-af01f430c473,KXITFWMATCH-26JUL29SOZMIL,1785301725.0,quote,,1786510800.0,true,6.5000,6.0000,7.0000,2552.31,3475.54
6,ed2086c87d52482699dee6d41678911f,0,2026-07-29,2026-07-29,29354e42ef0c3a5dcfab2220f035fd1be5874df613426379bae1f33e112f560b,996bed4920d57ac31c4fb24ea30428fd6f75ebf5eff9ad3e616c6bcf81f64d7c,"[""Tennis""]",1785304001.728191,KXITFMATCH-26JUL29BRAPIE-PIE,Tennis,,KXITFMATCH,e7bed978-f0a4-4bc6-8904-d9b6730590e4,KXITFMATCH-26JUL29BRAPIE,1785305498.0,quote,,1786514400.0,true,85.5000,85.0000,86.0000,3461.00,1059.07
6,ed2086c87d52482699dee6d41678911f,0,2026-07-29,2026-07-29,29354e42ef0c3a5dcfab2220f035fd1be5874df613426379bae1f33e112f560b,996bed4920d57ac31c4fb24ea30428fd6f75ebf5eff9ad3e616c6bcf81f64d7c,"[""Tennis""]",1785304001.7998312,KXITFWMATCH-26JUL29HOSDYU-DYU,Tennis,,KXITFWMATCH,eff22484-a537-4944-bd0e-5664e98b54bd,KXITFWMATCH-26JUL29HOSDYU,1785301687.0,quote,,1786510800.0,true,76.5000,75.0000,78.0000,33.00,516.41
6,ed2086c87d52482699dee6d41678911f,0,2026-07-29,2026-07-29,29354e42ef0c3a5dcfab2220f035fd1be5874df613426379bae1f33e112f560b,996bed4920d57ac31c4fb24ea30428fd6f75ebf5eff9ad3e616c6bcf81f64d7c,"[""Tennis""]",1785304003.3825622,KXITFMATCH-26JUL28PADSAT-PAD,Tennis,,KXITFMATCH,03e1243d-7dee-4056-a032-cb914b77515a,KXITFMATCH-26JUL28PADSAT,1785294636.0,quote,,1786501800.0,true,36.5000,36.0000,37.0000,281.00,26123.17
6,ed2086c87d52482699dee6d41678911f,0,2026-07-29,2026-07-29,29354e42ef0c3a5dcfab2220f035fd1be5874df613426379bae1f33e112f560b,996bed4920d57ac31c4fb24ea30428fd6f75ebf5eff9ad3e616c6bcf81f64d7c,"[""Tennis""]",1785304003.452534,KXITFMATCH-26JUL28WENJON-JON,Tennis,,KXITFMATCH,5195be65-3a9b-423a-9e35-55f2f5840354,KXITFMATCH-26JUL28WENJON,1785299448.0,quote,,1786501800.0,true,65.5000,65.0000,66.0000,11449.17,23247.40
6,ed2086c87d52482699dee6d41678911f,0,2026-07-29,2026-07-29,29354e42ef0c3a5dcfab2220f035fd1be5874df613426379bae1f33e112f560b,996bed4920d57ac31c4fb24ea30428fd6f75ebf5eff9ad3e616c6bcf81f64d7c,"[""Tennis""]",1785304003.612792,KXITFMATCH-26JUL28WENJON-WEN,Tennis,,KXITFMATCH,5195be65-3a9b-423a-9e35-55f2f5840354,KXITFMATCH-26JUL28WENJON,1785299448.0,quote,,1786501800.0,true,34.5000,34.0000,35.0000,7952.84,22440.90
6,ed2086c87d52482699dee6d41678911f,0,2026-07-29,2026-07-29,29354e42ef0c3a5dcfab2220f035fd1be5874df613426379bae1f33e112f560b,996bed4920d57ac31c4fb24ea30428fd6f75ebf5eff9ad3e616c6bcf81f64d7c,"[""Tennis""]",1785304003.6835032,KXITFMATCH-26JUL28CHAHEI-CHA,Tennis,,KXITFMATCH,5ba6a34a-c169-4b0b-b8fd-b835a2127855,KXITFMATCH-26JUL28CHAHEI,1785299809.0,quote,,1786505400.0,true,75.0000,74.0000,76.0000,42.00,10.00
6,ed2086c87d52482699dee6d41678911f,0,2026-07-29,2026-07-29,29354e42ef0c3a5dcfab2220f035fd1be5874df613426379bae1f33e112f560b,996bed4920d57ac31c4fb24ea30428fd6f75ebf5eff9ad3e616c6bcf81f64d7c,"[""Tennis""]",1785304003.754791,KXITFWMATCH-26JUL29SOZMIL-MIL,Tennis,,KXITFWMATCH,0ba82ca4-7c3d-4fe6-9763-af01f430c473,KXITFWMATCH-26JUL29SOZMIL,1785301725.0,quote,,1786510800.0,true,92.5000,92.0000,93.0000,4421.29,105.15
6,ed2086c87d52482699dee6d41678911f,0,2026-07-29,2026-07-29,29354e42ef0c3a5dcfab2220f035fd1be5874df613426379bae1f33e112f560b,996bed4920d57ac31c4fb24ea30428fd6f75ebf5eff9ad3e616c6bcf81f64d7c,"[""Tennis""]",1785304003.828475,KXITFWMATCH-26JUL29YOSKIM-KIM,Tennis,,KXITFWMATCH,9b9eecb5-c6a0-414a-bcf3-57262192676d,KXITFWMATCH-26JUL29YOSKIM,1785301851.0,quote,,1786510800.0,true,60.0000,59.0000,61.0000,321.68,188.00
6,ed2086c87d52482699dee6d41678911f,0,2026-07-29,2026-07-29,29354e42ef0c3a5dcfab2220f035fd1be5874df613426379bae1f33e112f560b,996bed4920d57ac31c4fb24ea30428fd6f75ebf5eff9ad3e616c6bcf81f64d7c,"[""Tennis""]",1785304003.898678,KXITFMATCH-26JUL28CHAHEI-HEI,Tennis,,KXITFMATCH,5ba6a34a-c169-4b0b-b8fd-b835a2127855,KXITFMATCH-26JUL28CHAHEI,1785299809.0,quote,,1786505400.0,true,24.0000,23.0000,25.0000,159.00,61.25
6,ed2086c87d52482699dee6d41678911f,0,2026-07-29,2026-07-29,29354e42ef0c3a5dcfab2220f035fd1be5874df613426379bae1f33e112f560b,996bed4920d57ac31c4fb24ea30428fd6f75ebf5eff9ad3e616c6bcf81f64d7c,"[""Tennis""]",1785304003.972724,KXITFWMATCH-26JUL29SOZMIL-SOZ,Tennis,,KXITFWMATCH,0ba82ca4-7c3d-4fe6-9763-af01f430c473,KXITFWMATCH-26JUL29SOZMIL,1785301725.0,quote,,1786510800.0,true,6.5000,6.0000,7.0000,1792.29,3672.13
6,ed2086c87d52482699dee6d41678911f,0,2026-07-29,2026-07-29,29354e42ef0c3a5dcfab2220f035fd1be5874df613426379bae1f33e112f560b,996bed4920d57ac31c4fb24ea30428fd6f75ebf5eff9ad3e616c6bcf81f64d7c,"[""Tennis""]",1785304004.042948,KXITFMATCH-26JUL29BRAPIE-PIE,Tennis,,KXITFMATCH,e7bed978-f0a4-4bc6-8904-d9b6730590e4,KXITFMATCH-26JUL29BRAPIE,1785305498.0,quote,,1786514400.0,true,85.5000,85.0000,86.0000,3461.00,1059.07
6,ed2086c87d52482699dee6d41678911f,0,2026-07-29,2026-07-29,29354e42ef0c3a5dcfab2220f035fd1be5874df613426379bae1f33e112f560b,996bed4920d57ac31c4fb24ea30428fd6f75ebf5eff9ad3e616c6bcf81f64d7c,"[""Tennis""]",1785304004.2023838,KXITFWMATCH-26JUL29HOSDYU-DYU,Tennis,,KXITFWMATCH,eff22484-a537-4944-bd0e-5664e98b54bd,KXITFWMATCH-26JUL29HOSDYU,1785301687.0,quote,,1786510800.0,true,76.5000,75.0000,78.0000,33.00,516.41
6,ed2086c87d52482699dee6d41678911f,0,2026-07-29,2026-07-29,29354e42ef0c3a5dcfab2220f035fd1be5874df613426379bae1f33e112f560b,996bed4920d57ac31c4fb24ea30428fd6f75ebf5eff9ad3e616c6bcf81f64d7c,"[""Tennis""]",1785304005.7802072,KXITFMATCH-26JUL28PADSAT-PAD,Tennis,,KXITFMATCH,03e1243d-7dee-4056-a032-cb914b77515a,KXITFMATCH-26JUL28PADSAT,1785294636.0,quote,,1786501800.0,true,35.5000,35.0000,36.0000,19646.91,42928.18
6,ed2086c87d52482699dee6d41678911f,0,2026-07-29,2026-07-29,29354e42ef0c3a5dcfab2220f035fd1be5874df613426379bae1f33e112f560b,996bed4920d57ac31c4fb24ea30428fd6f75ebf5eff9ad3e616c6bcf81f64d7c,"[""Tennis""]",1785304005.851677,KXITFMATCH-26JUL28WENJON-JON,Tennis,,KXITFMATCH,5195be65-3a9b-423a-9e35-55f2f5840354,KXITFMATCH-26JUL28WENJON,1785299448.0,quote,,1786501800.0,true,65.5000,65.0000,66.0000,11449.17,23247.40
6,ed2086c87d52482699dee6d41678911f,0,2026-07-29,2026-07-29,29354e42ef0c3a5dcfab2220f035fd1be5874df613426379bae1f33e112f560b,996bed4920d57ac31c4fb24ea30428fd6f75ebf5eff9ad3e616c6bcf81f64d7c,"[""Tennis""]",1785304005.92265,KXITFMATCH-26JUL28WENJON-WEN,Tennis,,KXITFMATCH,5195be65-3a9b-423a-9e35-55f2f5840354,KXITFMATCH-26JUL28WENJON,1785299448.0,quote,,1786501800.0,true,34.5000,34.0000,35.0000,7952.84,22440.90
6,ed2086c87d52482699dee6d41678911f,0,2026-07-29,2026-07-29,29354e42ef0c3a5dcfab2220f035fd1be5874df613426379bae1f33e112f560b,996bed4920d57ac31c4fb24ea30428fd6f75ebf5eff9ad3e616c6bcf81f64d7c,"[""Tennis""]",1785304006.0227818,KXITFMATCH-26JUL28CHAHEI-CHA,Tennis,,KXITFMATCH,5ba6a34a-c169-4b0b-b8fd-b835a2127855,KXITFMATCH-26JUL28CHAHEI,1785299809.0,quote,,1786505400.0,true,75.0000,74.0000,76.0000,42.00,10.00
6,ed2086c87d52482699dee6d41678911f,0,2026-07-29,2026-07-29,29354e42ef0c3a5dcfab2220f035fd1be5874df613426379bae1f33e112f560b,996bed4920d57ac31c4fb24ea30428fd6f75ebf5eff9ad3e616c6bcf81f64d7c,"[""Tennis""]",1785304006.0992901,KXITFWMATCH-26JUL29SOZMIL-MIL,Tennis,,KXITFWMATCH,0ba82ca4-7c3d-4fe6-9763-af01f430c473,KXITFWMATCH-26JUL29SOZMIL,1785301725.0,quote,,1786510800.0,true,93.5000,93.0000,94.0000,2360.47,2425.29
6,ed2086c87d52482699dee6d41678911f,0,2026-07-29,2026-07-29,29354e42ef0c3a5dcfab2220f035fd1be5874df613426379bae1f33e112f560b,996bed4920d57ac31c4fb24ea30428fd6f75ebf5eff9ad3e616c6bcf81f64d7c,"[""Tennis""]",1785304006.236458,KXITFWMATCH-26JUL29YOSKIM-KIM,Tennis,,KXITFWMATCH,9b9eecb5-c6a0-414a-bcf3-57262192676d,KXITFWMATCH-26JUL29YOSKIM,1785301851.0,quote,,1786510800.0,true,60.0000,59.0000,61.0000,321.68,188.00
6,ed2086c87d52482699dee6d41678911f,0,2026-07-29,2026-07-29,29354e42ef0c3a5dcfab2220f035fd1be5874df613426379bae1f33e112f560b,996bed4920d57ac31c4fb24ea30428fd6f75ebf5eff9ad3e616c6bcf81f64d7c,"[""Tennis""]",1785304006.3078668,KXITFMATCH-26JUL28CHAHEI-HEI,Tennis,,KXITFMATCH,5ba6a34a-c169-4b0b-b8fd-b835a2127855,KXITFMATCH-26JUL28CHAHEI,1785299809.0,quote,,1786505400.0,true,26.0000,25.0000,27.0000,5152.60,1542.00
6,ed2086c87d52482699dee6d41678911f,0,2026-07-29,2026-07-29,29354e42ef0c3a5dcfab2220f035fd1be5874df613426379bae1f33e112f560b,996bed4920d57ac31c4fb24ea30428fd6f75ebf5eff9ad3e616c6bcf81f64d7c,"[""Tennis""]",1785304006.377686,KXITFWMATCH-26JUL29SOZMIL-SOZ,Tennis,,KXITFWMATCH,0ba82ca4-7c3d-4fe6-9763-af01f430c473,KXITFWMATCH-26JUL29SOZMIL,1785301725.0,quote,,1786510800.0,true,6.5000,6.0000,7.0000,1792.29,3672.13
6,ed2086c87d52482699dee6d41678911f,0,2026-07-29,2026-07-29,29354e42ef0c3a5dcfab2220f035fd1be5874df613426379bae1f33e112f560b,996bed4920d57ac31c4fb24ea30428fd6f75ebf5eff9ad3e616c6bcf81f64d7c,"[""Tennis""]",1785304006.447983,KXITFMATCH-26JUL29BRAPIE-PIE,Tennis,,KXITFMATCH,e7bed978-f0a4-4bc6-8904-d9b6730590e4,KXITFMATCH-26JUL29BRAPIE,1785305498.0,quote,,1786514400.0,true,85.5000,85.0000,86.0000,3461.00,1059.07
6,ed2086c87d52482699dee6d41678911f,0,2026-07-29,2026-07-29,29354e42ef0c3a5dcfab2220f035fd1be5874df613426379bae1f33e112f560b,996bed4920d57ac31c4fb24ea30428fd6f75ebf5eff9ad3e616c6bcf81f64d7c,"[""Tennis""]",1785304006.5194,KXITFWMATCH-26JUL29HOSDYU-DYU,Tennis,,KXITFWMATCH,eff22484-a537-4944-bd0e-5664e98b54bd,KXITFWMATCH-26JUL29HOSDYU,1785301687.0,quote,,1786510800.0,true,76.5000,75.0000,78.0000,33.00,516.41
6,ed2086c87d52482699dee6d41678911f,0,2026-07-29,2026-07-29,29354e42ef0c3a5dcfab2220f035fd1be5874df613426379bae1f33e112f560b,996bed4920d57ac31c4fb24ea30428fd6f75ebf5eff9ad3e616c6bcf81f64d7c,"[""Tennis""]",1785304008.1047082,KXITFMATCH-26JUL28PADSAT-PAD,Tennis,,KXITFMATCH,03e1243d-7dee-4056-a032-cb914b77515a,KXITFMATCH-26JUL28PADSAT,1785294636.0,quote,,1786501800.0,true,35.5000,35.0000,36.0000,19646.91,42928.18
6,ed2086c87d52482699dee6d41678911f,0,2026-07-29,2026-07-29,29354e42ef0c3a5dcfab2220f035fd1be5874df613426379bae1f33e112f560b,996bed4920d57ac31c4fb24ea30428fd6f75ebf5eff9ad3e616c6bcf81f64d7c,"[""Tennis""]",1785304008.176416,KXITFMATCH-26JUL28WENJON-JON,Tennis,,KXITFMATCH,5195be65-3a9b-423a-9e35-55f2f5840354,KXITFMATCH-26JUL28WENJON,1785299448.0,quote,,1786501800.0,true,65.5000,65.0000,66.0000,11449.17,23247.40
6,ed2086c87d52482699dee6d41678911f,0,2026-07-29,2026-07-29,29354e42ef0c3a5dcfab2220f035fd1be5874df613426379bae1f33e112f560b,996bed4920d57ac31c4fb24ea30428fd6f75ebf5eff9ad3e616c6bcf81f64d7c,"[""Tennis""]",1785304008.3317819,KXITFMATCH-26JUL28WENJON-WEN,Tennis,,KXITFMATCH,5195be65-3a9b-423a-9e35-55f2f5840354,KXITFMATCH-26JUL28WENJON,1785299448.0,quote,,1786501800.0,true,34.5000,34.0000,35.0000,7952.84,22440.90
6,ed2086c87d52482699dee6d41678911f,0,2026-07-29,2026-07-29,29354e42ef0c3a5dcfab2220f035fd1be5874df613426379bae1f33e112f560b,996bed4920d57ac31c4fb24ea30428fd6f75ebf5eff9ad3e616c6bcf81f64d7c,"[""Tennis""]",1785304008.402532,KXITFMATCH-26JUL28CHAHEI-CHA,Tennis,,KXITFMATCH,5ba6a34a-c169-4b0b-b8fd-b835a2127855,KXITFMATCH-26JUL28CHAHEI,1785299809.0,quote,,1786505400.0,true,75.0000,74.0000,76.0000,42.00,10.00
6,ed2086c87d52482699dee6d41678911f,0,2026-07-29,2026-07-29,29354e42ef0c3a5dcfab2220f035fd1be5874df613426379bae1f33e112f560b,996bed4920d57ac31c4fb24ea30428fd6f75ebf5eff9ad3e616c6bcf81f64d7c,"[""Tennis""]",1785304008.472021,KXITFWMATCH-26JUL29SOZMIL-MIL,Tennis,,KXITFWMATCH,0ba82ca4-7c3d-4fe6-9763-af01f430c473,KXITFWMATCH-26JUL29SOZMIL,1785301725.0,quote,,1786510800.0,true,93.5000,93.0000,94.0000,2360.47,2425.29
6,ed2086c87d52482699dee6d41678911f,0,2026-07-29,2026-07-29,29354e42ef0c3a5dcfab2220f035fd1be5874df613426379bae1f33e112f560b,996bed4920d57ac31c4fb24ea30428fd6f75ebf5eff9ad3e616c6bcf81f64d7c,"[""Tennis""]",1785304008.544157,KXITFWMATCH-26JUL29YOSKIM-KIM,Tennis,,KXITFWMATCH,9b9eecb5-c6a0-414a-bcf3-57262192676d,KXITFWMATCH-26JUL29YOSKIM,1785301851.0,quote,,1786510800.0,true,60.0000,59.0000,61.0000,321.68,188.00
6,ed2086c87d52482699dee6d41678911f,0,2026-07-29,2026-07-29,29354e42ef0c3a5dcfab2220f035fd1be5874df613426379bae1f33e112f560b,996bed4920d57ac31c4fb24ea30428fd6f75ebf5eff9ad3e616c6bcf81f64d7c,"[""Tennis""]",1785304008.615586,KXITFMATCH-26JUL28CHAHEI-HEI,Tennis,,KXITFMATCH,5ba6a34a-c169-4b0b-b8fd-b835a2127855,KXITFMATCH-26JUL28CHAHEI,1785299809.0,quote,,1786505400.0,true,26.0000,25.0000,27.0000,5152.60,1542.00
6,ed2086c87d52482699dee6d41678911f,0,2026-07-29,2026-07-29,29354e42ef0c3a5dcfab2220f035fd1be5874df613426379bae1f33e112f560b,996bed4920d57ac31c4fb24ea30428fd6f75ebf5eff9ad3e616c6bcf81f64d7c,"[""Tennis""]",1785304008.6878421,KXITFWMATCH-26JUL29SOZMIL-SOZ,Tennis,,KXITFWMATCH,0ba82ca4-7c3d-4fe6-9763-af01f430c473,KXITFWMATCH-26JUL29SOZMIL,1785301725.0,quote,,1786510800.0,true,6.5000,6.0000,7.0000,1792.29,3672.13
6,ed2086c87d52482699dee6d41678911f,0,2026-07-29,2026-07-29,29354e42ef0c3a5dcfab2220f035fd1be5874df613426379bae1f33e112f560b,996bed4920d57ac31c4fb24ea30428fd6f75ebf5eff9ad3e616c6bcf81f64d7c,"[""Tennis""]",1785304008.758592,KXITFMATCH-26JUL29BRAPIE-PIE,Tennis,,KXITFMATCH,e7bed978-f0a4-4bc6-8904-d9b6730590e4,KXITFMATCH-26JUL29BRAPIE,1785305498.0,quote,,1786514400.0,true,85.5000,85.0000,86.0000,3461.00,1059.07
6,ed2086c87d52482699dee6d41678911f,0,2026-07-29,2026-07-29,29354e42ef0c3a5dcfab2220f035fd1be5874df613426379bae1f33e112f560b,996bed4920d57ac31c4fb24ea30428fd6f75ebf5eff9ad3e616c6bcf81f64d7c,"[""Tennis""]",1785304008.913238,KXITFWMATCH-26JUL29HOSDYU-DYU,Tennis,,KXITFWMATCH,eff22484-a537-4944-bd0e-5664e98b54bd,KXITFWMATCH-26JUL29HOSDYU,1785301687.0,quote,,1786510800.0,true,76.5000,75.0000,78.0000,33.00,516.41
6,ed2086c87d52482699dee6d41678911f,0,2026-07-29,2026-07-29,29354e42ef0c3a5dcfab2220f035fd1be5874df613426379bae1f33e112f560b,996bed4920d57ac31c4fb24ea30428fd6f75ebf5eff9ad3e616c6bcf81f64d7c,"[""Tennis""]",1785304010.49172,KXITFMATCH-26JUL28PADSAT-PAD,Tennis,,KXITFMATCH,03e1243d-7dee-4056-a032-cb914b77515a,KXITFMATCH-26JUL28PADSAT,1785294636.0,quote,,1786501800.0,true,35.5000,35.0000,36.0000,19646.91,42928.18
6,ed2086c87d52482699dee6d41678911f,0,2026-07-29,2026-07-29,29354e42ef0c3a5dcfab2220f035fd1be5874df613426379bae1f33e112f560b,996bed4920d57ac31c4fb24ea30428fd6f75ebf5eff9ad3e616c6bcf81f64d7c,"[""Tennis""]",1785304010.5626519,KXITFMATCH-26JUL28WENJON-JON,Tennis,,KXITFMATCH,5195be65-3a9b-423a-9e35-55f2f5840354,KXITFMATCH-26JUL28WENJON,1785299448.0,quote,,1786501800.0,true,65.5000,65.0000,66.0000,11449.17,23145.93
6,ed2086c87d52482699dee6d41678911f,0,2026-07-29,2026-07-29,29354e42ef0c3a5dcfab2220f035fd1be5874df613426379bae1f33e112f560b,996bed4920d57ac31c4fb24ea30428fd6f75ebf5eff9ad3e616c6bcf81f64d7c,"[""Tennis""]",1785304010.634353,KXITFMATCH-26JUL28WENJON-WEN,Tennis,,KXITFMATCH,5195be65-3a9b-423a-9e35-55f2f5840354,KXITFMATCH-26JUL28WENJON,1785299448.0,quote,,1786501800.0,true,34.5000,34.0000,35.0000,7952.84,22440.90
6,ed2086c87d52482699dee6d41678911f,0,2026-07-29,2026-07-29,29354e42ef0c3a5dcfab2220f035fd1be5874df613426379bae1f33e112f560b,996bed4920d57ac31c4fb24ea30428fd6f75ebf5eff9ad3e616c6bcf81f64d7c,"[""Tennis""]",1785304010.7054741,KXITFMATCH-26JUL28CHAHEI-CHA,Tennis,,KXITFMATCH,5ba6a34a-c169-4b0b-b8fd-b835a2127855,KXITFMATCH-26JUL28CHAHEI,1785299809.0,quote,,1786505400.0,true,75.0000,74.0000,76.0000,42.00,10.00
6,ed2086c87d52482699dee6d41678911f,0,2026-07-29,2026-07-29,29354e42ef0c3a5dcfab2220f035fd1be5874df613426379bae1f33e112f560b,996bed4920d57ac31c4fb24ea30428fd6f75ebf5eff9ad3e616c6bcf81f64d7c,"[""Tennis""]",1785304010.7772968,KXITFWMATCH-26JUL29SOZMIL-MIL,Tennis,,KXITFWMATCH,0ba82ca4-7c3d-4fe6-9763-af01f430c473,KXITFWMATCH-26JUL29SOZMIL,1785301725.0,quote,,1786510800.0,true,93.5000,93.0000,94.0000,2360.47,2425.29
6,ed2086c87d52482699dee6d41678911f,0,2026-07-29,2026-07-29,29354e42ef0c3a5dcfab2220f035fd1be5874df613426379bae1f33e112f560b,996bed4920d57ac31c4fb24ea30428fd6f75ebf5eff9ad3e616c6bcf81f64d7c,"[""Tennis""]",1785304010.847504,KXITFWMATCH-26JUL29YOSKIM-KIM,Tennis,,KXITFWMATCH,9b9eecb5-c6a0-414a-bcf3-57262192676d,KXITFWMATCH-26JUL29YOSKIM,1785301851.0,quote,,1786510800.0,true,60.0000,59.0000,61.0000,321.68,188.00
6,ed2086c87d52482699dee6d41678911f,0,2026-07-29,2026-07-29,29354e42ef0c3a5dcfab2220f035fd1be5874df613426379bae1f33e112f560b,996bed4920d57ac31c4fb24ea30428fd6f75ebf5eff9ad3e616c6bcf81f64d7c,"[""Tennis""]",1785304010.948017,KXITFMATCH-26JUL28CHAHEI-HEI,Tennis,,KXITFMATCH,5ba6a34a-c169-4b0b-b8fd-b835a2127855,KXITFMATCH-26JUL28CHAHEI,1785299809.0,quote,,1786505400.0,true,26.0000,25.0000,27.0000,5152.60,1542.00
6,ed2086c87d52482699dee6d41678911f,0,2026-07-29,2026-07-29,29354e42ef0c3a5dcfab2220f035fd1be5874df613426379bae1f33e112f560b,996bed4920d57ac31c4fb24ea30428fd6f75ebf5eff9ad3e616c6bcf81f64d7c,"[""Tennis""]",1785304011.018829,KXITFWMATCH-26JUL29SOZMIL-SOZ,Tennis,,KXITFWMATCH,0ba82ca4-7c3d-4fe6-9763-af01f430c473,KXITFWMATCH-26JUL29SOZMIL,1785301725.0,quote,,1786510800.0,true,6.5000,6.0000,7.0000,1792.29,3672.13
6,ed2086c87d52482699dee6d41678911f,0,2026-07-29,2026-07-29,29354e42ef0c3a5dcfab2220f035fd1be5874df613426379bae1f33e112f560b,996bed4920d57ac31c4fb24ea30428fd6f75ebf5eff9ad3e616c6bcf81f64d7c,"[""Tennis""]",1785304011.0898309,KXITFMATCH-26JUL29BRAPIE-PIE,Tennis,,KXITFMATCH,e7bed978-f0a4-4bc6-8904-d9b6730590e4,KXITFMATCH-26JUL29BRAPIE,1785305498.0,quote,,1786514400.0,true,85.5000,85.0000,86.0000,3461.00,1059.07
6,ed2086c87d52482699dee6d41678911f,0,2026-07-29,2026-07-29,29354e42ef0c3a5dcfab2220f035fd1be5874df613426379bae1f33e112f560b,996bed4920d57ac31c4fb24ea30428fd6f75ebf5eff9ad3e616c6bcf81f64d7c,"[""Tennis""]",1785304011.160819,KXITFWMATCH-26JUL29HOSDYU-DYU,Tennis,,KXITFWMATCH,eff22484-a537-4944-bd0e-5664e98b54bd,KXITFWMATCH-26JUL29HOSDYU,1785301687.0,quote,,1786510800.0,true,76.5000,75.0000,78.0000,33.00,516.41
6,ed2086c87d52482699dee6d41678911f,0,2026-07-29,2026-07-29,29354e42ef0c3a5dcfab2220f035fd1be5874df613426379bae1f33e112f560b,996bed4920d57ac31c4fb24ea30428fd6f75ebf5eff9ad3e616c6bcf81f64d7c,"[""Tennis""]",1785304012.742698,KXITFMATCH-26JUL28PADSAT-PAD,Tennis,,KXITFMATCH,03e1243d-7dee-4056-a032-cb914b77515a,KXITFMATCH-26JUL28PADSAT,1785294636.0,quote,,1786501800.0,true,35.5000,35.0000,36.0000,19646.91,42928.18
6,ed2086c87d52482699dee6d41678911f,0,2026-07-29,2026-07-29,29354e42ef0c3a5dcfab2220f035fd1be5874df613426379bae1f33e112f560b,996bed4920d57ac31c4fb24ea30428fd6f75ebf5eff9ad3e616c6bcf81f64d7c,"[""Tennis""]",1785304012.814995,KXITFMATCH-26JUL28WENJON-JON,Tennis,,KXITFMATCH,5195be65-3a9b-423a-9e35-55f2f5840354,KXITFMATCH-26JUL28WENJON,1785299448.0,quote,,1786501800.0,true,65.5000,65.0000,66.0000,11449.17,23145.93
6,ed2086c87d52482699dee6d41678911f,0,2026-07-29,2026-07-29,29354e42ef0c3a5dcfab2220f035fd1be5874df613426379bae1f33e112f560b,996bed4920d57ac31c4fb24ea30428fd6f75ebf5eff9ad3e616c6bcf81f64d7c,"[""Tennis""]",1785304012.887234,KXITFMATCH-26JUL28WENJON-WEN,Tennis,,KXITFMATCH,5195be65-3a9b-423a-9e35-55f2f5840354,KXITFMATCH-26JUL28WENJON,1785299448.0,quote,,1786501800.0,true,34.5000,34.0000,35.0000,7012.56,22427.24
6,ed2086c87d52482699dee6d41678911f,0,2026-07-29,2026-07-29,29354e42ef0c3a5dcfab2220f035fd1be5874df613426379bae1f33e112f560b,996bed4920d57ac31c4fb24ea30428fd6f75ebf5eff9ad3e616c6bcf81f64d7c,"[""Tennis""]",1785304013.051384,KXITFMATCH-26JUL28CHAHEI-CHA,Tennis,,KXITFMATCH,5ba6a34a-c169-4b0b-b8fd-b835a2127855,KXITFMATCH-26JUL28CHAHEI,1785299809.0,quote,,1786505400.0,true,75.0000,74.0000,76.0000,42.00,10.00
6,ed2086c87d52482699dee6d41678911f,0,2026-07-29,2026-07-29,29354e42ef0c3a5dcfab2220f035fd1be5874df613426379bae1f33e112f560b,996bed4920d57ac31c4fb24ea30428fd6f75ebf5eff9ad3e616c6bcf81f64d7c,"[""Tennis""]",1785304013.122037,KXITFWMATCH-26JUL29SOZMIL-MIL,Tennis,,KXITFWMATCH,0ba82ca4-7c3d-4fe6-9763-af01f430c473,KXITFWMATCH-26JUL29SOZMIL,1785301725.0,quote,,1786510800.0,true,93.5000,93.0000,94.0000,2360.47,2425.29
6,ed2086c87d52482699dee6d41678911f,0,2026-07-29,2026-07-29,29354e42ef0c3a5dcfab2220f035fd1be5874df613426379bae1f33e112f560b,996bed4920d57ac31c4fb24ea30428fd6f75ebf5eff9ad3e616c6bcf81f64d7c,"[""Tennis""]",1785304013.193836,KXITFWMATCH-26JUL29YOSKIM-KIM,Tennis,,KXITFWMATCH,9b9eecb5-c6a0-414a-bcf3-57262192676d,KXITFWMATCH-26JUL29YOSKIM,1785301851.0,quote,,1786510800.0,true,56.5000,56.0000,57.0000,5719.34,59.56
6,ed2086c87d52482699dee6d41678911f,0,2026-07-29,2026-07-29,29354e42ef0c3a5dcfab2220f035fd1be5874df613426379bae1f33e112f560b,996bed4920d57ac31c4fb24ea30428fd6f75ebf5eff9ad3e616c6bcf81f64d7c,"[""Tennis""]",1785304013.265329,KXITFMATCH-26JUL28CHAHEI-HEI,Tennis,,KXITFMATCH,5ba6a34a-c169-4b0b-b8fd-b835a2127855,KXITFMATCH-26JUL28CHAHEI,1785299809.0,quote,,1786505400.0,true,26.0000,25.0000,27.0000,5152.60,1542.00
6,ed2086c87d52482699dee6d41678911f,0,2026-07-29,2026-07-29,29354e42ef0c3a5dcfab2220f035fd1be5874df613426379bae1f33e112f560b,996bed4920d57ac31c4fb24ea30428fd6f75ebf5eff9ad3e616c6bcf81f64d7c,"[""Tennis""]",1785304013.335676,KXITFWMATCH-26JUL29SOZMIL-SOZ,Tennis,,KXITFWMATCH,0ba82ca4-7c3d-4fe6-9763-af01f430c473,KXITFWMATCH-26JUL29SOZMIL,1785301725.0,quote,,1786510800.0,true,6.5000,6.0000,7.0000,1792.29,3672.13
6,ed2086c87d52482699dee6d41678911f,0,2026-07-29,2026-07-29,29354e42ef0c3a5dcfab2220f035fd1be5874df613426379bae1f33e112f560b,996bed4920d57ac31c4fb24ea30428fd6f75ebf5eff9ad3e616c6bcf81f64d7c,"[""Tennis""]",1785304013.406052,KXITFMATCH-26JUL29BRAPIE-PIE,Tennis,,KXITFMATCH,e7bed978-f0a4-4bc6-8904-d9b6730590e4,KXITFMATCH-26JUL29BRAPIE,1785305498.0,quote,,1786514400.0,true,85.5000,85.0000,86.0000,3461.00,1059.07
6,ed2086c87d52482699dee6d41678911f,0,2026-07-29,2026-07-29,29354e42ef0c3a5dcfab2220f035fd1be5874df613426379bae1f33e112f560b,996bed4920d57ac31c4fb24ea30428fd6f75ebf5eff9ad3e616c6bcf81f64d7c,"[""Tennis""]",1785304013.475785,KXITFWMATCH-26JUL29HOSDYU-DYU,Tennis,,KXITFWMATCH,eff22484-a537-4944-bd0e-5664e98b54bd,KXITFWMATCH-26JUL29HOSDYU,1785301687.0,quote,,1786510800.0,true,76.5000,75.0000,78.0000,33.00,516.41
6,ed2086c87d52482699dee6d41678911f,0,2026-07-29,2026-07-29,29354e42ef0c3a5dcfab2220f035fd1be5874df613426379bae1f33e112f560b,996bed4920d57ac31c4fb24ea30428fd6f75ebf5eff9ad3e616c6bcf81f64d7c,"[""Tennis""]",1785304015.053916,KXITFMATCH-26JUL28PADSAT-PAD,Tennis,,KXITFMATCH,03e1243d-7dee-4056-a032-cb914b77515a,KXITFMATCH-26JUL28PADSAT,1785294636.0,quote,,1786501800.0,true,35.5000,35.0000,36.0000,19646.91,42928.18
6,ed2086c87d52482699dee6d41678911f,0,2026-07-29,2026-07-29,29354e42ef0c3a5dcfab2220f035fd1be5874df613426379bae1f33e112f560b,996bed4920d57ac31c4fb24ea30428fd6f75ebf5eff9ad3e616c6bcf81f64d7c,"[""Tennis""]",1785304015.2080698,KXITFMATCH-26JUL28WENJON-JON,Tennis,,KXITFMATCH,5195be65-3a9b-423a-9e35-55f2f5840354,KXITFMATCH-26JUL28WENJON,1785299448.0,quote,,1786501800.0,true,65.5000,65.0000,66.0000,11449.17,23145.93
6,ed2086c87d52482699dee6d41678911f,0,2026-07-29,2026-07-29,29354e42ef0c3a5dcfab2220f035fd1be5874df613426379bae1f33e112f560b,996bed4920d57ac31c4fb24ea30428fd6f75ebf5eff9ad3e616c6bcf81f64d7c,"[""Tennis""]",1785304015.278819,KXITFMATCH-26JUL28WENJON-WEN,Tennis,,KXITFMATCH,5195be65-3a9b-423a-9e35-55f2f5840354,KXITFMATCH-26JUL28WENJON,1785299448.0,quote,,1786501800.0,true,34.5000,34.0000,35.0000,7012.56,22427.24
6,ed2086c87d52482699dee6d41678911f,0,2026-07-29,2026-07-29,29354e42ef0c3a5dcfab2220f035fd1be5874df613426379bae1f33e112f560b,996bed4920d57ac31c4fb24ea30428fd6f75ebf5eff9ad3e616c6bcf81f64d7c,"[""Tennis""]",1785304015.3495371,KXITFMATCH-26JUL28CHAHEI-CHA,Tennis,,KXITFMATCH,5ba6a34a-c169-4b0b-b8fd-b835a2127855,KXITFMATCH-26JUL28CHAHEI,1785299809.0,quote,,1786505400.0,true,72.5000,72.0000,73.0000,2369.89,5022.02
6,ed2086c87d52482699dee6d41678911f,0,2026-07-29,2026-07-29,29354e42ef0c3a5dcfab2220f035fd1be5874df613426379bae1f33e112f560b,996bed4920d57ac31c4fb24ea30428fd6f75ebf5eff9ad3e616c6bcf81f64d7c,"[""Tennis""]",1785304015.4237728,KXITFWMATCH-26JUL29SOZMIL-MIL,Tennis,,KXITFWMATCH,0ba82ca4-7c3d-4fe6-9763-af01f430c473,KXITFWMATCH-26JUL29SOZMIL,1785301725.0,quote,,1786510800.0,true,93.5000,93.0000,94.0000,3299.90,2425.29
6,ed2086c87d52482699dee6d41678911f,0,2026-07-29,2026-07-29,29354e42ef0c3a5dcfab2220f035fd1be5874df613426379bae1f33e112f560b,996bed4920d57ac31c4fb24ea30428fd6f75ebf5eff9ad3e616c6bcf81f64d7c,"[""Tennis""]",1785304015.496321,KXITFWMATCH-26JUL29YOSKIM-KIM,Tennis,,KXITFWMATCH,9b9eecb5-c6a0-414a-bcf3-57262192676d,KXITFWMATCH-26JUL29YOSKIM,1785301851.0,quote,,1786510800.0,true,56.5000,56.0000,57.0000,5719.34,59.56
6,ed2086c87d52482699dee6d41678911f,0,2026-07-29,2026-07-29,29354e42ef0c3a5dcfab2220f035fd1be5874df613426379bae1f33e112f560b,996bed4920d57ac31c4fb24ea30428fd6f75ebf5eff9ad3e616c6bcf81f64d7c,"[""Tennis""]",1785304015.5664132,KXITFMATCH-26JUL28CHAHEI-HEI,Tennis,,KXITFMATCH,5ba6a34a-c169-4b0b-b8fd-b835a2127855,KXITFMATCH-26JUL28CHAHEI,1785299809.0,quote,,1786505400.0,true,26.0000,25.0000,27.0000,5152.60,1542.00
6,ed2086c87d52482699dee6d41678911f,0,2026-07-29,2026-07-29,29354e42ef0c3a5dcfab2220f035fd1be5874df613426379bae1f33e112f560b,996bed4920d57ac31c4fb24ea30428fd6f75ebf5eff9ad3e616c6bcf81f64d7c,"[""Tennis""]",1785304015.672105,KXITFWMATCH-26JUL29SOZMIL-SOZ,Tennis,,KXITFWMATCH,0ba82ca4-7c3d-4fe6-9763-af01f430c473,KXITFWMATCH-26JUL29SOZMIL,1785301725.0,quote,,1786510800.0,true,6.5000,6.0000,7.0000,1792.29,4914.32
6,ed2086c87d52482699dee6d41678911f,0,2026-07-29,2026-07-29,29354e42ef0c3a5dcfab2220f035fd1be5874df613426379bae1f33e112f560b,996bed4920d57ac31c4fb24ea30428fd6f75ebf5eff9ad3e616c6bcf81f64d7c,"[""Tennis""]",1785304015.745305,KXITFMATCH-26JUL29BRAPIE-PIE,Tennis,,KXITFMATCH,e7bed978-f0a4-4bc6-8904-d9b6730590e4,KXITFMATCH-26JUL29BRAPIE,1785305498.0,quote,,1786514400.0,true,85.5000,85.0000,86.0000,3461.00,1059.07
6,ed2086c87d52482699dee6d41678911f,0,2026-07-29,2026-07-29,29354e42ef0c3a5dcfab2220f035fd1be5874df613426379bae1f33e112f560b,996bed4920d57ac31c4fb24ea30428fd6f75ebf5eff9ad3e616c6bcf81f64d7c,"[""Tennis""]",1785304015.816254,KXITFWMATCH-26JUL29HOSDYU-DYU,Tennis,,KXITFWMATCH,eff22484-a537-4944-bd0e-5664e98b54bd,KXITFWMATCH-26JUL29HOSDYU,1785301687.0,quote,,1786510800.0,true,76.5000,75.0000,78.0000,33.00,516.41
6,ed2086c87d52482699dee6d41678911f,0,2026-07-29,2026-07-29,29354e42ef0c3a5dcfab2220f035fd1be5874df613426379bae1f33e112f560b,996bed4920d57ac31c4fb24ea30428fd6f75ebf5eff9ad3e616c6bcf81f64d7c,"[""Tennis""]",1785304017.3971798,KXITFMATCH-26JUL28PADSAT-PAD,Tennis,,KXITFMATCH,03e1243d-7dee-4056-a032-cb914b77515a,KXITFMATCH-26JUL28PADSAT,1785294636.0,quote,,1786501800.0,true,36.0000,35.0000,37.0000,5.00,2.00
6,ed2086c87d52482699dee6d41678911f,0,2026-07-29,2026-07-29,29354e42ef0c3a5dcfab2220f035fd1be5874df613426379bae1f33e112f560b,996bed4920d57ac31c4fb24ea30428fd6f75ebf5eff9ad3e616c6bcf81f64d7c,"[""Tennis""]",1785304017.467808,KXITFMATCH-26JUL28WENJON-JON,Tennis,,KXITFMATCH,5195be65-3a9b-423a-9e35-55f2f5840354,KXITFMATCH-26JUL28WENJON,1785299448.0,quote,,1786501800.0,true,65.5000,65.0000,66.0000,11449.17,23145.93
6,ed2086c87d52482699dee6d41678911f,0,2026-07-29,2026-07-29,29354e42ef0c3a5dcfab2220f035fd1be5874df613426379bae1f33e112f560b,996bed4920d57ac31c4fb24ea30428fd6f75ebf5eff9ad3e616c6bcf81f64d7c,"[""Tennis""]",1785304017.537686,KXITFMATCH-26JUL28WENJON-WEN,Tennis,,KXITFMATCH,5195be65-3a9b-423a-9e35-55f2f5840354,KXITFMATCH-26JUL28WENJON,1785299448.0,quote,,1786501800.0,true,34.5000,34.0000,35.0000,7012.56,22427.24
6,ed2086c87d52482699dee6d41678911f,0,2026-07-29,2026-07-29,29354e42ef0c3a5dcfab2220f035fd1be5874df613426379bae1f33e112f560b,996bed4920d57ac31c4fb24ea30428fd6f75ebf5eff9ad3e616c6bcf81f64d7c,"[""Tennis""]",1785304017.607789,KXITFMATCH-26JUL28CHAHEI-CHA,Tennis,,KXITFMATCH,5ba6a34a-c169-4b0b-b8fd-b835a2127855,KXITFMATCH-26JUL28CHAHEI,1785299809.0,quote,,1786505400.0,true,72.5000,72.0000,73.0000,2369.89,5022.02
6,ed2086c87d52482699dee6d41678911f,0,2026-07-29,2026-07-29,29354e42ef0c3a5dcfab2220f035fd1be5874df613426379bae1f33e112f560b,996bed4920d57ac31c4fb24ea30428fd6f75ebf5eff9ad3e616c6bcf81f64d7c,"[""Tennis""]",1785304017.7690098,KXITFWMATCH-26JUL29SOZMIL-MIL,Tennis,,KXITFWMATCH,0ba82ca4-7c3d-4fe6-9763-af01f430c473,KXITFWMATCH-26JUL29SOZMIL,1785301725.0,quote,,1786510800.0,true,93.5000,93.0000,94.0000,3299.90,2425.29
6,ed2086c87d52482699dee6d41678911f,0,2026-07-29,2026-07-29,29354e42ef0c3a5dcfab2220f035fd1be5874df613426379bae1f33e112f560b,996bed4920d57ac31c4fb24ea30428fd6f75ebf5eff9ad3e616c6bcf81f64d7c,"[""Tennis""]",1785304017.8385558,KXITFWMATCH-26JUL29YOSKIM-KIM,Tennis,,KXITFWMATCH,9b9eecb5-c6a0-414a-bcf3-57262192676d,KXITFWMATCH-26JUL29YOSKIM,1785301851.0,quote,,1786510800.0,true,56.5000,56.0000,57.0000,5719.34,59.56
6,ed2086c87d52482699dee6d41678911f,0,2026-07-29,2026-07-29,29354e42ef0c3a5dcfab2220f035fd1be5874df613426379bae1f33e112f560b,996bed4920d57ac31c4fb24ea30428fd6f75ebf5eff9ad3e616c6bcf81f64d7c,"[""Tennis""]",1785304017.908405,KXITFMATCH-26JUL28CHAHEI-HEI,Tennis,,KXITFMATCH,5ba6a34a-c169-4b0b-b8fd-b835a2127855,KXITFMATCH-26JUL28CHAHEI,1785299809.0,quote,,1786505400.0,true,27.5000,27.0000,28.0000,3639.12,4341.80
6,ed2086c87d52482699dee6d41678911f,0,2026-07-29,2026-07-29,29354e42ef0c3a5dcfab2220f035fd1be5874df613426379bae1f33e112f560b,996bed4920d57ac31c4fb24ea30428fd6f75ebf5eff9ad3e616c6bcf81f64d7c,"[""Tennis""]",1785304017.9801111,KXITFWMATCH-26JUL29SOZMIL-SOZ,Tennis,,KXITFWMATCH,0ba82ca4-7c3d-4fe6-9763-af01f430c473,KXITFWMATCH-26JUL29SOZMIL,1785301725.0,quote,,1786510800.0,true,6.5000,6.0000,7.0000,1792.29,4914.32
6,ed2086c87d52482699dee6d41678911f,0,2026-07-29,2026-07-29,29354e42ef0c3a5dcfab2220f035fd1be5874df613426379bae1f33e112f560b,996bed4920d57ac31c4fb24ea30428fd6f75ebf5eff9ad3e616c6bcf81f64d7c,"[""Tennis""]",1785304018.051744,KXITFMATCH-26JUL29BRAPIE-PIE,Tennis,,KXITFMATCH,e7bed978-f0a4-4bc6-8904-d9b6730590e4,KXITFMATCH-26JUL29BRAPIE,1785305498.0,quote,,1786514400.0,true,85.5000,85.0000,86.0000,3461.00,1059.07
6,ed2086c87d52482699dee6d41678911f,0,2026-07-29,2026-07-29,29354e42ef0c3a5dcfab2220f035fd1be5874df613426379bae1f33e112f560b,996bed4920d57ac31c4fb24ea30428fd6f75ebf5eff9ad3e616c6bcf81f64d7c,"[""Tennis""]",1785304018.124521,KXITFWMATCH-26JUL29HOSDYU-DYU,Tennis,,KXITFWMATCH,eff22484-a537-4944-bd0e-5664e98b54bd,KXITFWMATCH-26JUL29HOSDYU,1785301687.0,quote,,1786510800.0,true,76.5000,75.0000,78.0000,33.00,316.41
6,ed2086c87d52482699dee6d41678911f,0,2026-07-29,2026-07-29,29354e42ef0c3a5dcfab2220f035fd1be5874df613426379bae1f33e112f560b,996bed4920d57ac31c4fb24ea30428fd6f75ebf5eff9ad3e616c6bcf81f64d7c,"[""Tennis""]",1785304019.701215,KXITFMATCH-26JUL28PADSAT-PAD,Tennis,,KXITFMATCH,03e1243d-7dee-4056-a032-cb914b77515a,KXITFMATCH-26JUL28PADSAT,1785294636.0,quote,,1786501800.0,true,36.0000,35.0000,37.0000,5.00,2.00
6,ed2086c87d52482699dee6d41678911f,0,2026-07-29,2026-07-29,29354e42ef0c3a5dcfab2220f035fd1be5874df613426379bae1f33e112f560b,996bed4920d57ac31c4fb24ea30428fd6f75ebf5eff9ad3e616c6bcf81f64d7c,"[""Tennis""]",1785304019.7703738,KXITFMATCH-26JUL28WENJON-JON,Tennis,,KXITFMATCH,5195be65-3a9b-423a-9e35-55f2f5840354,KXITFMATCH-26JUL28WENJON,1785299448.0,quote,,1786501800.0,true,65.5000,65.0000,66.0000,11449.17,23145.93
6,ed2086c87d52482699dee6d41678911f,0,2026-07-29,2026-07-29,29354e42ef0c3a5dcfab2220f035fd1be5874df613426379bae1f33e112f560b,996bed4920d57ac31c4fb24ea30428fd6f75ebf5eff9ad3e616c6bcf81f64d7c,"[""Tennis""]",1785304019.9284391,KXITFMATCH-26JUL28WENJON-WEN,Tennis,,KXITFMATCH,5195be65-3a9b-423a-9e35-55f2f5840354,KXITFMATCH-26JUL28WENJON,1785299448.0,quote,,1786501800.0,true,34.5000,34.0000,35.0000,7012.56,22427.24
6,ed2086c87d52482699dee6d41678911f,0,2026-07-29,2026-07-29,29354e42ef0c3a5dcfab2220f035fd1be5874df613426379bae1f33e112f560b,996bed4920d57ac31c4fb24ea30428fd6f75ebf5eff9ad3e616c6bcf81f64d7c,"[""Tennis""]",1785304019.999346,KXITFMATCH-26JUL28CHAHEI-CHA,Tennis,,KXITFMATCH,5ba6a34a-c169-4b0b-b8fd-b835a2127855,KXITFMATCH-26JUL28CHAHEI,1785299809.0,quote,,1786505400.0,true,72.5000,72.0000,73.0000,2369.89,5022.02
6,ed2086c87d52482699dee6d41678911f,0,2026-07-29,2026-07-29,29354e42ef0c3a5dcfab2220f035fd1be5874df613426379bae1f33e112f560b,996bed4920d57ac31c4fb24ea30428fd6f75ebf5eff9ad3e616c6bcf81f64d7c,"[""Tennis""]",1785304020.070431,KXITFWMATCH-26JUL29SOZMIL-MIL,Tennis,,KXITFWMATCH,0ba82ca4-7c3d-4fe6-9763-af01f430c473,KXITFWMATCH-26JUL29SOZMIL,1785301725.0,quote,,1786510800.0,true,93.5000,93.0000,94.0000,3299.90,2425.29
6,ed2086c87d52482699dee6d41678911f,0,2026-07-29,2026-07-29,29354e42ef0c3a5dcfab2220f035fd1be5874df613426379bae1f33e112f560b,996bed4920d57ac31c4fb24ea30428fd6f75ebf5eff9ad3e616c6bcf81f64d7c,"[""Tennis""]",1785304020.141493,KXITFWMATCH-26JUL29YOSKIM-KIM,Tennis,,KXITFWMATCH,9b9eecb5-c6a0-414a-bcf3-57262192676d,KXITFWMATCH-26JUL29YOSKIM,1785301851.0,quote,,1786510800.0,true,56.5000,56.0000,57.0000,5719.34,59.56
6,ed2086c87d52482699dee6d41678911f,0,2026-07-29,2026-07-29,29354e42ef0c3a5dcfab2220f035fd1be5874df613426379bae1f33e112f560b,996bed4920d57ac31c4fb24ea30428fd6f75ebf5eff9ad3e616c6bcf81f64d7c,"[""Tennis""]",1785304020.2140338,KXITFMATCH-26JUL28CHAHEI-HEI,Tennis,,KXITFMATCH,5ba6a34a-c169-4b0b-b8fd-b835a2127855,KXITFMATCH-26JUL28CHAHEI,1785299809.0,quote,,1786505400.0,true,27.5000,27.0000,28.0000,3639.12,4341.80
6,ed2086c87d52482699dee6d41678911f,0,2026-07-29,2026-07-29,29354e42ef0c3a5dcfab2220f035fd1be5874df613426379bae1f33e112f560b,996bed4920d57ac31c4fb24ea30428fd6f75ebf5eff9ad3e616c6bcf81f64d7c,"[""Tennis""]",1785304020.283832,KXITFWMATCH-26JUL29SOZMIL-SOZ,Tennis,,KXITFWMATCH,0ba82ca4-7c3d-4fe6-9763-af01f430c473,KXITFWMATCH-26JUL29SOZMIL,1785301725.0,quote,,1786510800.0,true,6.5000,6.0000,7.0000,1792.29,4914.32
6,ed2086c87d52482699dee6d41678911f,0,2026-07-29,2026-07-29,29354e42ef0c3a5dcfab2220f035fd1be5874df613426379bae1f33e112f560b,996bed4920d57ac31c4fb24ea30428fd6f75ebf5eff9ad3e616c6bcf81f64d7c,"[""Tennis""]",1785304020.384609,KXITFMATCH-26JUL29BRAPIE-PIE,Tennis,,KXITFMATCH,e7bed978-f0a4-4bc6-8904-d9b6730590e4,KXITFMATCH-26JUL29BRAPIE,1785305498.0,quote,,1786514400.0,true,85.5000,85.0000,86.0000,3461.00,1059.07
6,ed2086c87d52482699dee6d41678911f,0,2026-07-29,2026-07-29,29354e42ef0c3a5dcfab2220f035fd1be5874df613426379bae1f33e112f560b,996bed4920d57ac31c4fb24ea30428fd6f75ebf5eff9ad3e616c6bcf81f64d7c,"[""Tennis""]",1785304020.455738,KXITFWMATCH-26JUL29HOSDYU-DYU,Tennis,,KXITFWMATCH,eff22484-a537-4944-bd0e-5664e98b54bd,KXITFWMATCH-26JUL29HOSDYU,1785301687.0,quote,,1786510800.0,true,76.5000,75.0000,78.0000,33.00,316.41
6,ed2086c87d52482699dee6d41678911f,0,2026-07-29,2026-07-29,29354e42ef0c3a5dcfab2220f035fd1be5874df613426379bae1f33e112f560b,996bed4920d57ac31c4fb24ea30428fd6f75ebf5eff9ad3e616c6bcf81f64d7c,"[""Tennis""]",1785304022.034783,KXITFMATCH-26JUL28PADSAT-PAD,Tennis,,KXITFMATCH,03e1243d-7dee-4056-a032-cb914b77515a,KXITFMATCH-26JUL28PADSAT,1785294636.0,quote,,1786501800.0,true,36.0000,35.0000,37.0000,5.00,2.00
6,ed2086c87d52482699dee6d41678911f,0,2026-07-29,2026-07-29,29354e42ef0c3a5dcfab2220f035fd1be5874df613426379bae1f33e112f560b,996bed4920d57ac31c4fb24ea30428fd6f75ebf5eff9ad3e616c6bcf81f64d7c,"[""Tennis""]",1785304022.1054652,KXITFMATCH-26JUL28WENJON-JON,Tennis,,KXITFMATCH,5195be65-3a9b-423a-9e35-55f2f5840354,KXITFMATCH-26JUL28WENJON,1785299448.0,quote,,1786501800.0,true,65.5000,65.0000,66.0000,11449.17,22295.93
6,ed2086c87d52482699dee6d41678911f,0,2026-07-29,2026-07-29,29354e42ef0c3a5dcfab2220f035fd1be5874df613426379bae1f33e112f560b,996bed4920d57ac31c4fb24ea30428fd6f75ebf5eff9ad3e616c6bcf81f64d7c,"[""Tennis""]",1785304022.176745,KXITFMATCH-26JUL28WENJON-WEN,Tennis,,KXITFMATCH,5195be65-3a9b-423a-9e35-55f2f5840354,KXITFMATCH-26JUL28WENJON,1785299448.0,quote,,1786501800.0,true,34.5000,34.0000,35.0000,7012.56,22427.24
6,ed2086c87d52482699dee6d41678911f,0,2026-07-29,2026-07-29,29354e42ef0c3a5dcfab2220f035fd1be5874df613426379bae1f33e112f560b,996bed4920d57ac31c4fb24ea30428fd6f75ebf5eff9ad3e616c6bcf81f64d7c,"[""Tennis""]",1785304022.247025,KXITFMATCH-26JUL28CHAHEI-CHA,Tennis,,KXITFMATCH,5ba6a34a-c169-4b0b-b8fd-b835a2127855,KXITFMATCH-26JUL28CHAHEI,1785299809.0,quote,,1786505400.0,true,72.5000,72.0000,73.0000,2369.89,5022.02
6,ed2086c87d52482699dee6d41678911f,0,2026-07-29,2026-07-29,29354e42ef0c3a5dcfab2220f035fd1be5874df613426379bae1f33e112f560b,996bed4920d57ac31c4fb24ea30428fd6f75ebf5eff9ad3e616c6bcf81f64d7c,"[""Tennis""]",1785304022.319062,KXITFWMATCH-26JUL29SOZMIL-MIL,Tennis,,KXITFWMATCH,0ba82ca4-7c3d-4fe6-9763-af01f430c473,KXITFWMATCH-26JUL29SOZMIL,1785301725.0,quote,,1786510800.0,true,93.5000,93.0000,94.0000,3299.90,2425.29
6,ed2086c87d52482699dee6d41678911f,0,2026-07-29,2026-07-29,29354e42ef0c3a5dcfab2220f035fd1be5874df613426379bae1f33e112f560b,996bed4920d57ac31c4fb24ea30428fd6f75ebf5eff9ad3e616c6bcf81f64d7c,"[""Tennis""]",1785304022.390199,KXITFWMATCH-26JUL29YOSKIM-KIM,Tennis,,KXITFWMATCH,9b9eecb5-c6a0-414a-bcf3-57262192676d,KXITFWMATCH-26JUL29YOSKIM,1785301851.0,quote,,1786510800.0,true,56.5000,56.0000,57.0000,5719.34,59.56
6,ed2086c87d52482699dee6d41678911f,0,2026-07-29,2026-07-29,29354e42ef0c3a5dcfab2220f035fd1be5874df613426379bae1f33e112f560b,996bed4920d57ac31c4fb24ea30428fd6f75ebf5eff9ad3e616c6bcf81f64d7c,"[""Tennis""]",1785304022.549671,KXITFMATCH-26JUL28CHAHEI-HEI,Tennis,,KXITFMATCH,5ba6a34a-c169-4b0b-b8fd-b835a2127855,KXITFMATCH-26JUL28CHAHEI,1785299809.0,quote,,1786505400.0,true,27.5000,27.0000,28.0000,3639.12,4341.80
6,ed2086c87d52482699dee6d41678911f,0,2026-07-29,2026-07-29,29354e42ef0c3a5dcfab2220f035fd1be5874df613426379bae1f33e112f560b,996bed4920d57ac31c4fb24ea30428fd6f75ebf5eff9ad3e616c6bcf81f64d7c,"[""Tennis""]",1785304022.619887,KXITFWMATCH-26JUL29SOZMIL-SOZ,Tennis,,KXITFWMATCH,0ba82ca4-7c3d-4fe6-9763-af01f430c473,KXITFWMATCH-26JUL29SOZMIL,1785301725.0,quote,,1786510800.0,true,6.5000,6.0000,7.0000,1792.29,4914.32
6,ed2086c87d52482699dee6d41678911f,0,2026-07-29,2026-07-29,29354e42ef0c3a5dcfab2220f035fd1be5874df613426379bae1f33e112f560b,996bed4920d57ac31c4fb24ea30428fd6f75ebf5eff9ad3e616c6bcf81f64d7c,"[""Tennis""]",1785304022.6907892,KXITFMATCH-26JUL29BRAPIE-PIE,Tennis,,KXITFMATCH,e7bed978-f0a4-4bc6-8904-d9b6730590e4,KXITFMATCH-26JUL29BRAPIE,1785305498.0,quote,,1786514400.0,true,85.5000,85.0000,86.0000,3461.00,1059.07
6,ed2086c87d52482699dee6d41678911f,0,2026-07-29,2026-07-29,29354e42ef0c3a5dcfab2220f035fd1be5874df613426379bae1f33e112f560b,996bed4920d57ac31c4fb24ea30428fd6f75ebf5eff9ad3e616c6bcf81f64d7c,"[""Tennis""]",1785304022.761801,KXITFWMATCH-26JUL29HOSDYU-DYU,Tennis,,KXITFWMATCH,eff22484-a537-4944-bd0e-5664e98b54bd,KXITFWMATCH-26JUL29HOSDYU,1785301687.0,quote,,1786510800.0,true,76.5000,75.0000,78.0000,33.00,316.41
6,ed2086c87d52482699dee6d41678911f,0,2026-07-29,2026-07-29,29354e42ef0c3a5dcfab2220f035fd1be5874df613426379bae1f33e112f560b,996bed4920d57ac31c4fb24ea30428fd6f75ebf5eff9ad3e616c6bcf81f64d7c,"[""Tennis""]",1785304024.34008,KXITFMATCH-26JUL28PADSAT-PAD,Tennis,,KXITFMATCH,03e1243d-7dee-4056-a032-cb914b77515a,KXITFMATCH-26JUL28PADSAT,1785294636.0,quote,,1786501800.0,true,36.0000,35.0000,37.0000,5.00,2.00
6,ed2086c87d52482699dee6d41678911f,0,2026-07-29,2026-07-29,29354e42ef0c3a5dcfab2220f035fd1be5874df613426379bae1f33e112f560b,996bed4920d57ac31c4fb24ea30428fd6f75ebf5eff9ad3e616c6bcf81f64d7c,"[""Tennis""]",1785304024.417428,KXITFMATCH-26JUL28WENJON-JON,Tennis,,KXITFMATCH,5195be65-3a9b-423a-9e35-55f2f5840354,KXITFMATCH-26JUL28WENJON,1785299448.0,quote,,1786501800.0,true,65.5000,65.0000,66.0000,11449.17,22295.93
6,ed2086c87d52482699dee6d41678911f,0,2026-07-29,2026-07-29,29354e42ef0c3a5dcfab2220f035fd1be5874df613426379bae1f33e112f560b,996bed4920d57ac31c4fb24ea30428fd6f75ebf5eff9ad3e616c6bcf81f64d7c,"[""Tennis""]",1785304024.48931,KXITFMATCH-26JUL28WENJON-WEN,Tennis,,KXITFMATCH,5195be65-3a9b-423a-9e35-55f2f5840354,KXITFMATCH-26JUL28WENJON,1785299448.0,quote,,1786501800.0,true,33.0000,32.0000,34.0000,63.00,142.35
6,ed2086c87d52482699dee6d41678911f,0,2026-07-29,2026-07-29,29354e42ef0c3a5dcfab2220f035fd1be5874df613426379bae1f33e112f560b,996bed4920d57ac31c4fb24ea30428fd6f75ebf5eff9ad3e616c6bcf81f64d7c,"[""Tennis""]",1785304024.642678,KXITFMATCH-26JUL28CHAHEI-CHA,Tennis,,KXITFMATCH,5ba6a34a-c169-4b0b-b8fd-b835a2127855,KXITFMATCH-26JUL28CHAHEI,1785299809.0,quote,,1786505400.0,true,72.5000,72.0000,73.0000,2369.89,5022.02
6,ed2086c87d52482699dee6d41678911f,0,2026-07-29,2026-07-29,29354e42ef0c3a5dcfab2220f035fd1be5874df613426379bae1f33e112f560b,996bed4920d57ac31c4fb24ea30428fd6f75ebf5eff9ad3e616c6bcf81f64d7c,"[""Tennis""]",1785304024.715657,KXITFWMATCH-26JUL29SOZMIL-MIL,Tennis,,KXITFWMATCH,0ba82ca4-7c3d-4fe6-9763-af01f430c473,KXITFWMATCH-26JUL29SOZMIL,1785301725.0,quote,,1786510800.0,true,93.5000,93.0000,94.0000,3299.90,2425.29
6,ed2086c87d52482699dee6d41678911f,0,2026-07-29,2026-07-29,29354e42ef0c3a5dcfab2220f035fd1be5874df613426379bae1f33e112f560b,996bed4920d57ac31c4fb24ea30428fd6f75ebf5eff9ad3e616c6bcf81f64d7c,"[""Tennis""]",1785304024.788162,KXITFWMATCH-26JUL29YOSKIM-KIM,Tennis,,KXITFWMATCH,9b9eecb5-c6a0-414a-bcf3-57262192676d,KXITFWMATCH-26JUL29YOSKIM,1785301851.0,quote,,1786510800.0,true,56.5000,56.0000,57.0000,5469.34,59.56
6,ed2086c87d52482699dee6d41678911f,0,2026-07-29,2026-07-29,29354e42ef0c3a5dcfab2220f035fd1be5874df613426379bae1f33e112f560b,996bed4920d57ac31c4fb24ea30428fd6f75ebf5eff9ad3e616c6bcf81f64d7c,"[""Tennis""]",1785304024.8607519,KXITFMATCH-26JUL28CHAHEI-HEI,Tennis,,KXITFMATCH,5ba6a34a-c169-4b0b-b8fd-b835a2127855,KXITFMATCH-26JUL28CHAHEI,1785299809.0,quote,,1786505400.0,true,27.5000,27.0000,28.0000,3639.12,4341.80
6,ed2086c87d52482699dee6d41678911f,0,2026-07-29,2026-07-29,29354e42ef0c3a5dcfab2220f035fd1be5874df613426379bae1f33e112f560b,996bed4920d57ac31c4fb24ea30428fd6f75ebf5eff9ad3e616c6bcf81f64d7c,"[""Tennis""]",1785304024.933874,KXITFWMATCH-26JUL29SOZMIL-SOZ,Tennis,,KXITFWMATCH,0ba82ca4-7c3d-4fe6-9763-af01f430c473,KXITFWMATCH-26JUL29SOZMIL,1785301725.0,quote,,1786510800.0,true,6.5000,6.0000,7.0000,1792.29,4914.32
6,ed2086c87d52482699dee6d41678911f,0,2026-07-29,2026-07-29,29354e42ef0c3a5dcfab2220f035fd1be5874df613426379bae1f33e112f560b,996bed4920d57ac31c4fb24ea30428fd6f75ebf5eff9ad3e616c6bcf81f64d7c,"[""Tennis""]",1785304025.004749,KXITFMATCH-26JUL29BRAPIE-PIE,Tennis,,KXITFMATCH,e7bed978-f0a4-4bc6-8904-d9b6730590e4,KXITFMATCH-26JUL29BRAPIE,1785305498.0,quote,,1786514400.0,true,85.5000,85.0000,86.0000,3461.00,1059.07
6,ed2086c87d52482699dee6d41678911f,0,2026-07-29,2026-07-29,29354e42ef0c3a5dcfab2220f035fd1be5874df613426379bae1f33e112f560b,996bed4920d57ac31c4fb24ea30428fd6f75ebf5eff9ad3e616c6bcf81f64d7c,"[""Tennis""]",1785304025.109492,KXITFWMATCH-26JUL29HOSDYU-DYU,Tennis,,KXITFWMATCH,eff22484-a537-4944-bd0e-5664e98b54bd,KXITFWMATCH-26JUL29HOSDYU,1785301687.0,quote,,1786510800.0,true,76.5000,75.0000,78.0000,33.00,316.41
6,ed2086c87d52482699dee6d41678911f,0,2026-07-29,2026-07-29,29354e42ef0c3a5dcfab2220f035fd1be5874df613426379bae1f33e112f560b,996bed4920d57ac31c4fb24ea30428fd6f75ebf5eff9ad3e616c6bcf81f64d7c,"[""Tennis""]",1785304026.7415712,KXITFMATCH-26JUL28PADSAT-PAD,Tennis,,KXITFMATCH,03e1243d-7dee-4056-a032-cb914b77515a,KXITFMATCH-26JUL28PADSAT,1785294636.0,quote,,1786501800.0,true,36.0000,35.0000,37.0000,5.00,2.00
6,ed2086c87d52482699dee6d41678911f,0,2026-07-29,2026-07-29,29354e42ef0c3a5dcfab2220f035fd1be5874df613426379bae1f33e112f560b,996bed4920d57ac31c4fb24ea30428fd6f75ebf5eff9ad3e616c6bcf81f64d7c,"[""Tennis""]",1785304026.874775,KXITFMATCH-26JUL28WENJON-JON,Tennis,,KXITFMATCH,5195be65-3a9b-423a-9e35-55f2f5840354,KXITFMATCH-26JUL28WENJON,1785299448.0,quote,,1786501800.0,true,65.5000,65.0000,66.0000,11449.17,22295.93
6,ed2086c87d52482699dee6d41678911f,0,2026-07-29,2026-07-29,29354e42ef0c3a5dcfab2220f035fd1be5874df613426379bae1f33e112f560b,996bed4920d57ac31c4fb24ea30428fd6f75ebf5eff9ad3e616c6bcf81f64d7c,"[""Tennis""]",1785304026.9441988,KXITFMATCH-26JUL28WENJON-WEN,Tennis,,KXITFMATCH,5195be65-3a9b-423a-9e35-55f2f5840354,KXITFMATCH-26JUL28WENJON,1785299448.0,quote,,1786501800.0,true,33.0000,32.0000,34.0000,63.00,142.35
6,ed2086c87d52482699dee6d41678911f,0,2026-07-29,2026-07-29,29354e42ef0c3a5dcfab2220f035fd1be5874df613426379bae1f33e112f560b,996bed4920d57ac31c4fb24ea30428fd6f75ebf5eff9ad3e616c6bcf81f64d7c,"[""Tennis""]",1785304027.01362,KXITFMATCH-26JUL28CHAHEI-CHA,Tennis,,KXITFMATCH,5ba6a34a-c169-4b0b-b8fd-b835a2127855,KXITFMATCH-26JUL28CHAHEI,1785299809.0,quote,,1786505400.0,true,72.5000,72.0000,73.0000,2372.53,5030.14
6,ed2086c87d52482699dee6d41678911f,0,2026-07-29,2026-07-29,29354e42ef0c3a5dcfab2220f035fd1be5874df613426379bae1f33e112f560b,996bed4920d57ac31c4fb24ea30428fd6f75ebf5eff9ad3e616c6bcf81f64d7c,"[""Tennis""]",1785304027.084171,KXITFWMATCH-26JUL29SOZMIL-MIL,Tennis,,KXITFWMATCH,0ba82ca4-7c3d-4fe6-9763-af01f430c473,KXITFWMATCH-26JUL29SOZMIL,1785301725.0,quote,,1786510800.0,true,93.5000,93.0000,94.0000,3299.90,2425.29
6,ed2086c87d52482699dee6d41678911f,0,2026-07-29,2026-07-29,29354e42ef0c3a5dcfab2220f035fd1be5874df613426379bae1f33e112f560b,996bed4920d57ac31c4fb24ea30428fd6f75ebf5eff9ad3e616c6bcf81f64d7c,"[""Tennis""]",1785304027.204706,KXITFWMATCH-26JUL29YOSKIM-KIM,Tennis,,KXITFWMATCH,9b9eecb5-c6a0-414a-bcf3-57262192676d,KXITFWMATCH-26JUL29YOSKIM,1785301851.0,quote,,1786510800.0,true,56.5000,56.0000,57.0000,5469.34,59.56
6,ed2086c87d52482699dee6d41678911f,0,2026-07-29,2026-07-29,29354e42ef0c3a5dcfab2220f035fd1be5874df613426379bae1f33e112f560b,996bed4920d57ac31c4fb24ea30428fd6f75ebf5eff9ad3e616c6bcf81f64d7c,"[""Tennis""]",1785304027.27592,KXITFMATCH-26JUL28CHAHEI-HEI,Tennis,,KXITFMATCH,5ba6a34a-c169-4b0b-b8fd-b835a2127855,KXITFMATCH-26JUL28CHAHEI,1785299809.0,quote,,1786505400.0,true,27.5000,27.0000,28.0000,3639.12,4046.63
6,ed2086c87d52482699dee6d41678911f,0,2026-07-29,2026-07-29,29354e42ef0c3a5dcfab2220f035fd1be5874df613426379bae1f33e112f560b,996bed4920d57ac31c4fb24ea30428fd6f75ebf5eff9ad3e616c6bcf81f64d7c,"[""Tennis""]",1785304027.346922,KXITFWMATCH-26JUL29SOZMIL-SOZ,Tennis,,KXITFWMATCH,0ba82ca4-7c3d-4fe6-9763-af01f430c473,KXITFWMATCH-26JUL29SOZMIL,1785301725.0,quote,,1786510800.0,true,6.5000,6.0000,7.0000,1792.29,4913.25
6,ed2086c87d52482699dee6d41678911f,0,2026-07-29,2026-07-29,29354e42ef0c3a5dcfab2220f035fd1be5874df613426379bae1f33e112f560b,996bed4920d57ac31c4fb24ea30428fd6f75ebf5eff9ad3e616c6bcf81f64d7c,"[""Tennis""]",1785304027.41638,KXITFMATCH-26JUL29BRAPIE-PIE,Tennis,,KXITFMATCH,e7bed978-f0a4-4bc6-8904-d9b6730590e4,KXITFMATCH-26JUL29BRAPIE,1785305498.0,quote,,1786514400.0,true,85.5000,85.0000,86.0000,3461.00,1059.07
6,ed2086c87d52482699dee6d41678911f,0,2026-07-29,2026-07-29,29354e42ef0c3a5dcfab2220f035fd1be5874df613426379bae1f33e112f560b,996bed4920d57ac31c4fb24ea30428fd6f75ebf5eff9ad3e616c6bcf81f64d7c,"[""Tennis""]",1785304027.4858382,KXITFWMATCH-26JUL29HOSDYU-DYU,Tennis,,KXITFWMATCH,eff22484-a537-4944-bd0e-5664e98b54bd,KXITFWMATCH-26JUL29HOSDYU,1785301687.0,quote,,1786510800.0,true,76.5000,75.0000,78.0000,33.00,316.41
6,ed2086c87d52482699dee6d41678911f,0,2026-07-29,2026-07-29,29354e42ef0c3a5dcfab2220f035fd1be5874df613426379bae1f33e112f560b,996bed4920d57ac31c4fb24ea30428fd6f75ebf5eff9ad3e616c6bcf81f64d7c,"[""Tennis""]",1785304029.064343,KXITFMATCH-26JUL28PADSAT-PAD,Tennis,,KXITFMATCH,03e1243d-7dee-4056-a032-cb914b77515a,KXITFMATCH-26JUL28PADSAT,1785294636.0,quote,,1786501800.0,true,33.5000,33.0000,34.0000,3938.75,202.18
6,ed2086c87d52482699dee6d41678911f,0,2026-07-29,2026-07-29,29354e42ef0c3a5dcfab2220f035fd1be5874df613426379bae1f33e112f560b,996bed4920d57ac31c4fb24ea30428fd6f75ebf5eff9ad3e616c6bcf81f64d7c,"[""Tennis""]",1785304029.1338959,KXITFMATCH-26JUL28WENJON-JON,Tennis,,KXITFMATCH,5195be65-3a9b-423a-9e35-55f2f5840354,KXITFMATCH-26JUL28WENJON,1785299448.0,quote,,1786501800.0,true,65.5000,65.0000,66.0000,11449.17,22295.93
6,ed2086c87d52482699dee6d41678911f,0,2026-07-29,2026-07-29,29354e42ef0c3a5dcfab2220f035fd1be5874df613426379bae1f33e112f560b,996bed4920d57ac31c4fb24ea30428fd6f75ebf5eff9ad3e616c6bcf81f64d7c,"[""Tennis""]",1785304029.204757,KXITFMATCH-26JUL28WENJON-WEN,Tennis,,KXITFMATCH,5195be65-3a9b-423a-9e35-55f2f5840354,KXITFMATCH-26JUL28WENJON,1785299448.0,quote,,1786501800.0,true,33.0000,32.0000,34.0000,63.00,142.35
6,ed2086c87d52482699dee6d41678911f,0,2026-07-29,2026-07-29,29354e42ef0c3a5dcfab2220f035fd1be5874df613426379bae1f33e112f560b,996bed4920d57ac31c4fb24ea30428fd6f75ebf5eff9ad3e616c6bcf81f64d7c,"[""Tennis""]",1785304029.364713,KXITFMATCH-26JUL28CHAHEI-CHA,Tennis,,KXITFMATCH,5ba6a34a-c169-4b0b-b8fd-b835a2127855,KXITFMATCH-26JUL28CHAHEI,1785299809.0,quote,,1786505400.0,true,72.5000,72.0000,73.0000,2372.53,5030.14
6,ed2086c87d52482699dee6d41678911f,0,2026-07-29,2026-07-29,29354e42ef0c3a5dcfab2220f035fd1be5874df613426379bae1f33e112f560b,996bed4920d57ac31c4fb24ea30428fd6f75ebf5eff9ad3e616c6bcf81f64d7c,"[""Tennis""]",1785304029.435754,KXITFWMATCH-26JUL29SOZMIL-MIL,Tennis,,KXITFWMATCH,0ba82ca4-7c3d-4fe6-9763-af01f430c473,KXITFWMATCH-26JUL29SOZMIL,1785301725.0,quote,,1786510800.0,true,93.5000,93.0000,94.0000,3299.90,2425.29
6,ed2086c87d52482699dee6d41678911f,0,2026-07-29,2026-07-29,29354e42ef0c3a5dcfab2220f035fd1be5874df613426379bae1f33e112f560b,996bed4920d57ac31c4fb24ea30428fd6f75ebf5eff9ad3e616c6bcf81f64d7c,"[""Tennis""]",1785304029.506929,KXITFWMATCH-26JUL29YOSKIM-KIM,Tennis,,KXITFWMATCH,9b9eecb5-c6a0-414a-bcf3-57262192676d,KXITFWMATCH-26JUL29YOSKIM,1785301851.0,quote,,1786510800.0,true,56.5000,56.0000,57.0000,5469.34,59.56
6,ed2086c87d52482699dee6d41678911f,0,2026-07-29,2026-07-29,29354e42ef0c3a5dcfab2220f035fd1be5874df613426379bae1f33e112f560b,996bed4920d57ac31c4fb24ea30428fd6f75ebf5eff9ad3e616c6bcf81f64d7c,"[""Tennis""]",1785304029.577646,KXITFMATCH-26JUL28CHAHEI-HEI,Tennis,,KXITFMATCH,5ba6a34a-c169-4b0b-b8fd-b835a2127855,KXITFMATCH-26JUL28CHAHEI,1785299809.0,quote,,1786505400.0,true,27.5000,27.0000,28.0000,3639.12,4046.63
6,ed2086c87d52482699dee6d41678911f,0,2026-07-29,2026-07-29,29354e42ef0c3a5dcfab2220f035fd1be5874df613426379bae1f33e112f560b,996bed4920d57ac31c4fb24ea30428fd6f75ebf5eff9ad3e616c6bcf81f64d7c,"[""Tennis""]",1785304029.647904,KXITFWMATCH-26JUL29SOZMIL-SOZ,Tennis,,KXITFWMATCH,0ba82ca4-7c3d-4fe6-9763-af01f430c473,KXITFWMATCH-26JUL29SOZMIL,1785301725.0,quote,,1786510800.0,true,6.5000,6.0000,7.0000,1792.29,4913.25
6,ed2086c87d52482699dee6d41678911f,0,2026-07-29,2026-07-29,29354e42ef0c3a5dcfab2220f035fd1be5874df613426379bae1f33e112f560b,996bed4920d57ac31c4fb24ea30428fd6f75ebf5eff9ad3e616c6bcf81f64d7c,"[""Tennis""]",1785304029.718535,KXITFMATCH-26JUL29BRAPIE-PIE,Tennis,,KXITFMATCH,e7bed978-f0a4-4bc6-8904-d9b6730590e4,KXITFMATCH-26JUL29BRAPIE,1785305498.0,quote,,1786514400.0,true,85.5000,85.0000,86.0000,3461.00,1059.07
6,ed2086c87d52482699dee6d41678911f,0,2026-07-29,2026-07-29,29354e42ef0c3a5dcfab2220f035fd1be5874df613426379bae1f33e112f560b,996bed4920d57ac31c4fb24ea30428fd6f75ebf5eff9ad3e616c6bcf81f64d7c,"[""Tennis""]",1785304029.823576,KXITFWMATCH-26JUL29HOSDYU-DYU,Tennis,,KXITFWMATCH,eff22484-a537-4944-bd0e-5664e98b54bd,KXITFWMATCH-26JUL29HOSDYU,1785301687.0,quote,,1786510800.0,true,79.5000,79.0000,80.0000,3018.39,380.97
6,ed2086c87d52482699dee6d41678911f,0,2026-07-29,2026-07-29,29354e42ef0c3a5dcfab2220f035fd1be5874df613426379bae1f33e112f560b,996bed4920d57ac31c4fb24ea30428fd6f75ebf5eff9ad3e616c6bcf81f64d7c,"[""Tennis""]",1785304031.4625359,KXITFMATCH-26JUL28PADSAT-PAD,Tennis,,KXITFMATCH,03e1243d-7dee-4056-a032-cb914b77515a,KXITFMATCH-26JUL28PADSAT,1785294636.0,quote,,1786501800.0,true,33.5000,33.0000,34.0000,3938.75,202.18
6,ed2086c87d52482699dee6d41678911f,0,2026-07-29,2026-07-29,29354e42ef0c3a5dcfab2220f035fd1be5874df613426379bae1f33e112f560b,996bed4920d57ac31c4fb24ea30428fd6f75ebf5eff9ad3e616c6bcf81f64d7c,"[""Tennis""]",1785304031.531996,KXITFMATCH-26JUL28WENJON-JON,Tennis,,KXITFMATCH,5195be65-3a9b-423a-9e35-55f2f5840354,KXITFMATCH-26JUL28WENJON,1785299448.0,quote,,1786501800.0,true,65.5000,65.0000,66.0000,11449.17,22295.93
6,ed2086c87d52482699dee6d41678911f,0,2026-07-29,2026-07-29,29354e42ef0c3a5dcfab2220f035fd1be5874df613426379bae1f33e112f560b,996bed4920d57ac31c4fb24ea30428fd6f75ebf5eff9ad3e616c6bcf81f64d7c,"[""Tennis""]",1785304031.600846,KXITFMATCH-26JUL28WENJON-WEN,Tennis,,KXITFMATCH,5195be65-3a9b-423a-9e35-55f2f5840354,KXITFMATCH-26JUL28WENJON,1785299448.0,quote,,1786501800.0,true,33.0000,32.0000,34.0000,63.00,142.35
6,ed2086c87d52482699dee6d41678911f,0,2026-07-29,2026-07-29,29354e42ef0c3a5dcfab2220f035fd1be5874df613426379bae1f33e112f560b,996bed4920d57ac31c4fb24ea30428fd6f75ebf5eff9ad3e616c6bcf81f64d7c,"[""Tennis""]",1785304031.6694138,KXITFMATCH-26JUL28CHAHEI-CHA,Tennis,,KXITFMATCH,5ba6a34a-c169-4b0b-b8fd-b835a2127855,KXITFMATCH-26JUL28CHAHEI,1785299809.0,quote,,1786505400.0,true,72.5000,72.0000,73.0000,2372.53,5030.14
6,ed2086c87d52482699dee6d41678911f,0,2026-07-29,2026-07-29,29354e42ef0c3a5dcfab2220f035fd1be5874df613426379bae1f33e112f560b,996bed4920d57ac31c4fb24ea30428fd6f75ebf5eff9ad3e616c6bcf81f64d7c,"[""Tennis""]",1785304031.7382998,KXITFWMATCH-26JUL29SOZMIL-MIL,Tennis,,KXITFWMATCH,0ba82ca4-7c3d-4fe6-9763-af01f430c473,KXITFWMATCH-26JUL29SOZMIL,1785301725.0,quote,,1786510800.0,true,93.5000,93.0000,94.0000,3299.90,2425.29
6,ed2086c87d52482699dee6d41678911f,0,2026-07-29,2026-07-29,29354e42ef0c3a5dcfab2220f035fd1be5874df613426379bae1f33e112f560b,996bed4920d57ac31c4fb24ea30428fd6f75ebf5eff9ad3e616c6bcf81f64d7c,"[""Tennis""]",1785304031.809531,KXITFWMATCH-26JUL29YOSKIM-KIM,Tennis,,KXITFWMATCH,9b9eecb5-c6a0-414a-bcf3-57262192676d,KXITFWMATCH-26JUL29YOSKIM,1785301851.0,quote,,1786510800.0,true,56.5000,56.0000,57.0000,5469.34,59.56
6,ed2086c87d52482699dee6d41678911f,0,2026-07-29,2026-07-29,29354e42ef0c3a5dcfab2220f035fd1be5874df613426379bae1f33e112f560b,996bed4920d57ac31c4fb24ea30428fd6f75ebf5eff9ad3e616c6bcf81f64d7c,"[""Tennis""]",1785304031.919499,KXITFMATCH-26JUL28CHAHEI-HEI,Tennis,,KXITFMATCH,5ba6a34a-c169-4b0b-b8fd-b835a2127855,KXITFMATCH-26JUL28CHAHEI,1785299809.0,quote,,1786505400.0,true,27.5000,27.0000,28.0000,3639.12,4046.63
6,ed2086c87d52482699dee6d41678911f,0,2026-07-29,2026-07-29,29354e42ef0c3a5dcfab2220f035fd1be5874df613426379bae1f33e112f560b,996bed4920d57ac31c4fb24ea30428fd6f75ebf5eff9ad3e616c6bcf81f64d7c,"[""Tennis""]",1785304031.9909608,KXITFWMATCH-26JUL29SOZMIL-SOZ,Tennis,,KXITFWMATCH,0ba82ca4-7c3d-4fe6-9763-af01f430c473,KXITFWMATCH-26JUL29SOZMIL,1785301725.0,quote,,1786510800.0,true,6.5000,6.0000,7.0000,1792.29,4913.25
6,ed2086c87d52482699dee6d41678911f,0,2026-07-29,2026-07-29,29354e42ef0c3a5dcfab2220f035fd1be5874df613426379bae1f33e112f560b,996bed4920d57ac31c4fb24ea30428fd6f75ebf5eff9ad3e616c6bcf81f64d7c,"[""Tennis""]",1785304032.063374,KXITFMATCH-26JUL29BRAPIE-PIE,Tennis,,KXITFMATCH,e7bed978-f0a4-4bc6-8904-d9b6730590e4,KXITFMATCH-26JUL29BRAPIE,1785305498.0,quote,,1786514400.0,true,85.5000,85.0000,86.0000,3461.00,1059.07
6,ed2086c87d52482699dee6d41678911f,0,2026-07-29,2026-07-29,29354e42ef0c3a5dcfab2220f035fd1be5874df613426379bae1f33e112f560b,996bed4920d57ac31c4fb24ea30428fd6f75ebf5eff9ad3e616c6bcf81f64d7c,"[""Tennis""]",1785304032.134597,KXITFWMATCH-26JUL29HOSDYU-DYU,Tennis,,KXITFWMATCH,eff22484-a537-4944-bd0e-5664e98b54bd,KXITFWMATCH-26JUL29HOSDYU,1785301687.0,quote,,1786510800.0,true,79.5000,79.0000,80.0000,3018.39,380.97
6,ed2086c87d52482699dee6d41678911f,0,2026-07-29,2026-07-29,29354e42ef0c3a5dcfab2220f035fd1be5874df613426379bae1f33e112f560b,996bed4920d57ac31c4fb24ea30428fd6f75ebf5eff9ad3e616c6bcf81f64d7c,"[""Tennis""]",1785304033.751714,KXITFMATCH-26JUL28PADSAT-PAD,Tennis,,KXITFMATCH,03e1243d-7dee-4056-a032-cb914b77515a,KXITFMATCH-26JUL28PADSAT,1785294636.0,quote,,1786501800.0,true,33.5000,33.0000,34.0000,3938.75,202.18
6,ed2086c87d52482699dee6d41678911f,0,2026-07-29,2026-07-29,29354e42ef0c3a5dcfab2220f035fd1be5874df613426379bae1f33e112f560b,996bed4920d57ac31c4fb24ea30428fd6f75ebf5eff9ad3e616c6bcf81f64d7c,"[""Tennis""]",1785304033.821014,KXITFMATCH-26JUL28WENJON-JON,Tennis,,KXITFMATCH,5195be65-3a9b-423a-9e35-55f2f5840354,KXITFMATCH-26JUL28WENJON,1785299448.0,quote,,1786501800.0,true,65.5000,65.0000,66.0000,1163.00,124.00
6,ed2086c87d52482699dee6d41678911f,0,2026-07-29,2026-07-29,29354e42ef0c3a5dcfab2220f035fd1be5874df613426379bae1f33e112f560b,996bed4920d57ac31c4fb24ea30428fd6f75ebf5eff9ad3e616c6bcf81f64d7c,"[""Tennis""]",1785304033.8926048,KXITFMATCH-26JUL28WENJON-WEN,Tennis,,KXITFMATCH,5195be65-3a9b-423a-9e35-55f2f5840354,KXITFMATCH-26JUL28WENJON,1785299448.0,quote,,1786501800.0,true,33.0000,32.0000,34.0000,63.00,142.35
6,ed2086c87d52482699dee6d41678911f,0,2026-07-29,2026-07-29,29354e42ef0c3a5dcfab2220f035fd1be5874df613426379bae1f33e112f560b,996bed4920d57ac31c4fb24ea30428fd6f75ebf5eff9ad3e616c6bcf81f64d7c,"[""Tennis""]",1785304034.02245,KXITFMATCH-26JUL28CHAHEI-CHA,Tennis,,KXITFMATCH,5ba6a34a-c169-4b0b-b8fd-b835a2127855,KXITFMATCH-26JUL28CHAHEI,1785299809.0,quote,,1786505400.0,true,72.5000,72.0000,73.0000,2372.53,5030.14
6,ed2086c87d52482699dee6d41678911f,0,2026-07-29,2026-07-29,29354e42ef0c3a5dcfab2220f035fd1be5874df613426379bae1f33e112f560b,996bed4920d57ac31c4fb24ea30428fd6f75ebf5eff9ad3e616c6bcf81f64d7c,"[""Tennis""]",1785304034.093146,KXITFWMATCH-26JUL29SOZMIL-MIL,Tennis,,KXITFWMATCH,0ba82ca4-7c3d-4fe6-9763-af01f430c473,KXITFWMATCH-26JUL29SOZMIL,1785301725.0,quote,,1786510800.0,true,93.5000,93.0000,94.0000,3299.90,2425.29
6,ed2086c87d52482699dee6d41678911f,0,2026-07-29,2026-07-29,29354e42ef0c3a5dcfab2220f035fd1be5874df613426379bae1f33e112f560b,996bed4920d57ac31c4fb24ea30428fd6f75ebf5eff9ad3e616c6bcf81f64d7c,"[""Tennis""]",1785304034.214232,KXITFWMATCH-26JUL29YOSKIM-KIM,Tennis,,KXITFWMATCH,9b9eecb5-c6a0-414a-bcf3-57262192676d,KXITFWMATCH-26JUL29YOSKIM,1785301851.0,quote,,1786510800.0,true,57.5000,57.0000,58.0000,2472.04,43.00
6,ed2086c87d52482699dee6d41678911f,0,2026-07-29,2026-07-29,29354e42ef0c3a5dcfab2220f035fd1be5874df613426379bae1f33e112f560b,996bed4920d57ac31c4fb24ea30428fd6f75ebf5eff9ad3e616c6bcf81f64d7c,"[""Tennis""]",1785304034.284977,KXITFMATCH-26JUL28CHAHEI-HEI,Tennis,,KXITFMATCH,5ba6a34a-c169-4b0b-b8fd-b835a2127855,KXITFMATCH-26JUL28CHAHEI,1785299809.0,quote,,1786505400.0,true,27.5000,27.0000,28.0000,3639.12,4046.63
6,ed2086c87d52482699dee6d41678911f,0,2026-07-29,2026-07-29,29354e42ef0c3a5dcfab2220f035fd1be5874df613426379bae1f33e112f560b,996bed4920d57ac31c4fb24ea30428fd6f75ebf5eff9ad3e616c6bcf81f64d7c,"[""Tennis""]",1785304034.355514,KXITFWMATCH-26JUL29SOZMIL-SOZ,Tennis,,KXITFWMATCH,0ba82ca4-7c3d-4fe6-9763-af01f430c473,KXITFWMATCH-26JUL29SOZMIL,1785301725.0,quote,,1786510800.0,true,6.5000,6.0000,7.0000,1792.29,4913.25
6,ed2086c87d52482699dee6d41678911f,0,2026-07-29,2026-07-29,29354e42ef0c3a5dcfab2220f035fd1be5874df613426379bae1f33e112f560b,996bed4920d57ac31c4fb24ea30428fd6f75ebf5eff9ad3e616c6bcf81f64d7c,"[""Tennis""]",1785304034.427657,KXITFMATCH-26JUL29BRAPIE-PIE,Tennis,,KXITFMATCH,e7bed978-f0a4-4bc6-8904-d9b6730590e4,KXITFMATCH-26JUL29BRAPIE,1785305498.0,quote,,1786514400.0,true,85.5000,85.0000,86.0000,3461.00,1059.07
6,ed2086c87d52482699dee6d41678911f,0,2026-07-29,2026-07-29,29354e42ef0c3a5dcfab2220f035fd1be5874df613426379bae1f33e112f560b,996bed4920d57ac31c4fb24ea30428fd6f75ebf5eff9ad3e616c6bcf81f64d7c,"[""Tennis""]",1785304034.547254,KXITFWMATCH-26JUL29HOSDYU-DYU,Tennis,,KXITFWMATCH,eff22484-a537-4944-bd0e-5664e98b54bd,KXITFWMATCH-26JUL29HOSDYU,1785301687.0,quote,,1786510800.0,true,79.5000,79.0000,80.0000,3018.39,380.97
6,ed2086c87d52482699dee6d41678911f,0,2026-07-29,2026-07-29,29354e42ef0c3a5dcfab2220f035fd1be5874df613426379bae1f33e112f560b,996bed4920d57ac31c4fb24ea30428fd6f75ebf5eff9ad3e616c6bcf81f64d7c,"[""Tennis""]",1785304036.180934,KXITFMATCH-26JUL28PADSAT-PAD,Tennis,,KXITFMATCH,03e1243d-7dee-4056-a032-cb914b77515a,KXITFMATCH-26JUL28PADSAT,1785294636.0,quote,,1786501800.0,true,33.5000,33.0000,34.0000,3938.75,202.18
6,ed2086c87d52482699dee6d41678911f,0,2026-07-29,2026-07-29,29354e42ef0c3a5dcfab2220f035fd1be5874df613426379bae1f33e112f560b,996bed4920d57ac31c4fb24ea30428fd6f75ebf5eff9ad3e616c6bcf81f64d7c,"[""Tennis""]",1785304036.3126678,KXITFMATCH-26JUL28WENJON-JON,Tennis,,KXITFMATCH,5195be65-3a9b-423a-9e35-55f2f5840354,KXITFMATCH-26JUL28WENJON,1785299448.0,quote,,1786501800.0,true,65.5000,65.0000,66.0000,1163.00,124.00
6,ed2086c87d52482699dee6d41678911f,0,2026-07-29,2026-07-29,29354e42ef0c3a5dcfab2220f035fd1be5874df613426379bae1f33e112f560b,996bed4920d57ac31c4fb24ea30428fd6f75ebf5eff9ad3e616c6bcf81f64d7c,"[""Tennis""]",1785304036.38332,KXITFMATCH-26JUL28WENJON-WEN,Tennis,,KXITFMATCH,5195be65-3a9b-423a-9e35-55f2f5840354,KXITFMATCH-26JUL28WENJON,1785299448.0,quote,,1786501800.0,true,33.5000,32.0000,35.0000,151.15,4.06
6,ed2086c87d52482699dee6d41678911f,0,2026-07-29,2026-07-29,29354e42ef0c3a5dcfab2220f035fd1be5874df613426379bae1f33e112f560b,996bed4920d57ac31c4fb24ea30428fd6f75ebf5eff9ad3e616c6bcf81f64d7c,"[""Tennis""]",1785304036.453577,KXITFMATCH-26JUL28CHAHEI-CHA,Tennis,,KXITFMATCH,5ba6a34a-c169-4b0b-b8fd-b835a2127855,KXITFMATCH-26JUL28CHAHEI,1785299809.0,quote,,1786505400.0,true,71.5000,70.0000,73.0000,54.00,61.20
6,ed2086c87d52482699dee6d41678911f,0,2026-07-29,2026-07-29,29354e42ef0c3a5dcfab2220f035fd1be5874df613426379bae1f33e112f560b,996bed4920d57ac31c4fb24ea30428fd6f75ebf5eff9ad3e616c6bcf81f64d7c,"[""Tennis""]",1785304036.525256,KXITFWMATCH-26JUL29SOZMIL-MIL,Tennis,,KXITFWMATCH,0ba82ca4-7c3d-4fe6-9763-af01f430c473,KXITFWMATCH-26JUL29SOZMIL,1785301725.0,quote,,1786510800.0,true,93.5000,93.0000,94.0000,3299.90,2425.29
6,ed2086c87d52482699dee6d41678911f,0,2026-07-29,2026-07-29,29354e42ef0c3a5dcfab2220f035fd1be5874df613426379bae1f33e112f560b,996bed4920d57ac31c4fb24ea30428fd6f75ebf5eff9ad3e616c6bcf81f64d7c,"[""Tennis""]",1785304036.6443148,KXITFWMATCH-26JUL29YOSKIM-KIM,Tennis,,KXITFWMATCH,9b9eecb5-c6a0-414a-bcf3-57262192676d,KXITFWMATCH-26JUL29YOSKIM,1785301851.0,quote,,1786510800.0,true,57.5000,57.0000,58.0000,2472.04,43.00
6,ed2086c87d52482699dee6d41678911f,0,2026-07-29,2026-07-29,29354e42ef0c3a5dcfab2220f035fd1be5874df613426379bae1f33e112f560b,996bed4920d57ac31c4fb24ea30428fd6f75ebf5eff9ad3e616c6bcf81f64d7c,"[""Tennis""]",1785304036.7143638,KXITFMATCH-26JUL28CHAHEI-HEI,Tennis,,KXITFMATCH,5ba6a34a-c169-4b0b-b8fd-b835a2127855,KXITFMATCH-26JUL28CHAHEI,1785299809.0,quote,,1786505400.0,true,27.5000,27.0000,28.0000,3639.12,4046.63
6,ed2086c87d52482699dee6d41678911f,0,2026-07-29,2026-07-29,29354e42ef0c3a5dcfab2220f035fd1be5874df613426379bae1f33e112f560b,996bed4920d57ac31c4fb24ea30428fd6f75ebf5eff9ad3e616c6bcf81f64d7c,"[""Tennis""]",1785304036.784422,KXITFWMATCH-26JUL29SOZMIL-SOZ,Tennis,,KXITFWMATCH,0ba82ca4-7c3d-4fe6-9763-af01f430c473,KXITFWMATCH-26JUL29SOZMIL,1785301725.0,quote,,1786510800.0,true,6.5000,6.0000,7.0000,1792.29,4913.25
6,ed2086c87d52482699dee6d41678911f,0,2026-07-29,2026-07-29,29354e42ef0c3a5dcfab2220f035fd1be5874df613426379bae1f33e112f560b,996bed4920d57ac31c4fb24ea30428fd6f75ebf5eff9ad3e616c6bcf81f64d7c,"[""Tennis""]",1785304036.85495,KXITFMATCH-26JUL29BRAPIE-PIE,Tennis,,KXITFMATCH,e7bed978-f0a4-4bc6-8904-d9b6730590e4,KXITFMATCH-26JUL29BRAPIE,1785305498.0,quote,,1786514400.0,true,85.5000,85.0000,86.0000,3461.00,1059.07
6,ed2086c87d52482699dee6d41678911f,0,2026-07-29,2026-07-29,29354e42ef0c3a5dcfab2220f035fd1be5874df613426379bae1f33e112f560b,996bed4920d57ac31c4fb24ea30428fd6f75ebf5eff9ad3e616c6bcf81f64d7c,"[""Tennis""]",1785304036.926615,KXITFWMATCH-26JUL29HOSDYU-DYU,Tennis,,KXITFWMATCH,eff22484-a537-4944-bd0e-5664e98b54bd,KXITFWMATCH-26JUL29HOSDYU,1785301687.0,quote,,1786510800.0,true,79.5000,79.0000,80.0000,3018.39,380.97
6,ed2086c87d52482699dee6d41678911f,0,2026-07-29,2026-07-29,29354e42ef0c3a5dcfab2220f035fd1be5874df613426379bae1f33e112f560b,996bed4920d57ac31c4fb24ea30428fd6f75ebf5eff9ad3e616c6bcf81f64d7c,"[""Tennis""]",1785304038.512275,KXITFMATCH-26JUL28PADSAT-PAD,Tennis,,KXITFMATCH,03e1243d-7dee-4056-a032-cb914b77515a,KXITFMATCH-26JUL28PADSAT,1785294636.0,quote,,1786501800.0,true,33.5000,33.0000,34.0000,3938.75,202.18
6,ed2086c87d52482699dee6d41678911f,0,2026-07-29,2026-07-29,29354e42ef0c3a5dcfab2220f035fd1be5874df613426379bae1f33e112f560b,996bed4920d57ac31c4fb24ea30428fd6f75ebf5eff9ad3e616c6bcf81f64d7c,"[""Tennis""]",1785304038.585121,KXITFMATCH-26JUL28WENJON-JON,Tennis,,KXITFMATCH,5195be65-3a9b-423a-9e35-55f2f5840354,KXITFMATCH-26JUL28WENJON,1785299448.0,quote,,1786501800.0,true,65.5000,65.0000,66.0000,1163.00,124.00
6,ed2086c87d52482699dee6d41678911f,0,2026-07-29,2026-07-29,29354e42ef0c3a5dcfab2220f035fd1be5874df613426379bae1f33e112f560b,996bed4920d57ac31c4fb24ea30428fd6f75ebf5eff9ad3e616c6bcf81f64d7c,"[""Tennis""]",1785304038.741875,KXITFMATCH-26JUL28WENJON-WEN,Tennis,,KXITFMATCH,5195be65-3a9b-423a-9e35-55f2f5840354,KXITFMATCH-26JUL28WENJON,1785299448.0,quote,,1786501800.0,true,33.5000,32.0000,35.0000,151.15,4.06
6,ed2086c87d52482699dee6d41678911f,0,2026-07-29,2026-07-29,29354e42ef0c3a5dcfab2220f035fd1be5874df613426379bae1f33e112f560b,996bed4920d57ac31c4fb24ea30428fd6f75ebf5eff9ad3e616c6bcf81f64d7c,"[""Tennis""]",1785304038.8146849,KXITFMATCH-26JUL28CHAHEI-CHA,Tennis,,KXITFMATCH,5ba6a34a-c169-4b0b-b8fd-b835a2127855,KXITFMATCH-26JUL28CHAHEI,1785299809.0,quote,,1786505400.0,true,71.5000,70.0000,73.0000,54.00,61.20
6,ed2086c87d52482699dee6d41678911f,0,2026-07-29,2026-07-29,29354e42ef0c3a5dcfab2220f035fd1be5874df613426379bae1f33e112f560b,996bed4920d57ac31c4fb24ea30428fd6f75ebf5eff9ad3e616c6bcf81f64d7c,"[""Tennis""]",1785304038.8870668,KXITFWMATCH-26JUL29SOZMIL-MIL,Tennis,,KXITFWMATCH,0ba82ca4-7c3d-4fe6-9763-af01f430c473,KXITFWMATCH-26JUL29SOZMIL,1785301725.0,quote,,1786510800.0,true,93.5000,93.0000,94.0000,2360.47,2425.29
6,ed2086c87d52482699dee6d41678911f,0,2026-07-29,2026-07-29,29354e42ef0c3a5dcfab2220f035fd1be5874df613426379bae1f33e112f560b,996bed4920d57ac31c4fb24ea30428fd6f75ebf5eff9ad3e616c6bcf81f64d7c,"[""Tennis""]",1785304038.960851,KXITFWMATCH-26JUL29YOSKIM-KIM,Tennis,,KXITFWMATCH,9b9eecb5-c6a0-414a-bcf3-57262192676d,KXITFWMATCH-26JUL29YOSKIM,1785301851.0,quote,,1786510800.0,true,57.5000,57.0000,58.0000,2472.04,43.00
6,ed2086c87d52482699dee6d41678911f,0,2026-07-29,2026-07-29,29354e42ef0c3a5dcfab2220f035fd1be5874df613426379bae1f33e112f560b,996bed4920d57ac31c4fb24ea30428fd6f75ebf5eff9ad3e616c6bcf81f64d7c,"[""Tennis""]",1785304039.032544,KXITFMATCH-26JUL28CHAHEI-HEI,Tennis,,KXITFMATCH,5ba6a34a-c169-4b0b-b8fd-b835a2127855,KXITFMATCH-26JUL28CHAHEI,1785299809.0,quote,,1786505400.0,true,28.0000,27.0000,29.0000,22.00,5.92
6,ed2086c87d52482699dee6d41678911f,0,2026-07-29,2026-07-29,29354e42ef0c3a5dcfab2220f035fd1be5874df613426379bae1f33e112f560b,996bed4920d57ac31c4fb24ea30428fd6f75ebf5eff9ad3e616c6bcf81f64d7c,"[""Tennis""]",1785304039.104175,KXITFWMATCH-26JUL29SOZMIL-SOZ,Tennis,,KXITFWMATCH,0ba82ca4-7c3d-4fe6-9763-af01f430c473,KXITFWMATCH-26JUL29SOZMIL,1785301725.0,quote,,1786510800.0,true,6.5000,6.0000,7.0000,1792.29,3212.60
6,ed2086c87d52482699dee6d41678911f,0,2026-07-29,2026-07-29,29354e42ef0c3a5dcfab2220f035fd1be5874df613426379bae1f33e112f560b,996bed4920d57ac31c4fb24ea30428fd6f75ebf5eff9ad3e616c6bcf81f64d7c,"[""Tennis""]",1785304039.260702,KXITFMATCH-26JUL29BRAPIE-PIE,Tennis,,KXITFMATCH,e7bed978-f0a4-4bc6-8904-d9b6730590e4,KXITFMATCH-26JUL29BRAPIE,1785305498.0,quote,,1786514400.0,true,85.5000,85.0000,86.0000,3461.00,1059.07
6,ed2086c87d52482699dee6d41678911f,0,2026-07-29,2026-07-29,29354e42ef0c3a5dcfab2220f035fd1be5874df613426379bae1f33e112f560b,996bed4920d57ac31c4fb24ea30428fd6f75ebf5eff9ad3e616c6bcf81f64d7c,"[""Tennis""]",1785304039.333389,KXITFWMATCH-26JUL29HOSDYU-DYU,Tennis,,KXITFWMATCH,eff22484-a537-4944-bd0e-5664e98b54bd,KXITFWMATCH-26JUL29HOSDYU,1785301687.0,quote,,1786510800.0,true,79.5000,79.0000,80.0000,3168.39,380.97
6,ed2086c87d52482699dee6d41678911f,0,2026-07-29,2026-07-29,29354e42ef0c3a5dcfab2220f035fd1be5874df613426379bae1f33e112f560b,996bed4920d57ac31c4fb24ea30428fd6f75ebf5eff9ad3e616c6bcf81f64d7c,"[""Tennis""]",1785304040.909848,KXITFMATCH-26JUL28PADSAT-PAD,Tennis,,KXITFMATCH,03e1243d-7dee-4056-a032-cb914b77515a,KXITFMATCH-26JUL28PADSAT,1785294636.0,quote,,1786501800.0,true,33.5000,33.0000,34.0000,29861.76,60072.06
6,ed2086c87d52482699dee6d41678911f,0,2026-07-29,2026-07-29,29354e42ef0c3a5dcfab2220f035fd1be5874df613426379bae1f33e112f560b,996bed4920d57ac31c4fb24ea30428fd6f75ebf5eff9ad3e616c6bcf81f64d7c,"[""Tennis""]",1785304040.9801888,KXITFMATCH-26JUL28WENJON-JON,Tennis,,KXITFMATCH,5195be65-3a9b-423a-9e35-55f2f5840354,KXITFMATCH-26JUL28WENJON,1785299448.0,quote,,1786501800.0,true,65.5000,65.0000,66.0000,1163.00,124.00
6,ed2086c87d52482699dee6d41678911f,0,2026-07-29,2026-07-29,29354e42ef0c3a5dcfab2220f035fd1be5874df613426379bae1f33e112f560b,996bed4920d57ac31c4fb24ea30428fd6f75ebf5eff9ad3e616c6bcf81f64d7c,"[""Tennis""]",1785304041.0505202,KXITFMATCH-26JUL28WENJON-WEN,Tennis,,KXITFMATCH,5195be65-3a9b-423a-9e35-55f2f5840354,KXITFMATCH-26JUL28WENJON,1785299448.0,quote,,1786501800.0,true,33.5000,32.0000,35.0000,151.15,4.06
6,ed2086c87d52482699dee6d41678911f,0,2026-07-29,2026-07-29,29354e42ef0c3a5dcfab2220f035fd1be5874df613426379bae1f33e112f560b,996bed4920d57ac31c4fb24ea30428fd6f75ebf5eff9ad3e616c6bcf81f64d7c,"[""Tennis""]",1785304041.122485,KXITFMATCH-26JUL28CHAHEI-CHA,Tennis,,KXITFMATCH,5ba6a34a-c169-4b0b-b8fd-b835a2127855,KXITFMATCH-26JUL28CHAHEI,1785299809.0,quote,,1786505400.0,true,71.5000,70.0000,73.0000,54.00,61.20
6,ed2086c87d52482699dee6d41678911f,0,2026-07-29,2026-07-29,29354e42ef0c3a5dcfab2220f035fd1be5874df613426379bae1f33e112f560b,996bed4920d57ac31c4fb24ea30428fd6f75ebf5eff9ad3e616c6bcf81f64d7c,"[""Tennis""]",1785304041.19313,KXITFWMATCH-26JUL29SOZMIL-MIL,Tennis,,KXITFWMATCH,0ba82ca4-7c3d-4fe6-9763-af01f430c473,KXITFWMATCH-26JUL29SOZMIL,1785301725.0,quote,,1786510800.0,true,93.5000,93.0000,94.0000,2360.47,2425.29
6,ed2086c87d52482699dee6d41678911f,0,2026-07-29,2026-07-29,29354e42ef0c3a5dcfab2220f035fd1be5874df613426379bae1f33e112f560b,996bed4920d57ac31c4fb24ea30428fd6f75ebf5eff9ad3e616c6bcf81f64d7c,"[""Tennis""]",1785304041.2642019,KXITFWMATCH-26JUL29YOSKIM-KIM,Tennis,,KXITFWMATCH,9b9eecb5-c6a0-414a-bcf3-57262192676d,KXITFWMATCH-26JUL29YOSKIM,1785301851.0,quote,,1786510800.0,true,57.5000,57.0000,58.0000,2472.04,43.00
6,ed2086c87d52482699dee6d41678911f,0,2026-07-29,2026-07-29,29354e42ef0c3a5dcfab2220f035fd1be5874df613426379bae1f33e112f560b,996bed4920d57ac31c4fb24ea30428fd6f75ebf5eff9ad3e616c6bcf81f64d7c,"[""Tennis""]",1785304041.4200199,KXITFMATCH-26JUL28CHAHEI-HEI,Tennis,,KXITFMATCH,5ba6a34a-c169-4b0b-b8fd-b835a2127855,KXITFMATCH-26JUL28CHAHEI,1785299809.0,quote,,1786505400.0,true,28.0000,27.0000,29.0000,22.00,5.92
6,ed2086c87d52482699dee6d41678911f,0,2026-07-29,2026-07-29,29354e42ef0c3a5dcfab2220f035fd1be5874df613426379bae1f33e112f560b,996bed4920d57ac31c4fb24ea30428fd6f75ebf5eff9ad3e616c6bcf81f64d7c,"[""Tennis""]",1785304041.491619,KXITFWMATCH-26JUL29SOZMIL-SOZ,Tennis,,KXITFWMATCH,0ba82ca4-7c3d-4fe6-9763-af01f430c473,KXITFWMATCH-26JUL29SOZMIL,1785301725.0,quote,,1786510800.0,true,6.5000,6.0000,7.0000,1792.29,3212.60
6,ed2086c87d52482699dee6d41678911f,0,2026-07-29,2026-07-29,29354e42ef0c3a5dcfab2220f035fd1be5874df613426379bae1f33e112f560b,996bed4920d57ac31c4fb24ea30428fd6f75ebf5eff9ad3e616c6bcf81f64d7c,"[""Tennis""]",1785304041.564208,KXITFMATCH-26JUL29BRAPIE-PIE,Tennis,,KXITFMATCH,e7bed978-f0a4-4bc6-8904-d9b6730590e4,KXITFMATCH-26JUL29BRAPIE,1785305498.0,quote,,1786514400.0,true,85.5000,85.0000,86.0000,3461.00,1059.07
6,ed2086c87d52482699dee6d41678911f,0,2026-07-29,2026-07-29,29354e42ef0c3a5dcfab2220f035fd1be5874df613426379bae1f33e112f560b,996bed4920d57ac31c4fb24ea30428fd6f75ebf5eff9ad3e616c6bcf81f64d7c,"[""Tennis""]",1785304041.638046,KXITFWMATCH-26JUL29HOSDYU-DYU,Tennis,,KXITFWMATCH,eff22484-a537-4944-bd0e-5664e98b54bd,KXITFWMATCH-26JUL29HOSDYU,1785301687.0,quote,,1786510800.0,true,79.5000,79.0000,80.0000,3168.39,380.97
6,ed2086c87d52482699dee6d41678911f,0,2026-07-29,2026-07-29,29354e42ef0c3a5dcfab2220f035fd1be5874df613426379bae1f33e112f560b,996bed4920d57ac31c4fb24ea30428fd6f75ebf5eff9ad3e616c6bcf81f64d7c,"[""Tennis""]",1785304043.213601,KXITFMATCH-26JUL28PADSAT-PAD,Tennis,,KXITFMATCH,03e1243d-7dee-4056-a032-cb914b77515a,KXITFMATCH-26JUL28PADSAT,1785294636.0,quote,,1786501800.0,true,33.5000,33.0000,34.0000,29861.76,60072.06
6,ed2086c87d52482699dee6d41678911f,0,2026-07-29,2026-07-29,29354e42ef0c3a5dcfab2220f035fd1be5874df613426379bae1f33e112f560b,996bed4920d57ac31c4fb24ea30428fd6f75ebf5eff9ad3e616c6bcf81f64d7c,"[""Tennis""]",1785304043.283772,KXITFMATCH-26JUL28WENJON-JON,Tennis,,KXITFMATCH,5195be65-3a9b-423a-9e35-55f2f5840354,KXITFMATCH-26JUL28WENJON,1785299448.0,quote,,1786501800.0,true,66.0000,65.0000,67.0000,1163.00,103.00
6,ed2086c87d52482699dee6d41678911f,0,2026-07-29,2026-07-29,29354e42ef0c3a5dcfab2220f035fd1be5874df613426379bae1f33e112f560b,996bed4920d57ac31c4fb24ea30428fd6f75ebf5eff9ad3e616c6bcf81f64d7c,"[""Tennis""]",1785304043.354306,KXITFMATCH-26JUL28WENJON-WEN,Tennis,,KXITFMATCH,5195be65-3a9b-423a-9e35-55f2f5840354,KXITFMATCH-26JUL28WENJON,1785299448.0,quote,,1786501800.0,true,33.5000,32.0000,35.0000,151.15,4.06
6,ed2086c87d52482699dee6d41678911f,0,2026-07-29,2026-07-29,29354e42ef0c3a5dcfab2220f035fd1be5874df613426379bae1f33e112f560b,996bed4920d57ac31c4fb24ea30428fd6f75ebf5eff9ad3e616c6bcf81f64d7c,"[""Tennis""]",1785304043.4598138,KXITFMATCH-26JUL28CHAHEI-CHA,Tennis,,KXITFMATCH,5ba6a34a-c169-4b0b-b8fd-b835a2127855,KXITFMATCH-26JUL28CHAHEI,1785299809.0,quote,,1786505400.0,true,71.5000,70.0000,73.0000,54.00,61.20
6,ed2086c87d52482699dee6d41678911f,0,2026-07-29,2026-07-29,29354e42ef0c3a5dcfab2220f035fd1be5874df613426379bae1f33e112f560b,996bed4920d57ac31c4fb24ea30428fd6f75ebf5eff9ad3e616c6bcf81f64d7c,"[""Tennis""]",1785304043.53173,KXITFWMATCH-26JUL29SOZMIL-MIL,Tennis,,KXITFWMATCH,0ba82ca4-7c3d-4fe6-9763-af01f430c473,KXITFWMATCH-26JUL29SOZMIL,1785301725.0,quote,,1786510800.0,true,93.5000,93.0000,94.0000,2360.47,2425.29
6,ed2086c87d52482699dee6d41678911f,0,2026-07-29,2026-07-29,29354e42ef0c3a5dcfab2220f035fd1be5874df613426379bae1f33e112f560b,996bed4920d57ac31c4fb24ea30428fd6f75ebf5eff9ad3e616c6bcf81f64d7c,"[""Tennis""]",1785304043.6021729,KXITFWMATCH-26JUL29YOSKIM-KIM,Tennis,,KXITFWMATCH,9b9eecb5-c6a0-414a-bcf3-57262192676d,KXITFWMATCH-26JUL29YOSKIM,1785301851.0,quote,,1786510800.0,true,57.5000,57.0000,58.0000,2472.04,43.00
6,ed2086c87d52482699dee6d41678911f,0,2026-07-29,2026-07-29,29354e42ef0c3a5dcfab2220f035fd1be5874df613426379bae1f33e112f560b,996bed4920d57ac31c4fb24ea30428fd6f75ebf5eff9ad3e616c6bcf81f64d7c,"[""Tennis""]",1785304043.671745,KXITFMATCH-26JUL28CHAHEI-HEI,Tennis,,KXITFMATCH,5ba6a34a-c169-4b0b-b8fd-b835a2127855,KXITFMATCH-26JUL28CHAHEI,1785299809.0,quote,,1786505400.0,true,28.0000,27.0000,29.0000,22.00,5.92
6,ed2086c87d52482699dee6d41678911f,0,2026-07-29,2026-07-29,29354e42ef0c3a5dcfab2220f035fd1be5874df613426379bae1f33e112f560b,996bed4920d57ac31c4fb24ea30428fd6f75ebf5eff9ad3e616c6bcf81f64d7c,"[""Tennis""]",1785304043.7420359,KXITFWMATCH-26JUL29SOZMIL-SOZ,Tennis,,KXITFWMATCH,0ba82ca4-7c3d-4fe6-9763-af01f430c473,KXITFWMATCH-26JUL29SOZMIL,1785301725.0,quote,,1786510800.0,true,6.5000,6.0000,7.0000,1792.29,3212.60
6,ed2086c87d52482699dee6d41678911f,0,2026-07-29,2026-07-29,29354e42ef0c3a5dcfab2220f035fd1be5874df613426379bae1f33e112f560b,996bed4920d57ac31c4fb24ea30428fd6f75ebf5eff9ad3e616c6bcf81f64d7c,"[""Tennis""]",1785304043.815569,KXITFMATCH-26JUL29BRAPIE-PIE,Tennis,,KXITFMATCH,e7bed978-f0a4-4bc6-8904-d9b6730590e4,KXITFMATCH-26JUL29BRAPIE,1785305498.0,quote,,1786514400.0,true,85.5000,85.0000,86.0000,3461.00,1059.07
6,ed2086c87d52482699dee6d41678911f,0,2026-07-29,2026-07-29,29354e42ef0c3a5dcfab2220f035fd1be5874df613426379bae1f33e112f560b,996bed4920d57ac31c4fb24ea30428fd6f75ebf5eff9ad3e616c6bcf81f64d7c,"[""Tennis""]",1785304043.88704,KXITFWMATCH-26JUL29HOSDYU-DYU,Tennis,,KXITFWMATCH,eff22484-a537-4944-bd0e-5664e98b54bd,KXITFWMATCH-26JUL29HOSDYU,1785301687.0,quote,,1786510800.0,true,79.5000,79.0000,80.0000,3168.39,380.97
6,ed2086c87d52482699dee6d41678911f,0,2026-07-29,2026-07-29,29354e42ef0c3a5dcfab2220f035fd1be5874df613426379bae1f33e112f560b,996bed4920d57ac31c4fb24ea30428fd6f75ebf5eff9ad3e616c6bcf81f64d7c,"[""Tennis""]",1785304045.557347,KXITFMATCH-26JUL28PADSAT-PAD,Tennis,,KXITFMATCH,03e1243d-7dee-4056-a032-cb914b77515a,KXITFMATCH-26JUL28PADSAT,1785294636.0,quote,,1786501800.0,true,33.5000,33.0000,34.0000,29861.76,60072.06
6,ed2086c87d52482699dee6d41678911f,0,2026-07-29,2026-07-29,29354e42ef0c3a5dcfab2220f035fd1be5874df613426379bae1f33e112f560b,996bed4920d57ac31c4fb24ea30428fd6f75ebf5eff9ad3e616c6bcf81f64d7c,"[""Tennis""]",1785304045.629508,KXITFMATCH-26JUL28WENJON-JON,Tennis,,KXITFMATCH,5195be65-3a9b-423a-9e35-55f2f5840354,KXITFMATCH-26JUL28WENJON,1785299448.0,quote,,1786501800.0,true,66.0000,65.0000,67.0000,1163.00,103.00
6,ed2086c87d52482699dee6d41678911f,0,2026-07-29,2026-07-29,29354e42ef0c3a5dcfab2220f035fd1be5874df613426379bae1f33e112f560b,996bed4920d57ac31c4fb24ea30428fd6f75ebf5eff9ad3e616c6bcf81f64d7c,"[""Tennis""]",1785304045.704013,KXITFMATCH-26JUL28WENJON-WEN,Tennis,,KXITFMATCH,5195be65-3a9b-423a-9e35-55f2f5840354,KXITFMATCH-26JUL28WENJON,1785299448.0,quote,,1786501800.0,true,33.5000,32.0000,35.0000,151.15,4.06
6,ed2086c87d52482699dee6d41678911f,0,2026-07-29,2026-07-29,29354e42ef0c3a5dcfab2220f035fd1be5874df613426379bae1f33e112f560b,996bed4920d57ac31c4fb24ea30428fd6f75ebf5eff9ad3e616c6bcf81f64d7c,"[""Tennis""]",1785304045.772311,KXITFMATCH-26JUL28CHAHEI-CHA,Tennis,,KXITFMATCH,5ba6a34a-c169-4b0b-b8fd-b835a2127855,KXITFMATCH-26JUL28CHAHEI,1785299809.0,quote,,1786505400.0,true,71.5000,70.0000,73.0000,54.00,61.20
6,ed2086c87d52482699dee6d41678911f,0,2026-07-29,2026-07-29,29354e42ef0c3a5dcfab2220f035fd1be5874df613426379bae1f33e112f560b,996bed4920d57ac31c4fb24ea30428fd6f75ebf5eff9ad3e616c6bcf81f64d7c,"[""Tennis""]",1785304045.842667,KXITFWMATCH-26JUL29SOZMIL-MIL,Tennis,,KXITFWMATCH,0ba82ca4-7c3d-4fe6-9763-af01f430c473,KXITFWMATCH-26JUL29SOZMIL,1785301725.0,quote,,1786510800.0,true,93.5000,93.0000,94.0000,2360.47,2425.29
6,ed2086c87d52482699dee6d41678911f,0,2026-07-29,2026-07-29,29354e42ef0c3a5dcfab2220f035fd1be5874df613426379bae1f33e112f560b,996bed4920d57ac31c4fb24ea30428fd6f75ebf5eff9ad3e616c6bcf81f64d7c,"[""Tennis""]",1785304045.91314,KXITFWMATCH-26JUL29YOSKIM-KIM,Tennis,,KXITFWMATCH,9b9eecb5-c6a0-414a-bcf3-57262192676d,KXITFWMATCH-26JUL29YOSKIM,1785301851.0,quote,,1786510800.0,true,58.0000,57.0000,59.0000,1029.67,1739.00
6,ed2086c87d52482699dee6d41678911f,0,2026-07-29,2026-07-29,29354e42ef0c3a5dcfab2220f035fd1be5874df613426379bae1f33e112f560b,996bed4920d57ac31c4fb24ea30428fd6f75ebf5eff9ad3e616c6bcf81f64d7c,"[""Tennis""]",1785304045.9837718,KXITFMATCH-26JUL28CHAHEI-HEI,Tennis,,KXITFMATCH,5ba6a34a-c169-4b0b-b8fd-b835a2127855,KXITFMATCH-26JUL28CHAHEI,1785299809.0,quote,,1786505400.0,true,28.0000,27.0000,29.0000,22.00,5.92
6,ed2086c87d52482699dee6d41678911f,0,2026-07-29,2026-07-29,29354e42ef0c3a5dcfab2220f035fd1be5874df613426379bae1f33e112f560b,996bed4920d57ac31c4fb24ea30428fd6f75ebf5eff9ad3e616c6bcf81f64d7c,"[""Tennis""]",1785304046.1441019,KXITFWMATCH-26JUL29SOZMIL-SOZ,Tennis,,KXITFWMATCH,0ba82ca4-7c3d-4fe6-9763-af01f430c473,KXITFWMATCH-26JUL29SOZMIL,1785301725.0,quote,,1786510800.0,true,6.5000,6.0000,7.0000,1792.29,3212.60
6,ed2086c87d52482699dee6d41678911f,0,2026-07-29,2026-07-29,29354e42ef0c3a5dcfab2220f035fd1be5874df613426379bae1f33e112f560b,996bed4920d57ac31c4fb24ea30428fd6f75ebf5eff9ad3e616c6bcf81f64d7c,"[""Tennis""]",1785304046.214442,KXITFMATCH-26JUL29BRAPIE-PIE,Tennis,,KXITFMATCH,e7bed978-f0a4-4bc6-8904-d9b6730590e4,KXITFMATCH-26JUL29BRAPIE,1785305498.0,quote,,1786514400.0,true,85.5000,85.0000,86.0000,3461.00,1059.07
6,ed2086c87d52482699dee6d41678911f,0,2026-07-29,2026-07-29,29354e42ef0c3a5dcfab2220f035fd1be5874df613426379bae1f33e112f560b,996bed4920d57ac31c4fb24ea30428fd6f75ebf5eff9ad3e616c6bcf81f64d7c,"[""Tennis""]",1785304046.284661,KXITFWMATCH-26JUL29HOSDYU-DYU,Tennis,,KXITFWMATCH,eff22484-a537-4944-bd0e-5664e98b54bd,KXITFWMATCH-26JUL29HOSDYU,1785301687.0,quote,,1786510800.0,true,79.5000,79.0000,80.0000,3168.39,380.97
6,ed2086c87d52482699dee6d41678911f,0,2026-07-29,2026-07-29,29354e42ef0c3a5dcfab2220f035fd1be5874df613426379bae1f33e112f560b,996bed4920d57ac31c4fb24ea30428fd6f75ebf5eff9ad3e616c6bcf81f64d7c,"[""Tennis""]",1785304047.872778,KXITFMATCH-26JUL28PADSAT-PAD,Tennis,,KXITFMATCH,03e1243d-7dee-4056-a032-cb914b77515a,KXITFMATCH-26JUL28PADSAT,1785294636.0,quote,,1786501800.0,true,33.5000,33.0000,34.0000,29861.76,60072.06
6,ed2086c87d52482699dee6d41678911f,0,2026-07-29,2026-07-29,29354e42ef0c3a5dcfab2220f035fd1be5874df613426379bae1f33e112f560b,996bed4920d57ac31c4fb24ea30428fd6f75ebf5eff9ad3e616c6bcf81f64d7c,"[""Tennis""]",1785304047.943559,KXITFMATCH-26JUL28WENJON-JON,Tennis,,KXITFMATCH,5195be65-3a9b-423a-9e35-55f2f5840354,KXITFMATCH-26JUL28WENJON,1785299448.0,quote,,1786501800.0,true,66.0000,65.0000,67.0000,1163.00,103.00
6,ed2086c87d52482699dee6d41678911f,0,2026-07-29,2026-07-29,29354e42ef0c3a5dcfab2220f035fd1be5874df613426379bae1f33e112f560b,996bed4920d57ac31c4fb24ea30428fd6f75ebf5eff9ad3e616c6bcf81f64d7c,"[""Tennis""]",1785304048.0144808,KXITFMATCH-26JUL28WENJON-WEN,Tennis,,KXITFMATCH,5195be65-3a9b-423a-9e35-55f2f5840354,KXITFMATCH-26JUL28WENJON,1785299448.0,quote,,1786501800.0,true,34.5000,33.0000,36.0000,181.00,129.68
6,ed2086c87d52482699dee6d41678911f,0,2026-07-29,2026-07-29,29354e42ef0c3a5dcfab2220f035fd1be5874df613426379bae1f33e112f560b,996bed4920d57ac31c4fb24ea30428fd6f75ebf5eff9ad3e616c6bcf81f64d7c,"[""Tennis""]",1785304048.179342,KXITFMATCH-26JUL28CHAHEI-CHA,Tennis,,KXITFMATCH,5ba6a34a-c169-4b0b-b8fd-b835a2127855,KXITFMATCH-26JUL28CHAHEI,1785299809.0,quote,,1786505400.0,true,70.5000,70.0000,71.0000,26.00,10.00
6,ed2086c87d52482699dee6d41678911f,0,2026-07-29,2026-07-29,29354e42ef0c3a5dcfab2220f035fd1be5874df613426379bae1f33e112f560b,996bed4920d57ac31c4fb24ea30428fd6f75ebf5eff9ad3e616c6bcf81f64d7c,"[""Tennis""]",1785304048.250238,KXITFWMATCH-26JUL29SOZMIL-MIL,Tennis,,KXITFWMATCH,0ba82ca4-7c3d-4fe6-9763-af01f430c473,KXITFWMATCH-26JUL29SOZMIL,1785301725.0,quote,,1786510800.0,true,93.5000,93.0000,94.0000,2360.47,2425.29
6,ed2086c87d52482699dee6d41678911f,0,2026-07-29,2026-07-29,29354e42ef0c3a5dcfab2220f035fd1be5874df613426379bae1f33e112f560b,996bed4920d57ac31c4fb24ea30428fd6f75ebf5eff9ad3e616c6bcf81f64d7c,"[""Tennis""]",1785304048.319409,KXITFWMATCH-26JUL29YOSKIM-KIM,Tennis,,KXITFWMATCH,9b9eecb5-c6a0-414a-bcf3-57262192676d,KXITFWMATCH-26JUL29YOSKIM,1785301851.0,quote,,1786510800.0,true,58.0000,57.0000,59.0000,1029.67,1739.00
6,ed2086c87d52482699dee6d41678911f,0,2026-07-29,2026-07-29,29354e42ef0c3a5dcfab2220f035fd1be5874df613426379bae1f33e112f560b,996bed4920d57ac31c4fb24ea30428fd6f75ebf5eff9ad3e616c6bcf81f64d7c,"[""Tennis""]",1785304048.396341,KXITFMATCH-26JUL28CHAHEI-HEI,Tennis,,KXITFMATCH,5ba6a34a-c169-4b0b-b8fd-b835a2127855,KXITFMATCH-26JUL28CHAHEI,1785299809.0,quote,,1786505400.0,true,28.0000,27.0000,29.0000,22.00,5.92
6,ed2086c87d52482699dee6d41678911f,0,2026-07-29,2026-07-29,29354e42ef0c3a5dcfab2220f035fd1be5874df613426379bae1f33e112f560b,996bed4920d57ac31c4fb24ea30428fd6f75ebf5eff9ad3e616c6bcf81f64d7c,"[""Tennis""]",1785304048.4669151,KXITFWMATCH-26JUL29SOZMIL-SOZ,Tennis,,KXITFWMATCH,0ba82ca4-7c3d-4fe6-9763-af01f430c473,KXITFWMATCH-26JUL29SOZMIL,1785301725.0,quote,,1786510800.0,true,6.5000,6.0000,7.0000,1792.29,3212.60
6,ed2086c87d52482699dee6d41678911f,0,2026-07-29,2026-07-29,29354e42ef0c3a5dcfab2220f035fd1be5874df613426379bae1f33e112f560b,996bed4920d57ac31c4fb24ea30428fd6f75ebf5eff9ad3e616c6bcf81f64d7c,"[""Tennis""]",1785304048.5371509,KXITFMATCH-26JUL29BRAPIE-PIE,Tennis,,KXITFMATCH,e7bed978-f0a4-4bc6-8904-d9b6730590e4,KXITFMATCH-26JUL29BRAPIE,1785305498.0,quote,,1786514400.0,true,85.5000,85.0000,86.0000,3461.00,1059.07
6,ed2086c87d52482699dee6d41678911f,0,2026-07-29,2026-07-29,29354e42ef0c3a5dcfab2220f035fd1be5874df613426379bae1f33e112f560b,996bed4920d57ac31c4fb24ea30428fd6f75ebf5eff9ad3e616c6bcf81f64d7c,"[""Tennis""]",1785304048.6101382,KXITFWMATCH-26JUL29HOSDYU-DYU,Tennis,,KXITFWMATCH,eff22484-a537-4944-bd0e-5664e98b54bd,KXITFWMATCH-26JUL29HOSDYU,1785301687.0,quote,,1786510800.0,true,79.5000,79.0000,80.0000,3168.39,380.97
6,ed2086c87d52482699dee6d41678911f,0,2026-07-29,2026-07-29,29354e42ef0c3a5dcfab2220f035fd1be5874df613426379bae1f33e112f560b,996bed4920d57ac31c4fb24ea30428fd6f75ebf5eff9ad3e616c6bcf81f64d7c,"[""Tennis""]",1785304050.27406,KXITFMATCH-26JUL28PADSAT-PAD,Tennis,,KXITFMATCH,03e1243d-7dee-4056-a032-cb914b77515a,KXITFMATCH-26JUL28PADSAT,1785294636.0,quote,,1786501800.0,true,33.5000,33.0000,34.0000,28962.30,59797.06
6,ed2086c87d52482699dee6d41678911f,0,2026-07-29,2026-07-29,29354e42ef0c3a5dcfab2220f035fd1be5874df613426379bae1f33e112f560b,996bed4920d57ac31c4fb24ea30428fd6f75ebf5eff9ad3e616c6bcf81f64d7c,"[""Tennis""]",1785304050.346269,KXITFMATCH-26JUL28WENJON-JON,Tennis,,KXITFMATCH,5195be65-3a9b-423a-9e35-55f2f5840354,KXITFMATCH-26JUL28WENJON,1785299448.0,quote,,1786501800.0,true,66.0000,65.0000,67.0000,1163.00,103.00
6,ed2086c87d52482699dee6d41678911f,0,2026-07-29,2026-07-29,29354e42ef0c3a5dcfab2220f035fd1be5874df613426379bae1f33e112f560b,996bed4920d57ac31c4fb24ea30428fd6f75ebf5eff9ad3e616c6bcf81f64d7c,"[""Tennis""]",1785304050.4178948,KXITFMATCH-26JUL28WENJON-WEN,Tennis,,KXITFMATCH,5195be65-3a9b-423a-9e35-55f2f5840354,KXITFMATCH-26JUL28WENJON,1785299448.0,quote,,1786501800.0,true,34.5000,33.0000,36.0000,181.00,129.68
6,ed2086c87d52482699dee6d41678911f,0,2026-07-29,2026-07-29,29354e42ef0c3a5dcfab2220f035fd1be5874df613426379bae1f33e112f560b,996bed4920d57ac31c4fb24ea30428fd6f75ebf5eff9ad3e616c6bcf81f64d7c,"[""Tennis""]",1785304050.490276,KXITFMATCH-26JUL28CHAHEI-CHA,Tennis,,KXITFMATCH,5ba6a34a-c169-4b0b-b8fd-b835a2127855,KXITFMATCH-26JUL28CHAHEI,1785299809.0,quote,,1786505400.0,true,70.5000,70.0000,71.0000,26.00,10.00
6,ed2086c87d52482699dee6d41678911f,0,2026-07-29,2026-07-29,29354e42ef0c3a5dcfab2220f035fd1be5874df613426379bae1f33e112f560b,996bed4920d57ac31c4fb24ea30428fd6f75ebf5eff9ad3e616c6bcf81f64d7c,"[""Tennis""]",1785304050.562443,KXITFWMATCH-26JUL29SOZMIL-MIL,Tennis,,KXITFWMATCH,0ba82ca4-7c3d-4fe6-9763-af01f430c473,KXITFWMATCH-26JUL29SOZMIL,1785301725.0,quote,,1786510800.0,true,93.5000,93.0000,94.0000,2360.47,2425.29
6,ed2086c87d52482699dee6d41678911f,0,2026-07-29,2026-07-29,29354e42ef0c3a5dcfab2220f035fd1be5874df613426379bae1f33e112f560b,996bed4920d57ac31c4fb24ea30428fd6f75ebf5eff9ad3e616c6bcf81f64d7c,"[""Tennis""]",1785304050.6330009,KXITFWMATCH-26JUL29YOSKIM-KIM,Tennis,,KXITFWMATCH,9b9eecb5-c6a0-414a-bcf3-57262192676d,KXITFWMATCH-26JUL29YOSKIM,1785301851.0,quote,,1786510800.0,true,58.0000,57.0000,59.0000,1029.67,1739.00
6,ed2086c87d52482699dee6d41678911f,0,2026-07-29,2026-07-29,29354e42ef0c3a5dcfab2220f035fd1be5874df613426379bae1f33e112f560b,996bed4920d57ac31c4fb24ea30428fd6f75ebf5eff9ad3e616c6bcf81f64d7c,"[""Tennis""]",1785304050.704264,KXITFMATCH-26JUL28CHAHEI-HEI,Tennis,,KXITFMATCH,5ba6a34a-c169-4b0b-b8fd-b835a2127855,KXITFMATCH-26JUL28CHAHEI,1785299809.0,quote,,1786505400.0,true,28.5000,26.0000,31.0000,185.00,1.88
6,ed2086c87d52482699dee6d41678911f,0,2026-07-29,2026-07-29,29354e42ef0c3a5dcfab2220f035fd1be5874df613426379bae1f33e112f560b,996bed4920d57ac31c4fb24ea30428fd6f75ebf5eff9ad3e616c6bcf81f64d7c,"[""Tennis""]",1785304050.855325,KXITFWMATCH-26JUL29SOZMIL-SOZ,Tennis,,KXITFWMATCH,0ba82ca4-7c3d-4fe6-9763-af01f430c473,KXITFWMATCH-26JUL29SOZMIL,1785301725.0,quote,,1786510800.0,true,6.5000,6.0000,7.0000,1792.29,3118.72
6,ed2086c87d52482699dee6d41678911f,0,2026-07-29,2026-07-29,29354e42ef0c3a5dcfab2220f035fd1be5874df613426379bae1f33e112f560b,996bed4920d57ac31c4fb24ea30428fd6f75ebf5eff9ad3e616c6bcf81f64d7c,"[""Tennis""]",1785304050.92682,KXITFMATCH-26JUL29BRAPIE-PIE,Tennis,,KXITFMATCH,e7bed978-f0a4-4bc6-8904-d9b6730590e4,KXITFMATCH-26JUL29BRAPIE,1785305498.0,quote,,1786514400.0,true,85.5000,85.0000,86.0000,3461.00,1059.07
6,ed2086c87d52482699dee6d41678911f,0,2026-07-29,2026-07-29,29354e42ef0c3a5dcfab2220f035fd1be5874df613426379bae1f33e112f560b,996bed4920d57ac31c4fb24ea30428fd6f75ebf5eff9ad3e616c6bcf81f64d7c,"[""Tennis""]",1785304050.996663,KXITFWMATCH-26JUL29HOSDYU-DYU,Tennis,,KXITFWMATCH,eff22484-a537-4944-bd0e-5664e98b54bd,KXITFWMATCH-26JUL29HOSDYU,1785301687.0,quote,,1786510800.0,true,79.5000,78.0000,81.0000,399.00,45.00
6,ed2086c87d52482699dee6d41678911f,0,2026-07-29,2026-07-29,29354e42ef0c3a5dcfab2220f035fd1be5874df613426379bae1f33e112f560b,996bed4920d57ac31c4fb24ea30428fd6f75ebf5eff9ad3e616c6bcf81f64d7c,"[""Tennis""]",1785304052.57694,KXITFMATCH-26JUL28PADSAT-PAD,Tennis,,KXITFMATCH,03e1243d-7dee-4056-a032-cb914b77515a,KXITFMATCH-26JUL28PADSAT,1785294636.0,quote,,1786501800.0,true,33.5000,33.0000,34.0000,28962.30,59797.06
6,ed2086c87d52482699dee6d41678911f,0,2026-07-29,2026-07-29,29354e42ef0c3a5dcfab2220f035fd1be5874df613426379bae1f33e112f560b,996bed4920d57ac31c4fb24ea30428fd6f75ebf5eff9ad3e616c6bcf81f64d7c,"[""Tennis""]",1785304052.6508238,KXITFMATCH-26JUL28WENJON-JON,Tennis,,KXITFMATCH,5195be65-3a9b-423a-9e35-55f2f5840354,KXITFMATCH-26JUL28WENJON,1785299448.0,quote,,1786501800.0,true,66.0000,65.0000,67.0000,1163.00,103.00
6,ed2086c87d52482699dee6d41678911f,0,2026-07-29,2026-07-29,29354e42ef0c3a5dcfab2220f035fd1be5874df613426379bae1f33e112f560b,996bed4920d57ac31c4fb24ea30428fd6f75ebf5eff9ad3e616c6bcf81f64d7c,"[""Tennis""]",1785304052.727566,KXITFMATCH-26JUL28WENJON-WEN,Tennis,,KXITFMATCH,5195be65-3a9b-423a-9e35-55f2f5840354,KXITFMATCH-26JUL28WENJON,1785299448.0,quote,,1786501800.0,true,34.5000,33.0000,36.0000,181.00,129.68
6,ed2086c87d52482699dee6d41678911f,0,2026-07-29,2026-07-29,29354e42ef0c3a5dcfab2220f035fd1be5874df613426379bae1f33e112f560b,996bed4920d57ac31c4fb24ea30428fd6f75ebf5eff9ad3e616c6bcf81f64d7c,"[""Tennis""]",1785304052.800249,KXITFMATCH-26JUL28CHAHEI-CHA,Tennis,,KXITFMATCH,5ba6a34a-c169-4b0b-b8fd-b835a2127855,KXITFMATCH-26JUL28CHAHEI,1785299809.0,quote,,1786505400.0,true,70.5000,70.0000,71.0000,26.00,10.00
6,ed2086c87d52482699dee6d41678911f,0,2026-07-29,2026-07-29,29354e42ef0c3a5dcfab2220f035fd1be5874df613426379bae1f33e112f560b,996bed4920d57ac31c4fb24ea30428fd6f75ebf5eff9ad3e616c6bcf81f64d7c,"[""Tennis""]",1785304052.960445,KXITFWMATCH-26JUL29SOZMIL-MIL,Tennis,,KXITFWMATCH,0ba82ca4-7c3d-4fe6-9763-af01f430c473,KXITFWMATCH-26JUL29SOZMIL,1785301725.0,quote,,1786510800.0,true,93.5000,93.0000,94.0000,2360.47,2425.29
6,ed2086c87d52482699dee6d41678911f,0,2026-07-29,2026-07-29,29354e42ef0c3a5dcfab2220f035fd1be5874df613426379bae1f33e112f560b,996bed4920d57ac31c4fb24ea30428fd6f75ebf5eff9ad3e616c6bcf81f64d7c,"[""Tennis""]",1785304053.0329442,KXITFWMATCH-26JUL29YOSKIM-KIM,Tennis,,KXITFWMATCH,9b9eecb5-c6a0-414a-bcf3-57262192676d,KXITFWMATCH-26JUL29YOSKIM,1785301851.0,quote,,1786510800.0,true,58.0000,57.0000,59.0000,1029.67,1739.00
6,ed2086c87d52482699dee6d41678911f,0,2026-07-29,2026-07-29,29354e42ef0c3a5dcfab2220f035fd1be5874df613426379bae1f33e112f560b,996bed4920d57ac31c4fb24ea30428fd6f75ebf5eff9ad3e616c6bcf81f64d7c,"[""Tennis""]",1785304053.105927,KXITFMATCH-26JUL28CHAHEI-HEI,Tennis,,KXITFMATCH,5ba6a34a-c169-4b0b-b8fd-b835a2127855,KXITFMATCH-26JUL28CHAHEI,1785299809.0,quote,,1786505400.0,true,28.5000,26.0000,31.0000,185.00,1.88
6,ed2086c87d52482699dee6d41678911f,0,2026-07-29,2026-07-29,29354e42ef0c3a5dcfab2220f035fd1be5874df613426379bae1f33e112f560b,996bed4920d57ac31c4fb24ea30428fd6f75ebf5eff9ad3e616c6bcf81f64d7c,"[""Tennis""]",1785304053.1780381,KXITFWMATCH-26JUL29SOZMIL-SOZ,Tennis,,KXITFWMATCH,0ba82ca4-7c3d-4fe6-9763-af01f430c473,KXITFWMATCH-26JUL29SOZMIL,1785301725.0,quote,,1786510800.0,true,6.5000,6.0000,7.0000,1792.29,3118.72
6,ed2086c87d52482699dee6d41678911f,0,2026-07-29,2026-07-29,29354e42ef0c3a5dcfab2220f035fd1be5874df613426379bae1f33e112f560b,996bed4920d57ac31c4fb24ea30428fd6f75ebf5eff9ad3e616c6bcf81f64d7c,"[""Tennis""]",1785304053.252127,KXITFMATCH-26JUL29BRAPIE-PIE,Tennis,,KXITFMATCH,e7bed978-f0a4-4bc6-8904-d9b6730590e4,KXITFMATCH-26JUL29BRAPIE,1785305498.0,quote,,1786514400.0,true,85.5000,85.0000,86.0000,3461.00,1059.07
6,ed2086c87d52482699dee6d41678911f,0,2026-07-29,2026-07-29,29354e42ef0c3a5dcfab2220f035fd1be5874df613426379bae1f33e112f560b,996bed4920d57ac31c4fb24ea30428fd6f75ebf5eff9ad3e616c6bcf81f64d7c,"[""Tennis""]",1785304053.3247821,KXITFWMATCH-26JUL29HOSDYU-DYU,Tennis,,KXITFWMATCH,eff22484-a537-4944-bd0e-5664e98b54bd,KXITFWMATCH-26JUL29HOSDYU,1785301687.0,quote,,1786510800.0,true,79.5000,78.0000,81.0000,399.00,45.00
6,ed2086c87d52482699dee6d41678911f,0,2026-07-29,2026-07-29,29354e42ef0c3a5dcfab2220f035fd1be5874df613426379bae1f33e112f560b,996bed4920d57ac31c4fb24ea30428fd6f75ebf5eff9ad3e616c6bcf81f64d7c,"[""Tennis""]",1785304054.9899762,KXITFMATCH-26JUL28PADSAT-PAD,Tennis,,KXITFMATCH,03e1243d-7dee-4056-a032-cb914b77515a,KXITFMATCH-26JUL28PADSAT,1785294636.0,quote,,1786501800.0,true,33.5000,33.0000,34.0000,28962.30,59797.06
6,ed2086c87d52482699dee6d41678911f,0,2026-07-29,2026-07-29,29354e42ef0c3a5dcfab2220f035fd1be5874df613426379bae1f33e112f560b,996bed4920d57ac31c4fb24ea30428fd6f75ebf5eff9ad3e616c6bcf81f64d7c,"[""Tennis""]",1785304055.063294,KXITFMATCH-26JUL28WENJON-JON,Tennis,,KXITFMATCH,5195be65-3a9b-423a-9e35-55f2f5840354,KXITFMATCH-26JUL28WENJON,1785299448.0,quote,,1786501800.0,true,66.5000,66.0000,67.0000,7208.88,16865.68
6,ed2086c87d52482699dee6d41678911f,0,2026-07-29,2026-07-29,29354e42ef0c3a5dcfab2220f035fd1be5874df613426379bae1f33e112f560b,996bed4920d57ac31c4fb24ea30428fd6f75ebf5eff9ad3e616c6bcf81f64d7c,"[""Tennis""]",1785304055.133622,KXITFMATCH-26JUL28WENJON-WEN,Tennis,,KXITFMATCH,5195be65-3a9b-423a-9e35-55f2f5840354,KXITFMATCH-26JUL28WENJON,1785299448.0,quote,,1786501800.0,true,34.5000,33.0000,36.0000,181.00,129.68
6,ed2086c87d52482699dee6d41678911f,0,2026-07-29,2026-07-29,29354e42ef0c3a5dcfab2220f035fd1be5874df613426379bae1f33e112f560b,996bed4920d57ac31c4fb24ea30428fd6f75ebf5eff9ad3e616c6bcf81f64d7c,"[""Tennis""]",1785304055.204903,KXITFMATCH-26JUL28CHAHEI-CHA,Tennis,,KXITFMATCH,5ba6a34a-c169-4b0b-b8fd-b835a2127855,KXITFMATCH-26JUL28CHAHEI,1785299809.0,quote,,1786505400.0,true,70.5000,70.0000,71.0000,26.00,10.00
6,ed2086c87d52482699dee6d41678911f,0,2026-07-29,2026-07-29,29354e42ef0c3a5dcfab2220f035fd1be5874df613426379bae1f33e112f560b,996bed4920d57ac31c4fb24ea30428fd6f75ebf5eff9ad3e616c6bcf81f64d7c,"[""Tennis""]",1785304055.2754638,KXITFWMATCH-26JUL29SOZMIL-MIL,Tennis,,KXITFWMATCH,0ba82ca4-7c3d-4fe6-9763-af01f430c473,KXITFWMATCH-26JUL29SOZMIL,1785301725.0,quote,,1786510800.0,true,93.5000,93.0000,94.0000,2360.47,2425.29
6,ed2086c87d52482699dee6d41678911f,0,2026-07-29,2026-07-29,29354e42ef0c3a5dcfab2220f035fd1be5874df613426379bae1f33e112f560b,996bed4920d57ac31c4fb24ea30428fd6f75ebf5eff9ad3e616c6bcf81f64d7c,"[""Tennis""]",1785304055.344495,KXITFWMATCH-26JUL29YOSKIM-KIM,Tennis,,KXITFWMATCH,9b9eecb5-c6a0-414a-bcf3-57262192676d,KXITFWMATCH-26JUL29YOSKIM,1785301851.0,quote,,1786510800.0,true,58.0000,57.0000,59.0000,1029.67,1739.00
6,ed2086c87d52482699dee6d41678911f,0,2026-07-29,2026-07-29,29354e42ef0c3a5dcfab2220f035fd1be5874df613426379bae1f33e112f560b,996bed4920d57ac31c4fb24ea30428fd6f75ebf5eff9ad3e616c6bcf81f64d7c,"[""Tennis""]",1785304055.413205,KXITFMATCH-26JUL28CHAHEI-HEI,Tennis,,KXITFMATCH,5ba6a34a-c169-4b0b-b8fd-b835a2127855,KXITFMATCH-26JUL28CHAHEI,1785299809.0,quote,,1786505400.0,true,28.5000,26.0000,31.0000,185.00,1.88
6,ed2086c87d52482699dee6d41678911f,0,2026-07-29,2026-07-29,29354e42ef0c3a5dcfab2220f035fd1be5874df613426379bae1f33e112f560b,996bed4920d57ac31c4fb24ea30428fd6f75ebf5eff9ad3e616c6bcf81f64d7c,"[""Tennis""]",1785304055.519182,KXITFWMATCH-26JUL29SOZMIL-SOZ,Tennis,,KXITFWMATCH,0ba82ca4-7c3d-4fe6-9763-af01f430c473,KXITFWMATCH-26JUL29SOZMIL,1785301725.0,quote,,1786510800.0,true,6.5000,6.0000,7.0000,1792.29,3118.72
6,ed2086c87d52482699dee6d41678911f,0,2026-07-29,2026-07-29,29354e42ef0c3a5dcfab2220f035fd1be5874df613426379bae1f33e112f560b,996bed4920d57ac31c4fb24ea30428fd6f75ebf5eff9ad3e616c6bcf81f64d7c,"[""Tennis""]",1785304055.588981,KXITFMATCH-26JUL29BRAPIE-PIE,Tennis,,KXITFMATCH,e7bed978-f0a4-4bc6-8904-d9b6730590e4,KXITFMATCH-26JUL29BRAPIE,1785305498.0,quote,,1786514400.0,true,85.5000,85.0000,86.0000,3461.00,1059.07
6,ed2086c87d52482699dee6d41678911f,0,2026-07-29,2026-07-29,29354e42ef0c3a5dcfab2220f035fd1be5874df613426379bae1f33e112f560b,996bed4920d57ac31c4fb24ea30428fd6f75ebf5eff9ad3e616c6bcf81f64d7c,"[""Tennis""]",1785304055.6600058,KXITFWMATCH-26JUL29HOSDYU-DYU,Tennis,,KXITFWMATCH,eff22484-a537-4944-bd0e-5664e98b54bd,KXITFWMATCH-26JUL29HOSDYU,1785301687.0,quote,,1786510800.0,true,79.5000,78.0000,81.0000,399.00,45.00
6,ed2086c87d52482699dee6d41678911f,0,2026-07-29,2026-07-29,29354e42ef0c3a5dcfab2220f035fd1be5874df613426379bae1f33e112f560b,996bed4920d57ac31c4fb24ea30428fd6f75ebf5eff9ad3e616c6bcf81f64d7c,"[""Tennis""]",1785304057.243045,KXITFMATCH-26JUL28PADSAT-PAD,Tennis,,KXITFMATCH,03e1243d-7dee-4056-a032-cb914b77515a,KXITFMATCH-26JUL28PADSAT,1785294636.0,quote,,1786501800.0,true,33.5000,33.0000,34.0000,28962.30,59797.06
6,ed2086c87d52482699dee6d41678911f,0,2026-07-29,2026-07-29,29354e42ef0c3a5dcfab2220f035fd1be5874df613426379bae1f33e112f560b,996bed4920d57ac31c4fb24ea30428fd6f75ebf5eff9ad3e616c6bcf81f64d7c,"[""Tennis""]",1785304057.313314,KXITFMATCH-26JUL28WENJON-JON,Tennis,,KXITFMATCH,5195be65-3a9b-423a-9e35-55f2f5840354,KXITFMATCH-26JUL28WENJON,1785299448.0,quote,,1786501800.0,true,66.5000,66.0000,67.0000,7208.88,16865.68
6,ed2086c87d52482699dee6d41678911f,0,2026-07-29,2026-07-29,29354e42ef0c3a5dcfab2220f035fd1be5874df613426379bae1f33e112f560b,996bed4920d57ac31c4fb24ea30428fd6f75ebf5eff9ad3e616c6bcf81f64d7c,"[""Tennis""]",1785304057.382138,KXITFMATCH-26JUL28WENJON-WEN,Tennis,,KXITFMATCH,5195be65-3a9b-423a-9e35-55f2f5840354,KXITFMATCH-26JUL28WENJON,1785299448.0,quote,,1786501800.0,true,33.5000,33.0000,34.0000,9717.24,19775.94
6,ed2086c87d52482699dee6d41678911f,0,2026-07-29,2026-07-29,29354e42ef0c3a5dcfab2220f035fd1be5874df613426379bae1f33e112f560b,996bed4920d57ac31c4fb24ea30428fd6f75ebf5eff9ad3e616c6bcf81f64d7c,"[""Tennis""]",1785304057.449804,KXITFMATCH-26JUL28CHAHEI-CHA,Tennis,,KXITFMATCH,5ba6a34a-c169-4b0b-b8fd-b835a2127855,KXITFMATCH-26JUL28CHAHEI,1785299809.0,quote,,1786505400.0,true,70.5000,70.0000,71.0000,26.00,10.00
6,ed2086c87d52482699dee6d41678911f,0,2026-07-29,2026-07-29,29354e42ef0c3a5dcfab2220f035fd1be5874df613426379bae1f33e112f560b,996bed4920d57ac31c4fb24ea30428fd6f75ebf5eff9ad3e616c6bcf81f64d7c,"[""Tennis""]",1785304057.520279,KXITFWMATCH-26JUL29SOZMIL-MIL,Tennis,,KXITFWMATCH,0ba82ca4-7c3d-4fe6-9763-af01f430c473,KXITFWMATCH-26JUL29SOZMIL,1785301725.0,quote,,1786510800.0,true,93.5000,93.0000,94.0000,2360.47,2425.29
6,ed2086c87d52482699dee6d41678911f,0,2026-07-29,2026-07-29,29354e42ef0c3a5dcfab2220f035fd1be5874df613426379bae1f33e112f560b,996bed4920d57ac31c4fb24ea30428fd6f75ebf5eff9ad3e616c6bcf81f64d7c,"[""Tennis""]",1785304057.676374,KXITFWMATCH-26JUL29YOSKIM-KIM,Tennis,,KXITFWMATCH,9b9eecb5-c6a0-414a-bcf3-57262192676d,KXITFWMATCH-26JUL29YOSKIM,1785301851.0,quote,,1786510800.0,true,58.5000,58.0000,59.0000,4196.69,7115.69
6,ed2086c87d52482699dee6d41678911f,0,2026-07-29,2026-07-29,29354e42ef0c3a5dcfab2220f035fd1be5874df613426379bae1f33e112f560b,996bed4920d57ac31c4fb24ea30428fd6f75ebf5eff9ad3e616c6bcf81f64d7c,"[""Tennis""]",1785304057.746774,KXITFMATCH-26JUL28CHAHEI-HEI,Tennis,,KXITFMATCH,5ba6a34a-c169-4b0b-b8fd-b835a2127855,KXITFMATCH-26JUL28CHAHEI,1785299809.0,quote,,1786505400.0,true,28.5000,26.0000,31.0000,185.00,1.88
6,ed2086c87d52482699dee6d41678911f,0,2026-07-29,2026-07-29,29354e42ef0c3a5dcfab2220f035fd1be5874df613426379bae1f33e112f560b,996bed4920d57ac31c4fb24ea30428fd6f75ebf5eff9ad3e616c6bcf81f64d7c,"[""Tennis""]",1785304057.818143,KXITFWMATCH-26JUL29SOZMIL-SOZ,Tennis,,KXITFWMATCH,0ba82ca4-7c3d-4fe6-9763-af01f430c473,KXITFWMATCH-26JUL29SOZMIL,1785301725.0,quote,,1786510800.0,true,6.5000,6.0000,7.0000,1792.29,3118.72
6,ed2086c87d52482699dee6d41678911f,0,2026-07-29,2026-07-29,29354e42ef0c3a5dcfab2220f035fd1be5874df613426379bae1f33e112f560b,996bed4920d57ac31c4fb24ea30428fd6f75ebf5eff9ad3e616c6bcf81f64d7c,"[""Tennis""]",1785304057.888811,KXITFMATCH-26JUL29BRAPIE-PIE,Tennis,,KXITFMATCH,e7bed978-f0a4-4bc6-8904-d9b6730590e4,KXITFMATCH-26JUL29BRAPIE,1785305498.0,quote,,1786514400.0,true,85.5000,85.0000,86.0000,3461.00,1059.07
6,ed2086c87d52482699dee6d41678911f,0,2026-07-29,2026-07-29,29354e42ef0c3a5dcfab2220f035fd1be5874df613426379bae1f33e112f560b,996bed4920d57ac31c4fb24ea30428fd6f75ebf5eff9ad3e616c6bcf81f64d7c,"[""Tennis""]",1785304057.9604852,KXITFWMATCH-26JUL29HOSDYU-DYU,Tennis,,KXITFWMATCH,eff22484-a537-4944-bd0e-5664e98b54bd,KXITFWMATCH-26JUL29HOSDYU,1785301687.0,quote,,1786510800.0,true,79.5000,78.0000,81.0000,399.00,45.00
6,ed2086c87d52482699dee6d41678911f,0,2026-07-29,2026-07-29,29354e42ef0c3a5dcfab2220f035fd1be5874df613426379bae1f33e112f560b,996bed4920d57ac31c4fb24ea30428fd6f75ebf5eff9ad3e616c6bcf81f64d7c,"[""Tennis""]",1785304059.537586,KXITFMATCH-26JUL28PADSAT-PAD,Tennis,,KXITFMATCH,03e1243d-7dee-4056-a032-cb914b77515a,KXITFMATCH-26JUL28PADSAT,1785294636.0,quote,,1786501800.0,true,33.5000,33.0000,34.0000,28856.99,60327.54
6,ed2086c87d52482699dee6d41678911f,0,2026-07-29,2026-07-29,29354e42ef0c3a5dcfab2220f035fd1be5874df613426379bae1f33e112f560b,996bed4920d57ac31c4fb24ea30428fd6f75ebf5eff9ad3e616c6bcf81f64d7c,"[""Tennis""]",1785304059.6041238,KXITFMATCH-26JUL28WENJON-JON,Tennis,,KXITFMATCH,5195be65-3a9b-423a-9e35-55f2f5840354,KXITFMATCH-26JUL28WENJON,1785299448.0,quote,,1786501800.0,true,66.5000,66.0000,67.0000,7208.88,16865.68
6,ed2086c87d52482699dee6d41678911f,0,2026-07-29,2026-07-29,29354e42ef0c3a5dcfab2220f035fd1be5874df613426379bae1f33e112f560b,996bed4920d57ac31c4fb24ea30428fd6f75ebf5eff9ad3e616c6bcf81f64d7c,"[""Tennis""]",1785304059.711309,KXITFMATCH-26JUL28WENJON-WEN,Tennis,,KXITFMATCH,5195be65-3a9b-423a-9e35-55f2f5840354,KXITFMATCH-26JUL28WENJON,1785299448.0,quote,,1786501800.0,true,33.5000,33.0000,34.0000,9717.24,19775.94
6,ed2086c87d52482699dee6d41678911f,0,2026-07-29,2026-07-29,29354e42ef0c3a5dcfab2220f035fd1be5874df613426379bae1f33e112f560b,996bed4920d57ac31c4fb24ea30428fd6f75ebf5eff9ad3e616c6bcf81f64d7c,"[""Tennis""]",1785304059.777705,KXITFMATCH-26JUL28CHAHEI-CHA,Tennis,,KXITFMATCH,5ba6a34a-c169-4b0b-b8fd-b835a2127855,KXITFMATCH-26JUL28CHAHEI,1785299809.0,quote,,1786505400.0,true,70.5000,69.0000,72.0000,22.20,36.45
6,ed2086c87d52482699dee6d41678911f,0,2026-07-29,2026-07-29,29354e42ef0c3a5dcfab2220f035fd1be5874df613426379bae1f33e112f560b,996bed4920d57ac31c4fb24ea30428fd6f75ebf5eff9ad3e616c6bcf81f64d7c,"[""Tennis""]",1785304059.847681,KXITFWMATCH-26JUL29SOZMIL-MIL,Tennis,,KXITFWMATCH,0ba82ca4-7c3d-4fe6-9763-af01f430c473,KXITFWMATCH-26JUL29SOZMIL,1785301725.0,quote,,1786510800.0,true,93.0000,92.0000,94.0000,644.25,1959.10
6,ed2086c87d52482699dee6d41678911f,0,2026-07-29,2026-07-29,29354e42ef0c3a5dcfab2220f035fd1be5874df613426379bae1f33e112f560b,996bed4920d57ac31c4fb24ea30428fd6f75ebf5eff9ad3e616c6bcf81f64d7c,"[""Tennis""]",1785304059.9166698,KXITFWMATCH-26JUL29YOSKIM-KIM,Tennis,,KXITFWMATCH,9b9eecb5-c6a0-414a-bcf3-57262192676d,KXITFWMATCH-26JUL29YOSKIM,1785301851.0,quote,,1786510800.0,true,58.5000,58.0000,59.0000,4196.69,7115.69
6,ed2086c87d52482699dee6d41678911f,0,2026-07-29,2026-07-29,29354e42ef0c3a5dcfab2220f035fd1be5874df613426379bae1f33e112f560b,996bed4920d57ac31c4fb24ea30428fd6f75ebf5eff9ad3e616c6bcf81f64d7c,"[""Tennis""]",1785304059.9865239,KXITFMATCH-26JUL28CHAHEI-HEI,Tennis,,KXITFMATCH,5ba6a34a-c169-4b0b-b8fd-b835a2127855,KXITFMATCH-26JUL28CHAHEI,1785299809.0,quote,,1786505400.0,true,28.5000,26.0000,31.0000,185.00,1.88
6,ed2086c87d52482699dee6d41678911f,0,2026-07-29,2026-07-29,29354e42ef0c3a5dcfab2220f035fd1be5874df613426379bae1f33e112f560b,996bed4920d57ac31c4fb24ea30428fd6f75ebf5eff9ad3e616c6bcf81f64d7c,"[""Tennis""]",1785304060.057494,KXITFWMATCH-26JUL29SOZMIL-SOZ,Tennis,,KXITFWMATCH,0ba82ca4-7c3d-4fe6-9763-af01f430c473,KXITFWMATCH-26JUL29SOZMIL,1785301725.0,quote,,1786510800.0,true,6.5000,6.0000,7.0000,1792.29,3118.72
6,ed2086c87d52482699dee6d41678911f,0,2026-07-29,2026-07-29,29354e42ef0c3a5dcfab2220f035fd1be5874df613426379bae1f33e112f560b,996bed4920d57ac31c4fb24ea30428fd6f75ebf5eff9ad3e616c6bcf81f64d7c,"[""Tennis""]",1785304060.1302779,KXITFMATCH-26JUL29BRAPIE-PIE,Tennis,,KXITFMATCH,e7bed978-f0a4-4bc6-8904-d9b6730590e4,KXITFMATCH-26JUL29BRAPIE,1785305498.0,quote,,1786514400.0,true,85.5000,85.0000,86.0000,3461.00,1059.07
6,ed2086c87d52482699dee6d41678911f,0,2026-07-29,2026-07-29,29354e42ef0c3a5dcfab2220f035fd1be5874df613426379bae1f33e112f560b,996bed4920d57ac31c4fb24ea30428fd6f75ebf5eff9ad3e616c6bcf81f64d7c,"[""Tennis""]",1785304060.232116,KXITFWMATCH-26JUL29HOSDYU-DYU,Tennis,,KXITFWMATCH,eff22484-a537-4944-bd0e-5664e98b54bd,KXITFWMATCH-26JUL29HOSDYU,1785301687.0,quote,,1786510800.0,true,79.5000,78.0000,81.0000,399.00,45.00
6,ed2086c87d52482699dee6d41678911f,0,2026-07-29,2026-07-29,29354e42ef0c3a5dcfab2220f035fd1be5874df613426379bae1f33e112f560b,996bed4920d57ac31c4fb24ea30428fd6f75ebf5eff9ad3e616c6bcf81f64d7c,"[""Tennis""]",1785304061.8708138,KXITFMATCH-26JUL28PADSAT-PAD,Tennis,,KXITFMATCH,03e1243d-7dee-4056-a032-cb914b77515a,KXITFMATCH-26JUL28PADSAT,1785294636.0,quote,,1786501800.0,true,33.5000,33.0000,34.0000,28856.99,60327.54
6,ed2086c87d52482699dee6d41678911f,0,2026-07-29,2026-07-29,29354e42ef0c3a5dcfab2220f035fd1be5874df613426379bae1f33e112f560b,996bed4920d57ac31c4fb24ea30428fd6f75ebf5eff9ad3e616c6bcf81f64d7c,"[""Tennis""]",1785304061.944185,KXITFMATCH-26JUL28WENJON-JON,Tennis,,KXITFMATCH,5195be65-3a9b-423a-9e35-55f2f5840354,KXITFMATCH-26JUL28WENJON,1785299448.0,quote,,1786501800.0,true,66.5000,66.0000,67.0000,7208.88,16865.68
6,ed2086c87d52482699dee6d41678911f,0,2026-07-29,2026-07-29,29354e42ef0c3a5dcfab2220f035fd1be5874df613426379bae1f33e112f560b,996bed4920d57ac31c4fb24ea30428fd6f75ebf5eff9ad3e616c6bcf81f64d7c,"[""Tennis""]",1785304062.0135732,KXITFMATCH-26JUL28WENJON-WEN,Tennis,,KXITFMATCH,5195be65-3a9b-423a-9e35-55f2f5840354,KXITFMATCH-26JUL28WENJON,1785299448.0,quote,,1786501800.0,true,33.5000,33.0000,34.0000,9717.24,19775.94
6,ed2086c87d52482699dee6d41678911f,0,2026-07-29,2026-07-29,29354e42ef0c3a5dcfab2220f035fd1be5874df613426379bae1f33e112f560b,996bed4920d57ac31c4fb24ea30428fd6f75ebf5eff9ad3e616c6bcf81f64d7c,"[""Tennis""]",1785304062.084953,KXITFMATCH-26JUL28CHAHEI-CHA,Tennis,,KXITFMATCH,5ba6a34a-c169-4b0b-b8fd-b835a2127855,KXITFMATCH-26JUL28CHAHEI,1785299809.0,quote,,1786505400.0,true,70.5000,69.0000,72.0000,22.20,36.45
6,ed2086c87d52482699dee6d41678911f,0,2026-07-29,2026-07-29,29354e42ef0c3a5dcfab2220f035fd1be5874df613426379bae1f33e112f560b,996bed4920d57ac31c4fb24ea30428fd6f75ebf5eff9ad3e616c6bcf81f64d7c,"[""Tennis""]",1785304062.160866,KXITFWMATCH-26JUL29SOZMIL-MIL,Tennis,,KXITFWMATCH,0ba82ca4-7c3d-4fe6-9763-af01f430c473,KXITFWMATCH-26JUL29SOZMIL,1785301725.0,quote,,1786510800.0,true,93.0000,92.0000,94.0000,644.25,1959.10
6,ed2086c87d52482699dee6d41678911f,0,2026-07-29,2026-07-29,29354e42ef0c3a5dcfab2220f035fd1be5874df613426379bae1f33e112f560b,996bed4920d57ac31c4fb24ea30428fd6f75ebf5eff9ad3e616c6bcf81f64d7c,"[""Tennis""]",1785304062.233824,KXITFWMATCH-26JUL29YOSKIM-KIM,Tennis,,KXITFWMATCH,9b9eecb5-c6a0-414a-bcf3-57262192676d,KXITFWMATCH-26JUL29YOSKIM,1785301851.0,quote,,1786510800.0,true,58.5000,58.0000,59.0000,4196.69,7115.69
6,ed2086c87d52482699dee6d41678911f,0,2026-07-29,2026-07-29,29354e42ef0c3a5dcfab2220f035fd1be5874df613426379bae1f33e112f560b,996bed4920d57ac31c4fb24ea30428fd6f75ebf5eff9ad3e616c6bcf81f64d7c,"[""Tennis""]",1785304062.335148,KXITFMATCH-26JUL28CHAHEI-HEI,Tennis,,KXITFMATCH,5ba6a34a-c169-4b0b-b8fd-b835a2127855,KXITFMATCH-26JUL28CHAHEI,1785299809.0,quote,,1786505400.0,true,29.0000,27.0000,31.0000,4.00,69.16
6,ed2086c87d52482699dee6d41678911f,0,2026-07-29,2026-07-29,29354e42ef0c3a5dcfab2220f035fd1be5874df613426379bae1f33e112f560b,996bed4920d57ac31c4fb24ea30428fd6f75ebf5eff9ad3e616c6bcf81f64d7c,"[""Tennis""]",1785304062.346679,,,,,,,,session_end,operator interrupt,,,,,,,
